
C:/Users/russe/Repositories/MIL/Misc-Hardware/Door_Sensor_V3/CODE/door-sense-v3-code/build/door-sense-v3-code.elf:     file format elf32-littleriscv

Sections:
Idx Name          Size      VMA       LMA       File off  Algn
  0 .text         00004f34  10000000  10000000  00001000  2**2
                  CONTENTS, ALLOC, LOAD, READONLY, CODE
  1 .rodata       00000438  10004f34  10004f34  00005f34  2**2
                  CONTENTS, ALLOC, LOAD, READONLY, DATA
  2 .binary_info  00000024  1000536c  1000536c  0000636c  2**2
                  CONTENTS, ALLOC, LOAD, READONLY, DATA
  3 .uninitialized_data 00000000  20000000  20000000  0000844c  2**0
                  CONTENTS
  4 .data         000010a8  20000000  10005390  00007000  2**6
                  CONTENTS, ALLOC, LOAD, CODE
  5 .tdata        00000000  200010a8  200010a8  0000844c  2**0
                  CONTENTS, ALLOC, LOAD, DATA, THREAD_LOCAL
  6 .tbss         00000000  200010a8  200010a8  00000000  2**0
                  ALLOC, THREAD_LOCAL
  7 .bss          00000c50  200010a8  10006438  000090a8  2**3
                  ALLOC
  8 .heap         00000800  20001cf8  20001cf8  0000844c  2**2
                  CONTENTS, READONLY
  9 .scratch_x    00000000  20080000  20080000  00008c4c  2**0
                  CONTENTS
 10 .scratch_y    00000000  20081000  20081000  00008c4c  2**0
                  CONTENTS
 11 .stack_dummy  00000800  20081000  20081000  00008c60  2**5
                  CONTENTS, READONLY
 12 .flash_end    00000014  10006438  10006438  00008438  2**2
                  CONTENTS, ALLOC, LOAD, READONLY, DATA
 13 .comment      00000021  00000000  00000000  00009460  2**0
                  CONTENTS, READONLY
 14 .riscv.attributes 00000093  00000000  00000000  00009481  2**0
                  CONTENTS, READONLY
 15 .debug_info   00033a3e  00000000  00000000  00009514  2**0
                  CONTENTS, READONLY, DEBUGGING, OCTETS
 16 .debug_abbrev 0000924e  00000000  00000000  0003cf52  2**0
                  CONTENTS, READONLY, DEBUGGING, OCTETS
 17 .debug_aranges 00001298  00000000  00000000  000461a0  2**3
                  CONTENTS, READONLY, DEBUGGING, OCTETS
 18 .debug_rnglists 00004ea2  00000000  00000000  00047438  2**0
                  CONTENTS, READONLY, DEBUGGING, OCTETS
 19 .debug_line   0003010f  00000000  00000000  0004c2da  2**0
                  CONTENTS, READONLY, DEBUGGING, OCTETS
 20 .debug_str    00008479  00000000  00000000  0007c3e9  2**0
                  CONTENTS, READONLY, DEBUGGING, OCTETS
 21 .debug_line_str 000025ce  00000000  00000000  00084862  2**0
                  CONTENTS, READONLY, DEBUGGING, OCTETS
 22 .debug_frame  0000370c  00000000  00000000  00086e30  2**2
                  CONTENTS, READONLY, DEBUGGING, OCTETS
 23 .debug_loclists 0001d1a1  00000000  00000000  0008a53c  2**0
                  CONTENTS, READONLY, DEBUGGING, OCTETS

C:/Users/russe/Repositories/MIL/Misc-Hardware/Door_Sensor_V3/CODE/door-sense-v3-code/build/door-sense-v3-code.elf:     file format elf32-littleriscv


Disassembly of section .text:

10000000 <__flash_binary_start>:
10000000:	ebf2                	.insn	2, 0xebf2
10000002:	7188                	.insn	2, 0x7188
10000004:	536c                	lw	a1,100(a4)
10000006:	1000                	addi	s0,sp,32
10000008:	5390                	lw	a2,32(a5)
1000000a:	1000                	addi	s0,sp,32
1000000c:	00a8                	addi	a0,sp,72
1000000e:	1000                	addi	s0,sp,32
10000010:	a390                	.insn	2, 0xa390
10000012:	e71a                	.insn	2, 0xe71a

10000014 <__binary_info_header_end>:
10000014:	ffffded3          	.insn	4, 0xffffded3
10000018:	0142                	slli	sp,sp,0x10
1000001a:	1101                	addi	sp,sp,-32
1000001c:	0344                	addi	s1,sp,388
1000001e:	0000                	unimp
10000020:	0036                	c.slli	zero,0xd
10000022:	1000                	addi	s0,sp,32
10000024:	2000                	.insn	2, 0x2000
10000026:	2008                	.insn	2, 0x2008
10000028:	04ff 0000 6424 0000 	.insn	10, 0x357900006424000004ff
10000030:	3579 
10000032:	ab12                	.insn	2, 0xab12

10000034 <__embedded_block_end>:
10000034:	a879                	j	100000d2 <reenter_bootrom>

10000036 <_reset_handler>:
10000036:	10002197          	auipc	gp,0x10002
1000003a:	42b18193          	addi	gp,gp,1067 # 20002461 <__global_pointer$>
1000003e:	10082117          	auipc	sp,0x10082
10000042:	fc210113          	addi	sp,sp,-62 # 20082000 <__StackTop>
10000046:	10001517          	auipc	a0,0x10001
1000004a:	e7b50513          	addi	a0,a0,-389 # 20000ec1 <__VECTOR_TABLE+0x1>
1000004e:	30551073          	csrw	mtvec,a0
10000052:	f1402573          	csrr	a0,mhartid
10000056:	ed35                	bnez	a0,100000d2 <reenter_bootrom>
10000058:	00000717          	auipc	a4,0x0
1000005c:	05070713          	addi	a4,a4,80 # 100000a8 <data_cpy_table>
10000060:	430c                	lw	a1,0(a4)
10000062:	c591                	beqz	a1,1000006e <_reset_handler+0x38>
10000064:	4350                	lw	a2,4(a4)
10000066:	4714                	lw	a3,8(a4)
10000068:	0731                	addi	a4,a4,12
1000006a:	281d                	jal	100000a0 <data_cpy>
1000006c:	bfd5                	j	10000060 <_reset_handler+0x2a>
1000006e:	10001597          	auipc	a1,0x10001
10000072:	03a58593          	addi	a1,a1,58 # 200010a8 <default_alarm_pool_entries>
10000076:	10002617          	auipc	a2,0x10002
1000007a:	c8260613          	addi	a2,a2,-894 # 20001cf8 <__bss_end__>
1000007e:	a021                	j	10000086 <bss_fill_test>

10000080 <bss_fill_loop>:
10000080:	0005a023          	sw	zero,0(a1)
10000084:	0591                	addi	a1,a1,4

10000086 <bss_fill_test>:
10000086:	fec59de3          	bne	a1,a2,10000080 <bss_fill_loop>

1000008a <platform_entry>:
1000008a:	379010ef          	jal	10001c02 <runtime_init>
1000008e:	2859                	jal	10000124 <main>
10000090:	36d010ef          	jal	10001bfc <exit>
10000094:	9002                	ebreak
10000096:	bffd                	j	10000094 <platform_entry+0xa>

10000098 <data_cpy_loop>:
10000098:	4188                	lw	a0,0(a1)
1000009a:	c208                	sw	a0,0(a2)
1000009c:	0591                	addi	a1,a1,4
1000009e:	0611                	addi	a2,a2,4

100000a0 <data_cpy>:
100000a0:	fed66ce3          	bltu	a2,a3,10000098 <data_cpy_loop>
100000a4:	8082                	ret
100000a6:	0001                	nop

100000a8 <data_cpy_table>:
100000a8:	10005390          	.word	0x10005390
100000ac:	20000000          	.word	0x20000000
100000b0:	200010a8          	.word	0x200010a8
100000b4:	10006438          	.word	0x10006438
100000b8:	20080000          	.word	0x20080000
100000bc:	20080000          	.word	0x20080000
100000c0:	10006438          	.word	0x10006438
100000c4:	20081000          	.word	0x20081000
100000c8:	20081000          	.word	0x20081000
100000cc:	00000000          	.word	0x00000000
100000d0:	8082                	ret

100000d2 <reenter_bootrom>:
100000d2:	6521                	lui	a0,0x8
100000d4:	dfc50513          	addi	a0,a0,-516 # 7dfc <HeapSize+0x75fc>
100000d8:	8502                	jr	a0

100000da <__do_global_dtors_aux>:
100000da:	b852                	cm.push	{ra,s0},-16
100000dc:	20001437          	lui	s0,0x20001
100000e0:	22844783          	lbu	a5,552(s0) # 20001228 <completed.1>
100000e4:	ef99                	bnez	a5,10000102 <__do_global_dtors_aux+0x28>
100000e6:	00000793          	li	a5,0
100000ea:	cb89                	beqz	a5,100000fc <__do_global_dtors_aux+0x22>
100000ec:	10005537          	lui	a0,0x10005
100000f0:	f3450513          	addi	a0,a0,-204 # 10004f34 <__EH_FRAME_BEGIN__>
100000f4:	00000097          	auipc	ra,0x0
100000f8:	000000e7          	jalr	zero # 0 <next_slot_number-0x5>
100000fc:	4785                	li	a5,1
100000fe:	22f40423          	sb	a5,552(s0)
10000102:	be52                	cm.popret	{ra,s0},16

10000104 <frame_dummy>:
10000104:	00000793          	li	a5,0
10000108:	cf89                	beqz	a5,10000122 <frame_dummy+0x1e>
1000010a:	200015b7          	lui	a1,0x20001
1000010e:	10005537          	lui	a0,0x10005
10000112:	22c58593          	addi	a1,a1,556 # 2000122c <object.0>
10000116:	f3450513          	addi	a0,a0,-204 # 10004f34 <__EH_FRAME_BEGIN__>
1000011a:	00000317          	auipc	t1,0x0
1000011e:	00000067          	jr	zero # 0 <next_slot_number-0x5>
10000122:	8082                	ret

10000124 <main>:
10000124:	1141                	addi	sp,sp,-16
10000126:	c606                	sw	ra,12(sp)
10000128:	c422                	sw	s0,8(sp)
1000012a:	20002437          	lui	s0,0x20002
1000012e:	4ff010ef          	jal	10001e2c <stdio_init_all>
10000132:	46b5                	li	a3,13
10000134:	4631                	li	a2,12
10000136:	c6440513          	addi	a0,s0,-924 # 20001c64 <dfplayer>
1000013a:	400705b7          	lui	a1,0x40070
1000013e:	22b5                	jal	100002aa <dfplayer_init>
10000140:	0c800513          	li	a0,200
10000144:	1c4010ef          	jal	10001308 <sleep_ms>
10000148:	c6440513          	addi	a0,s0,-924
1000014c:	45f9                	li	a1,30
1000014e:	224d                	jal	100002f0 <dfplayer_set_volume>
10000150:	0c800513          	li	a0,200
10000154:	1b4010ef          	jal	10001308 <sleep_ms>
10000158:	c6440513          	addi	a0,s0,-924
1000015c:	4585                	li	a1,1
1000015e:	2261                	jal	100002e6 <dfplayer_play_mp3_folder>
10000160:	6505                	lui	a0,0x1
10000162:	fa050513          	addi	a0,a0,-96 # fa0 <HeapSize+0x7a0>
10000166:	1a2010ef          	jal	10001308 <sleep_ms>
1000016a:	c6440513          	addi	a0,s0,-924
1000016e:	4589                	li	a1,2
10000170:	2a9d                	jal	100002e6 <dfplayer_play_mp3_folder>
10000172:	6505                	lui	a0,0x1
10000174:	bb850513          	addi	a0,a0,-1096 # bb8 <HeapSize+0x3b8>
10000178:	190010ef          	jal	10001308 <sleep_ms>
1000017c:	c6440513          	addi	a0,s0,-924
10000180:	458d                	li	a1,3
10000182:	2295                	jal	100002e6 <dfplayer_play_mp3_folder>
10000184:	6505                	lui	a0,0x1
10000186:	fa050513          	addi	a0,a0,-96 # fa0 <HeapSize+0x7a0>
1000018a:	17e010ef          	jal	10001308 <sleep_ms>
1000018e:	c6440513          	addi	a0,s0,-924
10000192:	4591                	li	a1,4
10000194:	2a89                	jal	100002e6 <dfplayer_play_mp3_folder>
10000196:	6505                	lui	a0,0x1
10000198:	fa050513          	addi	a0,a0,-96 # fa0 <HeapSize+0x7a0>
1000019c:	16c010ef          	jal	10001308 <sleep_ms>
100001a0:	c6440513          	addi	a0,s0,-924
100001a4:	4595                	li	a1,5
100001a6:	2281                	jal	100002e6 <dfplayer_play_mp3_folder>
100001a8:	6505                	lui	a0,0x1
100001aa:	fa050513          	addi	a0,a0,-96 # fa0 <HeapSize+0x7a0>
100001ae:	15a010ef          	jal	10001308 <sleep_ms>
100001b2:	c6440513          	addi	a0,s0,-924
100001b6:	4599                	li	a1,6
100001b8:	223d                	jal	100002e6 <dfplayer_play_mp3_folder>
100001ba:	6505                	lui	a0,0x1
100001bc:	fa050513          	addi	a0,a0,-96 # fa0 <HeapSize+0x7a0>
100001c0:	148010ef          	jal	10001308 <sleep_ms>
100001c4:	c6440513          	addi	a0,s0,-924
100001c8:	459d                	li	a1,7
100001ca:	2a31                	jal	100002e6 <dfplayer_play_mp3_folder>
100001cc:	6505                	lui	a0,0x1
100001ce:	fa050513          	addi	a0,a0,-96 # fa0 <HeapSize+0x7a0>
100001d2:	136010ef          	jal	10001308 <sleep_ms>
100001d6:	c6440513          	addi	a0,s0,-924
100001da:	45a1                	li	a1,8
100001dc:	2229                	jal	100002e6 <dfplayer_play_mp3_folder>
100001de:	6505                	lui	a0,0x1
100001e0:	fa050513          	addi	a0,a0,-96 # fa0 <HeapSize+0x7a0>
100001e4:	10005437          	lui	s0,0x10005
100001e8:	120010ef          	jal	10001308 <sleep_ms>
100001ec:	f3440413          	addi	s0,s0,-204 # 10004f34 <__EH_FRAME_BEGIN__>
100001f0:	8522                	mv	a0,s0
100001f2:	4e1010ef          	jal	10001ed2 <__wrap_puts>
100001f6:	3e800513          	li	a0,1000
100001fa:	10e010ef          	jal	10001308 <sleep_ms>
100001fe:	bfcd                	j	100001f0 <main+0xcc>

10000200 <dfplayer_write>:
10000200:	c545                	beqz	a0,100002a8 <dfplayer_write+0xa8>
10000202:	20001737          	lui	a4,0x20001
10000206:	e2470713          	addi	a4,a4,-476 # 20000e24 <init_cmd_buf>
1000020a:	4314                	lw	a3,0(a4)
1000020c:	00472303          	lw	t1,4(a4)
10000210:	00865893          	srli	a7,a2,0x8
10000214:	0086d793          	srli	a5,a3,0x8
10000218:	0106d813          	srli	a6,a3,0x10
1000021c:	0ff87813          	zext.b	a6,a6
10000220:	9fe1                	zext.b	a5,a5
10000222:	97c2                	add	a5,a5,a6
10000224:	0ff37813          	zext.b	a6,t1
10000228:	97c2                	add	a5,a5,a6
1000022a:	97c6                	add	a5,a5,a7
1000022c:	0ff67813          	zext.b	a6,a2
10000230:	00875703          	lhu	a4,8(a4)
10000234:	97c2                	add	a5,a5,a6
10000236:	97ae                	add	a5,a5,a1
10000238:	20001837          	lui	a6,0x20001
1000023c:	1141                	addi	sp,sp,-16
1000023e:	40f007b3          	neg	a5,a5
10000242:	09c84803          	lbu	a6,156(a6) # 2000109c <dfplayer_checksum_tx>
10000246:	c41a                	sw	t1,8(sp)
10000248:	00e11623          	sh	a4,12(sp)
1000024c:	c236                	sw	a3,4(sp)
1000024e:	4087d713          	srai	a4,a5,0x8
10000252:	00e105a3          	sb	a4,11(sp)
10000256:	00b103a3          	sb	a1,7(sp)
1000025a:	00c10523          	sb	a2,10(sp)
1000025e:	00f10623          	sb	a5,12(sp)
10000262:	011104a3          	sb	a7,9(sp)
10000266:	4118                	lw	a4,0(a0)
10000268:	02080063          	beqz	a6,10000288 <dfplayer_write+0x88>
1000026c:	0054                	addi	a3,sp,4
1000026e:	00e10613          	addi	a2,sp,14
10000272:	4f1c                	lw	a5,24(a4)
10000274:	0207f793          	andi	a5,a5,32
10000278:	ffed                	bnez	a5,10000272 <dfplayer_write+0x72>
1000027a:	829c                	lbu	a5,0(a3)
1000027c:	0685                	addi	a3,a3,1
1000027e:	c31c                	sw	a5,0(a4)
10000280:	fec699e3          	bne	a3,a2,10000272 <dfplayer_write+0x72>
10000284:	0141                	addi	sp,sp,16
10000286:	8082                	ret
10000288:	57bd                	li	a5,-17
1000028a:	00f105a3          	sb	a5,11(sp)
1000028e:	0054                	addi	a3,sp,4
10000290:	0070                	addi	a2,sp,12
10000292:	4f1c                	lw	a5,24(a4)
10000294:	0207f793          	andi	a5,a5,32
10000298:	ffed                	bnez	a5,10000292 <dfplayer_write+0x92>
1000029a:	829c                	lbu	a5,0(a3)
1000029c:	0685                	addi	a3,a3,1
1000029e:	c31c                	sw	a5,0(a4)
100002a0:	fec699e3          	bne	a3,a2,10000292 <dfplayer_write+0x92>
100002a4:	0141                	addi	sp,sp,16
100002a6:	8082                	ret
100002a8:	8082                	ret

100002aa <dfplayer_init>:
100002aa:	cd0d                	beqz	a0,100002e4 <dfplayer_init+0x3a>
100002ac:	cd85                	beqz	a1,100002e4 <dfplayer_init+0x3a>
100002ae:	1141                	addi	sp,sp,-16
100002b0:	c606                	sw	ra,12(sp)
100002b2:	c422                	sw	s0,8(sp)
100002b4:	c226                	sw	s1,4(sp)
100002b6:	87aa                	mv	a5,a0
100002b8:	c10c                	sw	a1,0(a0)
100002ba:	84b6                	mv	s1,a3
100002bc:	852e                	mv	a0,a1
100002be:	46f9                	li	a3,30
100002c0:	6589                	lui	a1,0x2
100002c2:	00d78223          	sb	a3,4(a5)
100002c6:	58058593          	addi	a1,a1,1408 # 2580 <HeapSize+0x1d80>
100002ca:	8432                	mv	s0,a2
100002cc:	336010ef          	jal	10001602 <uart_init>
100002d0:	8522                	mv	a0,s0
100002d2:	4589                	li	a1,2
100002d4:	2035                	jal	10000300 <gpio_set_function>
100002d6:	4422                	lw	s0,8(sp)
100002d8:	40b2                	lw	ra,12(sp)
100002da:	8526                	mv	a0,s1
100002dc:	4492                	lw	s1,4(sp)
100002de:	4589                	li	a1,2
100002e0:	0141                	addi	sp,sp,16
100002e2:	a839                	j	10000300 <gpio_set_function>
100002e4:	8082                	ret

100002e6 <dfplayer_play_mp3_folder>:
100002e6:	c501                	beqz	a0,100002ee <dfplayer_play_mp3_folder+0x8>
100002e8:	862e                	mv	a2,a1
100002ea:	45c9                	li	a1,18
100002ec:	bf11                	j	10000200 <dfplayer_write>
100002ee:	8082                	ret

100002f0 <dfplayer_set_volume>:
100002f0:	c519                	beqz	a0,100002fe <dfplayer_set_volume+0xe>
100002f2:	00454603          	lbu	a2,4(a0)
100002f6:	0ab65633          	minu	a2,a2,a1
100002fa:	4599                	li	a1,6
100002fc:	b711                	j	10000200 <dfplayer_write>
100002fe:	8082                	ret

10000300 <gpio_set_function>:
10000300:	400387b7          	lui	a5,0x40038
10000304:	0791                	addi	a5,a5,4 # 40038004 <__StackTop+0x1ffb6004>
10000306:	20f547b3          	sh2add	a5,a0,a5
1000030a:	4398                	lw	a4,0(a5)
1000030c:	6685                	lui	a3,0x1
1000030e:	96be                	add	a3,a3,a5
10000310:	04074713          	xori	a4,a4,64
10000314:	0c077713          	andi	a4,a4,192
10000318:	40028637          	lui	a2,0x40028
1000031c:	c298                	sw	a4,0(a3)
1000031e:	20c56533          	sh3add	a0,a0,a2
10000322:	670d                	lui	a4,0x3
10000324:	97ba                	add	a5,a5,a4
10000326:	c14c                	sw	a1,4(a0)
10000328:	10000713          	li	a4,256
1000032c:	c398                	sw	a4,0(a5)
1000032e:	8082                	ret

10000330 <panic>:
10000330:	7139                	addi	sp,sp,-64
10000332:	10005337          	lui	t1,0x10005
10000336:	cc22                	sw	s0,24(sp)
10000338:	842a                	mv	s0,a0
1000033a:	f4430513          	addi	a0,t1,-188 # 10004f44 <__EH_FRAME_BEGIN__+0x10>
1000033e:	ce06                	sw	ra,28(sp)
10000340:	d22e                	sw	a1,36(sp)
10000342:	d432                	sw	a2,40(sp)
10000344:	d636                	sw	a3,44(sp)
10000346:	d83a                	sw	a4,48(sp)
10000348:	da3e                	sw	a5,52(sp)
1000034a:	dc42                	sw	a6,56(sp)
1000034c:	de46                	sw	a7,60(sp)
1000034e:	385010ef          	jal	10001ed2 <__wrap_puts>
10000352:	cc01                	beqz	s0,1000036a <panic+0x3a>
10000354:	104c                	addi	a1,sp,36
10000356:	8522                	mv	a0,s0
10000358:	c62e                	sw	a1,12(sp)
1000035a:	051010ef          	jal	10001baa <weak_raw_vprintf>
1000035e:	10005537          	lui	a0,0x10005
10000362:	f5450513          	addi	a0,a0,-172 # 10004f54 <__EH_FRAME_BEGIN__+0x20>
10000366:	36d010ef          	jal	10001ed2 <__wrap_puts>
1000036a:	4505                	li	a0,1
1000036c:	08d010ef          	jal	10001bf8 <_exit>

10000370 <hw_claim_or_assert>:
10000370:	300476f3          	csrrci	a3,mstatus,8
10000374:	200017b7          	lui	a5,0x20001
10000378:	3eb78793          	addi	a5,a5,1003 # 200013eb <_sw_spin_locks+0xb>
1000037c:	00379713          	slli	a4,a5,0x3
10000380:	28e01733          	bset	a4,zero,a4
10000384:	9bf1                	andi	a5,a5,-4
10000386:	44e7a82f          	amoor.w.aq	a6,a4,(a5)
1000038a:	00e87833          	and	a6,a6,a4
1000038e:	fe081ce3          	bnez	a6,10000386 <hw_claim_or_assert+0x16>
10000392:	0330000f          	fence	rw,rw
10000396:	0035d793          	srli	a5,a1,0x3
1000039a:	953e                	add	a0,a0,a5
1000039c:	8118                	lbu	a4,0(a0)
1000039e:	0075f793          	andi	a5,a1,7
100003a2:	28f017b3          	bset	a5,zero,a5
100003a6:	00f77833          	and	a6,a4,a5
100003aa:	02081063          	bnez	a6,100003ca <hw_claim_or_assert+0x5a>
100003ae:	8f5d                	or	a4,a4,a5
100003b0:	8918                	sb	a4,0(a0)
100003b2:	0330000f          	fence	rw,rw
100003b6:	200017b7          	lui	a5,0x20001
100003ba:	3e078793          	addi	a5,a5,992 # 200013e0 <_sw_spin_locks>
100003be:	000785a3          	sb	zero,11(a5)
100003c2:	8aa1                	andi	a3,a3,8
100003c4:	3006a073          	csrs	mstatus,a3
100003c8:	8082                	ret
100003ca:	1141                	addi	sp,sp,-16
100003cc:	8532                	mv	a0,a2
100003ce:	c606                	sw	ra,12(sp)
100003d0:	3785                	jal	10000330 <panic>

100003d2 <hw_claim_unused_from_range>:
100003d2:	30047e73          	csrrci	t3,mstatus,8
100003d6:	200017b7          	lui	a5,0x20001
100003da:	3eb78793          	addi	a5,a5,1003 # 200013eb <_sw_spin_locks+0xb>
100003de:	00379813          	slli	a6,a5,0x3
100003e2:	29001833          	bset	a6,zero,a6
100003e6:	9bf1                	andi	a5,a5,-4
100003e8:	4507a8af          	amoor.w.aq	a7,a6,(a5)
100003ec:	0108f8b3          	and	a7,a7,a6
100003f0:	fe089ce3          	bnez	a7,100003e8 <hw_claim_unused_from_range+0x16>
100003f4:	0330000f          	fence	rw,rw
100003f8:	00c6f663          	bgeu	a3,a2,10000404 <hw_claim_unused_from_range+0x32>
100003fc:	a815                	j	10000430 <hw_claim_unused_from_range+0x5e>
100003fe:	0605                	addi	a2,a2,1 # 40028001 <__StackTop+0x1ffa6001>
10000400:	02c6e863          	bltu	a3,a2,10000430 <hw_claim_unused_from_range+0x5e>
10000404:	00365793          	srli	a5,a2,0x3
10000408:	97aa                	add	a5,a5,a0
1000040a:	0007c883          	lbu	a7,0(a5)
1000040e:	00767813          	andi	a6,a2,7
10000412:	29001833          	bset	a6,zero,a6
10000416:	0108f333          	and	t1,a7,a6
1000041a:	fe0312e3          	bnez	t1,100003fe <hw_claim_unused_from_range+0x2c>
1000041e:	0108e8b3          	or	a7,a7,a6
10000422:	01f65693          	srli	a3,a2,0x1f
10000426:	8532                	mv	a0,a2
10000428:	01178023          	sb	a7,0(a5)
1000042c:	8df5                	and	a1,a1,a3
1000042e:	a011                	j	10000432 <hw_claim_unused_from_range+0x60>
10000430:	557d                	li	a0,-1
10000432:	0330000f          	fence	rw,rw
10000436:	200017b7          	lui	a5,0x20001
1000043a:	3e078793          	addi	a5,a5,992 # 200013e0 <_sw_spin_locks>
1000043e:	000785a3          	sb	zero,11(a5)
10000442:	008e7e13          	andi	t3,t3,8
10000446:	300e2073          	csrs	mstatus,t3
1000044a:	e191                	bnez	a1,1000044e <hw_claim_unused_from_range+0x7c>
1000044c:	8082                	ret
1000044e:	1141                	addi	sp,sp,-16
10000450:	853a                	mv	a0,a4
10000452:	c606                	sw	ra,12(sp)
10000454:	3df1                	jal	10000330 <panic>

10000456 <next_striped_spin_lock_num>:
10000456:	20001737          	lui	a4,0x20001
1000045a:	09d74503          	lbu	a0,157(a4) # 2000109d <striped_spin_lock_num>
1000045e:	46dd                	li	a3,23
10000460:	00150793          	addi	a5,a0,1
10000464:	9fe1                	zext.b	a5,a5
10000466:	00f6f363          	bgeu	a3,a5,1000046c <next_striped_spin_lock_num+0x16>
1000046a:	47c1                	li	a5,16
1000046c:	08f70ea3          	sb	a5,157(a4)
10000470:	8082                	ret

10000472 <spin_lock_claim_unused>:
10000472:	85aa                	mv	a1,a0
10000474:	10005737          	lui	a4,0x10005
10000478:	20002537          	lui	a0,0x20002
1000047c:	f5870713          	addi	a4,a4,-168 # 10004f58 <__EH_FRAME_BEGIN__+0x24>
10000480:	c6c50513          	addi	a0,a0,-916 # 20001c6c <claimed>
10000484:	46fd                	li	a3,31
10000486:	4661                	li	a2,24
10000488:	b7a9                	j	100003d2 <hw_claim_unused_from_range>

1000048a <spin_locks_reset>:
1000048a:	200016b7          	lui	a3,0x20001
1000048e:	3e068693          	addi	a3,a3,992 # 200013e0 <_sw_spin_locks>
10000492:	4781                	li	a5,0
10000494:	02000613          	li	a2,32
10000498:	0330000f          	fence	rw,rw
1000049c:	00f68733          	add	a4,a3,a5
100004a0:	00070023          	sb	zero,0(a4)
100004a4:	0785                	addi	a5,a5,1
100004a6:	fec799e3          	bne	a5,a2,10000498 <spin_locks_reset+0xe>
100004aa:	8082                	ret

100004ac <runtime_init_per_core_irq_priorities>:
100004ac:	4681                	li	a3,0
100004ae:	483d                	li	a6,15
100004b0:	451d                	li	a0,7
100004b2:	03400593          	li	a1,52
100004b6:	0036f793          	andi	a5,a3,3
100004ba:	078a                	slli	a5,a5,0x2
100004bc:	00f81733          	sll	a4,a6,a5
100004c0:	0026d613          	srli	a2,a3,0x2
100004c4:	0742                	slli	a4,a4,0x10
100004c6:	8f51                	or	a4,a4,a2
100004c8:	be373073          	csrc	0xbe3,a4
100004cc:	00f517b3          	sll	a5,a0,a5
100004d0:	07c2                	slli	a5,a5,0x10
100004d2:	8fd1                	or	a5,a5,a2
100004d4:	be37a073          	csrs	0xbe3,a5
100004d8:	0685                	addi	a3,a3,1
100004da:	fcb69ee3          	bne	a3,a1,100004b6 <runtime_init_per_core_irq_priorities+0xa>
100004de:	30046073          	csrsi	mstatus,8
100004e2:	8082                	ret

100004e4 <irq_set_enabled>:
100004e4:	00555793          	srli	a5,a0,0x5
100004e8:	0786                	slli	a5,a5,0x1
100004ea:	28a01533          	bset	a0,zero,a0
100004ee:	76c1                	lui	a3,0xffff0
100004f0:	8ee9                	and	a3,a3,a0
100004f2:	00178713          	addi	a4,a5,1
100004f6:	0542                	slli	a0,a0,0x10
100004f8:	8f55                	or	a4,a4,a3
100004fa:	8d5d                	or	a0,a0,a5
100004fc:	c991                	beqz	a1,10000510 <irq_set_enabled+0x2c>
100004fe:	be253073          	csrc	0xbe2,a0
10000502:	be273073          	csrc	0xbe2,a4
10000506:	be052073          	csrs	0xbe0,a0
1000050a:	be072073          	csrs	0xbe0,a4
1000050e:	8082                	ret
10000510:	be053073          	csrc	0xbe0,a0
10000514:	be073073          	csrc	0xbe0,a4
10000518:	8082                	ret

1000051a <irq_is_enabled>:
1000051a:	00455793          	srli	a5,a0,0x4
1000051e:	be07a7f3          	csrrs	a5,0xbe0,a5
10000522:	83c1                	srli	a5,a5,0x10
10000524:	893d                	andi	a0,a0,15
10000526:	48a7d533          	bext	a0,a5,a0
1000052a:	8082                	ret

1000052c <irq_set_pending>:
1000052c:	00f57793          	andi	a5,a0,15
10000530:	28f017b3          	bset	a5,zero,a5
10000534:	8111                	srli	a0,a0,0x4
10000536:	07c2                	slli	a5,a5,0x10
10000538:	8fc9                	or	a5,a5,a0
1000053a:	be27a073          	csrs	0xbe2,a5
1000053e:	8082                	ret

10000540 <irq_has_shared_handler>:
10000540:	305027f3          	csrr	a5,mtvec
10000544:	9bf1                	andi	a5,a5,-4
10000546:	20f54533          	sh2add	a0,a0,a5
1000054a:	0d052503          	lw	a0,208(a0)
1000054e:	200017b7          	lui	a5,0x20001
10000552:	e3078793          	addi	a5,a5,-464 # 20000e30 <irq_handler_chain_slots>
10000556:	8d1d                	sub	a0,a0,a5
10000558:	03053513          	sltiu	a0,a0,48
1000055c:	8082                	ret

1000055e <irq_set_exclusive_handler>:
1000055e:	1101                	addi	sp,sp,-32
10000560:	ce06                	sw	ra,28(sp)
10000562:	30047773          	csrrci	a4,mstatus,8
10000566:	200017b7          	lui	a5,0x20001
1000056a:	3e978793          	addi	a5,a5,1001 # 200013e9 <_sw_spin_locks+0x9>
1000056e:	00379693          	slli	a3,a5,0x3
10000572:	28d016b3          	bset	a3,zero,a3
10000576:	9bf1                	andi	a5,a5,-4
10000578:	44d7a62f          	amoor.w.aq	a2,a3,(a5)
1000057c:	8e75                	and	a2,a2,a3
1000057e:	fe6d                	bnez	a2,10000578 <irq_set_exclusive_handler+0x1a>
10000580:	0330000f          	fence	rw,rw
10000584:	305027f3          	csrr	a5,mtvec
10000588:	03450513          	addi	a0,a0,52
1000058c:	9bf1                	andi	a5,a5,-4
1000058e:	20f547b3          	sh2add	a5,a0,a5
10000592:	4394                	lw	a3,0(a5)
10000594:	02d58063          	beq	a1,a3,100005b4 <irq_set_exclusive_handler+0x56>
10000598:	200017b7          	lui	a5,0x20001
1000059c:	06478793          	addi	a5,a5,100 # 20001064 <__unhandled_user_irq>
100005a0:	00f68a63          	beq	a3,a5,100005b4 <irq_set_exclusive_handler+0x56>
100005a4:	c62e                	sw	a1,12(sp)
100005a6:	c42a                	sw	a0,8(sp)
100005a8:	c23a                	sw	a4,4(sp)
100005aa:	440010ef          	jal	100019ea <hard_assertion_failure>
100005ae:	45b2                	lw	a1,12(sp)
100005b0:	4522                	lw	a0,8(sp)
100005b2:	4712                	lw	a4,4(sp)
100005b4:	305027f3          	csrr	a5,mtvec
100005b8:	9bf1                	andi	a5,a5,-4
100005ba:	20f54533          	sh2add	a0,a0,a5
100005be:	c10c                	sw	a1,0(a0)
100005c0:	0330000f          	fence	rw,rw
100005c4:	0330000f          	fence	rw,rw
100005c8:	200017b7          	lui	a5,0x20001
100005cc:	3e078793          	addi	a5,a5,992 # 200013e0 <_sw_spin_locks>
100005d0:	000784a3          	sb	zero,9(a5)
100005d4:	8b21                	andi	a4,a4,8
100005d6:	30072073          	csrs	mstatus,a4
100005da:	40f2                	lw	ra,28(sp)
100005dc:	6105                	addi	sp,sp,32
100005de:	8082                	ret

100005e0 <irq_add_shared_handler>:
100005e0:	7179                	addi	sp,sp,-48
100005e2:	d606                	sw	ra,44(sp)
100005e4:	30047873          	csrrci	a6,mstatus,8
100005e8:	200017b7          	lui	a5,0x20001
100005ec:	3e978793          	addi	a5,a5,1001 # 200013e9 <_sw_spin_locks+0x9>
100005f0:	00379713          	slli	a4,a5,0x3
100005f4:	28e01733          	bset	a4,zero,a4
100005f8:	9bf1                	andi	a5,a5,-4
100005fa:	44e7a6af          	amoor.w.aq	a3,a4,(a5)
100005fe:	8ef9                	and	a3,a3,a4
10000600:	feed                	bnez	a3,100005fa <irq_add_shared_handler+0x1a>
10000602:	0330000f          	fence	rw,rw
10000606:	80f18303          	lb	t1,-2033(gp) # 20001c70 <irq_handler_chain_free_slot_head>
1000060a:	2a034263          	bltz	t1,100008ae <irq_add_shared_handler+0x2ce>
1000060e:	200018b7          	lui	a7,0x20001
10000612:	206327b3          	sh1add	a5,t1,t1
10000616:	e3088893          	addi	a7,a7,-464 # 20000e30 <irq_handler_chain_slots>
1000061a:	2117ce33          	sh2add	t3,a5,a7
1000061e:	00ae4683          	lbu	a3,10(t3)
10000622:	00279293          	slli	t0,a5,0x2
10000626:	00131e93          	slli	t4,t1,0x1
1000062a:	80d187a3          	sb	a3,-2033(gp) # 20001c70 <irq_handler_chain_free_slot_head>
1000062e:	305027f3          	csrr	a5,mtvec
10000632:	03450513          	addi	a0,a0,52
10000636:	9bf1                	andi	a5,a5,-4
10000638:	20f547b3          	sh2add	a5,a0,a5
1000063c:	0007af03          	lw	t5,0(a5)
10000640:	02f00793          	li	a5,47
10000644:	411f0733          	sub	a4,t5,a7
10000648:	1ce7e863          	bltu	a5,a4,10000818 <irq_add_shared_handler+0x238>
1000064c:	00bf4783          	lbu	a5,11(t5)
10000650:	8ffa                	mv	t6,t5
10000652:	0ef66f63          	bltu	a2,a5,10000750 <irq_add_shared_handler+0x170>
10000656:	00ce05a3          	sb	a2,11(t3)
1000065a:	20001637          	lui	a2,0x20001
1000065e:	e6060613          	addi	a2,a2,-416 # 20000e60 <irq_handler_chain_first_slot>
10000662:	41c60633          	sub	a2,a2,t3
10000666:	00be2223          	sw	a1,4(t3)
1000066a:	001006b7          	lui	a3,0x100
1000066e:	00961593          	slli	a1,a2,0x9
10000672:	000ffeb7          	lui	t4,0xff
10000676:	8df5                	and	a1,a1,a3
10000678:	01d67eb3          	and	t4,a2,t4
1000067c:	00828793          	addi	a5,t0,8
10000680:	00f886b3          	add	a3,a7,a5
10000684:	01d5e7b3          	or	a5,a1,t4
10000688:	aaaab5b7          	lui	a1,0xaaaab
1000068c:	aab58593          	addi	a1,a1,-1365 # aaaaaaab <__StackTop+0x8aa28aab>
10000690:	8709                	srai	a4,a4,0x2
10000692:	9f4d                	mul	a4,a4,a1
10000694:	01465313          	srli	t1,a2,0x14
10000698:	037e                	slli	t1,t1,0x1f
1000069a:	7fe67613          	andi	a2,a2,2046
1000069e:	40df06b3          	sub	a3,t5,a3
100006a2:	0067e7b3          	or	a5,a5,t1
100006a6:	0652                	slli	a2,a2,0x14
100006a8:	8e5d                	or	a2,a2,a5
100006aa:	6305                	lui	t1,0x1
100006ac:	00169793          	slli	a5,a3,0x1
100006b0:	0036d893          	srli	a7,a3,0x3
100006b4:	00769593          	slli	a1,a3,0x7
100006b8:	2ef66613          	ori	a2,a2,751
100006bc:	0048f893          	andi	a7,a7,4
100006c0:	0067f7b3          	and	a5,a5,t1
100006c4:	28b01e93          	bseti	t4,zero,0xb
100006c8:	00ce2023          	sw	a2,0(t3)
100006cc:	00ee0523          	sb	a4,10(t3)
100006d0:	0117e7b3          	or	a5,a5,a7
100006d4:	01d5f733          	and	a4,a1,t4
100006d8:	00169593          	slli	a1,a3,0x1
100006dc:	004f2603          	lw	a2,4(t5)
100006e0:	8fd9                	or	a5,a5,a4
100006e2:	6005f593          	andi	a1,a1,1536
100006e6:	0026d713          	srli	a4,a3,0x2
100006ea:	8fcd                	or	a5,a5,a1
100006ec:	10077713          	andi	a4,a4,256
100006f0:	00169893          	slli	a7,a3,0x1
100006f4:	8fd9                	or	a5,a5,a4
100006f6:	0016d593          	srli	a1,a3,0x1
100006fa:	0808f893          	andi	a7,a7,128
100006fe:	00161713          	slli	a4,a2,0x1
10000702:	0117e7b3          	or	a5,a5,a7
10000706:	0405f593          	andi	a1,a1,64
1000070a:	068a                	slli	a3,a3,0x2
1000070c:	0386f693          	andi	a3,a3,56
10000710:	00677733          	and	a4,a4,t1
10000714:	8fcd                	or	a5,a5,a1
10000716:	9732                	add	a4,a4,a2
10000718:	8fd5                	or	a5,a5,a3
1000071a:	76e9                	lui	a3,0xffffa
1000071c:	0685                	addi	a3,a3,1 # ffffa001 <__StackTop+0xdff78001>
1000071e:	80077713          	andi	a4,a4,-2048
10000722:	0652                	slli	a2,a2,0x14
10000724:	48b71713          	bclri	a4,a4,0xb
10000728:	8fd5                	or	a5,a5,a3
1000072a:	0e766613          	ori	a2,a2,231
1000072e:	00fe1423          	sh	a5,8(t3)
10000732:	0b776713          	ori	a4,a4,183
10000736:	28f61613          	bseti	a2,a2,0xf
1000073a:	00ef2023          	sw	a4,0(t5)
1000073e:	00cf2223          	sw	a2,4(t5)
10000742:	8f72                	mv	t5,t3
10000744:	aa2d                	j	1000087e <irq_add_shared_handler+0x29e>
10000746:	00b7c683          	lbu	a3,11(a5)
1000074a:	16d67f63          	bgeu	a2,a3,100008c8 <irq_add_shared_handler+0x2e8>
1000074e:	8fbe                	mv	t6,a5
10000750:	00af8703          	lb	a4,10(t6)
10000754:	20e727b3          	sh1add	a5,a4,a4
10000758:	2117c7b3          	sh2add	a5,a5,a7
1000075c:	fe0755e3          	bgez	a4,10000746 <irq_add_shared_handler+0x166>
10000760:	00159393          	slli	t2,a1,0x1
10000764:	6785                	lui	a5,0x1
10000766:	00f3f3b3          	and	t2,t2,a5
1000076a:	93ae                	add	t2,t2,a1
1000076c:	8003f393          	andi	t2,t2,-2048
10000770:	05d2                	slli	a1,a1,0x14
10000772:	48b39393          	bclri	t2,t2,0xb
10000776:	0e75e593          	ori	a1,a1,231
1000077a:	62b1                	lui	t0,0xc
1000077c:	0b73e393          	ori	t2,t2,183
10000780:	28f59593          	bseti	a1,a1,0xf
10000784:	e4228293          	addi	t0,t0,-446 # be42 <HeapSize+0xb642>
10000788:	008f8693          	addi	a3,t6,8
1000078c:	40de06b3          	sub	a3,t3,a3
10000790:	9e9a                	add	t4,t4,t1
10000792:	211eceb3          	sh2add	t4,t4,a7
10000796:	00169793          	slli	a5,a3,0x1
1000079a:	6885                	lui	a7,0x1
1000079c:	0117f7b3          	and	a5,a5,a7
100007a0:	0036d893          	srli	a7,a3,0x3
100007a4:	0048f893          	andi	a7,a7,4
100007a8:	006f8523          	sb	t1,10(t6)
100007ac:	0117e7b3          	or	a5,a5,a7
100007b0:	28b01313          	bseti	t1,zero,0xb
100007b4:	00769893          	slli	a7,a3,0x7
100007b8:	0068f8b3          	and	a7,a7,t1
100007bc:	00169313          	slli	t1,a3,0x1
100007c0:	0117e7b3          	or	a5,a5,a7
100007c4:	60037313          	andi	t1,t1,1536
100007c8:	0026d893          	srli	a7,a3,0x2
100007cc:	0067e7b3          	or	a5,a5,t1
100007d0:	1008f893          	andi	a7,a7,256
100007d4:	00169313          	slli	t1,a3,0x1
100007d8:	0117e7b3          	or	a5,a5,a7
100007dc:	08037313          	andi	t1,t1,128
100007e0:	0016d893          	srli	a7,a3,0x1
100007e4:	0067e7b3          	or	a5,a5,t1
100007e8:	0408f893          	andi	a7,a7,64
100007ec:	068a                	slli	a3,a3,0x2
100007ee:	0386f693          	andi	a3,a3,56
100007f2:	0117e7b3          	or	a5,a5,a7
100007f6:	8fd5                	or	a5,a5,a3
100007f8:	76e9                	lui	a3,0xffffa
100007fa:	0685                	addi	a3,a3,1 # ffffa001 <__StackTop+0xdff78001>
100007fc:	8fd5                	or	a5,a5,a3
100007fe:	00ff9423          	sh	a5,8(t6)
10000802:	007ea023          	sw	t2,0(t4) # ff000 <HeapSize+0xfe800>
10000806:	00bea223          	sw	a1,4(t4)
1000080a:	005e9423          	sh	t0,8(t4)
1000080e:	00ee8523          	sb	a4,10(t4)
10000812:	00ce85a3          	sb	a2,11(t4)
10000816:	a0a5                	j	1000087e <irq_add_shared_handler+0x29e>
10000818:	200017b7          	lui	a5,0x20001
1000081c:	06478793          	addi	a5,a5,100 # 20001064 <__unhandled_user_irq>
10000820:	1aff1063          	bne	t5,a5,100009c0 <irq_add_shared_handler+0x3e0>
10000824:	200017b7          	lui	a5,0x20001
10000828:	e6078793          	addi	a5,a5,-416 # 20000e60 <irq_handler_chain_first_slot>
1000082c:	41c787b3          	sub	a5,a5,t3
10000830:	00979713          	slli	a4,a5,0x9
10000834:	001006b7          	lui	a3,0x100
10000838:	000fff37          	lui	t5,0xff
1000083c:	01e7ff33          	and	t5,a5,t5
10000840:	8f75                	and	a4,a4,a3
10000842:	0147d693          	srli	a3,a5,0x14
10000846:	01e76733          	or	a4,a4,t5
1000084a:	06fe                	slli	a3,a3,0x1f
1000084c:	7fe7f793          	andi	a5,a5,2046
10000850:	8f55                	or	a4,a4,a3
10000852:	07d2                	slli	a5,a5,0x14
10000854:	8fd9                	or	a5,a5,a4
10000856:	9376                	add	t1,t1,t4
10000858:	7771                	lui	a4,0xffffc
1000085a:	21134333          	sh2add	t1,t1,a7
1000085e:	2ef7e793          	ori	a5,a5,751
10000862:	e4270713          	addi	a4,a4,-446 # ffffbe42 <__StackTop+0xdff79e42>
10000866:	56fd                	li	a3,-1
10000868:	00b32223          	sw	a1,4(t1) # 1004 <HeapSize+0x804>
1000086c:	00c305a3          	sb	a2,11(t1)
10000870:	8f72                	mv	t5,t3
10000872:	00f32023          	sw	a5,0(t1)
10000876:	00e31423          	sh	a4,8(t1)
1000087a:	00d30523          	sb	a3,10(t1)
1000087e:	305027f3          	csrr	a5,mtvec
10000882:	9bf1                	andi	a5,a5,-4
10000884:	20f54533          	sh2add	a0,a0,a5
10000888:	01e52023          	sw	t5,0(a0)
1000088c:	0330000f          	fence	rw,rw
10000890:	0330000f          	fence	rw,rw
10000894:	200017b7          	lui	a5,0x20001
10000898:	3e078793          	addi	a5,a5,992 # 200013e0 <_sw_spin_locks>
1000089c:	000784a3          	sb	zero,9(a5)
100008a0:	00887813          	andi	a6,a6,8
100008a4:	30082073          	csrs	mstatus,a6
100008a8:	50b2                	lw	ra,44(sp)
100008aa:	6145                	addi	sp,sp,48
100008ac:	8082                	ret
100008ae:	c832                	sw	a2,16(sp)
100008b0:	c62e                	sw	a1,12(sp)
100008b2:	c42a                	sw	a0,8(sp)
100008b4:	c242                	sw	a6,4(sp)
100008b6:	134010ef          	jal	100019ea <hard_assertion_failure>
100008ba:	80f18303          	lb	t1,-2033(gp) # 20001c70 <irq_handler_chain_free_slot_head>
100008be:	4642                	lw	a2,16(sp)
100008c0:	45b2                	lw	a1,12(sp)
100008c2:	4522                	lw	a0,8(sp)
100008c4:	4812                	lw	a6,4(sp)
100008c6:	b3a1                	j	1000060e <irq_add_shared_handler+0x2e>
100008c8:	008fd383          	lhu	t2,8(t6)
100008cc:	00828793          	addi	a5,t0,8
100008d0:	97c6                	add	a5,a5,a7
100008d2:	00339293          	slli	t0,t2,0x3
100008d6:	008f8693          	addi	a3,t6,8
100008da:	0202f293          	andi	t0,t0,32
100008de:	40f687b3          	sub	a5,a3,a5
100008e2:	9796                	add	a5,a5,t0
100008e4:	0013d293          	srli	t0,t2,0x1
100008e8:	d422                	sw	s0,40(sp)
100008ea:	0402f413          	andi	s0,t0,64
100008ee:	97a2                	add	a5,a5,s0
100008f0:	00139413          	slli	s0,t2,0x1
100008f4:	08047413          	andi	s0,s0,128
100008f8:	97a2                	add	a5,a5,s0
100008fa:	00239413          	slli	s0,t2,0x2
100008fe:	d04a                	sw	s2,32(sp)
10000900:	3002f293          	andi	t0,t0,768
10000904:	8922                	mv	s2,s0
10000906:	9796                	add	a5,a5,t0
10000908:	0023d413          	srli	s0,t2,0x2
1000090c:	0073d293          	srli	t0,t2,0x7
10000910:	40097393          	andi	t2,s2,1024
10000914:	979e                	add	a5,a5,t2
10000916:	0102f293          	andi	t0,t0,16
1000091a:	00e47393          	andi	t2,s0,14
1000091e:	0072e2b3          	or	t0,t0,t2
10000922:	28b01393          	bseti	t2,zero,0xb
10000926:	9796                	add	a5,a5,t0
10000928:	007472b3          	and	t0,s0,t2
1000092c:	405787b3          	sub	a5,a5,t0
10000930:	00779413          	slli	s0,a5,0x7
10000934:	d226                	sw	s1,36(sp)
10000936:	00179293          	slli	t0,a5,0x1
1000093a:	007474b3          	and	s1,s0,t2
1000093e:	6405                	lui	s0,0x1
10000940:	0037d393          	srli	t2,a5,0x3
10000944:	0082f2b3          	and	t0,t0,s0
10000948:	0043f393          	andi	t2,t2,4
1000094c:	0072e2b3          	or	t0,t0,t2
10000950:	00179393          	slli	t2,a5,0x1
10000954:	0092e2b3          	or	t0,t0,s1
10000958:	6003f393          	andi	t2,t2,1536
1000095c:	0027d493          	srli	s1,a5,0x2
10000960:	0072e2b3          	or	t0,t0,t2
10000964:	1004f493          	andi	s1,s1,256
10000968:	00179393          	slli	t2,a5,0x1
1000096c:	0092e2b3          	or	t0,t0,s1
10000970:	0803f393          	andi	t2,t2,128
10000974:	0072e2b3          	or	t0,t0,t2
10000978:	00159393          	slli	t2,a1,0x1
1000097c:	0017d493          	srli	s1,a5,0x1
10000980:	0083f3b3          	and	t2,t2,s0
10000984:	93ae                	add	t2,t2,a1
10000986:	0404f413          	andi	s0,s1,64
1000098a:	078a                	slli	a5,a5,0x2
1000098c:	0082e2b3          	or	t0,t0,s0
10000990:	0387f793          	andi	a5,a5,56
10000994:	7469                	lui	s0,0xffffa
10000996:	8003f393          	andi	t2,t2,-2048
1000099a:	05d2                	slli	a1,a1,0x14
1000099c:	00f2e7b3          	or	a5,t0,a5
100009a0:	48b39393          	bclri	t2,t2,0xb
100009a4:	00140293          	addi	t0,s0,1 # ffffa001 <__StackTop+0xdff78001>
100009a8:	0e75e593          	ori	a1,a1,231
100009ac:	5422                	lw	s0,40(sp)
100009ae:	5492                	lw	s1,36(sp)
100009b0:	5902                	lw	s2,32(sp)
100009b2:	0057e2b3          	or	t0,a5,t0
100009b6:	0b73e393          	ori	t2,t2,183
100009ba:	28f59593          	bseti	a1,a1,0xf
100009be:	b3f9                	j	1000078c <irq_add_shared_handler+0x1ac>
100009c0:	ce32                	sw	a2,28(sp)
100009c2:	cc2e                	sw	a1,24(sp)
100009c4:	ca76                	sw	t4,20(sp)
100009c6:	c82a                	sw	a0,16(sp)
100009c8:	c642                	sw	a6,12(sp)
100009ca:	c472                	sw	t3,8(sp)
100009cc:	c21a                	sw	t1,4(sp)
100009ce:	01c010ef          	jal	100019ea <hard_assertion_failure>
100009d2:	200017b7          	lui	a5,0x20001
100009d6:	4672                	lw	a2,28(sp)
100009d8:	45e2                	lw	a1,24(sp)
100009da:	4ed2                	lw	t4,20(sp)
100009dc:	4542                	lw	a0,16(sp)
100009de:	4832                	lw	a6,12(sp)
100009e0:	4e22                	lw	t3,8(sp)
100009e2:	4312                	lw	t1,4(sp)
100009e4:	e3078893          	addi	a7,a5,-464 # 20000e30 <irq_handler_chain_slots>
100009e8:	bd35                	j	10000824 <irq_add_shared_handler+0x244>

100009ea <irq_add_tail_to_free_list>:
100009ea:	be5027f3          	csrr	a5,0xbe5
100009ee:	01079713          	slli	a4,a5,0x10
100009f2:	4581                	li	a1,0
100009f4:	00074963          	bltz	a4,10000a06 <irq_add_tail_to_free_list+0x1c>
100009f8:	8391                	srli	a5,a5,0x4
100009fa:	1ff7f793          	andi	a5,a5,511
100009fe:	03478793          	addi	a5,a5,52
10000a02:	00279593          	slli	a1,a5,0x2
10000a06:	30047673          	csrrci	a2,mstatus,8
10000a0a:	200017b7          	lui	a5,0x20001
10000a0e:	3e978793          	addi	a5,a5,1001 # 200013e9 <_sw_spin_locks+0x9>
10000a12:	00379713          	slli	a4,a5,0x3
10000a16:	28e01733          	bset	a4,zero,a4
10000a1a:	9bf1                	andi	a5,a5,-4
10000a1c:	44e7a6af          	amoor.w.aq	a3,a4,(a5)
10000a20:	8ef9                	and	a3,a3,a4
10000a22:	feed                	bnez	a3,10000a1c <irq_add_tail_to_free_list+0x32>
10000a24:	0330000f          	fence	rw,rw
10000a28:	20001737          	lui	a4,0x20001
10000a2c:	e3070713          	addi	a4,a4,-464 # 20000e30 <irq_handler_chain_slots>
10000a30:	40e507b3          	sub	a5,a0,a4
10000a34:	aaaab6b7          	lui	a3,0xaaaab
10000a38:	aab68693          	addi	a3,a3,-1365 # aaaaaaab <__StackTop+0x8aa28aab>
10000a3c:	8789                	srai	a5,a5,0x2
10000a3e:	9fd5                	mul	a5,a5,a3
10000a40:	9fe5                	sext.b	a5,a5
10000a42:	305026f3          	csrr	a3,mtvec
10000a46:	9af1                	andi	a3,a3,-4
10000a48:	96ae                	add	a3,a3,a1
10000a4a:	4294                	lw	a3,0(a3)
10000a4c:	04a68463          	beq	a3,a0,10000a94 <irq_add_tail_to_free_list+0xaa>
10000a50:	00a70683          	lb	a3,10(a4)
10000a54:	04f68a63          	beq	a3,a5,10000aa8 <irq_add_tail_to_free_list+0xbe>
10000a58:	01670683          	lb	a3,22(a4)
10000a5c:	06f68463          	beq	a3,a5,10000ac4 <irq_add_tail_to_free_list+0xda>
10000a60:	02270683          	lb	a3,34(a4)
10000a64:	06f68263          	beq	a3,a5,10000ac8 <irq_add_tail_to_free_list+0xde>
10000a68:	02e70683          	lb	a3,46(a4)
10000a6c:	06f68063          	beq	a3,a5,10000acc <irq_add_tail_to_free_list+0xe2>
10000a70:	80f1c683          	lbu	a3,-2033(gp) # 20001c70 <irq_handler_chain_free_slot_head>
10000a74:	80f187a3          	sb	a5,-2033(gp) # 20001c70 <irq_handler_chain_free_slot_head>
10000a78:	00d50523          	sb	a3,10(a0)
10000a7c:	0330000f          	fence	rw,rw
10000a80:	200017b7          	lui	a5,0x20001
10000a84:	3e078793          	addi	a5,a5,992 # 200013e0 <_sw_spin_locks>
10000a88:	000784a3          	sb	zero,9(a5)
10000a8c:	8a21                	andi	a2,a2,8
10000a8e:	30062073          	csrs	mstatus,a2
10000a92:	8082                	ret
10000a94:	30502773          	csrr	a4,mtvec
10000a98:	200016b7          	lui	a3,0x20001
10000a9c:	9b71                	andi	a4,a4,-4
10000a9e:	972e                	add	a4,a4,a1
10000aa0:	06468693          	addi	a3,a3,100 # 20001064 <__unhandled_user_irq>
10000aa4:	c314                	sw	a3,0(a4)
10000aa6:	b7e9                	j	10000a70 <irq_add_tail_to_free_list+0x86>
10000aa8:	4681                	li	a3,0
10000aaa:	20d6a6b3          	sh1add	a3,a3,a3
10000aae:	20e6c6b3          	sh2add	a3,a3,a4
10000ab2:	7771                	lui	a4,0xffffc
10000ab4:	587d                	li	a6,-1
10000ab6:	e4270713          	addi	a4,a4,-446 # ffffbe42 <__StackTop+0xdff79e42>
10000aba:	01068523          	sb	a6,10(a3)
10000abe:	00e69423          	sh	a4,8(a3)
10000ac2:	b77d                	j	10000a70 <irq_add_tail_to_free_list+0x86>
10000ac4:	4685                	li	a3,1
10000ac6:	b7d5                	j	10000aaa <irq_add_tail_to_free_list+0xc0>
10000ac8:	4689                	li	a3,2
10000aca:	b7c5                	j	10000aaa <irq_add_tail_to_free_list+0xc0>
10000acc:	468d                	li	a3,3
10000ace:	bff1                	j	10000aaa <irq_add_tail_to_free_list+0xc0>

10000ad0 <user_irq_claim_unused>:
10000ad0:	85aa                	mv	a1,a0
10000ad2:	10005737          	lui	a4,0x10005
10000ad6:	1141                	addi	sp,sp,-16
10000ad8:	f7470713          	addi	a4,a4,-140 # 10004f74 <__EH_FRAME_BEGIN__+0x40>
10000adc:	81018513          	addi	a0,gp,-2032 # 20001c71 <user_irq_claimed>
10000ae0:	4695                	li	a3,5
10000ae2:	4601                	li	a2,0
10000ae4:	c606                	sw	ra,12(sp)
10000ae6:	30f5                	jal	100003d2 <hw_claim_unused_from_range>
10000ae8:	00054663          	bltz	a0,10000af4 <user_irq_claim_unused+0x24>
10000aec:	03300793          	li	a5,51
10000af0:	40a78533          	sub	a0,a5,a0
10000af4:	40b2                	lw	ra,12(sp)
10000af6:	0141                	addi	sp,sp,16
10000af8:	8082                	ret

10000afa <lock_init>:
10000afa:	200017b7          	lui	a5,0x20001
10000afe:	3e078793          	addi	a5,a5,992 # 200013e0 <_sw_spin_locks>
10000b02:	97ae                	add	a5,a5,a1
10000b04:	c11c                	sw	a5,0(a0)
10000b06:	8082                	ret

10000b08 <runtime_init_mutex>:
10000b08:	1101                	addi	sp,sp,-32
10000b0a:	cc22                	sw	s0,24(sp)
10000b0c:	ca26                	sw	s1,20(sp)
10000b0e:	20001437          	lui	s0,0x20001
10000b12:	200014b7          	lui	s1,0x20001
10000b16:	ce06                	sw	ra,28(sp)
10000b18:	0a040413          	addi	s0,s0,160 # 200010a0 <print_mutex>
10000b1c:	0a848493          	addi	s1,s1,168 # 200010a8 <default_alarm_pool_entries>
10000b20:	02947663          	bgeu	s0,s1,10000b4c <runtime_init_mutex+0x44>
10000b24:	c84a                	sw	s2,16(sp)
10000b26:	c64e                	sw	s3,12(sp)
10000b28:	0ff00913          	li	s2,255
10000b2c:	59fd                	li	s3,-1
10000b2e:	401c                	lw	a5,0(s0)
10000b30:	c39d                	beqz	a5,10000b56 <runtime_init_mutex+0x4e>
10000b32:	3215                	jal	10000456 <next_striped_spin_lock_num>
10000b34:	85aa                	mv	a1,a0
10000b36:	8522                	mv	a0,s0
10000b38:	37c9                	jal	10000afa <lock_init>
10000b3a:	01241223          	sh	s2,4(s0)
10000b3e:	0330000f          	fence	rw,rw
10000b42:	0421                	addi	s0,s0,8
10000b44:	fe9465e3          	bltu	s0,s1,10000b2e <runtime_init_mutex+0x26>
10000b48:	4942                	lw	s2,16(sp)
10000b4a:	49b2                	lw	s3,12(sp)
10000b4c:	40f2                	lw	ra,28(sp)
10000b4e:	4462                	lw	s0,24(sp)
10000b50:	44d2                	lw	s1,20(sp)
10000b52:	6105                	addi	sp,sp,32
10000b54:	8082                	ret
10000b56:	3201                	jal	10000456 <next_striped_spin_lock_num>
10000b58:	85aa                	mv	a1,a0
10000b5a:	8522                	mv	a0,s0
10000b5c:	3f79                	jal	10000afa <lock_init>
10000b5e:	01340223          	sb	s3,4(s0)
10000b62:	0330000f          	fence	rw,rw
10000b66:	0421                	addi	s0,s0,8
10000b68:	fc9463e3          	bltu	s0,s1,10000b2e <runtime_init_mutex+0x26>
10000b6c:	bff1                	j	10000b48 <runtime_init_mutex+0x40>

10000b6e <mutex_init>:
10000b6e:	1141                	addi	sp,sp,-16
10000b70:	c606                	sw	ra,12(sp)
10000b72:	c422                	sw	s0,8(sp)
10000b74:	842a                	mv	s0,a0
10000b76:	8e1ff0ef          	jal	10000456 <next_striped_spin_lock_num>
10000b7a:	85aa                	mv	a1,a0
10000b7c:	8522                	mv	a0,s0
10000b7e:	3fb5                	jal	10000afa <lock_init>
10000b80:	57fd                	li	a5,-1
10000b82:	00f40223          	sb	a5,4(s0)
10000b86:	0330000f          	fence	rw,rw
10000b8a:	40b2                	lw	ra,12(sp)
10000b8c:	4422                	lw	s0,8(sp)
10000b8e:	0141                	addi	sp,sp,16
10000b90:	8082                	ret

10000b92 <critical_section_init>:
10000b92:	1141                	addi	sp,sp,-16
10000b94:	c422                	sw	s0,8(sp)
10000b96:	842a                	mv	s0,a0
10000b98:	4505                	li	a0,1
10000b9a:	c606                	sw	ra,12(sp)
10000b9c:	8d7ff0ef          	jal	10000472 <spin_lock_claim_unused>
10000ba0:	200017b7          	lui	a5,0x20001
10000ba4:	3e078793          	addi	a5,a5,992 # 200013e0 <_sw_spin_locks>
10000ba8:	97aa                	add	a5,a5,a0
10000baa:	c01c                	sw	a5,0(s0)
10000bac:	0330000f          	fence	rw,rw
10000bb0:	40b2                	lw	ra,12(sp)
10000bb2:	4422                	lw	s0,8(sp)
10000bb4:	0141                	addi	sp,sp,16
10000bb6:	8082                	ret

10000bb8 <critical_section_init_with_lock_num>:
10000bb8:	200017b7          	lui	a5,0x20001
10000bbc:	3e078793          	addi	a5,a5,992 # 200013e0 <_sw_spin_locks>
10000bc0:	97ae                	add	a5,a5,a1
10000bc2:	c11c                	sw	a5,0(a0)
10000bc4:	0330000f          	fence	rw,rw
10000bc8:	8082                	ret

10000bca <sleep_until_callback>:
10000bca:	8131a783          	lw	a5,-2029(gp) # 20001c74 <sleep_notifier>
10000bce:	30047773          	csrrci	a4,mstatus,8
10000bd2:	00379613          	slli	a2,a5,0x3
10000bd6:	28c01633          	bset	a2,zero,a2
10000bda:	9bf1                	andi	a5,a5,-4
10000bdc:	44c7a5af          	amoor.w.aq	a1,a2,(a5)
10000be0:	8df1                	and	a1,a1,a2
10000be2:	fded                	bnez	a1,10000bdc <sleep_until_callback+0x12>
10000be4:	0330000f          	fence	rw,rw
10000be8:	8131a783          	lw	a5,-2029(gp) # 20001c74 <sleep_notifier>
10000bec:	0330000f          	fence	rw,rw
10000bf0:	00078023          	sb	zero,0(a5)
10000bf4:	00877793          	andi	a5,a4,8
10000bf8:	3007a073          	csrs	mstatus,a5
10000bfc:	00102033          	sgtz	zero,ra
10000c00:	4501                	li	a0,0
10000c02:	4581                	li	a1,0
10000c04:	8082                	ret

10000c06 <alarm_pool_irq_handler>:
10000c06:	7139                	addi	sp,sp,-64
10000c08:	de06                	sw	ra,60(sp)
10000c0a:	dc22                	sw	s0,56(sp)
10000c0c:	da26                	sw	s1,52(sp)
10000c0e:	d84a                	sw	s2,48(sp)
10000c10:	d64e                	sw	s3,44(sp)
10000c12:	d452                	sw	s4,40(sp)
10000c14:	d256                	sw	s5,36(sp)
10000c16:	d05a                	sw	s6,32(sp)
10000c18:	ce5e                	sw	s7,28(sp)
10000c1a:	cc62                	sw	s8,24(sp)
10000c1c:	ca66                	sw	s9,20(sp)
10000c1e:	c86a                	sw	s10,16(sp)
10000c20:	be5027f3          	csrr	a5,0xbe5
10000c24:	01079713          	slli	a4,a5,0x10
10000c28:	30074e63          	bltz	a4,10000f44 <alarm_pool_irq_handler+0x33e>
10000c2c:	0047d913          	srli	s2,a5,0x4
10000c30:	1fc97793          	andi	a5,s2,508
10000c34:	00397913          	andi	s2,s2,3
10000c38:	292019b3          	bset	s3,zero,s2
10000c3c:	400b0bb7          	lui	s7,0x400b0
10000c40:	32079e63          	bnez	a5,10000f7c <alarm_pool_irq_handler+0x376>
10000c44:	20002737          	lui	a4,0x20002
10000c48:	2127c7b3          	sh2add	a5,a5,s2
10000c4c:	c3070713          	addi	a4,a4,-976 # 20001c30 <pools>
10000c50:	20e7c7b3          	sh2add	a5,a5,a4
10000c54:	0007aa83          	lw	s5,0(a5)
10000c58:	678d                	lui	a5,0x3
10000c5a:	04478793          	addi	a5,a5,68 # 3044 <HeapSize+0x2844>
10000c5e:	97de                	add	a5,a5,s7
10000c60:	10001a37          	lui	s4,0x10001
10000c64:	0137a023          	sw	s3,0(a5)
10000c68:	c06a0a13          	addi	s4,s4,-1018 # 10000c06 <alarm_pool_irq_handler>
10000c6c:	547d                	li	s0,-1
10000c6e:	54fd                	li	s1,-1
10000c70:	008a9b03          	lh	s6,8(s5)
10000c74:	033bae23          	sw	s3,60(s7) # 400b003c <__StackTop+0x2002e03c>
10000c78:	080b5763          	bgez	s6,10000d06 <alarm_pool_irq_handler+0x100>
10000c7c:	004ad783          	lhu	a5,4(s5)
10000c80:	9fed                	sext.h	a5,a5
10000c82:	1407dc63          	bgez	a5,10000dda <alarm_pool_irq_handler+0x1d4>
10000c86:	006ac783          	lbu	a5,6(s5)
10000c8a:	1e079463          	bnez	a5,10000e72 <alarm_pool_irq_handler+0x26c>
10000c8e:	008a9b03          	lh	s6,8(s5)
10000c92:	040b4763          	bltz	s6,10000ce0 <alarm_pool_irq_handler+0xda>
10000c96:	014aa703          	lw	a4,20(s5)
10000c9a:	216b2b33          	sh1add	s6,s6,s6
10000c9e:	57fd                	li	a5,-1
10000ca0:	20eb6b33          	sh3add	s6,s6,a4
10000ca4:	008b2c03          	lw	s8,8(s6)
10000ca8:	00cb2b03          	lw	s6,12(s6)
10000cac:	28fc0963          	beq	s8,a5,10000f3e <alarm_pool_irq_handler+0x338>
10000cb0:	217946b3          	sh2add	a3,s2,s7
10000cb4:	028ba703          	lw	a4,40(s7)
10000cb8:	4a9c                	lw	a5,16(a3)
10000cba:	40ec0633          	sub	a2,s8,a4
10000cbe:	8f99                	sub	a5,a5,a4
10000cc0:	04f66063          	bltu	a2,a5,10000d00 <alarm_pool_irq_handler+0xfa>
10000cc4:	020ba783          	lw	a5,32(s7)
10000cc8:	4927d7b3          	bext	a5,a5,s2
10000ccc:	cb95                	beqz	a5,10000d00 <alarm_pool_irq_handler+0xfa>
10000cce:	855e                	mv	a0,s7
10000cd0:	089000ef          	jal	10001558 <timer_time_us_64>
10000cd4:	0165c663          	blt	a1,s6,10000ce0 <alarm_pool_irq_handler+0xda>
10000cd8:	f8bb1ce3          	bne	s6,a1,10000c70 <alarm_pool_irq_handler+0x6a>
10000cdc:	f9857ae3          	bgeu	a0,s8,10000c70 <alarm_pool_irq_handler+0x6a>
10000ce0:	00102033          	sgtz	zero,ra
10000ce4:	50f2                	lw	ra,60(sp)
10000ce6:	5462                	lw	s0,56(sp)
10000ce8:	54d2                	lw	s1,52(sp)
10000cea:	5942                	lw	s2,48(sp)
10000cec:	59b2                	lw	s3,44(sp)
10000cee:	5a22                	lw	s4,40(sp)
10000cf0:	5a92                	lw	s5,36(sp)
10000cf2:	5b02                	lw	s6,32(sp)
10000cf4:	4bf2                	lw	s7,28(sp)
10000cf6:	4c62                	lw	s8,24(sp)
10000cf8:	4cd2                	lw	s9,20(sp)
10000cfa:	4d42                	lw	s10,16(sp)
10000cfc:	6121                	addi	sp,sp,64
10000cfe:	8082                	ret
10000d00:	0186a823          	sw	s8,16(a3)
10000d04:	b7e9                	j	10000cce <alarm_pool_irq_handler+0xc8>
10000d06:	014aa783          	lw	a5,20(s5)
10000d0a:	216b2c33          	sh1add	s8,s6,s6
10000d0e:	855e                	mv	a0,s7
10000d10:	20fc6c33          	sh3add	s8,s8,a5
10000d14:	00cc2c83          	lw	s9,12(s8)
10000d18:	008c2d03          	lw	s10,8(s8)
10000d1c:	03d000ef          	jal	10001558 <timer_time_us_64>
10000d20:	f595cee3          	blt	a1,s9,10000c7c <alarm_pool_irq_handler+0x76>
10000d24:	1abc8963          	beq	s9,a1,10000ed6 <alarm_pool_irq_handler+0x2d0>
10000d28:	1a0ccb63          	bltz	s9,10000ede <alarm_pool_irq_handler+0x2d8>
10000d2c:	010c2783          	lw	a5,16(s8)
10000d30:	014c2583          	lw	a1,20(s8)
10000d34:	23478b63          	beq	a5,s4,10000f6a <alarm_pool_irq_handler+0x364>
10000d38:	008a9703          	lh	a4,8(s5)
10000d3c:	002c5503          	lhu	a0,2(s8)
10000d40:	0742                	slli	a4,a4,0x10
10000d42:	8d59                	or	a0,a0,a4
10000d44:	9782                	jalr	a5
10000d46:	872e                	mv	a4,a1
10000d48:	87aa                	mv	a5,a0
10000d4a:	00e7e6b3          	or	a3,a5,a4
10000d4e:	18068863          	beqz	a3,10000ede <alarm_pool_irq_handler+0x2d8>
10000d52:	1e075f63          	bgez	a4,10000f50 <alarm_pool_irq_handler+0x34a>
10000d56:	40fd06b3          	sub	a3,s10,a5
10000d5a:	00dd3d33          	sltu	s10,s10,a3
10000d5e:	40ec87b3          	sub	a5,s9,a4
10000d62:	41a787b3          	sub	a5,a5,s10
10000d66:	000c1703          	lh	a4,0(s8)
10000d6a:	00dc2423          	sw	a3,8(s8)
10000d6e:	00fc2623          	sw	a5,12(s8)
10000d72:	f00745e3          	bltz	a4,10000c7c <alarm_pool_irq_handler+0x76>
10000d76:	014aa803          	lw	a6,20(s5)
10000d7a:	20e72533          	sh1add	a0,a4,a4
10000d7e:	00171613          	slli	a2,a4,0x1
10000d82:	21056533          	sh3add	a0,a0,a6
10000d86:	454c                	lw	a1,12(a0)
10000d88:	00852883          	lw	a7,8(a0)
10000d8c:	eeb7c8e3          	blt	a5,a1,10000c7c <alarm_pool_irq_handler+0x76>
10000d90:	00f59463          	bne	a1,a5,10000d98 <alarm_pool_irq_handler+0x192>
10000d94:	ef16e4e3          	bltu	a3,a7,10000c7c <alarm_pool_irq_handler+0x76>
10000d98:	00ea9423          	sh	a4,8(s5)
10000d9c:	008a8513          	addi	a0,s5,8
10000da0:	a031                	j	10000dac <alarm_pool_irq_handler+0x1a6>
10000da2:	00862883          	lw	a7,8(a2)
10000da6:	464c                	lw	a1,12(a2)
10000da8:	00171613          	slli	a2,a4,0x1
10000dac:	963a                	add	a2,a2,a4
10000dae:	00b7cd63          	blt	a5,a1,10000dc8 <alarm_pool_irq_handler+0x1c2>
10000db2:	1cf58963          	beq	a1,a5,10000f84 <alarm_pool_irq_handler+0x37e>
10000db6:	21066533          	sh3add	a0,a2,a6
10000dba:	8558                	lh	a4,0(a0)
10000dbc:	20e72633          	sh1add	a2,a4,a4
10000dc0:	21066633          	sh3add	a2,a2,a6
10000dc4:	fc075fe3          	bgez	a4,10000da2 <alarm_pool_irq_handler+0x19c>
10000dc8:	00ec1023          	sh	a4,0(s8)
10000dcc:	01651023          	sh	s6,0(a0)
10000dd0:	004ad783          	lhu	a5,4(s5)
10000dd4:	9fed                	sext.h	a5,a5
10000dd6:	ea07c8e3          	bltz	a5,10000c86 <alarm_pool_irq_handler+0x80>
10000dda:	010aa783          	lw	a5,16(s5)
10000dde:	30047773          	csrrci	a4,mstatus,8
10000de2:	00379693          	slli	a3,a5,0x3
10000de6:	28d016b3          	bset	a3,zero,a3
10000dea:	9bf1                	andi	a5,a5,-4
10000dec:	44d7a62f          	amoor.w.aq	a2,a3,(a5)
10000df0:	8e75                	and	a2,a2,a3
10000df2:	fe6d                	bnez	a2,10000dec <alarm_pool_irq_handler+0x1e6>
10000df4:	0330000f          	fence	rw,rw
10000df8:	004ad883          	lhu	a7,4(s5)
10000dfc:	57fd                	li	a5,-1
10000dfe:	00fa9223          	sh	a5,4(s5)
10000e02:	60589893          	sext.h	a7,a7
10000e06:	010aa783          	lw	a5,16(s5)
10000e0a:	0330000f          	fence	rw,rw
10000e0e:	00078023          	sb	zero,0(a5)
10000e12:	00877793          	andi	a5,a4,8
10000e16:	3007a073          	csrs	mstatus,a5
10000e1a:	e608c6e3          	bltz	a7,10000c86 <alarm_pool_irq_handler+0x80>
10000e1e:	014aa503          	lw	a0,20(s5)
10000e22:	008a9703          	lh	a4,8(s5)
10000e26:	2118a833          	sh1add	a6,a7,a7
10000e2a:	20a86833          	sh3add	a6,a6,a0
10000e2e:	008a8593          	addi	a1,s5,8
10000e32:	02074463          	bltz	a4,10000e5a <alarm_pool_irq_handler+0x254>
10000e36:	00882303          	lw	t1,8(a6)
10000e3a:	00c82603          	lw	a2,12(a6)
10000e3e:	a039                	j	10000e4c <alarm_pool_irq_handler+0x246>
10000e40:	0ec68363          	beq	a3,a2,10000f26 <alarm_pool_irq_handler+0x320>
10000e44:	87d8                	lh	a4,0(a5)
10000e46:	85be                	mv	a1,a5
10000e48:	00074963          	bltz	a4,10000e5a <alarm_pool_irq_handler+0x254>
10000e4c:	20e727b3          	sh1add	a5,a4,a4
10000e50:	20a7e7b3          	sh3add	a5,a5,a0
10000e54:	47d4                	lw	a3,12(a5)
10000e56:	fed655e3          	bge	a2,a3,10000e40 <alarm_pool_irq_handler+0x23a>
10000e5a:	01159023          	sh	a7,0(a1)
10000e5e:	00081883          	lh	a7,0(a6)
10000e62:	00e81023          	sh	a4,0(a6)
10000e66:	fa08dee3          	bgez	a7,10000e22 <alarm_pool_irq_handler+0x21c>
10000e6a:	006ac783          	lbu	a5,6(s5)
10000e6e:	e20780e3          	beqz	a5,10000c8e <alarm_pool_irq_handler+0x88>
10000e72:	000a8323          	sb	zero,6(s5)
10000e76:	008a9b03          	lh	s6,8(s5)
10000e7a:	55fd                	li	a1,-1
10000e7c:	875a                	mv	a4,s6
10000e7e:	e6bb01e3          	beq	s6,a1,10000ce0 <alarm_pool_irq_handler+0xda>
10000e82:	014aa503          	lw	a0,20(s5)
10000e86:	20e727b3          	sh1add	a5,a4,a4
10000e8a:	863a                	mv	a2,a4
10000e8c:	20a7e7b3          	sh3add	a5,a5,a0
10000e90:	87b4                	lhu	a3,2(a5)
10000e92:	87d8                	lh	a4,0(a5)
10000e94:	008a8813          	addi	a6,s5,8
10000e98:	9eed                	sext.h	a3,a3
10000e9a:	0006cf63          	bltz	a3,10000eb8 <alarm_pool_irq_handler+0x2b2>
10000e9e:	883e                	mv	a6,a5
10000ea0:	deb709e3          	beq	a4,a1,10000c92 <alarm_pool_irq_handler+0x8c>
10000ea4:	20e727b3          	sh1add	a5,a4,a4
10000ea8:	20a7e7b3          	sh3add	a5,a5,a0
10000eac:	87b4                	lhu	a3,2(a5)
10000eae:	863a                	mv	a2,a4
10000eb0:	87d8                	lh	a4,0(a5)
10000eb2:	9eed                	sext.h	a3,a3
10000eb4:	fe06d5e3          	bgez	a3,10000e9e <alarm_pool_irq_handler+0x298>
10000eb8:	c780                	sw	s0,8(a5)
10000eba:	c7c4                	sw	s1,12(a5)
10000ebc:	fecb02e3          	beq	s6,a2,10000ea0 <alarm_pool_irq_handler+0x29a>
10000ec0:	00e81023          	sh	a4,0(a6)
10000ec4:	008ad683          	lhu	a3,8(s5)
10000ec8:	8b32                	mv	s6,a2
10000eca:	8f94                	sh	a3,0(a5)
10000ecc:	00ca9423          	sh	a2,8(s5)
10000ed0:	fcb71ae3          	bne	a4,a1,10000ea4 <alarm_pool_irq_handler+0x29e>
10000ed4:	bb7d                	j	10000c92 <alarm_pool_irq_handler+0x8c>
10000ed6:	dba563e3          	bltu	a0,s10,10000c7c <alarm_pool_irq_handler+0x76>
10000eda:	e40cd9e3          	bgez	s9,10000d2c <alarm_pool_irq_handler+0x126>
10000ede:	000c5703          	lhu	a4,0(s8)
10000ee2:	010aa783          	lw	a5,16(s5)
10000ee6:	00ea9423          	sh	a4,8(s5)
10000eea:	30047773          	csrrci	a4,mstatus,8
10000eee:	00379693          	slli	a3,a5,0x3
10000ef2:	28d016b3          	bset	a3,zero,a3
10000ef6:	9bf1                	andi	a5,a5,-4
10000ef8:	44d7a62f          	amoor.w.aq	a2,a3,(a5)
10000efc:	8e75                	and	a2,a2,a3
10000efe:	fe6d                	bnez	a2,10000ef8 <alarm_pool_irq_handler+0x2f2>
10000f00:	0330000f          	fence	rw,rw
10000f04:	002ad683          	lhu	a3,2(s5)
10000f08:	010aa783          	lw	a5,16(s5)
10000f0c:	00dc1023          	sh	a3,0(s8)
10000f10:	016a9123          	sh	s6,2(s5)
10000f14:	0330000f          	fence	rw,rw
10000f18:	00078023          	sb	zero,0(a5)
10000f1c:	00877793          	andi	a5,a4,8
10000f20:	3007a073          	csrs	mstatus,a5
10000f24:	bba1                	j	10000c7c <alarm_pool_irq_handler+0x76>
10000f26:	4794                	lw	a3,8(a5)
10000f28:	f0d37ee3          	bgeu	t1,a3,10000e44 <alarm_pool_irq_handler+0x23e>
10000f2c:	01159023          	sh	a7,0(a1)
10000f30:	00081883          	lh	a7,0(a6)
10000f34:	00e81023          	sh	a4,0(a6)
10000f38:	ee08d5e3          	bgez	a7,10000e22 <alarm_pool_irq_handler+0x21c>
10000f3c:	b73d                	j	10000e6a <alarm_pool_irq_handler+0x264>
10000f3e:	d78b19e3          	bne	s6,s8,10000cb0 <alarm_pool_irq_handler+0xaa>
10000f42:	b371                	j	10000cce <alarm_pool_irq_handler+0xc8>
10000f44:	4985                	li	s3,1
10000f46:	87ce                	mv	a5,s3
10000f48:	4901                	li	s2,0
10000f4a:	400b8bb7          	lui	s7,0x400b8
10000f4e:	b9dd                	j	10000c44 <alarm_pool_irq_handler+0x3e>
10000f50:	855e                	mv	a0,s7
10000f52:	c63a                	sw	a4,12(sp)
10000f54:	c43e                	sw	a5,8(sp)
10000f56:	2509                	jal	10001558 <timer_time_us_64>
10000f58:	47a2                	lw	a5,8(sp)
10000f5a:	4732                	lw	a4,12(sp)
10000f5c:	00f506b3          	add	a3,a0,a5
10000f60:	00a6b7b3          	sltu	a5,a3,a0
10000f64:	95ba                	add	a1,a1,a4
10000f66:	97ae                	add	a5,a5,a1
10000f68:	bbfd                	j	10000d66 <alarm_pool_irq_handler+0x160>
10000f6a:	499c                	lw	a5,16(a1)
10000f6c:	852e                	mv	a0,a1
10000f6e:	c42e                	sw	a1,8(sp)
10000f70:	9782                	jalr	a5
10000f72:	d535                	beqz	a0,10000ede <alarm_pool_irq_handler+0x2d8>
10000f74:	45a2                	lw	a1,8(sp)
10000f76:	419c                	lw	a5,0(a1)
10000f78:	41d8                	lw	a4,4(a1)
10000f7a:	bbc1                	j	10000d4a <alarm_pool_irq_handler+0x144>
10000f7c:	4785                	li	a5,1
10000f7e:	400b8bb7          	lui	s7,0x400b8
10000f82:	b1c9                	j	10000c44 <alarm_pool_irq_handler+0x3e>
10000f84:	e316f9e3          	bgeu	a3,a7,10000db6 <alarm_pool_irq_handler+0x1b0>
10000f88:	b581                	j	10000dc8 <alarm_pool_irq_handler+0x1c2>

10000f8a <runtime_init_default_alarm_pool>:
10000f8a:	200017b7          	lui	a5,0x20001
10000f8e:	e7c78793          	addi	a5,a5,-388 # 20000e7c <default_alarm_pool>
10000f92:	4b98                	lw	a4,16(a5)
10000f94:	c709                	beqz	a4,10000f9e <runtime_init_default_alarm_pool+0x14>
10000f96:	81318513          	addi	a0,gp,-2029 # 20001c74 <sleep_notifier>
10000f9a:	45a9                	li	a1,10
10000f9c:	beb9                	j	10000afa <lock_init>
10000f9e:	1141                	addi	sp,sp,-16
10000fa0:	458d                	li	a1,3
10000fa2:	400b0537          	lui	a0,0x400b0
10000fa6:	c606                	sw	ra,12(sp)
10000fa8:	c422                	sw	s0,8(sp)
10000faa:	2b49                	jal	1000153c <timer_hardware_alarm_claim>
10000fac:	20001437          	lui	s0,0x20001
10000fb0:	e7c40793          	addi	a5,s0,-388 # 20000e7c <default_alarm_pool>
10000fb4:	400b0837          	lui	a6,0x400b0
10000fb8:	0107a623          	sw	a6,12(a5)
10000fbc:	c9aff0ef          	jal	10000456 <next_striped_spin_lock_num>
10000fc0:	e7c40793          	addi	a5,s0,-388
10000fc4:	85aa                	mv	a1,a0
10000fc6:	450d                	li	a0,3
10000fc8:	8b88                	sb	a0,0(a5)
10000fca:	d0000737          	lui	a4,0xd0000
10000fce:	00072303          	lw	t1,0(a4) # d0000000 <__StackTop+0xaff7e000>
10000fd2:	200016b7          	lui	a3,0x20001
10000fd6:	4bd8                	lw	a4,20(a5)
10000fd8:	3e068693          	addi	a3,a3,992 # 200013e0 <_sw_spin_locks>
10000fdc:	00110637          	lui	a2,0x110
10000fe0:	96ae                	add	a3,a3,a1
10000fe2:	167d                	addi	a2,a2,-1 # 10ffff <HeapSize+0x10f7ff>
10000fe4:	48bd                	li	a7,15
10000fe6:	cb94                	sw	a3,16(a5)
10000fe8:	006780a3          	sb	t1,1(a5)
10000fec:	c790                	sw	a2,8(a5)
10000fee:	01179123          	sh	a7,2(a5)
10000ff2:	55fd                	li	a1,-1
10000ff4:	4309                	li	t1,2
10000ff6:	4891                	li	a7,4
10000ff8:	4615                	li	a2,5
10000ffa:	4699                	li	a3,6
10000ffc:	00b79223          	sh	a1,4(a5)
10001000:	04671423          	sh	t1,72(a4)
10001004:	07171c23          	sh	a7,120(a4)
10001008:	08c71823          	sh	a2,144(a4)
1000100c:	0ad71423          	sh	a3,168(a4)
10001010:	429d                	li	t0,7
10001012:	46a1                	li	a3,8
10001014:	4fa5                	li	t6,9
10001016:	4f29                	li	t5,10
10001018:	4ead                	li	t4,11
1000101a:	4e31                	li	t3,12
1000101c:	4335                	li	t1,13
1000101e:	48b9                	li	a7,14
10001020:	4605                	li	a2,1
10001022:	0cd71c23          	sh	a3,216(a4)
10001026:	06a71023          	sh	a0,96(a4)
1000102a:	0c571023          	sh	t0,192(a4)
1000102e:	0ff71823          	sh	t6,240(a4)
10001032:	11e71423          	sh	t5,264(a4)
10001036:	13d71023          	sh	t4,288(a4)
1000103a:	13c71c23          	sh	t3,312(a4)
1000103e:	14671823          	sh	t1,336(a4)
10001042:	17171423          	sh	a7,360(a4)
10001046:	8f0c                	sh	a1,0(a4)
10001048:	02c71823          	sh	a2,48(a4)
1000104c:	00071c23          	sh	zero,24(a4)
10001050:	400b0837          	lui	a6,0x400b0
10001054:	100015b7          	lui	a1,0x10001
10001058:	02d82023          	sw	a3,32(a6) # 400b0020 <__StackTop+0x2002e020>
1000105c:	20002737          	lui	a4,0x20002
10001060:	c0658593          	addi	a1,a1,-1018 # 10000c06 <alarm_pool_irq_handler>
10001064:	c2f72e23          	sw	a5,-964(a4) # 20001c3c <pools+0xc>
10001068:	cf6ff0ef          	jal	1000055e <irq_set_exclusive_handler>
1000106c:	4585                	li	a1,1
1000106e:	450d                	li	a0,3
10001070:	c74ff0ef          	jal	100004e4 <irq_set_enabled>
10001074:	4422                	lw	s0,8(sp)
10001076:	40b2                	lw	ra,12(sp)
10001078:	400b27b7          	lui	a5,0x400b2
1000107c:	46a1                	li	a3,8
1000107e:	c3b4                	sw	a3,64(a5)
10001080:	81318513          	addi	a0,gp,-2029 # 20001c74 <sleep_notifier>
10001084:	45a9                	li	a1,10
10001086:	0141                	addi	sp,sp,16
10001088:	bc8d                	j	10000afa <lock_init>

1000108a <alarm_pool_get_default>:
1000108a:	20001537          	lui	a0,0x20001
1000108e:	e7c50513          	addi	a0,a0,-388 # 20000e7c <default_alarm_pool>
10001092:	8082                	ret

10001094 <alarm_pool_add_alarm_at>:
10001094:	7179                	addi	sp,sp,-48
10001096:	d606                	sw	ra,44(sp)
10001098:	882a                	mv	a6,a0
1000109a:	832e                	mv	t1,a1
1000109c:	e795                	bnez	a5,100010c8 <alarm_pool_add_alarm_at+0x34>
1000109e:	ce3a                	sw	a4,28(sp)
100010a0:	cc36                	sw	a3,24(sp)
100010a2:	ca32                	sw	a2,20(sp)
100010a4:	c82e                	sw	a1,16(sp)
100010a6:	c62a                	sw	a0,12(sp)
100010a8:	21c1                	jal	10001568 <time_us_64>
100010aa:	4342                	lw	t1,16(sp)
100010ac:	4652                	lw	a2,20(sp)
100010ae:	4832                	lw	a6,12(sp)
100010b0:	40a30533          	sub	a0,t1,a0
100010b4:	00a33533          	sltu	a0,t1,a0
100010b8:	40b605b3          	sub	a1,a2,a1
100010bc:	8d89                	sub	a1,a1,a0
100010be:	46e2                	lw	a3,24(sp)
100010c0:	4772                	lw	a4,28(sp)
100010c2:	4501                	li	a0,0
100010c4:	0c05c363          	bltz	a1,1000118a <alarm_pool_add_alarm_at+0xf6>
100010c8:	01082783          	lw	a5,16(a6)
100010cc:	300475f3          	csrrci	a1,mstatus,8
100010d0:	00379513          	slli	a0,a5,0x3
100010d4:	28a01533          	bset	a0,zero,a0
100010d8:	9bf1                	andi	a5,a5,-4
100010da:	44a7a8af          	amoor.w.aq	a7,a0,(a5)
100010de:	00a8f8b3          	and	a7,a7,a0
100010e2:	fe089ce3          	bnez	a7,100010da <alarm_pool_add_alarm_at+0x46>
100010e6:	0330000f          	fence	rw,rw
100010ea:	00281883          	lh	a7,2(a6)
100010ee:	01082503          	lw	a0,16(a6)
100010f2:	89a1                	andi	a1,a1,8
100010f4:	0808ce63          	bltz	a7,10001190 <alarm_pool_add_alarm_at+0xfc>
100010f8:	01482e03          	lw	t3,20(a6)
100010fc:	2118a7b3          	sh1add	a5,a7,a7
10001100:	21c7e7b3          	sh3add	a5,a5,t3
10001104:	0007de03          	lhu	t3,0(a5) # 400b2000 <__StackTop+0x20030000>
10001108:	01c81123          	sh	t3,2(a6)
1000110c:	0330000f          	fence	rw,rw
10001110:	00050023          	sb	zero,0(a0)
10001114:	3005a073          	csrs	mstatus,a1
10001118:	87ac                	lhu	a1,2(a5)
1000111a:	4e05                	li	t3,1
1000111c:	01089513          	slli	a0,a7,0x10
10001120:	95f2                	add	a1,a1,t3
10001122:	05c6                	slli	a1,a1,0x11
10001124:	81c5                	srli	a1,a1,0x11
10001126:	0bc5f5b3          	maxu	a1,a1,t3
1000112a:	cbd8                	sw	a4,20(a5)
1000112c:	cb94                	sw	a3,16(a5)
1000112e:	0067a423          	sw	t1,8(a5)
10001132:	c7d0                	sw	a2,12(a5)
10001134:	8fac                	sh	a1,2(a5)
10001136:	8d4d                	or	a0,a0,a1
10001138:	01082703          	lw	a4,16(a6)
1000113c:	300476f3          	csrrci	a3,mstatus,8
10001140:	00371613          	slli	a2,a4,0x3
10001144:	28c01633          	bset	a2,zero,a2
10001148:	9b71                	andi	a4,a4,-4
1000114a:	44c725af          	amoor.w.aq	a1,a2,(a4)
1000114e:	8df1                	and	a1,a1,a2
10001150:	fded                	bnez	a1,1000114a <alarm_pool_add_alarm_at+0xb6>
10001152:	0330000f          	fence	rw,rw
10001156:	00485603          	lhu	a2,4(a6)
1000115a:	01082703          	lw	a4,16(a6)
1000115e:	8f90                	sh	a2,0(a5)
10001160:	01181223          	sh	a7,4(a6)
10001164:	0330000f          	fence	rw,rw
10001168:	00070023          	sb	zero,0(a4)
1000116c:	0086f793          	andi	a5,a3,8
10001170:	3007a073          	csrs	mstatus,a5
10001174:	00084703          	lbu	a4,0(a6)
10001178:	00c82783          	lw	a5,12(a6)
1000117c:	6689                	lui	a3,0x2
1000117e:	04468693          	addi	a3,a3,68 # 2044 <HeapSize+0x1844>
10001182:	28e01733          	bset	a4,zero,a4
10001186:	97b6                	add	a5,a5,a3
10001188:	c398                	sw	a4,0(a5)
1000118a:	50b2                	lw	ra,44(sp)
1000118c:	6145                	addi	sp,sp,48
1000118e:	8082                	ret
10001190:	0330000f          	fence	rw,rw
10001194:	00050023          	sb	zero,0(a0)
10001198:	3005a073          	csrs	mstatus,a1
1000119c:	50b2                	lw	ra,44(sp)
1000119e:	557d                	li	a0,-1
100011a0:	6145                	addi	sp,sp,48
100011a2:	8082                	ret

100011a4 <alarm_pool_add_alarm_at_force_in_context>:
100011a4:	83b2                	mv	t2,a2
100011a6:	87aa                	mv	a5,a0
100011a8:	4910                	lw	a2,16(a0)
100011aa:	832e                	mv	t1,a1
100011ac:	300475f3          	csrrci	a1,mstatus,8
100011b0:	00361513          	slli	a0,a2,0x3
100011b4:	28a01533          	bset	a0,zero,a0
100011b8:	9a71                	andi	a2,a2,-4
100011ba:	44a6282f          	amoor.w.aq	a6,a0,(a2)
100011be:	00a87833          	and	a6,a6,a0
100011c2:	fe081ce3          	bnez	a6,100011ba <alarm_pool_add_alarm_at_force_in_context+0x16>
100011c6:	0330000f          	fence	rw,rw
100011ca:	00279883          	lh	a7,2(a5)
100011ce:	0085f613          	andi	a2,a1,8
100011d2:	4b8c                	lw	a1,16(a5)
100011d4:	0808cc63          	bltz	a7,1000126c <alarm_pool_add_alarm_at_force_in_context+0xc8>
100011d8:	4bc8                	lw	a0,20(a5)
100011da:	2118a833          	sh1add	a6,a7,a7
100011de:	20a86833          	sh3add	a6,a6,a0
100011e2:	00085503          	lhu	a0,0(a6)
100011e6:	8fa8                	sh	a0,2(a5)
100011e8:	0330000f          	fence	rw,rw
100011ec:	00058023          	sb	zero,0(a1)
100011f0:	30062073          	csrs	mstatus,a2
100011f4:	00285603          	lhu	a2,2(a6)
100011f8:	4585                	li	a1,1
100011fa:	01089513          	slli	a0,a7,0x10
100011fe:	962e                	add	a2,a2,a1
10001200:	0646                	slli	a2,a2,0x11
10001202:	8245                	srli	a2,a2,0x11
10001204:	0ab67633          	maxu	a2,a2,a1
10001208:	00e82a23          	sw	a4,20(a6)
1000120c:	00d82823          	sw	a3,16(a6)
10001210:	00682423          	sw	t1,8(a6)
10001214:	00782623          	sw	t2,12(a6)
10001218:	00c81123          	sh	a2,2(a6)
1000121c:	8d51                	or	a0,a0,a2
1000121e:	4b98                	lw	a4,16(a5)
10001220:	300476f3          	csrrci	a3,mstatus,8
10001224:	00371613          	slli	a2,a4,0x3
10001228:	28c01633          	bset	a2,zero,a2
1000122c:	9b71                	andi	a4,a4,-4
1000122e:	44c725af          	amoor.w.aq	a1,a2,(a4)
10001232:	8df1                	and	a1,a1,a2
10001234:	fded                	bnez	a1,1000122e <alarm_pool_add_alarm_at_force_in_context+0x8a>
10001236:	0330000f          	fence	rw,rw
1000123a:	0047d603          	lhu	a2,4(a5)
1000123e:	4b98                	lw	a4,16(a5)
10001240:	00c81023          	sh	a2,0(a6)
10001244:	01179223          	sh	a7,4(a5)
10001248:	0330000f          	fence	rw,rw
1000124c:	00070023          	sb	zero,0(a4)
10001250:	0086f713          	andi	a4,a3,8
10001254:	30072073          	csrs	mstatus,a4
10001258:	8398                	lbu	a4,0(a5)
1000125a:	47dc                	lw	a5,12(a5)
1000125c:	6689                	lui	a3,0x2
1000125e:	04468693          	addi	a3,a3,68 # 2044 <HeapSize+0x1844>
10001262:	28e01733          	bset	a4,zero,a4
10001266:	97b6                	add	a5,a5,a3
10001268:	c398                	sw	a4,0(a5)
1000126a:	8082                	ret
1000126c:	0330000f          	fence	rw,rw
10001270:	00058023          	sb	zero,0(a1)
10001274:	30062073          	csrs	mstatus,a2
10001278:	557d                	li	a0,-1
1000127a:	8082                	ret

1000127c <alarm_pool_cancel_alarm>:
1000127c:	00a55703          	lhu	a4,10(a0)
10001280:	4105d793          	srai	a5,a1,0x10
10001284:	04e7d663          	bge	a5,a4,100012d0 <alarm_pool_cancel_alarm+0x54>
10001288:	4954                	lw	a3,20(a0)
1000128a:	20f7a7b3          	sh1add	a5,a5,a5
1000128e:	4918                	lw	a4,16(a0)
10001290:	20d7e7b3          	sh3add	a5,a5,a3
10001294:	300476f3          	csrrci	a3,mstatus,8
10001298:	00371613          	slli	a2,a4,0x3
1000129c:	28c01633          	bset	a2,zero,a2
100012a0:	9b71                	andi	a4,a4,-4
100012a2:	44c7282f          	amoor.w.aq	a6,a2,(a4)
100012a6:	00c87833          	and	a6,a6,a2
100012aa:	fe081ce3          	bnez	a6,100012a2 <alarm_pool_cancel_alarm+0x26>
100012ae:	0330000f          	fence	rw,rw
100012b2:	87b0                	lhu	a2,2(a5)
100012b4:	9de9                	zext.h	a1,a1
100012b6:	0086f713          	andi	a4,a3,8
100012ba:	080646b3          	zext.h	a3,a2
100012be:	00b60b63          	beq	a2,a1,100012d4 <alarm_pool_cancel_alarm+0x58>
100012c2:	491c                	lw	a5,16(a0)
100012c4:	0330000f          	fence	rw,rw
100012c8:	00078023          	sb	zero,0(a5)
100012cc:	30072073          	csrs	mstatus,a4
100012d0:	4501                	li	a0,0
100012d2:	8082                	ret
100012d4:	7661                	lui	a2,0xffff8
100012d6:	8ed1                	or	a3,a3,a2
100012d8:	8fb4                	sh	a3,2(a5)
100012da:	4785                	li	a5,1
100012dc:	00f50323          	sb	a5,6(a0)
100012e0:	4914                	lw	a3,16(a0)
100012e2:	0330000f          	fence	rw,rw
100012e6:	00068023          	sb	zero,0(a3)
100012ea:	30072073          	csrs	mstatus,a4
100012ee:	8114                	lbu	a3,0(a0)
100012f0:	4558                	lw	a4,12(a0)
100012f2:	6609                	lui	a2,0x2
100012f4:	04460613          	addi	a2,a2,68 # 2044 <HeapSize+0x1844>
100012f8:	28d016b3          	bset	a3,zero,a3
100012fc:	9732                	add	a4,a4,a2
100012fe:	853e                	mv	a0,a5
10001300:	c314                	sw	a3,0(a4)
10001302:	8082                	ret

10001304 <alarm_pool_core_num>:
10001304:	8148                	lbu	a0,1(a0)
10001306:	8082                	ret

10001308 <sleep_ms>:
10001308:	1101                	addi	sp,sp,-32
1000130a:	cc22                	sw	s0,24(sp)
1000130c:	ca26                	sw	s1,20(sp)
1000130e:	c64e                	sw	s3,12(sp)
10001310:	84aa                	mv	s1,a0
10001312:	ce06                	sw	ra,28(sp)
10001314:	c84a                	sw	s2,16(sp)
10001316:	2c89                	jal	10001568 <time_us_64>
10001318:	3e800713          	li	a4,1000
1000131c:	02e48433          	mul	s0,s1,a4
10001320:	800007b7          	lui	a5,0x80000
10001324:	17fd                	addi	a5,a5,-1 # 7fffffff <__StackTop+0x5ff7dfff>
10001326:	02e4b4b3          	mulhu	s1,s1,a4
1000132a:	00a409b3          	add	s3,s0,a0
1000132e:	0089b433          	sltu	s0,s3,s0
10001332:	94ae                	add	s1,s1,a1
10001334:	9426                	add	s0,s0,s1
10001336:	0087f463          	bgeu	a5,s0,1000133e <sleep_ms+0x36>
1000133a:	843e                	mv	s0,a5
1000133c:	59fd                	li	s3,-1
1000133e:	ffa98493          	addi	s1,s3,-6
10001342:	0134b933          	sltu	s2,s1,s3
10001346:	fff40793          	addi	a5,s0,-1
1000134a:	993e                	add	s2,s2,a5
1000134c:	03246963          	bltu	s0,s2,1000137e <sleep_ms+0x76>
10001350:	02890563          	beq	s2,s0,1000137a <sleep_ms+0x72>
10001354:	2c11                	jal	10001568 <time_us_64>
10001356:	40a48533          	sub	a0,s1,a0
1000135a:	40b905b3          	sub	a1,s2,a1
1000135e:	00a4b7b3          	sltu	a5,s1,a0
10001362:	8d9d                	sub	a1,a1,a5
10001364:	02b04963          	bgtz	a1,10001396 <sleep_ms+0x8e>
10001368:	c5d5                	beqz	a1,10001414 <sleep_ms+0x10c>
1000136a:	ade2                	cm.mva01s	s3,s0
1000136c:	4462                	lw	s0,24(sp)
1000136e:	40f2                	lw	ra,28(sp)
10001370:	44d2                	lw	s1,20(sp)
10001372:	4942                	lw	s2,16(sp)
10001374:	49b2                	lw	s3,12(sp)
10001376:	6105                	addi	sp,sp,32
10001378:	a4a5                	j	100015e0 <busy_wait_until>
1000137a:	fc99fde3          	bgeu	s3,s1,10001354 <sleep_ms+0x4c>
1000137e:	22ed                	jal	10001568 <time_us_64>
10001380:	4481                	li	s1,0
10001382:	4901                	li	s2,0
10001384:	40a48533          	sub	a0,s1,a0
10001388:	40b905b3          	sub	a1,s2,a1
1000138c:	00a4b7b3          	sltu	a5,s1,a0
10001390:	8d9d                	sub	a1,a1,a5
10001392:	fcb05be3          	blez	a1,10001368 <sleep_ms+0x60>
10001396:	2ac9                	jal	10001568 <time_us_64>
10001398:	40a48533          	sub	a0,s1,a0
1000139c:	00a4b533          	sltu	a0,s1,a0
100013a0:	40b905b3          	sub	a1,s2,a1
100013a4:	8d89                	sub	a1,a1,a0
100013a6:	0205c163          	bltz	a1,100013c8 <sleep_ms+0xc0>
100013aa:	100016b7          	lui	a3,0x10001
100013ae:	20001537          	lui	a0,0x20001
100013b2:	bca68693          	addi	a3,a3,-1078 # 10000bca <sleep_until_callback>
100013b6:	e7c50513          	addi	a0,a0,-388 # 20000e7c <default_alarm_pool>
100013ba:	4701                	li	a4,0
100013bc:	85a6                	mv	a1,s1
100013be:	864a                	mv	a2,s2
100013c0:	33d5                	jal	100011a4 <alarm_pool_add_alarm_at_force_in_context>
100013c2:	57fd                	li	a5,-1
100013c4:	faf503e3          	beq	a0,a5,1000136a <sleep_ms+0x62>
100013c8:	400b06b7          	lui	a3,0x400b0
100013cc:	52dc                	lw	a5,36(a3)
100013ce:	0127e763          	bltu	a5,s2,100013dc <sleep_ms+0xd4>
100013d2:	5698                	lw	a4,40(a3)
100013d4:	f8f91be3          	bne	s2,a5,1000136a <sleep_ms+0x62>
100013d8:	f89779e3          	bgeu	a4,s1,1000136a <sleep_ms+0x62>
100013dc:	8131a783          	lw	a5,-2029(gp) # 20001c74 <sleep_notifier>
100013e0:	30047773          	csrrci	a4,mstatus,8
100013e4:	00379593          	slli	a1,a5,0x3
100013e8:	28b015b3          	bset	a1,zero,a1
100013ec:	9bf1                	andi	a5,a5,-4
100013ee:	44b7a52f          	amoor.w.aq	a0,a1,(a5)
100013f2:	8d6d                	and	a0,a0,a1
100013f4:	fd6d                	bnez	a0,100013ee <sleep_ms+0xe6>
100013f6:	0330000f          	fence	rw,rw
100013fa:	8131a783          	lw	a5,-2029(gp) # 20001c74 <sleep_notifier>
100013fe:	0330000f          	fence	rw,rw
10001402:	00078023          	sb	zero,0(a5)
10001406:	00877793          	andi	a5,a4,8
1000140a:	3007a073          	csrs	mstatus,a5
1000140e:	00002033          	sltz	zero,zero
10001412:	bf6d                	j	100013cc <sleep_ms+0xc4>
10001414:	d939                	beqz	a0,1000136a <sleep_ms+0x62>
10001416:	b741                	j	10001396 <sleep_ms+0x8e>

10001418 <best_effort_wfe_or_timeout>:
10001418:	be5027f3          	csrr	a5,0xbe5
1000141c:	01079713          	slli	a4,a5,0x10
10001420:	06075863          	bgez	a4,10001490 <best_effort_wfe_or_timeout+0x78>
10001424:	200017b7          	lui	a5,0x20001
10001428:	1101                	addi	sp,sp,-32
1000142a:	e7c78793          	addi	a5,a5,-388 # 20000e7c <default_alarm_pool>
1000142e:	47d8                	lw	a4,12(a5)
10001430:	cc22                	sw	s0,24(sp)
10001432:	ca26                	sw	s1,20(sp)
10001434:	ce06                	sw	ra,28(sp)
10001436:	839c                	lbu	a5,0(a5)
10001438:	aca2                	cm.mvsa01	s1,s0
1000143a:	853a                	mv	a0,a4
1000143c:	c63e                	sw	a5,12(sp)
1000143e:	c43a                	sw	a4,8(sp)
10001440:	2a21                	jal	10001558 <timer_time_us_64>
10001442:	4722                	lw	a4,8(sp)
10001444:	47b2                	lw	a5,12(sp)
10001446:	40b405b3          	sub	a1,s0,a1
1000144a:	20e7c7b3          	sh2add	a5,a5,a4
1000144e:	4b9c                	lw	a5,16(a5)
10001450:	40a48733          	sub	a4,s1,a0
10001454:	00e4b6b3          	sltu	a3,s1,a4
10001458:	8d95                	sub	a1,a1,a3
1000145a:	8f89                	sub	a5,a5,a0
1000145c:	0405cd63          	bltz	a1,100014b6 <best_effort_wfe_or_timeout+0x9e>
10001460:	c9a9                	beqz	a1,100014b2 <best_effort_wfe_or_timeout+0x9a>
10001462:	00002033          	sltz	zero,zero
10001466:	400b06b7          	lui	a3,0x400b0
1000146a:	52d8                	lw	a4,36(a3)
1000146c:	4781                	li	a5,0
1000146e:	00876b63          	bltu	a4,s0,10001484 <best_effort_wfe_or_timeout+0x6c>
10001472:	569c                	lw	a5,40(a3)
10001474:	8f01                	sub	a4,a4,s0
10001476:	00e03733          	snez	a4,a4
1000147a:	0097b7b3          	sltu	a5,a5,s1
1000147e:	0017b793          	seqz	a5,a5
10001482:	8fd9                	or	a5,a5,a4
10001484:	40f2                	lw	ra,28(sp)
10001486:	4462                	lw	s0,24(sp)
10001488:	44d2                	lw	s1,20(sp)
1000148a:	853e                	mv	a0,a5
1000148c:	6105                	addi	sp,sp,32
1000148e:	8082                	ret
10001490:	400b06b7          	lui	a3,0x400b0
10001494:	52d8                	lw	a4,36(a3)
10001496:	4781                	li	a5,0
10001498:	00b76b63          	bltu	a4,a1,100014ae <best_effort_wfe_or_timeout+0x96>
1000149c:	569c                	lw	a5,40(a3)
1000149e:	8f0d                	sub	a4,a4,a1
100014a0:	00e03733          	snez	a4,a4
100014a4:	00a7b7b3          	sltu	a5,a5,a0
100014a8:	0017b793          	seqz	a5,a5
100014ac:	8fd9                	or	a5,a5,a4
100014ae:	853e                	mv	a0,a5
100014b0:	8082                	ret
100014b2:	faf778e3          	bgeu	a4,a5,10001462 <best_effort_wfe_or_timeout+0x4a>
100014b6:	284d                	jal	10001568 <time_us_64>
100014b8:	40a48533          	sub	a0,s1,a0
100014bc:	00a4b533          	sltu	a0,s1,a0
100014c0:	40b405b3          	sub	a1,s0,a1
100014c4:	8d89                	sub	a1,a1,a0
100014c6:	0405c763          	bltz	a1,10001514 <best_effort_wfe_or_timeout+0xfc>
100014ca:	100016b7          	lui	a3,0x10001
100014ce:	200017b7          	lui	a5,0x20001
100014d2:	bca68693          	addi	a3,a3,-1078 # 10000bca <sleep_until_callback>
100014d6:	4701                	li	a4,0
100014d8:	85a6                	mv	a1,s1
100014da:	8622                	mv	a2,s0
100014dc:	e7c78513          	addi	a0,a5,-388 # 20000e7c <default_alarm_pool>
100014e0:	31d1                	jal	100011a4 <alarm_pool_add_alarm_at_force_in_context>
100014e2:	02a05963          	blez	a0,10001514 <best_effort_wfe_or_timeout+0xfc>
100014e6:	400b0737          	lui	a4,0x400b0
100014ea:	535c                	lw	a5,36(a4)
100014ec:	0287eb63          	bltu	a5,s0,10001522 <best_effort_wfe_or_timeout+0x10a>
100014f0:	5718                	lw	a4,40(a4)
100014f2:	00879463          	bne	a5,s0,100014fa <best_effort_wfe_or_timeout+0xe2>
100014f6:	02976663          	bltu	a4,s1,10001522 <best_effort_wfe_or_timeout+0x10a>
100014fa:	200017b7          	lui	a5,0x20001
100014fe:	85aa                	mv	a1,a0
10001500:	e7c78513          	addi	a0,a5,-388 # 20000e7c <default_alarm_pool>
10001504:	3ba5                	jal	1000127c <alarm_pool_cancel_alarm>
10001506:	400b06b7          	lui	a3,0x400b0
1000150a:	52d8                	lw	a4,36(a3)
1000150c:	4781                	li	a5,0
1000150e:	f6876be3          	bltu	a4,s0,10001484 <best_effort_wfe_or_timeout+0x6c>
10001512:	b785                	j	10001472 <best_effort_wfe_or_timeout+0x5a>
10001514:	400b0737          	lui	a4,0x400b0
10001518:	535c                	lw	a5,36(a4)
1000151a:	0087f763          	bgeu	a5,s0,10001528 <best_effort_wfe_or_timeout+0x110>
1000151e:	4781                	li	a5,0
10001520:	b795                	j	10001484 <best_effort_wfe_or_timeout+0x6c>
10001522:	00002033          	sltz	zero,zero
10001526:	bfd1                	j	100014fa <best_effort_wfe_or_timeout+0xe2>
10001528:	5718                	lw	a4,40(a4)
1000152a:	8f81                	sub	a5,a5,s0
1000152c:	00f037b3          	snez	a5,a5
10001530:	00973733          	sltu	a4,a4,s1
10001534:	00173713          	seqz	a4,a4
10001538:	8fd9                	or	a5,a5,a4
1000153a:	b7a9                	j	10001484 <best_effort_wfe_or_timeout+0x6c>

1000153c <timer_hardware_alarm_claim>:
1000153c:	bff487b7          	lui	a5,0xbff48
10001540:	97aa                	add	a5,a5,a0
10001542:	0017b793          	seqz	a5,a5
10001546:	81718513          	addi	a0,gp,-2025 # 20001c78 <claimed>
1000154a:	10005637          	lui	a2,0x10005
1000154e:	953e                	add	a0,a0,a5
10001550:	f9060613          	addi	a2,a2,-112 # 10004f90 <__EH_FRAME_BEGIN__+0x5c>
10001554:	e1dfe06f          	j	10000370 <hw_claim_or_assert>

10001558 <timer_time_us_64>:
10001558:	514c                	lw	a1,36(a0)
1000155a:	87aa                	mv	a5,a0
1000155c:	5788                	lw	a0,40(a5)
1000155e:	872e                	mv	a4,a1
10001560:	53cc                	lw	a1,36(a5)
10001562:	feb71de3          	bne	a4,a1,1000155c <timer_time_us_64+0x4>
10001566:	8082                	ret

10001568 <time_us_64>:
10001568:	400b07b7          	lui	a5,0x400b0
1000156c:	53cc                	lw	a1,36(a5)
1000156e:	5788                	lw	a0,40(a5)
10001570:	872e                	mv	a4,a1
10001572:	53cc                	lw	a1,36(a5)
10001574:	fee59de3          	bne	a1,a4,1000156e <time_us_64+0x6>
10001578:	8082                	ret

1000157a <busy_wait_us>:
1000157a:	400b0737          	lui	a4,0x400b0
1000157e:	535c                	lw	a5,36(a4)
10001580:	02872803          	lw	a6,40(a4) # 400b0028 <__StackTop+0x2002e028>
10001584:	86be                	mv	a3,a5
10001586:	535c                	lw	a5,36(a4)
10001588:	fed79ce3          	bne	a5,a3,10001580 <busy_wait_us+0x6>
1000158c:	01050633          	add	a2,a0,a6
10001590:	95be                	add	a1,a1,a5
10001592:	00a63533          	sltu	a0,a2,a0
10001596:	952e                	add	a0,a0,a1
10001598:	02f56c63          	bltu	a0,a5,100015d0 <busy_wait_us+0x56>
1000159c:	02a78863          	beq	a5,a0,100015cc <busy_wait_us+0x52>
100015a0:	400b07b7          	lui	a5,0x400b0
100015a4:	53dc                	lw	a5,36(a5)
100015a6:	00a7f763          	bgeu	a5,a0,100015b4 <busy_wait_us+0x3a>
100015aa:	400b0737          	lui	a4,0x400b0
100015ae:	535c                	lw	a5,36(a4)
100015b0:	fea7efe3          	bltu	a5,a0,100015ae <busy_wait_us+0x34>
100015b4:	00a79b63          	bne	a5,a0,100015ca <busy_wait_us+0x50>
100015b8:	400b0737          	lui	a4,0x400b0
100015bc:	a021                	j	100015c4 <busy_wait_us+0x4a>
100015be:	5354                	lw	a3,36(a4)
100015c0:	00f69563          	bne	a3,a5,100015ca <busy_wait_us+0x50>
100015c4:	5714                	lw	a3,40(a4)
100015c6:	fec6ece3          	bltu	a3,a2,100015be <busy_wait_us+0x44>
100015ca:	8082                	ret
100015cc:	fd067ae3          	bgeu	a2,a6,100015a0 <busy_wait_us+0x26>
100015d0:	400b07b7          	lui	a5,0x400b0
100015d4:	53dc                	lw	a5,36(a5)
100015d6:	557d                	li	a0,-1
100015d8:	862a                	mv	a2,a0
100015da:	fca798e3          	bne	a5,a0,100015aa <busy_wait_us+0x30>
100015de:	bfe9                	j	100015b8 <busy_wait_us+0x3e>

100015e0 <busy_wait_until>:
100015e0:	400b0737          	lui	a4,0x400b0
100015e4:	535c                	lw	a5,36(a4)
100015e6:	feb7efe3          	bltu	a5,a1,100015e4 <busy_wait_until+0x4>
100015ea:	00f59b63          	bne	a1,a5,10001600 <busy_wait_until+0x20>
100015ee:	400b07b7          	lui	a5,0x400b0
100015f2:	a021                	j	100015fa <busy_wait_until+0x1a>
100015f4:	53d8                	lw	a4,36(a5)
100015f6:	00e59563          	bne	a1,a4,10001600 <busy_wait_until+0x20>
100015fa:	5798                	lw	a4,40(a5)
100015fc:	fea76ce3          	bltu	a4,a0,100015f4 <busy_wait_until+0x14>
10001600:	8082                	ret

10001602 <uart_init>:
10001602:	1101                	addi	sp,sp,-32
10001604:	cc22                	sw	s0,24(sp)
10001606:	842a                	mv	s0,a0
10001608:	4519                	li	a0,6
1000160a:	ca26                	sw	s1,20(sp)
1000160c:	ce06                	sw	ra,28(sp)
1000160e:	84ae                	mv	s1,a1
10001610:	2af5                	jal	1000180c <clock_get_hz>
10001612:	cd49                	beqz	a0,100016ac <uart_init+0xaa>
10001614:	400787b7          	lui	a5,0x40078
10001618:	04000737          	lui	a4,0x4000
1000161c:	0ef40c63          	beq	s0,a5,10001714 <uart_init+0x112>
10001620:	400227b7          	lui	a5,0x40022
10001624:	c398                	sw	a4,0(a5)
10001626:	400206b7          	lui	a3,0x40020
1000162a:	400237b7          	lui	a5,0x40023
1000162e:	c398                	sw	a4,0(a5)
10001630:	06a1                	addi	a3,a3,8 # 40020008 <__StackTop+0x1ff9e008>
10001632:	429c                	lw	a5,0(a3)
10001634:	40f777b3          	andn	a5,a4,a5
10001638:	ffed                	bnez	a5,10001632 <uart_init+0x30>
1000163a:	bff887b7          	lui	a5,0xbff88
1000163e:	97a2                	add	a5,a5,s0
10001640:	81b18713          	addi	a4,gp,-2021 # 20001c7c <uart_char_to_line_feed>
10001644:	0017b793          	seqz	a5,a5
10001648:	20e7a7b3          	sh1add	a5,a5,a4
1000164c:	4519                	li	a0,6
1000164e:	10000713          	li	a4,256
10001652:	8f98                	sh	a4,0(a5)
10001654:	2a65                	jal	1000180c <clock_get_hz>
10001656:	00351793          	slli	a5,a0,0x3
1000165a:	0297d7b3          	divu	a5,a5,s1
1000165e:	0785                	addi	a5,a5,1 # bff88001 <__StackTop+0x9ff06001>
10001660:	0077d713          	srli	a4,a5,0x7
10001664:	eb29                	bnez	a4,100016b6 <uart_init+0xb4>
10001666:	04000493          	li	s1,64
1000166a:	4685                	li	a3,1
1000166c:	d054                	sw	a3,36(s0)
1000166e:	d418                	sw	a4,40(s0)
10001670:	5818                	lw	a4,48(s0)
10001672:	00177793          	andi	a5,a4,1
10001676:	e3ad                	bnez	a5,100016d8 <uart_init+0xd6>
10001678:	6785                	lui	a5,0x1
1000167a:	02c78793          	addi	a5,a5,44 # 102c <HeapSize+0x82c>
1000167e:	97a2                	add	a5,a5,s0
10001680:	5454                	lw	a3,44(s0)
10001682:	0007a023          	sw	zero,0(a5)
10001686:	d818                	sw	a4,48(s0)
10001688:	4519                	li	a0,6
1000168a:	c43e                	sw	a5,8(sp)
1000168c:	2241                	jal	1000180c <clock_get_hz>
1000168e:	050a                	slli	a0,a0,0x2
10001690:	02955533          	divu	a0,a0,s1
10001694:	5458                	lw	a4,44(s0)
10001696:	47a2                	lw	a5,8(sp)
10001698:	30100613          	li	a2,769
1000169c:	07074713          	xori	a4,a4,112
100016a0:	07e77713          	andi	a4,a4,126
100016a4:	c398                	sw	a4,0(a5)
100016a6:	468d                	li	a3,3
100016a8:	d810                	sw	a2,48(s0)
100016aa:	c434                	sw	a3,72(s0)
100016ac:	40f2                	lw	ra,28(sp)
100016ae:	4462                	lw	s0,24(sp)
100016b0:	44d2                	lw	s1,20(sp)
100016b2:	6105                	addi	sp,sp,32
100016b4:	8082                	ret
100016b6:	6641                	lui	a2,0x10
100016b8:	1679                	addi	a2,a2,-2 # fffe <HeapSize+0xf7fe>
100016ba:	66c1                	lui	a3,0x10
100016bc:	04e67f63          	bgeu	a2,a4,1000171a <uart_init+0x118>
100016c0:	16fd                	addi	a3,a3,-1 # ffff <HeapSize+0xf7ff>
100016c2:	4701                	li	a4,0
100016c4:	d054                	sw	a3,36(s0)
100016c6:	d418                	sw	a4,40(s0)
100016c8:	5818                	lw	a4,48(s0)
100016ca:	004004b7          	lui	s1,0x400
100016ce:	fc048493          	addi	s1,s1,-64 # 3fffc0 <HeapSize+0x3ff7c0>
100016d2:	00177793          	andi	a5,a4,1
100016d6:	d3cd                	beqz	a5,10001678 <uart_init+0x76>
100016d8:	678d                	lui	a5,0x3
100016da:	03078793          	addi	a5,a5,48 # 3030 <HeapSize+0x2830>
100016de:	97a2                	add	a5,a5,s0
100016e0:	30100693          	li	a3,769
100016e4:	c394                	sw	a3,0(a5)
100016e6:	505c                	lw	a5,36(s0)
100016e8:	5414                	lw	a3,40(s0)
100016ea:	4519                	li	a0,6
100016ec:	079a                	slli	a5,a5,0x6
100016ee:	97b6                	add	a5,a5,a3
100016f0:	c63a                	sw	a4,12(sp)
100016f2:	c43e                	sw	a5,8(sp)
100016f4:	2a21                	jal	1000180c <clock_get_hz>
100016f6:	8f2b86b7          	lui	a3,0x8f2b8
100016fa:	b7568693          	addi	a3,a3,-1163 # 8f2b7b75 <__StackTop+0x6f235b75>
100016fe:	02d53533          	mulhu	a0,a0,a3
10001702:	47a2                	lw	a5,8(sp)
10001704:	4581                	li	a1,0
10001706:	07aa                	slli	a5,a5,0xa
10001708:	812d                	srli	a0,a0,0xb
1000170a:	02a7d533          	divu	a0,a5,a0
1000170e:	35b5                	jal	1000157a <busy_wait_us>
10001710:	4732                	lw	a4,12(sp)
10001712:	b79d                	j	10001678 <uart_init+0x76>
10001714:	08000737          	lui	a4,0x8000
10001718:	b721                	j	10001620 <uart_init+0x1e>
1000171a:	8385                	srli	a5,a5,0x1
1000171c:	00671693          	slli	a3,a4,0x6
10001720:	03f7f793          	andi	a5,a5,63
10001724:	00f684b3          	add	s1,a3,a5
10001728:	86ba                	mv	a3,a4
1000172a:	873e                	mv	a4,a5
1000172c:	b781                	j	1000166c <uart_init+0x6a>
	...

10001730 <clock_configure_undivided>:
10001730:	400107b7          	lui	a5,0x40010
10001734:	20a52733          	sh1add	a4,a0,a0
10001738:	20f74733          	sh2add	a4,a4,a5
1000173c:	00472803          	lw	a6,4(a4) # 8000004 <HeapSize+0x7fff804>
10001740:	67c1                	lui	a5,0x10
10001742:	00f87363          	bgeu	a6,a5,10001748 <clock_configure_undivided+0x18>
10001746:	c35c                	sw	a5,4(a4)
10001748:	fff58793          	addi	a5,a1,-1
1000174c:	ffc50893          	addi	a7,a0,-4
10001750:	e781                	bnez	a5,10001758 <clock_configure_undivided+0x28>
10001752:	0028b793          	sltiu	a5,a7,2
10001756:	e7b5                	bnez	a5,100017c2 <clock_configure_undivided+0x92>
10001758:	20001837          	lui	a6,0x20001
1000175c:	7e080813          	addi	a6,a6,2016 # 200017e0 <configured_freq>
10001760:	210547b3          	sh2add	a5,a0,a6
10001764:	0007a303          	lw	t1,0(a5) # 10000 <HeapSize+0xf800>
10001768:	678d                	lui	a5,0x3
1000176a:	97ba                	add	a5,a5,a4
1000176c:	28b01e13          	bseti	t3,zero,0xb
10001770:	01c7a023          	sw	t3,0(a5) # 3000 <HeapSize+0x2800>
10001774:	050a                	slli	a0,a0,0x2
10001776:	02031963          	bnez	t1,100017a8 <clock_configure_undivided+0x78>
1000177a:	00072303          	lw	t1,0(a4)
1000177e:	0616                	slli	a2,a2,0x5
10001780:	6785                	lui	a5,0x1
10001782:	00664633          	xor	a2,a2,t1
10001786:	0e067613          	andi	a2,a2,224
1000178a:	97ba                	add	a5,a5,a4
1000178c:	c390                	sw	a2,0(a5)
1000178e:	4605                	li	a2,1
10001790:	07167063          	bgeu	a2,a7,100017f0 <clock_configure_undivided+0xc0>
10001794:	6789                	lui	a5,0x2
10001796:	97ba                	add	a5,a5,a4
10001798:	28b01613          	bseti	a2,zero,0xb
1000179c:	c390                	sw	a2,0(a5)
1000179e:	9542                	add	a0,a0,a6
100017a0:	67c1                	lui	a5,0x10
100017a2:	c114                	sw	a3,0(a0)
100017a4:	c35c                	sw	a5,4(a4)
100017a6:	8082                	ret
100017a8:	01482783          	lw	a5,20(a6)
100017ac:	0267d7b3          	divu	a5,a5,t1
100017b0:	0785                	addi	a5,a5,1 # 10001 <HeapSize+0xf801>
100017b2:	20f7a7b3          	sh1add	a5,a5,a5
100017b6:	0001                	nop
100017b8:	ffe78793          	addi	a5,a5,-2
100017bc:	fe07dee3          	bgez	a5,100017b8 <clock_configure_undivided+0x88>
100017c0:	bf6d                	j	1000177a <clock_configure_undivided+0x4a>
100017c2:	678d                	lui	a5,0x3
100017c4:	97ba                	add	a5,a5,a4
100017c6:	480d                	li	a6,3
100017c8:	0107a023          	sw	a6,0(a5) # 3000 <HeapSize+0x2800>
100017cc:	471c                	lw	a5,8(a4)
100017ce:	8b85                	andi	a5,a5,1
100017d0:	dff5                	beqz	a5,100017cc <clock_configure_undivided+0x9c>
100017d2:	00072803          	lw	a6,0(a4)
100017d6:	0616                	slli	a2,a2,0x5
100017d8:	6785                	lui	a5,0x1
100017da:	01064633          	xor	a2,a2,a6
100017de:	0e067613          	andi	a2,a2,224
100017e2:	97ba                	add	a5,a5,a4
100017e4:	20001837          	lui	a6,0x20001
100017e8:	050a                	slli	a0,a0,0x2
100017ea:	c390                	sw	a2,0(a5)
100017ec:	7e080813          	addi	a6,a6,2016 # 200017e0 <configured_freq>
100017f0:	00072883          	lw	a7,0(a4)
100017f4:	28b01633          	bset	a2,zero,a1
100017f8:	0115c8b3          	xor	a7,a1,a7
100017fc:	0038f893          	andi	a7,a7,3
10001800:	0117a023          	sw	a7,0(a5) # 1000 <HeapSize+0x800>
10001804:	471c                	lw	a5,8(a4)
10001806:	8ff1                	and	a5,a5,a2
10001808:	dff5                	beqz	a5,10001804 <clock_configure_undivided+0xd4>
1000180a:	b769                	j	10001794 <clock_configure_undivided+0x64>

1000180c <clock_get_hz>:
1000180c:	200017b7          	lui	a5,0x20001
10001810:	7e078793          	addi	a5,a5,2016 # 200017e0 <configured_freq>
10001814:	20f54533          	sh2add	a0,a0,a5
10001818:	4108                	lw	a0,0(a0)
1000181a:	8082                	ret

1000181c <pll_init>:
1000181c:	00b727b7          	lui	a5,0xb72
10001820:	b0078793          	addi	a5,a5,-1280 # b71b00 <HeapSize+0xb71300>
10001824:	02b7d7b3          	divu	a5,a5,a1
10001828:	00052883          	lw	a7,0(a0)
1000182c:	06c2                	slli	a3,a3,0x10
1000182e:	0732                	slli	a4,a4,0xc
10001830:	00e6e833          	or	a6,a3,a4
10001834:	02f65633          	divu	a2,a2,a5
10001838:	0408c463          	bltz	a7,10001880 <pll_init+0x64>
1000183c:	400587b7          	lui	a5,0x40058
10001840:	6711                	lui	a4,0x4
10001842:	06f50063          	beq	a0,a5,100018a2 <pll_init+0x86>
10001846:	400227b7          	lui	a5,0x40022
1000184a:	c398                	sw	a4,0(a5)
1000184c:	400206b7          	lui	a3,0x40020
10001850:	400237b7          	lui	a5,0x40023
10001854:	c398                	sw	a4,0(a5)
10001856:	06a1                	addi	a3,a3,8 # 40020008 <__StackTop+0x1ff9e008>
10001858:	429c                	lw	a5,0(a3)
1000185a:	40f777b3          	andn	a5,a4,a5
1000185e:	ffed                	bnez	a5,10001858 <pll_init+0x3c>
10001860:	670d                	lui	a4,0x3
10001862:	c10c                	sw	a1,0(a0)
10001864:	0711                	addi	a4,a4,4 # 3004 <HeapSize+0x2804>
10001866:	c510                	sw	a2,8(a0)
10001868:	972a                	add	a4,a4,a0
1000186a:	02100793          	li	a5,33
1000186e:	c31c                	sw	a5,0(a4)
10001870:	411c                	lw	a5,0(a0)
10001872:	fe07dfe3          	bgez	a5,10001870 <pll_init+0x54>
10001876:	01052623          	sw	a6,12(a0)
1000187a:	47a1                	li	a5,8
1000187c:	c31c                	sw	a5,0(a4)
1000187e:	8082                	ret
10001880:	411c                	lw	a5,0(a0)
10001882:	03f7f793          	andi	a5,a5,63
10001886:	fab79be3          	bne	a5,a1,1000183c <pll_init+0x20>
1000188a:	451c                	lw	a5,8(a0)
1000188c:	07d2                	slli	a5,a5,0x14
1000188e:	83d1                	srli	a5,a5,0x14
10001890:	fac796e3          	bne	a5,a2,1000183c <pll_init+0x20>
10001894:	455c                	lw	a5,12(a0)
10001896:	00077737          	lui	a4,0x77
1000189a:	8ff9                	and	a5,a5,a4
1000189c:	fb0790e3          	bne	a5,a6,1000183c <pll_init+0x20>
100018a0:	8082                	ret
100018a2:	6721                	lui	a4,0x8
100018a4:	b74d                	j	10001846 <pll_init+0x2a>

100018a6 <watchdog_reboot>:
100018a6:	400db7b7          	lui	a5,0x400db
100018aa:	40000737          	lui	a4,0x40000
100018ae:	c398                	sw	a4,0(a5)
100018b0:	c529                	beqz	a0,100018fa <watchdog_reboot+0x54>
100018b2:	b007c6b7          	lui	a3,0xb007c
100018b6:	4ff847b7          	lui	a5,0x4ff84
100018ba:	400d8737          	lui	a4,0x400d8
100018be:	0d368693          	addi	a3,a3,211 # b007c0d3 <__StackTop+0x8fffa0d3>
100018c2:	f2d78793          	addi	a5,a5,-211 # 4ff83f2d <__StackTop+0x2ff01f2d>
100018c6:	cf54                	sw	a3,28(a4)
100018c8:	8fa9                	xor	a5,a5,a0
100018ca:	d31c                	sw	a5,32(a4)
100018cc:	d34c                	sw	a1,36(a4)
100018ce:	d708                	sw	a0,40(a4)
100018d0:	400db6b7          	lui	a3,0x400db
100018d4:	400007b7          	lui	a5,0x40000
100018d8:	02000737          	lui	a4,0x2000
100018dc:	c29c                	sw	a5,0(a3)
100018de:	174d                	addi	a4,a4,-13 # 1fffff3 <HeapSize+0x1fff7f3>
100018e0:	4001a7b7          	lui	a5,0x4001a
100018e4:	c798                	sw	a4,8(a5)
100018e6:	070007b7          	lui	a5,0x7000
100018ea:	c29c                	sw	a5,0(a3)
100018ec:	ee01                	bnez	a2,10001904 <watchdog_reboot+0x5e>
100018ee:	400da7b7          	lui	a5,0x400da
100018f2:	80000737          	lui	a4,0x80000
100018f6:	c398                	sw	a4,0(a5)
100018f8:	8082                	ret
100018fa:	400d87b7          	lui	a5,0x400d8
100018fe:	0007ae23          	sw	zero,28(a5) # 400d801c <__StackTop+0x2005601c>
10001902:	b7f9                	j	100018d0 <watchdog_reboot+0x2a>
10001904:	20c64633          	sh2add	a2,a2,a2
10001908:	20c64633          	sh2add	a2,a2,a2
1000190c:	20c64633          	sh2add	a2,a2,a2
10001910:	060e                	slli	a2,a2,0x3
10001912:	010007b7          	lui	a5,0x1000
10001916:	00f67e63          	bgeu	a2,a5,10001932 <watchdog_reboot+0x8c>
1000191a:	87b2                	mv	a5,a2
1000191c:	80f1afa3          	sw	a5,-2017(gp) # 20001c80 <load_value>
10001920:	400d87b7          	lui	a5,0x400d8
10001924:	c3d0                	sw	a2,4(a5)
10001926:	40000737          	lui	a4,0x40000
1000192a:	400da7b7          	lui	a5,0x400da
1000192e:	c398                	sw	a4,0(a5)
10001930:	8082                	ret
10001932:	17fd                	addi	a5,a5,-1 # 400d9fff <__StackTop+0x20057fff>
10001934:	863e                	mv	a2,a5
10001936:	b7dd                	j	1000191c <watchdog_reboot+0x76>

10001938 <tick_start>:
10001938:	401087b7          	lui	a5,0x40108
1000193c:	20a52533          	sh1add	a0,a0,a0
10001940:	20f54533          	sh2add	a0,a0,a5
10001944:	c14c                	sw	a1,4(a0)
10001946:	4785                	li	a5,1
10001948:	c11c                	sw	a5,0(a0)
1000194a:	8082                	ret

1000194c <rom_func_lookup>:
1000194c:	67a1                	lui	a5,0x8
1000194e:	dfa78793          	addi	a5,a5,-518 # 7dfa <HeapSize+0x75fa>
10001952:	879c                	lhu	a5,0(a5)
10001954:	4585                	li	a1,1
10001956:	8782                	jr	a5

10001958 <rom_reset_usb_boot_extra>:
10001958:	1141                	addi	sp,sp,-16
1000195a:	c422                	sw	s0,8(sp)
1000195c:	c226                	sw	s1,4(sp)
1000195e:	c606                	sw	ra,12(sp)
10001960:	aca2                	cm.mvsa01	s1,s0
10001962:	00054563          	bltz	a0,1000196c <rom_reset_usb_boot_extra+0x14>
10001966:	c21d                	beqz	a2,1000198c <rom_reset_usb_boot_extra+0x34>
10001968:	03046413          	ori	s0,s0,48
1000196c:	67a1                	lui	a5,0x8
1000196e:	dfa78793          	addi	a5,a5,-518 # 7dfa <HeapSize+0x75fa>
10001972:	879c                	lhu	a5,0(a5)
10001974:	6511                	lui	a0,0x4
10001976:	4585                	li	a1,1
10001978:	25250513          	addi	a0,a0,594 # 4252 <HeapSize+0x3a52>
1000197c:	9782                	jalr	a5
1000197e:	87aa                	mv	a5,a0
10001980:	86a6                	mv	a3,s1
10001982:	8622                	mv	a2,s0
10001984:	45a9                	li	a1,10
10001986:	10200513          	li	a0,258
1000198a:	9782                	jalr	a5
1000198c:	02046413          	ori	s0,s0,32
10001990:	bff1                	j	1000196c <rom_reset_usb_boot_extra+0x14>

10001992 <runtime_init_bootrom_locking_enable>:
10001992:	400e17b7          	lui	a5,0x400e1
10001996:	82878793          	addi	a5,a5,-2008 # 400e0828 <__StackTop+0x2005e828>
1000199a:	4398                	lw	a4,0(a5)
1000199c:	df7d                	beqz	a4,1000199a <runtime_init_bootrom_locking_enable+0x8>
1000199e:	0330000f          	fence	rw,rw
100019a2:	8082                	ret

100019a4 <runtime_init_boot_locks_reset>:
100019a4:	400e17b7          	lui	a5,0x400e1
100019a8:	400e1737          	lui	a4,0x400e1
100019ac:	80c78793          	addi	a5,a5,-2036 # 400e080c <__StackTop+0x2005e80c>
100019b0:	82c70713          	addi	a4,a4,-2004 # 400e082c <__StackTop+0x2005e82c>
100019b4:	0330000f          	fence	rw,rw
100019b8:	0007a023          	sw	zero,0(a5)
100019bc:	0791                	addi	a5,a5,4
100019be:	fee79be3          	bne	a5,a4,100019b4 <runtime_init_boot_locks_reset+0x10>
100019c2:	8082                	ret

100019c4 <xosc_init>:
100019c4:	6785                	lui	a5,0x1
100019c6:	aa078793          	addi	a5,a5,-1376 # aa0 <HeapSize+0x2a0>
100019ca:	40048737          	lui	a4,0x40048
100019ce:	c31c                	sw	a5,0(a4)
100019d0:	11a00793          	li	a5,282
100019d4:	c75c                	sw	a5,12(a4)
100019d6:	00fab6b7          	lui	a3,0xfab
100019da:	4004a7b7          	lui	a5,0x4004a
100019de:	c394                	sw	a3,0(a5)
100019e0:	435c                	lw	a5,4(a4)
100019e2:	fe07dfe3          	bgez	a5,100019e0 <xosc_init+0x1c>
100019e6:	8082                	ret

100019e8 <first_per_core_initializer>:
100019e8:	8082                	ret

100019ea <hard_assertion_failure>:
100019ea:	10005537          	lui	a0,0x10005
100019ee:	1141                	addi	sp,sp,-16
100019f0:	fb450513          	addi	a0,a0,-76 # 10004fb4 <__EH_FRAME_BEGIN__+0x80>
100019f4:	c606                	sw	ra,12(sp)
100019f6:	93bfe0ef          	jal	10000330 <panic>

100019fa <runtime_run_initializers>:
100019fa:	1141                	addi	sp,sp,-16
100019fc:	c422                	sw	s0,8(sp)
100019fe:	c226                	sw	s1,4(sp)
10001a00:	10005437          	lui	s0,0x10005
10001a04:	100054b7          	lui	s1,0x10005
10001a08:	c606                	sw	ra,12(sp)
10001a0a:	ef440413          	addi	s0,s0,-268 # 10004ef4 <__pre_init_runtime_init_bootrom_reset>
10001a0e:	f2c48493          	addi	s1,s1,-212 # 10004f2c <__init_array_start>
10001a12:	00947763          	bgeu	s0,s1,10001a20 <runtime_run_initializers+0x26>
10001a16:	401c                	lw	a5,0(s0)
10001a18:	0411                	addi	s0,s0,4
10001a1a:	9782                	jalr	a5
10001a1c:	fe946de3          	bltu	s0,s1,10001a16 <runtime_run_initializers+0x1c>
10001a20:	40b2                	lw	ra,12(sp)
10001a22:	4422                	lw	s0,8(sp)
10001a24:	4492                	lw	s1,4(sp)
10001a26:	0141                	addi	sp,sp,16
10001a28:	8082                	ret

10001a2a <runtime_init_early_resets>:
10001a2a:	efef47b7          	lui	a5,0xefef4
10001a2e:	b7f78793          	addi	a5,a5,-1153 # efef3b7f <__StackTop+0xcfe71b7f>
10001a32:	400226b7          	lui	a3,0x40022
10001a36:	03f40737          	lui	a4,0x3f40
10001a3a:	c29c                	sw	a5,0(a3)
10001a3c:	1759                	addi	a4,a4,-10 # 3f3fff6 <HeapSize+0x3f3f7f6>
10001a3e:	400237b7          	lui	a5,0x40023
10001a42:	400206b7          	lui	a3,0x40020
10001a46:	c398                	sw	a4,0(a5)
10001a48:	06a1                	addi	a3,a3,8 # 40020008 <__StackTop+0x1ff9e008>
10001a4a:	429c                	lw	a5,0(a3)
10001a4c:	40f777b3          	andn	a5,a4,a5
10001a50:	ffed                	bnez	a5,10001a4a <runtime_init_early_resets+0x20>
10001a52:	8082                	ret

10001a54 <runtime_init_usb_power_down>:
10001a54:	501107b7          	lui	a5,0x50110
10001a58:	47f8                	lw	a4,76(a5)
10001a5a:	67a1                	lui	a5,0x8
10001a5c:	00f70363          	beq	a4,a5,10001a62 <runtime_init_usb_power_down+0xe>
10001a60:	8082                	ret
10001a62:	501127b7          	lui	a5,0x50112
10001a66:	00040737          	lui	a4,0x40
10001a6a:	c7f8                	sw	a4,76(a5)
10001a6c:	8082                	ret

10001a6e <runtime_init_post_clock_resets>:
10001a6e:	20000737          	lui	a4,0x20000
10001a72:	177d                	addi	a4,a4,-1 # 1fffffff <__flash_binary_end+0xfff9bb3>
10001a74:	400237b7          	lui	a5,0x40023
10001a78:	400206b7          	lui	a3,0x40020
10001a7c:	c398                	sw	a4,0(a5)
10001a7e:	06a1                	addi	a3,a3,8 # 40020008 <__StackTop+0x1ff9e008>
10001a80:	429c                	lw	a5,0(a3)
10001a82:	40f777b3          	andn	a5,a4,a5
10001a86:	ffed                	bnez	a5,10001a80 <runtime_init_post_clock_resets+0x12>
10001a88:	8082                	ret

10001a8a <runtime_init_bootrom_reset>:
10001a8a:	6515                	lui	a0,0x5
10001a8c:	1141                	addi	sp,sp,-16
10001a8e:	25350513          	addi	a0,a0,595 # 5253 <HeapSize+0x4a53>
10001a92:	c606                	sw	ra,12(sp)
10001a94:	3d65                	jal	1000194c <rom_func_lookup>
10001a96:	40b2                	lw	ra,12(sp)
10001a98:	87aa                	mv	a5,a0
10001a9a:	4511                	li	a0,4
10001a9c:	0141                	addi	sp,sp,16
10001a9e:	8782                	jr	a5

10001aa0 <runtime_init_per_core_bootrom_reset>:
10001aa0:	6515                	lui	a0,0x5
10001aa2:	1141                	addi	sp,sp,-16
10001aa4:	25350513          	addi	a0,a0,595 # 5253 <HeapSize+0x4a53>
10001aa8:	c606                	sw	ra,12(sp)
10001aaa:	354d                	jal	1000194c <rom_func_lookup>
10001aac:	40b2                	lw	ra,12(sp)
10001aae:	87aa                	mv	a5,a0
10001ab0:	4505                	li	a0,1
10001ab2:	0141                	addi	sp,sp,16
10001ab4:	8782                	jr	a5

10001ab6 <runtime_init_spin_locks_reset>:
10001ab6:	9d5fe06f          	j	1000048a <spin_locks_reset>

10001aba <runtime_init_clocks>:
10001aba:	1141                	addi	sp,sp,-16
10001abc:	c422                	sw	s0,8(sp)
10001abe:	c606                	sw	ra,12(sp)
10001ac0:	c226                	sw	s1,4(sp)
10001ac2:	c04a                	sw	s2,0(sp)
10001ac4:	40010437          	lui	s0,0x40010
10001ac8:	08042223          	sw	zero,132(s0) # 40010084 <__StackTop+0x1ff8e084>
10001acc:	3de5                	jal	100019c4 <xosc_init>
10001ace:	400137b7          	lui	a5,0x40013
10001ad2:	4705                	li	a4,1
10001ad4:	dfd8                	sw	a4,60(a5)
10001ad6:	407c                	lw	a5,68(s0)
10001ad8:	fee79fe3          	bne	a5,a4,10001ad6 <runtime_init_clocks+0x1c>
10001adc:	470d                	li	a4,3
10001ade:	400137b7          	lui	a5,0x40013
10001ae2:	db98                	sw	a4,48(a5)
10001ae4:	4405                	li	s0,1
10001ae6:	40010737          	lui	a4,0x40010
10001aea:	5f1c                	lw	a5,56(a4)
10001aec:	fe879fe3          	bne	a5,s0,10001aea <runtime_init_clocks+0x30>
10001af0:	59683637          	lui	a2,0x59683
10001af4:	85a2                	mv	a1,s0
10001af6:	f0060613          	addi	a2,a2,-256 # 59682f00 <__StackTop+0x39600f00>
10001afa:	4709                	li	a4,2
10001afc:	4695                	li	a3,5
10001afe:	40050537          	lui	a0,0x40050
10001b02:	3b29                	jal	1000181c <pll_init>
10001b04:	4715                	li	a4,5
10001b06:	47869637          	lui	a2,0x47869
10001b0a:	86ba                	mv	a3,a4
10001b0c:	85a2                	mv	a1,s0
10001b0e:	c0060613          	addi	a2,a2,-1024 # 47868c00 <__StackTop+0x277e6c00>
10001b12:	40058537          	lui	a0,0x40058
10001b16:	3319                	jal	1000181c <pll_init>
10001b18:	00b726b7          	lui	a3,0xb72
10001b1c:	b0068693          	addi	a3,a3,-1280 # b71b00 <HeapSize+0xb71300>
10001b20:	4601                	li	a2,0
10001b22:	4589                	li	a1,2
10001b24:	4511                	li	a0,4
10001b26:	3129                	jal	10001730 <clock_configure_undivided>
10001b28:	08f0d6b7          	lui	a3,0x8f0d
10001b2c:	85a2                	mv	a1,s0
10001b2e:	18068693          	addi	a3,a3,384 # 8f0d180 <HeapSize+0x8f0c980>
10001b32:	4601                	li	a2,0
10001b34:	4515                	li	a0,5
10001b36:	3eed                	jal	10001730 <clock_configure_undivided>
10001b38:	02dc76b7          	lui	a3,0x2dc7
10001b3c:	c0068693          	addi	a3,a3,-1024 # 2dc6c00 <HeapSize+0x2dc6400>
10001b40:	4601                	li	a2,0
10001b42:	4581                	li	a1,0
10001b44:	4521                	li	a0,8
10001b46:	36ed                	jal	10001730 <clock_configure_undivided>
10001b48:	02dc76b7          	lui	a3,0x2dc7
10001b4c:	c0068693          	addi	a3,a3,-1024 # 2dc6c00 <HeapSize+0x2dc6400>
10001b50:	4601                	li	a2,0
10001b52:	4581                	li	a1,0
10001b54:	4525                	li	a0,9
10001b56:	3ee9                	jal	10001730 <clock_configure_undivided>
10001b58:	08f0d6b7          	lui	a3,0x8f0d
10001b5c:	18068693          	addi	a3,a3,384 # 8f0d180 <HeapSize+0x8f0c980>
10001b60:	4601                	li	a2,0
10001b62:	4581                	li	a1,0
10001b64:	4519                	li	a0,6
10001b66:	36e9                	jal	10001730 <clock_configure_undivided>
10001b68:	08f0d6b7          	lui	a3,0x8f0d
10001b6c:	18068693          	addi	a3,a3,384 # 8f0d180 <HeapSize+0x8f0c980>
10001b70:	4601                	li	a2,0
10001b72:	4581                	li	a1,0
10001b74:	451d                	li	a0,7
10001b76:	3e6d                	jal	10001730 <clock_configure_undivided>
10001b78:	4511                	li	a0,4
10001b7a:	3949                	jal	1000180c <clock_get_hz>
10001b7c:	431be7b7          	lui	a5,0x431be
10001b80:	e8378793          	addi	a5,a5,-381 # 431bde83 <__StackTop+0x2313be83>
10001b84:	02f534b3          	mulhu	s1,a0,a5
10001b88:	4401                	li	s0,0
10001b8a:	4919                	li	s2,6
10001b8c:	80c9                	srli	s1,s1,0x12
10001b8e:	ac66                	cm.mva01s	s0,s1
10001b90:	0405                	addi	s0,s0,1
10001b92:	335d                	jal	10001938 <tick_start>
10001b94:	ff241de3          	bne	s0,s2,10001b8e <runtime_init_clocks+0xd4>
10001b98:	40b2                	lw	ra,12(sp)
10001b9a:	4422                	lw	s0,8(sp)
10001b9c:	4492                	lw	s1,4(sp)
10001b9e:	4902                	lw	s2,0(sp)
10001ba0:	0141                	addi	sp,sp,16
10001ba2:	8082                	ret

10001ba4 <_out_char>:
10001ba4:	e111                	bnez	a0,10001ba8 <_out_char+0x4>
10001ba6:	8082                	ret
10001ba8:	a459                	j	10001e2e <__wrap_putchar>

10001baa <weak_raw_vprintf>:
10001baa:	8231a783          	lw	a5,-2013(gp) # 20001c84 <lazy_vsnprintf>
10001bae:	1101                	addi	sp,sp,-32
10001bb0:	ce06                	sw	ra,28(sp)
10001bb2:	cf91                	beqz	a5,10001bce <weak_raw_vprintf+0x24>
10001bb4:	86aa                	mv	a3,a0
10001bb6:	10002537          	lui	a0,0x10002
10001bba:	872e                	mv	a4,a1
10001bbc:	ba450513          	addi	a0,a0,-1116 # 10001ba4 <_out_char>
10001bc0:	006c                	addi	a1,sp,12
10001bc2:	567d                	li	a2,-1
10001bc4:	9782                	jalr	a5
10001bc6:	40f2                	lw	ra,28(sp)
10001bc8:	4505                	li	a0,1
10001bca:	6105                	addi	sp,sp,32
10001bcc:	8082                	ret
10001bce:	2611                	jal	10001ed2 <__wrap_puts>
10001bd0:	40f2                	lw	ra,28(sp)
10001bd2:	4501                	li	a0,0
10001bd4:	6105                	addi	sp,sp,32
10001bd6:	8082                	ret

10001bd8 <runtime_init_per_core_h3_irq_registers>:
10001bd8:	450d                	li	a0,3
10001bda:	be251073          	csrw	0xbe2,a0
10001bde:	157d                	addi	a0,a0,-1
10001be0:	fe055de3          	bgez	a0,10001bda <runtime_init_per_core_h3_irq_registers+0x2>
10001be4:	6505                	lui	a0,0x1
10001be6:	80050513          	addi	a0,a0,-2048 # 800 <HeapSize>
10001bea:	30451073          	csrw	mie,a0
10001bee:	30046073          	csrsi	mstatus,8
10001bf2:	34001073          	csrw	mscratch,zero
10001bf6:	8082                	ret

10001bf8 <_exit>:
10001bf8:	9002                	ebreak
10001bfa:	bffd                	j	10001bf8 <_exit>

10001bfc <exit>:
10001bfc:	1141                	addi	sp,sp,-16
10001bfe:	c606                	sw	ra,12(sp)
10001c00:	3fe5                	jal	10001bf8 <_exit>

10001c02 <runtime_init>:
10001c02:	1141                	addi	sp,sp,-16
10001c04:	c422                	sw	s0,8(sp)
10001c06:	c226                	sw	s1,4(sp)
10001c08:	10005437          	lui	s0,0x10005
10001c0c:	100054b7          	lui	s1,0x10005
10001c10:	f2c40413          	addi	s0,s0,-212 # 10004f2c <__init_array_start>
10001c14:	f3448493          	addi	s1,s1,-204 # 10004f34 <__EH_FRAME_BEGIN__>
10001c18:	c606                	sw	ra,12(sp)
10001c1a:	33c5                	jal	100019fa <runtime_run_initializers>
10001c1c:	00947763          	bgeu	s0,s1,10001c2a <runtime_init+0x28>
10001c20:	401c                	lw	a5,0(s0)
10001c22:	0411                	addi	s0,s0,4
10001c24:	9782                	jalr	a5
10001c26:	fe946de3          	bltu	s0,s1,10001c20 <runtime_init+0x1e>
10001c2a:	40b2                	lw	ra,12(sp)
10001c2c:	4422                	lw	s0,8(sp)
10001c2e:	4492                	lw	s1,4(sp)
10001c30:	0141                	addi	sp,sp,16
10001c32:	8082                	ret

10001c34 <stdio_out_chars_no_crlf>:
10001c34:	411c                	lw	a5,0(a0)
10001c36:	852e                	mv	a0,a1
10001c38:	85b2                	mv	a1,a2
10001c3a:	8782                	jr	a5

10001c3c <stdio_out_chars_crlf>:
10001c3c:	01554783          	lbu	a5,21(a0)
10001c40:	1101                	addi	sp,sp,-32
10001c42:	c84a                	sw	s2,16(sp)
10001c44:	ce06                	sw	ra,28(sp)
10001c46:	892e                	mv	s2,a1
10001c48:	c3d1                	beqz	a5,10001ccc <stdio_out_chars_crlf+0x90>
10001c4a:	06c05263          	blez	a2,10001cae <stdio_out_chars_crlf+0x72>
10001c4e:	cc22                	sw	s0,24(sp)
10001c50:	ca26                	sw	s1,20(sp)
10001c52:	819c                	lbu	a5,0(a1)
10001c54:	8432                	mv	s0,a2
10001c56:	84aa                	mv	s1,a0
10001c58:	17d9                	addi	a5,a5,-10
10001c5a:	e781                	bnez	a5,10001c62 <stdio_out_chars_crlf+0x26>
10001c5c:	01454783          	lbu	a5,20(a0)
10001c60:	cbb9                	beqz	a5,10001cb6 <stdio_out_chars_crlf+0x7a>
10001c62:	4785                	li	a5,1
10001c64:	4601                	li	a2,0
10001c66:	02f40363          	beq	s0,a5,10001c8c <stdio_out_chars_crlf+0x50>
10001c6a:	00190693          	addi	a3,s2,1
10001c6e:	4785                	li	a5,1
10001c70:	8298                	lbu	a4,0(a3)
10001c72:	883e                	mv	a6,a5
10001c74:	0785                	addi	a5,a5,1
10001c76:	1759                	addi	a4,a4,-10 # 4000fff6 <__StackTop+0x1ff8dff6>
10001c78:	e709                	bnez	a4,10001c82 <stdio_out_chars_crlf+0x46>
10001c7a:	fff6c703          	lbu	a4,-1(a3)
10001c7e:	174d                	addi	a4,a4,-13
10001c80:	ef29                	bnez	a4,10001cda <stdio_out_chars_crlf+0x9e>
10001c82:	0685                	addi	a3,a3,1
10001c84:	fef416e3          	bne	s0,a5,10001c70 <stdio_out_chars_crlf+0x34>
10001c88:	00865863          	bge	a2,s0,10001c98 <stdio_out_chars_crlf+0x5c>
10001c8c:	409c                	lw	a5,0(s1)
10001c8e:	40c405b3          	sub	a1,s0,a2
10001c92:	00c90533          	add	a0,s2,a2
10001c96:	9782                	jalr	a5
10001c98:	008905b3          	add	a1,s2,s0
10001c9c:	fff5c783          	lbu	a5,-1(a1)
10001ca0:	4462                	lw	s0,24(sp)
10001ca2:	17cd                	addi	a5,a5,-13
10001ca4:	0017b793          	seqz	a5,a5
10001ca8:	00f48a23          	sb	a5,20(s1)
10001cac:	44d2                	lw	s1,20(sp)
10001cae:	40f2                	lw	ra,28(sp)
10001cb0:	4942                	lw	s2,16(sp)
10001cb2:	6105                	addi	sp,sp,32
10001cb4:	8082                	ret
10001cb6:	411c                	lw	a5,0(a0)
10001cb8:	10005537          	lui	a0,0x10005
10001cbc:	36850513          	addi	a0,a0,872 # 10005368 <crlf_str.0>
10001cc0:	4589                	li	a1,2
10001cc2:	9782                	jalr	a5
10001cc4:	4605                	li	a2,1
10001cc6:	fac412e3          	bne	s0,a2,10001c6a <stdio_out_chars_crlf+0x2e>
10001cca:	b7f9                	j	10001c98 <stdio_out_chars_crlf+0x5c>
10001ccc:	411c                	lw	a5,0(a0)
10001cce:	40f2                	lw	ra,28(sp)
10001cd0:	854a                	mv	a0,s2
10001cd2:	4942                	lw	s2,16(sp)
10001cd4:	85b2                	mv	a1,a2
10001cd6:	6105                	addi	sp,sp,32
10001cd8:	8782                	jr	a5
10001cda:	40c805b3          	sub	a1,a6,a2
10001cde:	00c90533          	add	a0,s2,a2
10001ce2:	01065863          	bge	a2,a6,10001cf2 <stdio_out_chars_crlf+0xb6>
10001ce6:	4098                	lw	a4,0(s1)
10001ce8:	c636                	sw	a3,12(sp)
10001cea:	c43e                	sw	a5,8(sp)
10001cec:	9702                	jalr	a4
10001cee:	46b2                	lw	a3,12(sp)
10001cf0:	47a2                	lw	a5,8(sp)
10001cf2:	4098                	lw	a4,0(s1)
10001cf4:	10005537          	lui	a0,0x10005
10001cf8:	36850513          	addi	a0,a0,872 # 10005368 <crlf_str.0>
10001cfc:	4589                	li	a1,2
10001cfe:	c636                	sw	a3,12(sp)
10001d00:	c43e                	sw	a5,8(sp)
10001d02:	9702                	jalr	a4
10001d04:	47a2                	lw	a5,8(sp)
10001d06:	46b2                	lw	a3,12(sp)
10001d08:	863e                	mv	a2,a5
10001d0a:	bfa5                	j	10001c82 <stdio_out_chars_crlf+0x46>

10001d0c <stdio_put_string>:
10001d0c:	7139                	addi	sp,sp,-64
10001d0e:	dc22                	sw	s0,56(sp)
10001d10:	da26                	sw	s1,52(sp)
10001d12:	d84a                	sw	s2,48(sp)
10001d14:	d256                	sw	s5,36(sp)
10001d16:	de06                	sw	ra,60(sp)
10001d18:	8ab2                	mv	s5,a2
10001d1a:	d64e                	sw	s3,44(sp)
10001d1c:	d452                	sw	s4,40(sp)
10001d1e:	ce5e                	sw	s7,28(sp)
10001d20:	ad26                	cm.mvsa01	s2,s1
10001d22:	8436                	mv	s0,a3
10001d24:	845ff0ef          	jal	10001568 <time_us_64>
10001d28:	000f47b7          	lui	a5,0xf4
10001d2c:	24078793          	addi	a5,a5,576 # f4240 <HeapSize+0xf3a40>
10001d30:	97aa                	add	a5,a5,a0
10001d32:	00a7b633          	sltu	a2,a5,a0
10001d36:	80000737          	lui	a4,0x80000
10001d3a:	962e                	add	a2,a2,a1
10001d3c:	177d                	addi	a4,a4,-1 # 7fffffff <__StackTop+0x5ff7dfff>
10001d3e:	85be                	mv	a1,a5
10001d40:	00c77463          	bgeu	a4,a2,10001d48 <stdio_put_string+0x3c>
10001d44:	863a                	mv	a2,a4
10001d46:	55fd                	li	a1,-1
10001d48:	20001a37          	lui	s4,0x20001
10001d4c:	0a0a0513          	addi	a0,s4,160 # 200010a0 <print_mutex>
10001d50:	0fffe097          	auipc	ra,0xfffe
10001d54:	398080e7          	jalr	920(ra) # 200000e8 <mutex_try_enter_block_until>
10001d58:	57fd                	li	a5,-1
10001d5a:	8baa                	mv	s7,a0
10001d5c:	08f48f63          	beq	s1,a5,10001dfa <stdio_put_string+0xee>
10001d60:	c431                	beqz	s0,10001dac <stdio_put_string+0xa0>
10001d62:	100029b7          	lui	s3,0x10002
10001d66:	c3c98993          	addi	s3,s3,-964 # 10001c3c <stdio_out_chars_crlf>
10001d6a:	82b1a403          	lw	s0,-2005(gp) # 20001c8c <drivers>
10001d6e:	c015                	beqz	s0,10001d92 <stdio_put_string+0x86>
10001d70:	040a9363          	bnez	s5,10001db6 <stdio_put_string+0xaa>
10001d74:	a029                	j	10001d7e <stdio_put_string+0x72>
10001d76:	00878b63          	beq	a5,s0,10001d8c <stdio_put_string+0x80>
10001d7a:	4800                	lw	s0,16(s0)
10001d7c:	c819                	beqz	s0,10001d92 <stdio_put_string+0x86>
10001d7e:	401c                	lw	a5,0(s0)
10001d80:	8626                	mv	a2,s1
10001d82:	ac6a                	cm.mva01s	s0,s2
10001d84:	dbfd                	beqz	a5,10001d7a <stdio_put_string+0x6e>
10001d86:	8271a783          	lw	a5,-2009(gp) # 20001c88 <filter>
10001d8a:	f7f5                	bnez	a5,10001d76 <stdio_put_string+0x6a>
10001d8c:	9982                	jalr	s3
10001d8e:	4800                	lw	s0,16(s0)
10001d90:	f47d                	bnez	s0,10001d7e <stdio_put_string+0x72>
10001d92:	040b9d63          	bnez	s7,10001dec <stdio_put_string+0xe0>
10001d96:	50f2                	lw	ra,60(sp)
10001d98:	5462                	lw	s0,56(sp)
10001d9a:	5942                	lw	s2,48(sp)
10001d9c:	59b2                	lw	s3,44(sp)
10001d9e:	5a22                	lw	s4,40(sp)
10001da0:	5a92                	lw	s5,36(sp)
10001da2:	4bf2                	lw	s7,28(sp)
10001da4:	8526                	mv	a0,s1
10001da6:	54d2                	lw	s1,52(sp)
10001da8:	6121                	addi	sp,sp,64
10001daa:	8082                	ret
10001dac:	100029b7          	lui	s3,0x10002
10001db0:	c3498993          	addi	s3,s3,-972 # 10001c34 <stdio_out_chars_no_crlf>
10001db4:	bf5d                	j	10001d6a <stdio_put_string+0x5e>
10001db6:	d05a                	sw	s6,32(sp)
10001db8:	4b29                	li	s6,10
10001dba:	a029                	j	10001dc4 <stdio_put_string+0xb8>
10001dbc:	00878b63          	beq	a5,s0,10001dd2 <stdio_put_string+0xc6>
10001dc0:	4800                	lw	s0,16(s0)
10001dc2:	c015                	beqz	s0,10001de6 <stdio_put_string+0xda>
10001dc4:	401c                	lw	a5,0(s0)
10001dc6:	8626                	mv	a2,s1
10001dc8:	ac6a                	cm.mva01s	s0,s2
10001dca:	dbfd                	beqz	a5,10001dc0 <stdio_put_string+0xb4>
10001dcc:	8271a783          	lw	a5,-2009(gp) # 20001c88 <filter>
10001dd0:	f7f5                	bnez	a5,10001dbc <stdio_put_string+0xb0>
10001dd2:	9982                	jalr	s3
10001dd4:	8522                	mv	a0,s0
10001dd6:	00f10593          	addi	a1,sp,15
10001dda:	4605                	li	a2,1
10001ddc:	016107a3          	sb	s6,15(sp)
10001de0:	9982                	jalr	s3
10001de2:	4800                	lw	s0,16(s0)
10001de4:	f065                	bnez	s0,10001dc4 <stdio_put_string+0xb8>
10001de6:	5b02                	lw	s6,32(sp)
10001de8:	fa0b87e3          	beqz	s7,10001d96 <stdio_put_string+0x8a>
10001dec:	0a0a0513          	addi	a0,s4,160
10001df0:	0fffe097          	auipc	ra,0xfffe
10001df4:	3a6080e7          	jalr	934(ra) # 20000196 <mutex_exit>
10001df8:	bf79                	j	10001d96 <stdio_put_string+0x8a>
10001dfa:	854a                	mv	a0,s2
10001dfc:	096030ef          	jal	10004e92 <strlen>
10001e00:	84aa                	mv	s1,a0
10001e02:	bfb9                	j	10001d60 <stdio_put_string+0x54>

10001e04 <stdio_set_driver_enabled>:
10001e04:	82b1a783          	lw	a5,-2005(gp) # 20001c8c <drivers>
10001e08:	82b18713          	addi	a4,gp,-2005 # 20001c8c <drivers>
10001e0c:	c799                	beqz	a5,10001e1a <stdio_set_driver_enabled+0x16>
10001e0e:	00a78963          	beq	a5,a0,10001e20 <stdio_set_driver_enabled+0x1c>
10001e12:	01078713          	addi	a4,a5,16
10001e16:	4b9c                	lw	a5,16(a5)
10001e18:	fbfd                	bnez	a5,10001e0e <stdio_set_driver_enabled+0xa>
10001e1a:	c191                	beqz	a1,10001e1e <stdio_set_driver_enabled+0x1a>
10001e1c:	c308                	sw	a0,0(a4)
10001e1e:	8082                	ret
10001e20:	fdfd                	bnez	a1,10001e1e <stdio_set_driver_enabled+0x1a>
10001e22:	4b94                	lw	a3,16(a5)
10001e24:	c314                	sw	a3,0(a4)
10001e26:	0007a823          	sw	zero,16(a5)
10001e2a:	8082                	ret

10001e2c <stdio_init_all>:
10001e2c:	a345                	j	100023cc <stdio_usb_init>

10001e2e <__wrap_putchar>:
10001e2e:	7179                	addi	sp,sp,-48
10001e30:	d04a                	sw	s2,32(sp)
10001e32:	d606                	sw	ra,44(sp)
10001e34:	d422                	sw	s0,40(sp)
10001e36:	ce4e                	sw	s3,28(sp)
10001e38:	cc52                	sw	s4,24(sp)
10001e3a:	892a                	mv	s2,a0
10001e3c:	00a107a3          	sb	a0,15(sp)
10001e40:	f28ff0ef          	jal	10001568 <time_us_64>
10001e44:	000f47b7          	lui	a5,0xf4
10001e48:	24078793          	addi	a5,a5,576 # f4240 <HeapSize+0xf3a40>
10001e4c:	97aa                	add	a5,a5,a0
10001e4e:	00a7b633          	sltu	a2,a5,a0
10001e52:	80000737          	lui	a4,0x80000
10001e56:	962e                	add	a2,a2,a1
10001e58:	177d                	addi	a4,a4,-1 # 7fffffff <__StackTop+0x5ff7dfff>
10001e5a:	85be                	mv	a1,a5
10001e5c:	00c77463          	bgeu	a4,a2,10001e64 <__wrap_putchar+0x36>
10001e60:	863a                	mv	a2,a4
10001e62:	55fd                	li	a1,-1
10001e64:	200019b7          	lui	s3,0x20001
10001e68:	0a098513          	addi	a0,s3,160 # 200010a0 <print_mutex>
10001e6c:	0fffe097          	auipc	ra,0xfffe
10001e70:	27c080e7          	jalr	636(ra) # 200000e8 <mutex_try_enter_block_until>
10001e74:	82b1a403          	lw	s0,-2005(gp) # 20001c8c <drivers>
10001e78:	8a2a                	mv	s4,a0
10001e7a:	c405                	beqz	s0,10001ea2 <__wrap_putchar+0x74>
10001e7c:	d226                	sw	s1,36(sp)
10001e7e:	a029                	j	10001e88 <__wrap_putchar+0x5a>
10001e80:	00f40d63          	beq	s0,a5,10001e9a <__wrap_putchar+0x6c>
10001e84:	4800                	lw	s0,16(s0)
10001e86:	cc09                	beqz	s0,10001ea0 <__wrap_putchar+0x72>
10001e88:	401c                	lw	a5,0(s0)
10001e8a:	4605                	li	a2,1
10001e8c:	00f10593          	addi	a1,sp,15
10001e90:	8522                	mv	a0,s0
10001e92:	dbed                	beqz	a5,10001e84 <__wrap_putchar+0x56>
10001e94:	8271a783          	lw	a5,-2009(gp) # 20001c88 <filter>
10001e98:	f7e5                	bnez	a5,10001e80 <__wrap_putchar+0x52>
10001e9a:	334d                	jal	10001c3c <stdio_out_chars_crlf>
10001e9c:	4800                	lw	s0,16(s0)
10001e9e:	f46d                	bnez	s0,10001e88 <__wrap_putchar+0x5a>
10001ea0:	5492                	lw	s1,36(sp)
10001ea2:	000a1a63          	bnez	s4,10001eb6 <__wrap_putchar+0x88>
10001ea6:	50b2                	lw	ra,44(sp)
10001ea8:	5422                	lw	s0,40(sp)
10001eaa:	49f2                	lw	s3,28(sp)
10001eac:	4a62                	lw	s4,24(sp)
10001eae:	854a                	mv	a0,s2
10001eb0:	5902                	lw	s2,32(sp)
10001eb2:	6145                	addi	sp,sp,48
10001eb4:	8082                	ret
10001eb6:	0a098513          	addi	a0,s3,160
10001eba:	0fffe097          	auipc	ra,0xfffe
10001ebe:	2dc080e7          	jalr	732(ra) # 20000196 <mutex_exit>
10001ec2:	50b2                	lw	ra,44(sp)
10001ec4:	5422                	lw	s0,40(sp)
10001ec6:	49f2                	lw	s3,28(sp)
10001ec8:	4a62                	lw	s4,24(sp)
10001eca:	854a                	mv	a0,s2
10001ecc:	5902                	lw	s2,32(sp)
10001ece:	6145                	addi	sp,sp,48
10001ed0:	8082                	ret

10001ed2 <__wrap_puts>:
10001ed2:	1141                	addi	sp,sp,-16
10001ed4:	c606                	sw	ra,12(sp)
10001ed6:	c422                	sw	s0,8(sp)
10001ed8:	c226                	sw	s1,4(sp)
10001eda:	842a                	mv	s0,a0
10001edc:	7b7020ef          	jal	10004e92 <strlen>
10001ee0:	4685                	li	a3,1
10001ee2:	84aa                	mv	s1,a0
10001ee4:	ac66                	cm.mva01s	s0,s1
10001ee6:	8636                	mv	a2,a3
10001ee8:	3515                	jal	10001d0c <stdio_put_string>
10001eea:	82b1a403          	lw	s0,-2005(gp) # 20001c8c <drivers>
10001eee:	c411                	beqz	s0,10001efa <__wrap_puts+0x28>
10001ef0:	405c                	lw	a5,4(s0)
10001ef2:	cb91                	beqz	a5,10001f06 <__wrap_puts+0x34>
10001ef4:	9782                	jalr	a5
10001ef6:	4800                	lw	s0,16(s0)
10001ef8:	fc65                	bnez	s0,10001ef0 <__wrap_puts+0x1e>
10001efa:	40b2                	lw	ra,12(sp)
10001efc:	4422                	lw	s0,8(sp)
10001efe:	8526                	mv	a0,s1
10001f00:	4492                	lw	s1,4(sp)
10001f02:	0141                	addi	sp,sp,16
10001f04:	8082                	ret
10001f06:	4800                	lw	s0,16(s0)
10001f08:	f465                	bnez	s0,10001ef0 <__wrap_puts+0x1e>
10001f0a:	40b2                	lw	ra,12(sp)
10001f0c:	4422                	lw	s0,8(sp)
10001f0e:	8526                	mv	a0,s1
10001f10:	4492                	lw	s1,4(sp)
10001f12:	0141                	addi	sp,sp,16
10001f14:	8082                	ret

10001f16 <resetd_init>:
10001f16:	8082                	ret

10001f18 <resetd_reset>:
10001f18:	820187a3          	sb	zero,-2001(gp) # 20001c90 <itf_num>
10001f1c:	8082                	ret

10001f1e <resetd_open>:
10001f1e:	0055c703          	lbu	a4,5(a1)
10001f22:	0ff00793          	li	a5,255
10001f26:	4501                	li	a0,0
10001f28:	00f71d63          	bne	a4,a5,10001f42 <resetd_open+0x24>
10001f2c:	0065c783          	lbu	a5,6(a1)
10001f30:	eb89                	bnez	a5,10001f42 <resetd_open+0x24>
10001f32:	0075c783          	lbu	a5,7(a1)
10001f36:	17fd                	addi	a5,a5,-1
10001f38:	e781                	bnez	a5,10001f40 <resetd_open+0x22>
10001f3a:	00963613          	sltiu	a2,a2,9
10001f3e:	c219                	beqz	a2,10001f44 <resetd_open+0x26>
10001f40:	4501                	li	a0,0
10001f42:	8082                	ret
10001f44:	81b8                	lbu	a4,2(a1)
10001f46:	4525                	li	a0,9
10001f48:	82e187a3          	sb	a4,-2001(gp) # 20001c90 <itf_num>
10001f4c:	8082                	ret

10001f4e <resetd_xfer_cb>:
10001f4e:	4505                	li	a0,1
10001f50:	8082                	ret

10001f52 <resetd_control_xfer_cb>:
10001f52:	4785                	li	a5,1
10001f54:	00f58463          	beq	a1,a5,10001f5c <resetd_control_xfer_cb+0xa>
10001f58:	4505                	li	a0,1
10001f5a:	8082                	ret
10001f5c:	00564783          	lbu	a5,5(a2)
10001f60:	00464683          	lbu	a3,4(a2)
10001f64:	82f1c703          	lbu	a4,-2001(gp) # 20001c90 <itf_num>
10001f68:	07a2                	slli	a5,a5,0x8
10001f6a:	8fd5                	or	a5,a5,a3
10001f6c:	4501                	li	a0,0
10001f6e:	00f70363          	beq	a4,a5,10001f74 <resetd_control_xfer_cb+0x22>
10001f72:	8082                	ret
10001f74:	1141                	addi	sp,sp,-16
10001f76:	c606                	sw	ra,12(sp)
10001f78:	825c                	lbu	a5,1(a2)
10001f7a:	02b78063          	beq	a5,a1,10001f9a <resetd_control_xfer_cb+0x48>
10001f7e:	4709                	li	a4,2
10001f80:	00e78563          	beq	a5,a4,10001f8a <resetd_control_xfer_cb+0x38>
10001f84:	40b2                	lw	ra,12(sp)
10001f86:	0141                	addi	sp,sp,16
10001f88:	8082                	ret
10001f8a:	4501                	li	a0,0
10001f8c:	06400613          	li	a2,100
10001f90:	4581                	li	a1,0
10001f92:	915ff0ef          	jal	100018a6 <watchdog_reboot>
10001f96:	4505                	li	a0,1
10001f98:	b7f5                	j	10001f84 <resetd_control_xfer_cb+0x32>
10001f9a:	826c                	lbu	a1,3(a2)
10001f9c:	8238                	lbu	a4,2(a2)
10001f9e:	05a2                	slli	a1,a1,0x8
10001fa0:	1005f793          	andi	a5,a1,256
10001fa4:	8dd9                	or	a1,a1,a4
10001fa6:	cb89                	beqz	a5,10001fb8 <resetd_control_xfer_cb+0x66>
10001fa8:	0095d613          	srli	a2,a1,0x9
10001fac:	8532                	mv	a0,a2
10001fae:	8a05                	andi	a2,a2,1
10001fb0:	07f5f593          	andi	a1,a1,127
10001fb4:	9a5ff0ef          	jal	10001958 <rom_reset_usb_boot_extra>
10001fb8:	557d                	li	a0,-1
10001fba:	0095d613          	srli	a2,a1,0x9
10001fbe:	bfc5                	j	10001fae <resetd_control_xfer_cb+0x5c>

10001fc0 <tud_descriptor_bos_cb>:
10001fc0:	10005537          	lui	a0,0x10005
10001fc4:	1d050513          	addi	a0,a0,464 # 100051d0 <desc_bos>
10001fc8:	8082                	ret

10001fca <tud_vendor_control_xfer_cb>:
10001fca:	4785                	li	a5,1
10001fcc:	00f59f63          	bne	a1,a5,10001fea <tud_vendor_control_xfer_cb+0x20>
10001fd0:	825c                	lbu	a5,1(a2)
10001fd2:	00b79e63          	bne	a5,a1,10001fee <tud_vendor_control_xfer_cb+0x24>
10001fd6:	00564703          	lbu	a4,5(a2)
10001fda:	00464783          	lbu	a5,4(a2)
10001fde:	469d                	li	a3,7
10001fe0:	0722                	slli	a4,a4,0x8
10001fe2:	8f5d                	or	a4,a4,a5
10001fe4:	4781                	li	a5,0
10001fe6:	00d70763          	beq	a4,a3,10001ff4 <tud_vendor_control_xfer_cb+0x2a>
10001fea:	853e                	mv	a0,a5
10001fec:	8082                	ret
10001fee:	4781                	li	a5,0
10001ff0:	853e                	mv	a0,a5
10001ff2:	8082                	ret
10001ff4:	100057b7          	lui	a5,0x10005
10001ff8:	85b2                	mv	a1,a2
10001ffa:	0a600693          	li	a3,166
10001ffe:	12878613          	addi	a2,a5,296 # 10005128 <desc_ms_os_20>
10002002:	63e0106f          	j	10003640 <tud_control_xfer>

10002006 <usbd_app_driver_get_cb>:
10002006:	4705                	li	a4,1
10002008:	100057b7          	lui	a5,0x10005
1000200c:	8918                	sb	a4,0(a0)
1000200e:	10878513          	addi	a0,a5,264 # 10005108 <_resetd_driver>
10002012:	8082                	ret

10002014 <tud_cdc_line_coding_cb>:
10002014:	81d4                	lbu	a3,1(a1)
10002016:	8190                	lbu	a2,0(a1)
10002018:	81b8                	lbu	a4,2(a1)
1000201a:	81fc                	lbu	a5,3(a1)
1000201c:	06a2                	slli	a3,a3,0x8
1000201e:	8ed1                	or	a3,a3,a2
10002020:	0742                	slli	a4,a4,0x10
10002022:	8f55                	or	a4,a4,a3
10002024:	07e2                	slli	a5,a5,0x18
10002026:	8fd9                	or	a5,a5,a4
10002028:	4b000713          	li	a4,1200
1000202c:	00e78363          	beq	a5,a4,10002032 <tud_cdc_line_coding_cb+0x1e>
10002030:	8082                	ret
10002032:	1141                	addi	sp,sp,-16
10002034:	4601                	li	a2,0
10002036:	4581                	li	a1,0
10002038:	557d                	li	a0,-1
1000203a:	c606                	sw	ra,12(sp)
1000203c:	91dff0ef          	jal	10001958 <rom_reset_usb_boot_extra>

10002040 <stdio_usb_set_chars_available_callback>:
10002040:	84a1a7a3          	sw	a0,-1969(gp) # 20001cb0 <chars_available_callback>
10002044:	84b1a5a3          	sw	a1,-1973(gp) # 20001cac <chars_available_param>
10002048:	8082                	ret

1000204a <usb_irq>:
1000204a:	83f1c503          	lbu	a0,-1985(gp) # 20001ca0 <low_priority_irq_num>
1000204e:	cdefe06f          	j	1000052c <irq_set_pending>

10002052 <timer_task>:
10002052:	84318713          	addi	a4,gp,-1981 # 20001ca4 <one_shot_timer_crit_sec>
10002056:	431c                	lw	a5,0(a4)
10002058:	1141                	addi	sp,sp,-16
1000205a:	c606                	sw	ra,12(sp)
1000205c:	c422                	sw	s0,8(sp)
1000205e:	c226                	sw	s1,4(sp)
10002060:	c04a                	sw	s2,0(sp)
10002062:	c7a5                	beqz	a5,100020ca <timer_task+0x78>
10002064:	300476f3          	csrrci	a3,mstatus,8
10002068:	00379613          	slli	a2,a5,0x3
1000206c:	28c01633          	bset	a2,zero,a2
10002070:	9bf1                	andi	a5,a5,-4
10002072:	44c7a5af          	amoor.w.aq	a1,a2,(a5)
10002076:	8df1                	and	a1,a1,a2
10002078:	fded                	bnez	a1,10002072 <timer_task+0x20>
1000207a:	0330000f          	fence	rw,rw
1000207e:	c354                	sw	a3,4(a4)
10002080:	431c                	lw	a5,0(a4)
10002082:	84018023          	sb	zero,-1984(gp) # 20001ca1 <one_shot_timer_pending>
10002086:	0330000f          	fence	rw,rw
1000208a:	00078023          	sb	zero,0(a5)
1000208e:	8aa1                	andi	a3,a3,8
10002090:	3006a073          	csrs	mstatus,a3
10002094:	4401                	li	s0,0
10002096:	4481                	li	s1,0
10002098:	83f1c503          	lbu	a0,-1985(gp) # 20001ca0 <low_priority_irq_num>
1000209c:	c7efe0ef          	jal	1000051a <irq_is_enabled>
100020a0:	e911                	bnez	a0,100020b4 <timer_task+0x62>
100020a2:	4401                	li	s0,0
100020a4:	4481                	li	s1,0
100020a6:	ac66                	cm.mva01s	s0,s1
100020a8:	40b2                	lw	ra,12(sp)
100020aa:	4422                	lw	s0,8(sp)
100020ac:	4492                	lw	s1,4(sp)
100020ae:	4902                	lw	s2,0(sp)
100020b0:	0141                	addi	sp,sp,16
100020b2:	8082                	ret
100020b4:	83f1c503          	lbu	a0,-1985(gp) # 20001ca0 <low_priority_irq_num>
100020b8:	c74fe0ef          	jal	1000052c <irq_set_pending>
100020bc:	ac66                	cm.mva01s	s0,s1
100020be:	40b2                	lw	ra,12(sp)
100020c0:	4422                	lw	s0,8(sp)
100020c2:	4492                	lw	s1,4(sp)
100020c4:	4902                	lw	s2,0(sp)
100020c6:	0141                	addi	sp,sp,16
100020c8:	8082                	ret
100020ca:	3e800413          	li	s0,1000
100020ce:	4481                	li	s1,0
100020d0:	b7e1                	j	10002098 <timer_task+0x46>

100020d2 <stdio_usb_in_chars>:
100020d2:	1141                	addi	sp,sp,-16
100020d4:	c226                	sw	s1,4(sp)
100020d6:	84aa                	mv	s1,a0
100020d8:	4501                	li	a0,0
100020da:	c04a                	sw	s2,0(sp)
100020dc:	c606                	sw	ra,12(sp)
100020de:	892e                	mv	s2,a1
100020e0:	093010ef          	jal	10003972 <tud_cdc_n_connected>
100020e4:	c159                	beqz	a0,1000216a <stdio_usb_in_chars+0x98>
100020e6:	4501                	li	a0,0
100020e8:	0cb010ef          	jal	100039b2 <tud_cdc_n_available>
100020ec:	cd3d                	beqz	a0,1000216a <stdio_usb_in_chars+0x98>
100020ee:	c422                	sw	s0,8(sp)
100020f0:	c78ff0ef          	jal	10001568 <time_us_64>
100020f4:	000f47b7          	lui	a5,0xf4
100020f8:	24078793          	addi	a5,a5,576 # f4240 <HeapSize+0xf3a40>
100020fc:	97aa                	add	a5,a5,a0
100020fe:	00a7b633          	sltu	a2,a5,a0
10002102:	80000737          	lui	a4,0x80000
10002106:	962e                	add	a2,a2,a1
10002108:	177d                	addi	a4,a4,-1 # 7fffffff <__StackTop+0x5ff7dfff>
1000210a:	85be                	mv	a1,a5
1000210c:	04c76363          	bltu	a4,a2,10002152 <stdio_usb_in_chars+0x80>
10002110:	85318513          	addi	a0,gp,-1965 # 20001cb4 <stdio_usb_mutex>
10002114:	0fffe097          	auipc	ra,0xfffe
10002118:	fd4080e7          	jalr	-44(ra) # 200000e8 <mutex_try_enter_block_until>
1000211c:	c531                	beqz	a0,10002168 <stdio_usb_in_chars+0x96>
1000211e:	4501                	li	a0,0
10002120:	053010ef          	jal	10003972 <tud_cdc_n_connected>
10002124:	c509                	beqz	a0,1000212e <stdio_usb_in_chars+0x5c>
10002126:	4501                	li	a0,0
10002128:	08b010ef          	jal	100039b2 <tud_cdc_n_available>
1000212c:	e515                	bnez	a0,10002158 <stdio_usb_in_chars+0x86>
1000212e:	4581                	li	a1,0
10002130:	557d                	li	a0,-1
10002132:	387000ef          	jal	10002cb8 <tud_task_ext>
10002136:	54f5                	li	s1,-3
10002138:	85318513          	addi	a0,gp,-1965 # 20001cb4 <stdio_usb_mutex>
1000213c:	0fffe097          	auipc	ra,0xfffe
10002140:	05a080e7          	jalr	90(ra) # 20000196 <mutex_exit>
10002144:	4422                	lw	s0,8(sp)
10002146:	40b2                	lw	ra,12(sp)
10002148:	4902                	lw	s2,0(sp)
1000214a:	8526                	mv	a0,s1
1000214c:	4492                	lw	s1,4(sp)
1000214e:	0141                	addi	sp,sp,16
10002150:	8082                	ret
10002152:	863a                	mv	a2,a4
10002154:	55fd                	li	a1,-1
10002156:	bf6d                	j	10002110 <stdio_usb_in_chars+0x3e>
10002158:	85a6                	mv	a1,s1
1000215a:	864a                	mv	a2,s2
1000215c:	4501                	li	a0,0
1000215e:	07b010ef          	jal	100039d8 <tud_cdc_n_read>
10002162:	84aa                	mv	s1,a0
10002164:	f971                	bnez	a0,10002138 <stdio_usb_in_chars+0x66>
10002166:	bfc1                	j	10002136 <stdio_usb_in_chars+0x64>
10002168:	4422                	lw	s0,8(sp)
1000216a:	54f5                	li	s1,-3
1000216c:	bfe9                	j	10002146 <stdio_usb_in_chars+0x74>

1000216e <stdio_usb_out_flush>:
1000216e:	1141                	addi	sp,sp,-16
10002170:	c606                	sw	ra,12(sp)
10002172:	c422                	sw	s0,8(sp)
10002174:	bf4ff0ef          	jal	10001568 <time_us_64>
10002178:	000f47b7          	lui	a5,0xf4
1000217c:	24078793          	addi	a5,a5,576 # f4240 <HeapSize+0xf3a40>
10002180:	97aa                	add	a5,a5,a0
10002182:	00a7b633          	sltu	a2,a5,a0
10002186:	80000737          	lui	a4,0x80000
1000218a:	962e                	add	a2,a2,a1
1000218c:	177d                	addi	a4,a4,-1 # 7fffffff <__StackTop+0x5ff7dfff>
1000218e:	85be                	mv	a1,a5
10002190:	00c77463          	bgeu	a4,a2,10002198 <stdio_usb_out_flush+0x2a>
10002194:	863a                	mv	a2,a4
10002196:	55fd                	li	a1,-1
10002198:	85318513          	addi	a0,gp,-1965 # 20001cb4 <stdio_usb_mutex>
1000219c:	0fffe097          	auipc	ra,0xfffe
100021a0:	f4c080e7          	jalr	-180(ra) # 200000e8 <mutex_try_enter_block_until>
100021a4:	c115                	beqz	a0,100021c8 <stdio_usb_out_flush+0x5a>
100021a6:	557d                	li	a0,-1
100021a8:	4581                	li	a1,0
100021aa:	30f000ef          	jal	10002cb8 <tud_task_ext>
100021ae:	4501                	li	a0,0
100021b0:	0d3010ef          	jal	10003a82 <tud_cdc_n_write_flush>
100021b4:	f96d                	bnez	a0,100021a6 <stdio_usb_out_flush+0x38>
100021b6:	85318513          	addi	a0,gp,-1965 # 20001cb4 <stdio_usb_mutex>
100021ba:	4422                	lw	s0,8(sp)
100021bc:	40b2                	lw	ra,12(sp)
100021be:	0141                	addi	sp,sp,16
100021c0:	0fffe317          	auipc	t1,0xfffe
100021c4:	fd630067          	jr	-42(t1) # 20000196 <mutex_exit>
100021c8:	40b2                	lw	ra,12(sp)
100021ca:	4422                	lw	s0,8(sp)
100021cc:	0141                	addi	sp,sp,16
100021ce:	8082                	ret

100021d0 <stdio_usb_out_chars>:
100021d0:	1101                	addi	sp,sp,-32
100021d2:	c84a                	sw	s2,16(sp)
100021d4:	c64e                	sw	s3,12(sp)
100021d6:	ce06                	sw	ra,28(sp)
100021d8:	c452                	sw	s4,8(sp)
100021da:	adaa                	cm.mvsa01	s3,s2
100021dc:	b8cff0ef          	jal	10001568 <time_us_64>
100021e0:	000f47b7          	lui	a5,0xf4
100021e4:	24078793          	addi	a5,a5,576 # f4240 <HeapSize+0xf3a40>
100021e8:	97aa                	add	a5,a5,a0
100021ea:	00a7b633          	sltu	a2,a5,a0
100021ee:	80000737          	lui	a4,0x80000
100021f2:	962e                	add	a2,a2,a1
100021f4:	177d                	addi	a4,a4,-1 # 7fffffff <__StackTop+0x5ff7dfff>
100021f6:	85be                	mv	a1,a5
100021f8:	00c77463          	bgeu	a4,a2,10002200 <stdio_usb_out_chars+0x30>
100021fc:	863a                	mv	a2,a4
100021fe:	55fd                	li	a1,-1
10002200:	85318513          	addi	a0,gp,-1965 # 20001cb4 <stdio_usb_mutex>
10002204:	0fffe097          	auipc	ra,0xfffe
10002208:	ee4080e7          	jalr	-284(ra) # 200000e8 <mutex_try_enter_block_until>
1000220c:	e519                	bnez	a0,1000221a <stdio_usb_out_chars+0x4a>
1000220e:	40f2                	lw	ra,28(sp)
10002210:	4942                	lw	s2,16(sp)
10002212:	49b2                	lw	s3,12(sp)
10002214:	4a22                	lw	s4,8(sp)
10002216:	6105                	addi	sp,sp,32
10002218:	8082                	ret
1000221a:	4501                	li	a0,0
1000221c:	756010ef          	jal	10003972 <tud_cdc_n_connected>
10002220:	c945                	beqz	a0,100022d0 <stdio_usb_out_chars+0x100>
10002222:	cc22                	sw	s0,24(sp)
10002224:	c256                	sw	s5,4(sp)
10002226:	4401                	li	s0,0
10002228:	05205063          	blez	s2,10002268 <stdio_usb_out_chars+0x98>
1000222c:	4501                	li	a0,0
1000222e:	175010ef          	jal	10003ba2 <tud_cdc_n_write_available>
10002232:	862a                	mv	a2,a0
10002234:	408907b3          	sub	a5,s2,s0
10002238:	0af64633          	min	a2,a2,a5
1000223c:	008985b3          	add	a1,s3,s0
10002240:	4501                	li	a0,0
10002242:	c221                	beqz	a2,10002282 <stdio_usb_out_chars+0xb2>
10002244:	0f7010ef          	jal	10003b3a <tud_cdc_n_write>
10002248:	4581                	li	a1,0
1000224a:	942a                	add	s0,s0,a0
1000224c:	557d                	li	a0,-1
1000224e:	26b000ef          	jal	10002cb8 <tud_task_ext>
10002252:	4501                	li	a0,0
10002254:	02f010ef          	jal	10003a82 <tud_cdc_n_write_flush>
10002258:	b10ff0ef          	jal	10001568 <time_us_64>
1000225c:	82a1aba3          	sw	a0,-1993(gp) # 20001c98 <last_avail_time.1>
10002260:	82b1ada3          	sw	a1,-1989(gp) # 20001c9c <last_avail_time.1+0x4>
10002264:	fd2444e3          	blt	s0,s2,1000222c <stdio_usb_out_chars+0x5c>
10002268:	4462                	lw	s0,24(sp)
1000226a:	4a92                	lw	s5,4(sp)
1000226c:	40f2                	lw	ra,28(sp)
1000226e:	4942                	lw	s2,16(sp)
10002270:	49b2                	lw	s3,12(sp)
10002272:	85318513          	addi	a0,gp,-1965 # 20001cb4 <stdio_usb_mutex>
10002276:	4a22                	lw	s4,8(sp)
10002278:	6105                	addi	sp,sp,32
1000227a:	0fffe317          	auipc	t1,0xfffe
1000227e:	f1c30067          	jr	-228(t1) # 20000196 <mutex_exit>
10002282:	4581                	li	a1,0
10002284:	557d                	li	a0,-1
10002286:	233000ef          	jal	10002cb8 <tud_task_ext>
1000228a:	4501                	li	a0,0
1000228c:	7f6010ef          	jal	10003a82 <tud_cdc_n_write_flush>
10002290:	4501                	li	a0,0
10002292:	6e0010ef          	jal	10003972 <tud_cdc_n_connected>
10002296:	87aa                	mv	a5,a0
10002298:	4501                	li	a0,0
1000229a:	d7f9                	beqz	a5,10002268 <stdio_usb_out_chars+0x98>
1000229c:	107010ef          	jal	10003ba2 <tud_cdc_n_write_available>
100022a0:	f171                	bnez	a0,10002264 <stdio_usb_out_chars+0x94>
100022a2:	ac6ff0ef          	jal	10001568 <time_us_64>
100022a6:	8371a783          	lw	a5,-1993(gp) # 20001c98 <last_avail_time.1>
100022aa:	0007a737          	lui	a4,0x7a
100022ae:	83b1a683          	lw	a3,-1989(gp) # 20001c9c <last_avail_time.1+0x4>
100022b2:	12070713          	addi	a4,a4,288 # 7a120 <HeapSize+0x79920>
100022b6:	973e                	add	a4,a4,a5
100022b8:	00f737b3          	sltu	a5,a4,a5
100022bc:	97b6                	add	a5,a5,a3
100022be:	fab7e5e3          	bltu	a5,a1,10002268 <stdio_usb_out_chars+0x98>
100022c2:	faf591e3          	bne	a1,a5,10002264 <stdio_usb_out_chars+0x94>
100022c6:	faa761e3          	bltu	a4,a0,10002268 <stdio_usb_out_chars+0x98>
100022ca:	f72441e3          	blt	s0,s2,1000222c <stdio_usb_out_chars+0x5c>
100022ce:	bf69                	j	10002268 <stdio_usb_out_chars+0x98>
100022d0:	40f2                	lw	ra,28(sp)
100022d2:	4942                	lw	s2,16(sp)
100022d4:	49b2                	lw	s3,12(sp)
100022d6:	4681                	li	a3,0
100022d8:	4701                	li	a4,0
100022da:	85318513          	addi	a0,gp,-1965 # 20001cb4 <stdio_usb_mutex>
100022de:	4a22                	lw	s4,8(sp)
100022e0:	82d1aba3          	sw	a3,-1993(gp) # 20001c98 <last_avail_time.1>
100022e4:	82e1ada3          	sw	a4,-1989(gp) # 20001c9c <last_avail_time.1+0x4>
100022e8:	6105                	addi	sp,sp,32
100022ea:	0fffe317          	auipc	t1,0xfffe
100022ee:	eac30067          	jr	-340(t1) # 20000196 <mutex_exit>

100022f2 <low_priority_worker_irq>:
100022f2:	1141                	addi	sp,sp,-16
100022f4:	c422                	sw	s0,8(sp)
100022f6:	85318513          	addi	a0,gp,-1965 # 20001cb4 <stdio_usb_mutex>
100022fa:	4581                	li	a1,0
100022fc:	c606                	sw	ra,12(sp)
100022fe:	0fffe097          	auipc	ra,0xfffe
10002302:	d02080e7          	jalr	-766(ra) # 20000000 <mutex_try_enter>
10002306:	e531                	bnez	a0,10002352 <low_priority_worker_irq+0x60>
10002308:	84318713          	addi	a4,gp,-1981 # 20001ca4 <one_shot_timer_crit_sec>
1000230c:	431c                	lw	a5,0(a4)
1000230e:	cf95                	beqz	a5,1000234a <low_priority_worker_irq+0x58>
10002310:	300476f3          	csrrci	a3,mstatus,8
10002314:	00379613          	slli	a2,a5,0x3
10002318:	28c01633          	bset	a2,zero,a2
1000231c:	9bf1                	andi	a5,a5,-4
1000231e:	44c7a5af          	amoor.w.aq	a1,a2,(a5)
10002322:	8df1                	and	a1,a1,a2
10002324:	fded                	bnez	a1,1000231e <low_priority_worker_irq+0x2c>
10002326:	0330000f          	fence	rw,rw
1000232a:	8401c783          	lbu	a5,-1984(gp) # 20001ca1 <one_shot_timer_pending>
1000232e:	4585                	li	a1,1
10002330:	c354                	sw	a3,4(a4)
10002332:	9fe1                	zext.b	a5,a5
10002334:	4318                	lw	a4,0(a4)
10002336:	84b18023          	sb	a1,-1984(gp) # 20001ca1 <one_shot_timer_pending>
1000233a:	0330000f          	fence	rw,rw
1000233e:	00070023          	sb	zero,0(a4)
10002342:	8aa1                	andi	a3,a3,8
10002344:	3006a073          	csrs	mstatus,a3
10002348:	c7a1                	beqz	a5,10002390 <low_priority_worker_irq+0x9e>
1000234a:	40b2                	lw	ra,12(sp)
1000234c:	4422                	lw	s0,8(sp)
1000234e:	0141                	addi	sp,sp,16
10002350:	8082                	ret
10002352:	4581                	li	a1,0
10002354:	557d                	li	a0,-1
10002356:	c226                	sw	s1,4(sp)
10002358:	161000ef          	jal	10002cb8 <tud_task_ext>
1000235c:	4501                	li	a0,0
1000235e:	654010ef          	jal	100039b2 <tud_cdc_n_available>
10002362:	84aa                	mv	s1,a0
10002364:	85318513          	addi	a0,gp,-1965 # 20001cb4 <stdio_usb_mutex>
10002368:	0fffe097          	auipc	ra,0xfffe
1000236c:	e2e080e7          	jalr	-466(ra) # 20000196 <mutex_exit>
10002370:	c899                	beqz	s1,10002386 <low_priority_worker_irq+0x94>
10002372:	84f1a783          	lw	a5,-1969(gp) # 20001cb0 <chars_available_callback>
10002376:	cb81                	beqz	a5,10002386 <low_priority_worker_irq+0x94>
10002378:	4422                	lw	s0,8(sp)
1000237a:	4492                	lw	s1,4(sp)
1000237c:	40b2                	lw	ra,12(sp)
1000237e:	84b1a503          	lw	a0,-1973(gp) # 20001cac <chars_available_param>
10002382:	0141                	addi	sp,sp,16
10002384:	8782                	jr	a5
10002386:	40b2                	lw	ra,12(sp)
10002388:	4422                	lw	s0,8(sp)
1000238a:	4492                	lw	s1,4(sp)
1000238c:	0141                	addi	sp,sp,16
1000238e:	8082                	ret
10002390:	cfbfe0ef          	jal	1000108a <alarm_pool_get_default>
10002394:	842a                	mv	s0,a0
10002396:	9d2ff0ef          	jal	10001568 <time_us_64>
1000239a:	3e850793          	addi	a5,a0,1000
1000239e:	00a7b633          	sltu	a2,a5,a0
100023a2:	80000737          	lui	a4,0x80000
100023a6:	962e                	add	a2,a2,a1
100023a8:	177d                	addi	a4,a4,-1 # 7fffffff <__StackTop+0x5ff7dfff>
100023aa:	85be                	mv	a1,a5
100023ac:	00c77463          	bgeu	a4,a2,100023b4 <low_priority_worker_irq+0xc2>
100023b0:	863a                	mv	a2,a4
100023b2:	55fd                	li	a1,-1
100023b4:	8522                	mv	a0,s0
100023b6:	4422                	lw	s0,8(sp)
100023b8:	40b2                	lw	ra,12(sp)
100023ba:	100026b7          	lui	a3,0x10002
100023be:	05268693          	addi	a3,a3,82 # 10002052 <timer_task>
100023c2:	4785                	li	a5,1
100023c4:	4701                	li	a4,0
100023c6:	0141                	addi	sp,sp,16
100023c8:	ccdfe06f          	j	10001094 <alarm_pool_add_alarm_at>

100023cc <stdio_usb_init>:
100023cc:	1141                	addi	sp,sp,-16
100023ce:	d00007b7          	lui	a5,0xd0000
100023d2:	c422                	sw	s0,8(sp)
100023d4:	4380                	lw	s0,0(a5)
100023d6:	c606                	sw	ra,12(sp)
100023d8:	cb3fe0ef          	jal	1000108a <alarm_pool_get_default>
100023dc:	f29fe0ef          	jal	10001304 <alarm_pool_core_num>
100023e0:	00850763          	beq	a0,s0,100023ee <stdio_usb_init+0x22>
100023e4:	40b2                	lw	ra,12(sp)
100023e6:	4422                	lw	s0,8(sp)
100023e8:	4501                	li	a0,0
100023ea:	0141                	addi	sp,sp,16
100023ec:	8082                	ret
100023ee:	100057b7          	lui	a5,0x10005
100023f2:	38c7c783          	lbu	a5,908(a5) # 1000538c <__bi_ptr202.2>
100023f6:	4581                	li	a1,0
100023f8:	4501                	li	a0,0
100023fa:	729010ef          	jal	10004322 <tusb_rhport_init>
100023fe:	85318513          	addi	a0,gp,-1965 # 20001cb4 <stdio_usb_mutex>
10002402:	411c                	lw	a5,0(a0)
10002404:	c7dd                	beqz	a5,100024b2 <stdio_usb_init+0xe6>
10002406:	4505                	li	a0,1
10002408:	ec8fe0ef          	jal	10000ad0 <user_irq_claim_unused>
1000240c:	100025b7          	lui	a1,0x10002
10002410:	87aa                	mv	a5,a0
10002412:	9d61                	zext.b	a0,a0
10002414:	2f258593          	addi	a1,a1,754 # 100022f2 <low_priority_worker_irq>
10002418:	82f18fa3          	sb	a5,-1985(gp) # 20001ca0 <low_priority_irq_num>
1000241c:	942fe0ef          	jal	1000055e <irq_set_exclusive_handler>
10002420:	83f1c503          	lbu	a0,-1985(gp) # 20001ca0 <low_priority_irq_num>
10002424:	4585                	li	a1,1
10002426:	8befe0ef          	jal	100004e4 <irq_set_enabled>
1000242a:	4539                	li	a0,14
1000242c:	914fe0ef          	jal	10000540 <irq_has_shared_handler>
10002430:	e125                	bnez	a0,10002490 <stdio_usb_init+0xc4>
10002432:	84318793          	addi	a5,gp,-1981 # 20001ca4 <one_shot_timer_crit_sec>
10002436:	0007a023          	sw	zero,0(a5)
1000243a:	0007a223          	sw	zero,4(a5)
1000243e:	c4dfe0ef          	jal	1000108a <alarm_pool_get_default>
10002442:	842a                	mv	s0,a0
10002444:	924ff0ef          	jal	10001568 <time_us_64>
10002448:	3e850793          	addi	a5,a0,1000
1000244c:	00a7b633          	sltu	a2,a5,a0
10002450:	80000737          	lui	a4,0x80000
10002454:	962e                	add	a2,a2,a1
10002456:	177d                	addi	a4,a4,-1 # 7fffffff <__StackTop+0x5ff7dfff>
10002458:	85be                	mv	a1,a5
1000245a:	00c77463          	bgeu	a4,a2,10002462 <stdio_usb_init+0x96>
1000245e:	863a                	mv	a2,a4
10002460:	55fd                	li	a1,-1
10002462:	100026b7          	lui	a3,0x10002
10002466:	8522                	mv	a0,s0
10002468:	05268693          	addi	a3,a3,82 # 10002052 <timer_task>
1000246c:	4785                	li	a5,1
1000246e:	4701                	li	a4,0
10002470:	c25fe0ef          	jal	10001094 <alarm_pool_add_alarm_at>
10002474:	f60548e3          	bltz	a0,100023e4 <stdio_usb_init+0x18>
10002478:	20001537          	lui	a0,0x20001
1000247c:	06850513          	addi	a0,a0,104 # 20001068 <stdio_usb>
10002480:	4585                	li	a1,1
10002482:	983ff0ef          	jal	10001e04 <stdio_set_driver_enabled>
10002486:	40b2                	lw	ra,12(sp)
10002488:	4422                	lw	s0,8(sp)
1000248a:	4505                	li	a0,1
1000248c:	0141                	addi	sp,sp,16
1000248e:	8082                	ret
10002490:	4505                	li	a0,1
10002492:	fe1fd0ef          	jal	10000472 <spin_lock_claim_unused>
10002496:	85aa                	mv	a1,a0
10002498:	84318513          	addi	a0,gp,-1981 # 20001ca4 <one_shot_timer_crit_sec>
1000249c:	f1cfe0ef          	jal	10000bb8 <critical_section_init_with_lock_num>
100024a0:	100025b7          	lui	a1,0x10002
100024a4:	04a58593          	addi	a1,a1,74 # 1000204a <usb_irq>
100024a8:	4601                	li	a2,0
100024aa:	4539                	li	a0,14
100024ac:	934fe0ef          	jal	100005e0 <irq_add_shared_handler>
100024b0:	b7e1                	j	10002478 <stdio_usb_init+0xac>
100024b2:	ebcfe0ef          	jal	10000b6e <mutex_init>
100024b6:	bf81                	j	10002406 <stdio_usb_init+0x3a>

100024b8 <tud_descriptor_device_cb>:
100024b8:	10005537          	lui	a0,0x10005
100024bc:	26c50513          	addi	a0,a0,620 # 1000526c <usbd_desc_device>
100024c0:	8082                	ret

100024c2 <tud_descriptor_configuration_cb>:
100024c2:	10005537          	lui	a0,0x10005
100024c6:	21850513          	addi	a0,a0,536 # 10005218 <usbd_desc_cfg>
100024ca:	8082                	ret

100024cc <tud_descriptor_string_cb>:
100024cc:	200027b7          	lui	a5,0x20002
100024d0:	c507c683          	lbu	a3,-944(a5) # 20001c50 <usbd_serial_str>
100024d4:	1101                	addi	sp,sp,-32
100024d6:	ce06                	sw	ra,28(sp)
100024d8:	872a                	mv	a4,a0
100024da:	ceb9                	beqz	a3,10002538 <tud_descriptor_string_cb+0x6c>
100024dc:	ef11                	bnez	a4,100024f8 <tud_descriptor_string_cb+0x2c>
100024de:	20002537          	lui	a0,0x20002
100024e2:	40900793          	li	a5,1033
100024e6:	80850513          	addi	a0,a0,-2040 # 20001808 <desc_str.0>
100024ea:	8d3c                	sh	a5,2(a0)
100024ec:	30400793          	li	a5,772
100024f0:	8d1c                	sh	a5,0(a0)
100024f2:	40f2                	lw	ra,28(sp)
100024f4:	6105                	addi	sp,sp,32
100024f6:	8082                	ret
100024f8:	4795                	li	a5,5
100024fa:	04e7e963          	bltu	a5,a4,1000254c <tud_descriptor_string_cb+0x80>
100024fe:	100057b7          	lui	a5,0x10005
10002502:	20078793          	addi	a5,a5,512 # 10005200 <usbd_desc_str>
10002506:	20002537          	lui	a0,0x20002
1000250a:	20f74733          	sh2add	a4,a4,a5
1000250e:	80850513          	addi	a0,a0,-2040 # 20001808 <desc_str.0>
10002512:	4318                	lw	a4,0(a4)
10002514:	00250613          	addi	a2,a0,2
10002518:	4781                	li	a5,0
1000251a:	45cd                	li	a1,19
1000251c:	a031                	j	10002528 <tud_descriptor_string_cb+0x5c>
1000251e:	8e14                	sh	a3,0(a2)
10002520:	0705                	addi	a4,a4,1
10002522:	0609                	addi	a2,a2,2
10002524:	02b78163          	beq	a5,a1,10002546 <tud_descriptor_string_cb+0x7a>
10002528:	8314                	lbu	a3,0(a4)
1000252a:	0785                	addi	a5,a5,1
1000252c:	9fe1                	zext.b	a5,a5
1000252e:	fae5                	bnez	a3,1000251e <tud_descriptor_string_cb+0x52>
10002530:	0786                	slli	a5,a5,0x1
10002532:	3007e793          	ori	a5,a5,768
10002536:	bf6d                	j	100024f0 <tud_descriptor_string_cb+0x24>
10002538:	c62a                	sw	a0,12(sp)
1000253a:	45c5                	li	a1,17
1000253c:	c5078513          	addi	a0,a5,-944
10002540:	2091                	jal	10002584 <pico_get_unique_board_id_string>
10002542:	4732                	lw	a4,12(sp)
10002544:	bf61                	j	100024dc <tud_descriptor_string_cb+0x10>
10002546:	32800793          	li	a5,808
1000254a:	b75d                	j	100024f0 <tud_descriptor_string_cb+0x24>
1000254c:	4501                	li	a0,0
1000254e:	b755                	j	100024f2 <tud_descriptor_string_cb+0x26>

10002550 <_retrieve_unique_id_on_boot>:
10002550:	6515                	lui	a0,0x5
10002552:	7139                	addi	sp,sp,-64
10002554:	34750513          	addi	a0,a0,839 # 5347 <HeapSize+0x4b47>
10002558:	de06                	sw	ra,60(sp)
1000255a:	bf2ff0ef          	jal	1000194c <rom_func_lookup>
1000255e:	87aa                	mv	a5,a0
10002560:	4605                	li	a2,1
10002562:	0068                	addi	a0,sp,12
10002564:	45a5                	li	a1,9
10002566:	9782                	jalr	a5
10002568:	47d2                	lw	a5,20(sp)
1000256a:	4762                	lw	a4,24(sp)
1000256c:	85b18613          	addi	a2,gp,-1957 # 20001cbc <retrieved_id>
10002570:	6987d793          	rev8	a5,a5
10002574:	c25c                	sw	a5,4(a2)
10002576:	50f2                	lw	ra,60(sp)
10002578:	69875713          	rev8	a4,a4
1000257c:	84e1ada3          	sw	a4,-1957(gp) # 20001cbc <retrieved_id>
10002580:	6121                	addi	sp,sp,64
10002582:	8082                	ret

10002584 <pico_get_unique_board_id_string>:
10002584:	4785                	li	a5,1
10002586:	18f58d63          	beq	a1,a5,10002720 <pico_get_unique_board_id_string+0x19c>
1000258a:	85b18793          	addi	a5,gp,-1957 # 20001cbc <retrieved_id>
1000258e:	8398                	lbu	a4,0(a5)
10002590:	4825                	li	a6,9
10002592:	15fd                	addi	a1,a1,-1
10002594:	40475693          	srai	a3,a4,0x4
10002598:	03068613          	addi	a2,a3,48
1000259c:	18d84563          	blt	a6,a3,10002726 <pico_get_unique_board_id_string+0x1a2>
100025a0:	8910                	sb	a2,0(a0)
100025a2:	4685                	li	a3,1
100025a4:	1cd58963          	beq	a1,a3,10002776 <pico_get_unique_board_id_string+0x1f2>
100025a8:	8b3d                	andi	a4,a4,15
100025aa:	4625                	li	a2,9
100025ac:	03070693          	addi	a3,a4,48
100025b0:	16e66e63          	bltu	a2,a4,1000272c <pico_get_unique_board_id_string+0x1a8>
100025b4:	8954                	sb	a3,1(a0)
100025b6:	4709                	li	a4,2
100025b8:	1ae58f63          	beq	a1,a4,10002776 <pico_get_unique_board_id_string+0x1f2>
100025bc:	83d8                	lbu	a4,1(a5)
100025be:	4825                	li	a6,9
100025c0:	40475693          	srai	a3,a4,0x4
100025c4:	03068613          	addi	a2,a3,48
100025c8:	16d84563          	blt	a6,a3,10002732 <pico_get_unique_board_id_string+0x1ae>
100025cc:	8930                	sb	a2,2(a0)
100025ce:	468d                	li	a3,3
100025d0:	1ad58363          	beq	a1,a3,10002776 <pico_get_unique_board_id_string+0x1f2>
100025d4:	8b3d                	andi	a4,a4,15
100025d6:	4625                	li	a2,9
100025d8:	03070693          	addi	a3,a4,48
100025dc:	14e66e63          	bltu	a2,a4,10002738 <pico_get_unique_board_id_string+0x1b4>
100025e0:	8974                	sb	a3,3(a0)
100025e2:	4711                	li	a4,4
100025e4:	18e58963          	beq	a1,a4,10002776 <pico_get_unique_board_id_string+0x1f2>
100025e8:	83b8                	lbu	a4,2(a5)
100025ea:	4825                	li	a6,9
100025ec:	40475693          	srai	a3,a4,0x4
100025f0:	03068613          	addi	a2,a3,48
100025f4:	14d84563          	blt	a6,a3,1000273e <pico_get_unique_board_id_string+0x1ba>
100025f8:	00c50223          	sb	a2,4(a0)
100025fc:	4695                	li	a3,5
100025fe:	16d58c63          	beq	a1,a3,10002776 <pico_get_unique_board_id_string+0x1f2>
10002602:	8b3d                	andi	a4,a4,15
10002604:	4625                	li	a2,9
10002606:	03070693          	addi	a3,a4,48
1000260a:	12e66d63          	bltu	a2,a4,10002744 <pico_get_unique_board_id_string+0x1c0>
1000260e:	00d502a3          	sb	a3,5(a0)
10002612:	4719                	li	a4,6
10002614:	16e58163          	beq	a1,a4,10002776 <pico_get_unique_board_id_string+0x1f2>
10002618:	83f8                	lbu	a4,3(a5)
1000261a:	4825                	li	a6,9
1000261c:	40475693          	srai	a3,a4,0x4
10002620:	03068613          	addi	a2,a3,48
10002624:	12d84363          	blt	a6,a3,1000274a <pico_get_unique_board_id_string+0x1c6>
10002628:	00c50323          	sb	a2,6(a0)
1000262c:	469d                	li	a3,7
1000262e:	14d58463          	beq	a1,a3,10002776 <pico_get_unique_board_id_string+0x1f2>
10002632:	8b3d                	andi	a4,a4,15
10002634:	4625                	li	a2,9
10002636:	03070693          	addi	a3,a4,48
1000263a:	10e66b63          	bltu	a2,a4,10002750 <pico_get_unique_board_id_string+0x1cc>
1000263e:	00d503a3          	sb	a3,7(a0)
10002642:	4721                	li	a4,8
10002644:	12e58963          	beq	a1,a4,10002776 <pico_get_unique_board_id_string+0x1f2>
10002648:	0047c703          	lbu	a4,4(a5)
1000264c:	4825                	li	a6,9
1000264e:	40475693          	srai	a3,a4,0x4
10002652:	03068613          	addi	a2,a3,48
10002656:	10d84063          	blt	a6,a3,10002756 <pico_get_unique_board_id_string+0x1d2>
1000265a:	00c50423          	sb	a2,8(a0)
1000265e:	46a5                	li	a3,9
10002660:	10d58b63          	beq	a1,a3,10002776 <pico_get_unique_board_id_string+0x1f2>
10002664:	8b3d                	andi	a4,a4,15
10002666:	03070613          	addi	a2,a4,48
1000266a:	0ee6e963          	bltu	a3,a4,1000275c <pico_get_unique_board_id_string+0x1d8>
1000266e:	00c504a3          	sb	a2,9(a0)
10002672:	4729                	li	a4,10
10002674:	10e58163          	beq	a1,a4,10002776 <pico_get_unique_board_id_string+0x1f2>
10002678:	0057c703          	lbu	a4,5(a5)
1000267c:	4825                	li	a6,9
1000267e:	40475693          	srai	a3,a4,0x4
10002682:	03068613          	addi	a2,a3,48
10002686:	0cd84e63          	blt	a6,a3,10002762 <pico_get_unique_board_id_string+0x1de>
1000268a:	00c50523          	sb	a2,10(a0)
1000268e:	46ad                	li	a3,11
10002690:	0ed58363          	beq	a1,a3,10002776 <pico_get_unique_board_id_string+0x1f2>
10002694:	8b3d                	andi	a4,a4,15
10002696:	4625                	li	a2,9
10002698:	03070693          	addi	a3,a4,48
1000269c:	0ce66663          	bltu	a2,a4,10002768 <pico_get_unique_board_id_string+0x1e4>
100026a0:	00d505a3          	sb	a3,11(a0)
100026a4:	4731                	li	a4,12
100026a6:	0ce58863          	beq	a1,a4,10002776 <pico_get_unique_board_id_string+0x1f2>
100026aa:	0067c703          	lbu	a4,6(a5)
100026ae:	4825                	li	a6,9
100026b0:	40475693          	srai	a3,a4,0x4
100026b4:	03068613          	addi	a2,a3,48
100026b8:	00d85463          	bge	a6,a3,100026c0 <pico_get_unique_board_id_string+0x13c>
100026bc:	03768613          	addi	a2,a3,55
100026c0:	00c50623          	sb	a2,12(a0)
100026c4:	46b5                	li	a3,13
100026c6:	0ad58863          	beq	a1,a3,10002776 <pico_get_unique_board_id_string+0x1f2>
100026ca:	8b3d                	andi	a4,a4,15
100026cc:	4625                	li	a2,9
100026ce:	03070693          	addi	a3,a4,48
100026d2:	00e67463          	bgeu	a2,a4,100026da <pico_get_unique_board_id_string+0x156>
100026d6:	03770693          	addi	a3,a4,55
100026da:	00d506a3          	sb	a3,13(a0)
100026de:	4739                	li	a4,14
100026e0:	08e58b63          	beq	a1,a4,10002776 <pico_get_unique_board_id_string+0x1f2>
100026e4:	0077c783          	lbu	a5,7(a5)
100026e8:	4625                	li	a2,9
100026ea:	4047d713          	srai	a4,a5,0x4
100026ee:	03070693          	addi	a3,a4,48
100026f2:	00e65463          	bge	a2,a4,100026fa <pico_get_unique_board_id_string+0x176>
100026f6:	03770693          	addi	a3,a4,55
100026fa:	00d50723          	sb	a3,14(a0)
100026fe:	473d                	li	a4,15
10002700:	06e58b63          	beq	a1,a4,10002776 <pico_get_unique_board_id_string+0x1f2>
10002704:	8ff9                	and	a5,a5,a4
10002706:	46a5                	li	a3,9
10002708:	03778713          	addi	a4,a5,55
1000270c:	00f6e463          	bltu	a3,a5,10002714 <pico_get_unique_board_id_string+0x190>
10002710:	03078713          	addi	a4,a5,48
10002714:	00e507a3          	sb	a4,15(a0)
10002718:	47c1                	li	a5,16
1000271a:	04f58e63          	beq	a1,a5,10002776 <pico_get_unique_board_id_string+0x1f2>
1000271e:	0541                	addi	a0,a0,16
10002720:	00050023          	sb	zero,0(a0)
10002724:	8082                	ret
10002726:	03768613          	addi	a2,a3,55
1000272a:	bd9d                	j	100025a0 <pico_get_unique_board_id_string+0x1c>
1000272c:	03770693          	addi	a3,a4,55
10002730:	b551                	j	100025b4 <pico_get_unique_board_id_string+0x30>
10002732:	03768613          	addi	a2,a3,55
10002736:	bd59                	j	100025cc <pico_get_unique_board_id_string+0x48>
10002738:	03770693          	addi	a3,a4,55
1000273c:	b555                	j	100025e0 <pico_get_unique_board_id_string+0x5c>
1000273e:	03768613          	addi	a2,a3,55
10002742:	bd5d                	j	100025f8 <pico_get_unique_board_id_string+0x74>
10002744:	03770693          	addi	a3,a4,55
10002748:	b5d9                	j	1000260e <pico_get_unique_board_id_string+0x8a>
1000274a:	03768613          	addi	a2,a3,55
1000274e:	bde9                	j	10002628 <pico_get_unique_board_id_string+0xa4>
10002750:	03770693          	addi	a3,a4,55
10002754:	b5ed                	j	1000263e <pico_get_unique_board_id_string+0xba>
10002756:	03768613          	addi	a2,a3,55
1000275a:	b701                	j	1000265a <pico_get_unique_board_id_string+0xd6>
1000275c:	03770613          	addi	a2,a4,55
10002760:	b739                	j	1000266e <pico_get_unique_board_id_string+0xea>
10002762:	03768613          	addi	a2,a3,55
10002766:	b715                	j	1000268a <pico_get_unique_board_id_string+0x106>
10002768:	03770693          	addi	a3,a4,55
1000276c:	00d505a3          	sb	a3,11(a0)
10002770:	4731                	li	a4,12
10002772:	f2e59ce3          	bne	a1,a4,100026aa <pico_get_unique_board_id_string+0x126>
10002776:	952e                	add	a0,a0,a1
10002778:	00050023          	sb	zero,0(a0)
1000277c:	8082                	ret

1000277e <dcd_init>:
1000277e:	1141                	addi	sp,sp,-16
10002780:	c606                	sw	ra,12(sp)
10002782:	c422                	sw	s0,8(sp)
10002784:	247d                	jal	10002a32 <rp2040_usb_init>
10002786:	50110437          	lui	s0,0x50110
1000278a:	47b1                	li	a5,12
1000278c:	200005b7          	lui	a1,0x20000
10002790:	dc3c                	sw	a5,120(s0)
10002792:	32a58593          	addi	a1,a1,810 # 2000032a <dcd_rp2040_irq>
10002796:	0ff00613          	li	a2,255
1000279a:	4539                	li	a0,14
1000279c:	e45fd0ef          	jal	100005e0 <irq_add_shared_handler>
100027a0:	200027b7          	lui	a5,0x20002
100027a4:	04000613          	li	a2,64
100027a8:	83078513          	addi	a0,a5,-2000 # 20001830 <hw_endpoints>
100027ac:	4581                	li	a1,0
100027ae:	55a020ef          	jal	10004d08 <memset>
100027b2:	87aa                	mv	a5,a0
100027b4:	4505                	li	a0,1
100027b6:	8bc8                	sb	a0,1(a5)
100027b8:	501005b7          	lui	a1,0x50100
100027bc:	0805a223          	sw	zero,132(a1) # 50100084 <__StackTop+0x3007e084>
100027c0:	872e                	mv	a4,a1
100027c2:	08000813          	li	a6,128
100027c6:	08072023          	sw	zero,128(a4)
100027ca:	10070693          	addi	a3,a4,256
100027ce:	04000613          	li	a2,64
100027d2:	9742                	add	a4,a4,a6
100027d4:	08458593          	addi	a1,a1,132
100027d8:	d798                	sw	a4,40(a5)
100027da:	00c79c23          	sh	a2,24(a5)
100027de:	0007a223          	sw	zero,4(a5)
100027e2:	020780a3          	sb	zero,33(a5)
100027e6:	02c79c23          	sh	a2,56(a5)
100027ea:	02078da3          	sb	zero,59(a5)
100027ee:	0207a223          	sw	zero,36(a5)
100027f2:	03079123          	sh	a6,34(a5)
100027f6:	c78c                	sw	a1,8(a5)
100027f8:	c7d4                	sw	a3,12(a5)
100027fa:	d7d4                	sw	a3,44(a5)
100027fc:	0fffe097          	auipc	ra,0xfffe
10002800:	9d2080e7          	jalr	-1582(ra) # 200001ce <reset_non_control_endpoints>
10002804:	4505                	li	a0,1
10002806:	c028                	sw	a0,64(s0)
10002808:	20000737          	lui	a4,0x20000
1000280c:	67f5                	lui	a5,0x1d
1000280e:	c478                	sw	a4,76(s0)
10002810:	07c1                	addi	a5,a5,16 # 1d010 <HeapSize+0x1c810>
10002812:	08f42823          	sw	a5,144(s0) # 50110090 <__StackTop+0x3008e090>
10002816:	40b2                	lw	ra,12(sp)
10002818:	4422                	lw	s0,8(sp)
1000281a:	501127b7          	lui	a5,0x50112
1000281e:	6741                	lui	a4,0x10
10002820:	c7f8                	sw	a4,76(a5)
10002822:	0141                	addi	sp,sp,16
10002824:	8082                	ret

10002826 <dcd_int_enable>:
10002826:	4585                	li	a1,1
10002828:	4539                	li	a0,14
1000282a:	cbbfd06f          	j	100004e4 <irq_set_enabled>

1000282e <dcd_set_address>:
1000282e:	20002537          	lui	a0,0x20002
10002832:	85050513          	addi	a0,a0,-1968 # 20001850 <hw_endpoints+0x20>
10002836:	4601                	li	a2,0
10002838:	4581                	li	a1,0
1000283a:	ac15                	j	10002a6e <hw_endpoint_xfer_start>

1000283c <dcd_sof_enable>:
1000283c:	86b181a3          	sb	a1,-1949(gp) # 20001cc4 <_sof_enable>
10002840:	c599                	beqz	a1,1000284e <dcd_sof_enable+0x12>
10002842:	501127b7          	lui	a5,0x50112
10002846:	00020737          	lui	a4,0x20
1000284a:	08e7a823          	sw	a4,144(a5) # 50112090 <__StackTop+0x30090090>
1000284e:	8082                	ret

10002850 <dcd_edpt0_status_complete>:
10002850:	819c                	lbu	a5,0(a1)
10002852:	07f7f793          	andi	a5,a5,127
10002856:	c391                	beqz	a5,1000285a <dcd_edpt0_status_complete+0xa>
10002858:	8082                	ret
1000285a:	81d8                	lbu	a4,1(a1)
1000285c:	4795                	li	a5,5
1000285e:	fef71de3          	bne	a4,a5,10002858 <dcd_edpt0_status_complete+0x8>
10002862:	81b8                	lbu	a4,2(a1)
10002864:	501107b7          	lui	a5,0x50110
10002868:	c398                	sw	a4,0(a5)
1000286a:	8082                	ret

1000286c <dcd_edpt_open>:
1000286c:	81f0                	lbu	a2,3(a1)
1000286e:	4805                	li	a6,1
10002870:	8a0d                	andi	a2,a2,3
10002872:	0f060f63          	beq	a2,a6,10002970 <dcd_edpt_open+0x104>
10002876:	81a8                	lbu	a0,2(a1)
10002878:	0055c703          	lbu	a4,5(a1)
1000287c:	0045c583          	lbu	a1,4(a1)
10002880:	00755693          	srli	a3,a0,0x7
10002884:	07f57893          	andi	a7,a0,127
10002888:	20d8a7b3          	sh1add	a5,a7,a3
1000288c:	20002337          	lui	t1,0x20002
10002890:	0722                	slli	a4,a4,0x8
10002892:	8f4d                	or	a4,a4,a1
10002894:	0796                	slli	a5,a5,0x5
10002896:	83030313          	addi	t1,t1,-2000 # 20001830 <hw_endpoints>
1000289a:	979a                	add	a5,a5,t1
1000289c:	7ff77713          	andi	a4,a4,2047
100028a0:	0106c5b3          	xor	a1,a3,a6
100028a4:	8ba8                	sb	a0,2(a5)
100028a6:	000781a3          	sb	zero,3(a5) # 50110003 <__StackTop+0x3008e003>
100028aa:	00c78da3          	sb	a2,27(a5)
100028ae:	00e79c23          	sh	a4,24(a5)
100028b2:	8bcc                	sb	a1,1(a5)
100028b4:	09068563          	beq	a3,a6,1000293e <dcd_edpt_open+0xd2>
100028b8:	501005b7          	lui	a1,0x50100
100028bc:	08458593          	addi	a1,a1,132 # 50100084 <__StackTop+0x3007e084>
100028c0:	00689513          	slli	a0,a7,0x6
100028c4:	20b8e5b3          	sh3add	a1,a7,a1
100028c8:	951a                	add	a0,a0,t1
100028ca:	c50c                	sw	a1,8(a0)
100028cc:	0005a023          	sw	zero,0(a1)
100028d0:	08088563          	beqz	a7,1000295a <dcd_edpt_open+0xee>
100028d4:	501007b7          	lui	a5,0x50100
100028d8:	0791                	addi	a5,a5,4 # 50100004 <__StackTop+0x3007e004>
100028da:	20f8e7b3          	sh3add	a5,a7,a5
100028de:	c15c                	sw	a5,4(a0)
100028e0:	1101                	addi	sp,sp,-32
100028e2:	03f70713          	addi	a4,a4,63 # 2003f <HeapSize+0x1f83f>
100028e6:	8319                	srli	a4,a4,0x6
100028e8:	ce06                	sw	ra,28(sp)
100028ea:	4789                	li	a5,2
100028ec:	00771593          	slli	a1,a4,0x7
100028f0:	00f60463          	beq	a2,a5,100028f8 <dcd_edpt_open+0x8c>
100028f4:	00671593          	slli	a1,a4,0x6
100028f8:	8671a603          	lw	a2,-1945(gp) # 20001cc8 <next_buffer_ptr>
100028fc:	20d8a7b3          	sh1add	a5,a7,a3
10002900:	0796                	slli	a5,a5,0x5
10002902:	00b60733          	add	a4,a2,a1
10002906:	979a                	add	a5,a5,t1
10002908:	86e1a3a3          	sw	a4,-1945(gp) # 20001cc8 <next_buffer_ptr>
1000290c:	c7d0                	sw	a2,12(a5)
1000290e:	501015b7          	lui	a1,0x50101
10002912:	06b77a63          	bgeu	a4,a1,10002986 <dcd_edpt_open+0x11a>
10002916:	20d8a7b3          	sh1add	a5,a7,a3
1000291a:	0796                	slli	a5,a5,0x5
1000291c:	979a                	add	a5,a5,t1
1000291e:	01b7c703          	lbu	a4,27(a5)
10002922:	501005b7          	lui	a1,0x50100
10002926:	43d4                	lw	a3,4(a5)
10002928:	8e2d                	xor	a2,a2,a1
1000292a:	01a71793          	slli	a5,a4,0x1a
1000292e:	40f2                	lw	ra,28(sp)
10002930:	8fd1                	or	a5,a5,a2
10002932:	29f79793          	bseti	a5,a5,0x1f
10002936:	c29c                	sw	a5,0(a3)
10002938:	4505                	li	a0,1
1000293a:	6105                	addi	sp,sp,32
1000293c:	8082                	ret
1000293e:	501007b7          	lui	a5,0x50100
10002942:	08078793          	addi	a5,a5,128 # 50100080 <__StackTop+0x3007e080>
10002946:	00689593          	slli	a1,a7,0x6
1000294a:	20f8e7b3          	sh3add	a5,a7,a5
1000294e:	959a                	add	a1,a1,t1
10002950:	d59c                	sw	a5,40(a1)
10002952:	0007a023          	sw	zero,0(a5)
10002956:	00089f63          	bnez	a7,10002974 <dcd_edpt_open+0x108>
1000295a:	0696                	slli	a3,a3,0x5
1000295c:	501007b7          	lui	a5,0x50100
10002960:	969a                	add	a3,a3,t1
10002962:	10078793          	addi	a5,a5,256 # 50100100 <__StackTop+0x3007e100>
10002966:	0006a223          	sw	zero,4(a3)
1000296a:	c6dc                	sw	a5,12(a3)
1000296c:	4505                	li	a0,1
1000296e:	8082                	ret
10002970:	4501                	li	a0,0
10002972:	8082                	ret
10002974:	50100537          	lui	a0,0x50100
10002978:	0521                	addi	a0,a0,8 # 50100008 <__StackTop+0x3007e008>
1000297a:	fff88793          	addi	a5,a7,-1 # fff <HeapSize+0x7ff>
1000297e:	20a7e7b3          	sh3add	a5,a5,a0
10002982:	d1dc                	sw	a5,36(a1)
10002984:	bfb1                	j	100028e0 <dcd_edpt_open+0x74>
10002986:	c63e                	sw	a5,12(sp)
10002988:	c436                	sw	a3,8(sp)
1000298a:	c246                	sw	a7,4(sp)
1000298c:	85eff0ef          	jal	100019ea <hard_assertion_failure>
10002990:	47b2                	lw	a5,12(sp)
10002992:	46a2                	lw	a3,8(sp)
10002994:	4892                	lw	a7,4(sp)
10002996:	47d0                	lw	a2,12(a5)
10002998:	200027b7          	lui	a5,0x20002
1000299c:	83078313          	addi	t1,a5,-2000 # 20001830 <hw_endpoints>
100029a0:	bf9d                	j	10002916 <dcd_edpt_open+0xaa>

100029a2 <dcd_edpt_close_all>:
100029a2:	0fffe317          	auipc	t1,0xfffe
100029a6:	82c30067          	jr	-2004(t1) # 200001ce <reset_non_control_endpoints>

100029aa <dcd_edpt_xfer>:
100029aa:	07f5f793          	andi	a5,a1,127
100029ae:	819d                	srli	a1,a1,0x7
100029b0:	20b7a7b3          	sh1add	a5,a5,a1
100029b4:	20002537          	lui	a0,0x20002
100029b8:	0796                	slli	a5,a5,0x5
100029ba:	83050513          	addi	a0,a0,-2000 # 20001830 <hw_endpoints>
100029be:	1141                	addi	sp,sp,-16
100029c0:	85b2                	mv	a1,a2
100029c2:	953e                	add	a0,a0,a5
100029c4:	8636                	mv	a2,a3
100029c6:	c606                	sw	ra,12(sp)
100029c8:	205d                	jal	10002a6e <hw_endpoint_xfer_start>
100029ca:	40b2                	lw	ra,12(sp)
100029cc:	4505                	li	a0,1
100029ce:	0141                	addi	sp,sp,16
100029d0:	8082                	ret

100029d2 <dcd_edpt_stall>:
100029d2:	07f5f513          	andi	a0,a1,127
100029d6:	e519                	bnez	a0,100029e4 <dcd_edpt_stall+0x12>
100029d8:	0015b793          	seqz	a5,a1
100029dc:	0785                	addi	a5,a5,1
100029de:	50112737          	lui	a4,0x50112
100029e2:	d73c                	sw	a5,104(a4)
100029e4:	819d                	srli	a1,a1,0x7
100029e6:	20b52533          	sh1add	a0,a0,a1
100029ea:	200027b7          	lui	a5,0x20002
100029ee:	0516                	slli	a0,a0,0x5
100029f0:	83078793          	addi	a5,a5,-2000 # 20001830 <hw_endpoints>
100029f4:	953e                	add	a0,a0,a5
100029f6:	28b01613          	bseti	a2,zero,0xb
100029fa:	4581                	li	a1,0
100029fc:	0fffe317          	auipc	t1,0xfffe
10002a00:	0d030067          	jr	208(t1) # 20000acc <_hw_endpoint_buffer_control_update32>

10002a04 <dcd_edpt_clear_stall>:
10002a04:	07f5f793          	andi	a5,a1,127
10002a08:	e391                	bnez	a5,10002a0c <dcd_edpt_clear_stall+0x8>
10002a0a:	8082                	ret
10002a0c:	819d                	srli	a1,a1,0x7
10002a0e:	20b7a7b3          	sh1add	a5,a5,a1
10002a12:	20002537          	lui	a0,0x20002
10002a16:	0796                	slli	a5,a5,0x5
10002a18:	83050513          	addi	a0,a0,-2000 # 20001830 <hw_endpoints>
10002a1c:	75fd                	lui	a1,0xfffff
10002a1e:	953e                	add	a0,a0,a5
10002a20:	7ff58593          	addi	a1,a1,2047 # fffff7ff <__StackTop+0xdff7d7ff>
10002a24:	4601                	li	a2,0
10002a26:	000501a3          	sb	zero,3(a0)
10002a2a:	0fffe317          	auipc	t1,0xfffe
10002a2e:	0a230067          	jr	162(t1) # 20000acc <_hw_endpoint_buffer_control_update32>

10002a32 <rp2040_usb_init>:
10002a32:	1141                	addi	sp,sp,-16
10002a34:	c606                	sw	ra,12(sp)
10002a36:	400227b7          	lui	a5,0x40022
10002a3a:	100006b7          	lui	a3,0x10000
10002a3e:	c394                	sw	a3,0(a5)
10002a40:	40020737          	lui	a4,0x40020
10002a44:	400237b7          	lui	a5,0x40023
10002a48:	c394                	sw	a3,0(a5)
10002a4a:	0721                	addi	a4,a4,8 # 40020008 <__StackTop+0x1ff9e008>
10002a4c:	431c                	lw	a5,0(a4)
10002a4e:	40f6f7b3          	andn	a5,a3,a5
10002a52:	ffed                	bnez	a5,10002a4c <rp2040_usb_init+0x1a>
10002a54:	6605                	lui	a2,0x1
10002a56:	4581                	li	a1,0
10002a58:	50100537          	lui	a0,0x50100
10002a5c:	2ac020ef          	jal	10004d08 <memset>
10002a60:	40b2                	lw	ra,12(sp)
10002a62:	501107b7          	lui	a5,0x50110
10002a66:	4725                	li	a4,9
10002a68:	dbf8                	sw	a4,116(a5)
10002a6a:	0141                	addi	sp,sp,16
10002a6c:	8082                	ret

10002a6e <hw_endpoint_xfer_start>:
10002a6e:	1141                	addi	sp,sp,-16
10002a70:	c422                	sw	s0,8(sp)
10002a72:	c606                	sw	ra,12(sp)
10002a74:	4785                	li	a5,1
10002a76:	00c51a23          	sh	a2,20(a0) # 50100014 <__StackTop+0x3007e014>
10002a7a:	00051b23          	sh	zero,22(a0)
10002a7e:	c90c                	sw	a1,16(a0)
10002a80:	00f50d23          	sb	a5,26(a0)
10002a84:	842a                	mv	s0,a0
10002a86:	0fffe097          	auipc	ra,0xfffe
10002a8a:	fec080e7          	jalr	-20(ra) # 20000a72 <e15_is_bulkin_ep>
10002a8e:	c519                	beqz	a0,10002a9c <hw_endpoint_xfer_start+0x2e>
10002a90:	501127b7          	lui	a5,0x50112
10002a94:	00020737          	lui	a4,0x20
10002a98:	08e7a823          	sw	a4,144(a5) # 50112090 <__StackTop+0x30090090>
10002a9c:	8522                	mv	a0,s0
10002a9e:	0fffe097          	auipc	ra,0xfffe
10002aa2:	ffc080e7          	jalr	-4(ra) # 20000a9a <e15_is_critical_frame_period>
10002aa6:	c901                	beqz	a0,10002ab6 <hw_endpoint_xfer_start+0x48>
10002aa8:	4785                	li	a5,1
10002aaa:	00f40e23          	sb	a5,28(s0)
10002aae:	40b2                	lw	ra,12(sp)
10002ab0:	4422                	lw	s0,8(sp)
10002ab2:	0141                	addi	sp,sp,16
10002ab4:	8082                	ret
10002ab6:	8522                	mv	a0,s0
10002ab8:	4422                	lw	s0,8(sp)
10002aba:	40b2                	lw	ra,12(sp)
10002abc:	0141                	addi	sp,sp,16
10002abe:	0fffe317          	auipc	t1,0xfffe
10002ac2:	05e30067          	jr	94(t1) # 20000b1c <hw_endpoint_start_next_buffer>

10002ac6 <configuration_reset>:
10002ac6:	1101                	addi	sp,sp,-32
10002ac8:	ca26                	sw	s1,20(sp)
10002aca:	c64e                	sw	s3,12(sp)
10002acc:	100059b7          	lui	s3,0x10005
10002ad0:	cc22                	sw	s0,24(sp)
10002ad2:	c84a                	sw	s2,16(sp)
10002ad4:	c452                	sw	s4,8(sp)
10002ad6:	87f1c703          	lbu	a4,-1921(gp) # 20001ce0 <_app_driver_count>
10002ada:	ce06                	sw	ra,28(sp)
10002adc:	892a                	mv	s2,a0
10002ade:	32898993          	addi	s3,s3,808 # 10005328 <_usbd_driver>
10002ae2:	4401                	li	s0,0
10002ae4:	4781                	li	a5,0
10002ae6:	a00d                	j	10002b08 <configuration_reset+0x42>
10002ae8:	8831a783          	lw	a5,-1917(gp) # 20001ce4 <_app_driver>
10002aec:	97b6                	add	a5,a5,a3
10002aee:	cbbd                	beqz	a5,10002b64 <configuration_reset+0x9e>
10002af0:	47dc                	lw	a5,12(a5)
10002af2:	854a                	mv	a0,s2
10002af4:	0405                	addi	s0,s0,1
10002af6:	9782                	jalr	a5
10002af8:	87f1c703          	lbu	a4,-1921(gp) # 20001ce0 <_app_driver_count>
10002afc:	9c61                	zext.b	s0,s0
10002afe:	87a2                	mv	a5,s0
10002b00:	00170693          	addi	a3,a4,1 # 20001 <HeapSize+0x1f801>
10002b04:	0086ca63          	blt	a3,s0,10002b18 <configuration_reset+0x52>
10002b08:	8f99                	sub	a5,a5,a4
10002b0a:	00541693          	slli	a3,s0,0x5
10002b0e:	0796                	slli	a5,a5,0x5
10002b10:	fce46ce3          	bltu	s0,a4,10002ae8 <configuration_reset+0x22>
10002b14:	97ce                	add	a5,a5,s3
10002b16:	bfe9                	j	10002af0 <configuration_reset+0x2a>
10002b18:	20001537          	lui	a0,0x20001
10002b1c:	40050513          	addi	a0,a0,1024 # 20001400 <_usbd_dev>
10002b20:	05400613          	li	a2,84
10002b24:	4581                	li	a1,0
10002b26:	1e2020ef          	jal	10004d08 <memset>
10002b2a:	200016b7          	lui	a3,0x20001
10002b2e:	57fd                	li	a5,-1
10002b30:	40468693          	addi	a3,a3,1028 # 20001404 <_usbd_dev+0x4>
10002b34:	20001737          	lui	a4,0x20001
10002b38:	c6dc                	sw	a5,12(a3)
10002b3a:	c69c                	sw	a5,8(a3)
10002b3c:	41470713          	addi	a4,a4,1044 # 20001414 <_usbd_dev+0x14>
10002b40:	c2dc                	sw	a5,4(a3)
10002b42:	c29c                	sw	a5,0(a3)
10002b44:	c31c                	sw	a5,0(a4)
10002b46:	c35c                	sw	a5,4(a4)
10002b48:	c71c                	sw	a5,8(a4)
10002b4a:	c75c                	sw	a5,12(a4)
10002b4c:	cb1c                	sw	a5,16(a4)
10002b4e:	cb5c                	sw	a5,20(a4)
10002b50:	cf1c                	sw	a5,24(a4)
10002b52:	cf5c                	sw	a5,28(a4)
10002b54:	40f2                	lw	ra,28(sp)
10002b56:	4462                	lw	s0,24(sp)
10002b58:	44d2                	lw	s1,20(sp)
10002b5a:	4942                	lw	s2,16(sp)
10002b5c:	49b2                	lw	s3,12(sp)
10002b5e:	4a22                	lw	s4,8(sp)
10002b60:	6105                	addi	sp,sp,32
10002b62:	8082                	ret
10002b64:	9002                	ebreak
10002b66:	40f2                	lw	ra,28(sp)
10002b68:	4462                	lw	s0,24(sp)
10002b6a:	44d2                	lw	s1,20(sp)
10002b6c:	4942                	lw	s2,16(sp)
10002b6e:	49b2                	lw	s3,12(sp)
10002b70:	4a22                	lw	s4,8(sp)
10002b72:	6105                	addi	sp,sp,32
10002b74:	8082                	ret

10002b76 <tud_event_hook_cb>:
10002b76:	8082                	ret

10002b78 <tud_sof_cb>:
10002b78:	8082                	ret

10002b7a <tud_descriptor_device_qualifier_cb>:
10002b7a:	4501                	li	a0,0
10002b7c:	8082                	ret

10002b7e <tud_descriptor_other_speed_configuration_cb>:
10002b7e:	4501                	li	a0,0
10002b80:	8082                	ret

10002b82 <tud_mount_cb>:
10002b82:	8082                	ret

10002b84 <tud_umount_cb>:
10002b84:	8082                	ret

10002b86 <tud_suspend_cb>:
10002b86:	8082                	ret

10002b88 <tud_resume_cb>:
10002b88:	8082                	ret

10002b8a <tud_mounted>:
10002b8a:	200017b7          	lui	a5,0x20001
10002b8e:	40078793          	addi	a5,a5,1024 # 20001400 <_usbd_dev>
10002b92:	83c8                	lbu	a0,1(a5)
10002b94:	00a03533          	snez	a0,a0
10002b98:	8082                	ret

10002b9a <tud_suspended>:
10002b9a:	200017b7          	lui	a5,0x20001
10002b9e:	40078793          	addi	a5,a5,1024 # 20001400 <_usbd_dev>
10002ba2:	4388                	lw	a0,0(a5)
10002ba4:	48255513          	bexti	a0,a0,0x2
10002ba8:	8082                	ret

10002baa <tud_rhport_init>:
10002baa:	1101                	addi	sp,sp,-32
10002bac:	c452                	sw	s4,8(sp)
10002bae:	20001a37          	lui	s4,0x20001
10002bb2:	09ea4703          	lbu	a4,158(s4) # 2000109e <_usbd_rhport>
10002bb6:	ce06                	sw	ra,28(sp)
10002bb8:	0ff00793          	li	a5,255
10002bbc:	0ef71663          	bne	a4,a5,10002ca8 <tud_rhport_init+0xfe>
10002bc0:	0e058963          	beqz	a1,10002cb2 <tud_rhport_init+0x108>
10002bc4:	c256                	sw	s5,4(sp)
10002bc6:	c05a                	sw	s6,0(sp)
10002bc8:	aeba                	cm.mvsa01	s5,s6
10002bca:	20001537          	lui	a0,0x20001
10002bce:	05400613          	li	a2,84
10002bd2:	4581                	li	a1,0
10002bd4:	40050513          	addi	a0,a0,1024 # 20001400 <_usbd_dev>
10002bd8:	cc22                	sw	s0,24(sp)
10002bda:	ca26                	sw	s1,20(sp)
10002bdc:	c84a                	sw	s2,16(sp)
10002bde:	c64e                	sw	s3,12(sp)
10002be0:	128020ef          	jal	10004d08 <memset>
10002be4:	87318513          	addi	a0,gp,-1933 # 20001cd4 <_ubsd_mutexdef>
10002be8:	880183a3          	sb	zero,-1913(gp) # 20001ce8 <_usbd_queued_setup>
10002bec:	f83fd0ef          	jal	10000b6e <mutex_init>
10002bf0:	20001537          	lui	a0,0x20001
10002bf4:	87318413          	addi	s0,gp,-1933 # 20001cd4 <_ubsd_mutexdef>
10002bf8:	09450513          	addi	a0,a0,148 # 20001094 <_usbd_qdef+0x14>
10002bfc:	8681a7a3          	sw	s0,-1937(gp) # 20001cd0 <_usbd_mutex>
10002c00:	f93fd0ef          	jal	10000b92 <critical_section_init>
10002c04:	20001437          	lui	s0,0x20001
10002c08:	08040513          	addi	a0,s0,128 # 20001080 <_usbd_qdef>
10002c0c:	050020ef          	jal	10004c5c <tu_fifo_clear>
10002c10:	08040413          	addi	s0,s0,128
10002c14:	100027b7          	lui	a5,0x10002
10002c18:	8681ada3          	sw	s0,-1925(gp) # 20001cdc <_usbd_q>
10002c1c:	00678793          	addi	a5,a5,6 # 10002006 <usbd_app_driver_get_cb>
10002c20:	c799                	beqz	a5,10002c2e <tud_rhport_init+0x84>
10002c22:	87f18513          	addi	a0,gp,-1921 # 20001ce0 <_app_driver_count>
10002c26:	be0ff0ef          	jal	10002006 <usbd_app_driver_get_cb>
10002c2a:	88a1a1a3          	sw	a0,-1917(gp) # 20001ce4 <_app_driver>
10002c2e:	10005937          	lui	s2,0x10005
10002c32:	87f1c703          	lbu	a4,-1921(gp) # 20001ce0 <_app_driver_count>
10002c36:	32890913          	addi	s2,s2,808 # 10005328 <_usbd_driver>
10002c3a:	4401                	li	s0,0
10002c3c:	4781                	li	a5,0
10002c3e:	a00d                	j	10002c60 <tud_rhport_init+0xb6>
10002c40:	8831a783          	lw	a5,-1917(gp) # 20001ce4 <_app_driver>
10002c44:	97b6                	add	a5,a5,a3
10002c46:	c795                	beqz	a5,10002c72 <tud_rhport_init+0xc8>
10002c48:	43dc                	lw	a5,4(a5)
10002c4a:	c785                	beqz	a5,10002c72 <tud_rhport_init+0xc8>
10002c4c:	9782                	jalr	a5
10002c4e:	87f1c703          	lbu	a4,-1921(gp) # 20001ce0 <_app_driver_count>
10002c52:	0405                	addi	s0,s0,1
10002c54:	9c61                	zext.b	s0,s0
10002c56:	00170693          	addi	a3,a4,1
10002c5a:	87a2                	mv	a5,s0
10002c5c:	0286c763          	blt	a3,s0,10002c8a <tud_rhport_init+0xe0>
10002c60:	8f99                	sub	a5,a5,a4
10002c62:	00541693          	slli	a3,s0,0x5
10002c66:	0796                	slli	a5,a5,0x5
10002c68:	fce46ce3          	bltu	s0,a4,10002c40 <tud_rhport_init+0x96>
10002c6c:	97ca                	add	a5,a5,s2
10002c6e:	43dc                	lw	a5,4(a5)
10002c70:	fff1                	bnez	a5,10002c4c <tud_rhport_init+0xa2>
10002c72:	9002                	ebreak
10002c74:	4462                	lw	s0,24(sp)
10002c76:	44d2                	lw	s1,20(sp)
10002c78:	4942                	lw	s2,16(sp)
10002c7a:	49b2                	lw	s3,12(sp)
10002c7c:	4a92                	lw	s5,4(sp)
10002c7e:	4b02                	lw	s6,0(sp)
10002c80:	4501                	li	a0,0
10002c82:	40f2                	lw	ra,28(sp)
10002c84:	4a22                	lw	s4,8(sp)
10002c86:	6105                	addi	sp,sp,32
10002c88:	8082                	ret
10002c8a:	aefa                	cm.mva01s	s5,s6
10002c8c:	095a0f23          	sb	s5,158(s4)
10002c90:	aefff0ef          	jal	1000277e <dcd_init>
10002c94:	dd79                	beqz	a0,10002c72 <tud_rhport_init+0xc8>
10002c96:	8556                	mv	a0,s5
10002c98:	b8fff0ef          	jal	10002826 <dcd_int_enable>
10002c9c:	4462                	lw	s0,24(sp)
10002c9e:	44d2                	lw	s1,20(sp)
10002ca0:	4942                	lw	s2,16(sp)
10002ca2:	49b2                	lw	s3,12(sp)
10002ca4:	4a92                	lw	s5,4(sp)
10002ca6:	4b02                	lw	s6,0(sp)
10002ca8:	40f2                	lw	ra,28(sp)
10002caa:	4a22                	lw	s4,8(sp)
10002cac:	4505                	li	a0,1
10002cae:	6105                	addi	sp,sp,32
10002cb0:	8082                	ret
10002cb2:	9002                	ebreak
10002cb4:	4501                	li	a0,0
10002cb6:	b7f1                	j	10002c82 <tud_rhport_init+0xd8>

10002cb8 <tud_task_ext>:
10002cb8:	7159                	addi	sp,sp,-112
10002cba:	c8da                	sw	s6,80(sp)
10002cbc:	20001b37          	lui	s6,0x20001
10002cc0:	09eb4703          	lbu	a4,158(s6) # 2000109e <_usbd_rhport>
10002cc4:	d686                	sw	ra,108(sp)
10002cc6:	0ff00793          	li	a5,255
10002cca:	1ef70663          	beq	a4,a5,10002eb6 <tud_task_ext+0x1fe>
10002cce:	d4a2                	sw	s0,104(sp)
10002cd0:	cece                	sw	s3,92(sp)
10002cd2:	10005437          	lui	s0,0x10005
10002cd6:	200019b7          	lui	s3,0x20001
10002cda:	d2a6                	sw	s1,100(sp)
10002cdc:	d0ca                	sw	s2,96(sp)
10002cde:	ccd2                	sw	s4,88(sp)
10002ce0:	cad6                	sw	s5,84(sp)
10002ce2:	c6de                	sw	s7,76(sp)
10002ce4:	28040413          	addi	s0,s0,640 # 10005280 <usbd_desc_device+0x14>
10002ce8:	40098993          	addi	s3,s3,1024 # 20001400 <_usbd_dev>
10002cec:	4921                	li	s2,8
10002cee:	87b1ab83          	lw	s7,-1925(gp) # 20001cdc <_usbd_q>
10002cf2:	014ba783          	lw	a5,20(s7) # 400b8014 <__StackTop+0x20036014>
10002cf6:	30047773          	csrrci	a4,mstatus,8
10002cfa:	00379693          	slli	a3,a5,0x3
10002cfe:	28d016b3          	bset	a3,zero,a3
10002d02:	9bf1                	andi	a5,a5,-4
10002d04:	44d7a62f          	amoor.w.aq	a2,a3,(a5)
10002d08:	8e75                	and	a2,a2,a3
10002d0a:	fe6d                	bnez	a2,10002d04 <tud_task_ext+0x4c>
10002d0c:	0330000f          	fence	rw,rw
10002d10:	00ebac23          	sw	a4,24(s7)
10002d14:	104c                	addi	a1,sp,36
10002d16:	855e                	mv	a0,s7
10002d18:	2b9010ef          	jal	100047d0 <tu_fifo_read>
10002d1c:	014ba703          	lw	a4,20(s7)
10002d20:	018ba783          	lw	a5,24(s7)
10002d24:	0330000f          	fence	rw,rw
10002d28:	00070023          	sb	zero,0(a4)
10002d2c:	8ba1                	andi	a5,a5,8
10002d2e:	3007a073          	csrs	mstatus,a5
10002d32:	16050b63          	beqz	a0,10002ea8 <tud_task_ext+0x1f0>
10002d36:	02514783          	lbu	a5,37(sp)
10002d3a:	16f96063          	bltu	s2,a5,10002e9a <tud_task_ext+0x1e2>
10002d3e:	2087c7b3          	sh2add	a5,a5,s0
10002d42:	439c                	lw	a5,0(a5)
10002d44:	8782                	jr	a5
10002d46:	57a2                	lw	a5,40(sp)
10002d48:	d3dd                	beqz	a5,10002cee <tud_task_ext+0x36>
10002d4a:	5532                	lw	a0,44(sp)
10002d4c:	9782                	jalr	a5
10002d4e:	b745                	j	10002cee <tud_task_ext+0x36>
10002d50:	02814583          	lbu	a1,40(sp)
10002d54:	07f5f693          	andi	a3,a1,127
10002d58:	0075d713          	srli	a4,a1,0x7
10002d5c:	2136a7b3          	sh1add	a5,a3,s3
10002d60:	97ba                	add	a5,a5,a4
10002d62:	0347c703          	lbu	a4,52(a5)
10002d66:	9b79                	andi	a4,a4,-2
10002d68:	02e78a23          	sb	a4,52(a5)
10002d6c:	0347c703          	lbu	a4,52(a5)
10002d70:	9b6d                	andi	a4,a4,-5
10002d72:	02e78a23          	sb	a4,52(a5)
10002d76:	14068463          	beqz	a3,10002ebe <tud_task_ext+0x206>
10002d7a:	0147c783          	lbu	a5,20(a5)
10002d7e:	87f1c703          	lbu	a4,-1921(gp) # 20001ce0 <_app_driver_count>
10002d82:	10e7fe63          	bgeu	a5,a4,10002e9e <tud_task_ext+0x1e6>
10002d86:	8831a703          	lw	a4,-1917(gp) # 20001ce4 <_app_driver>
10002d8a:	0796                	slli	a5,a5,0x5
10002d8c:	97ba                	add	a5,a5,a4
10002d8e:	10078c63          	beqz	a5,10002ea6 <tud_task_ext+0x1ee>
10002d92:	4f9c                	lw	a5,24(a5)
10002d94:	56b2                	lw	a3,44(sp)
10002d96:	02914603          	lbu	a2,41(sp)
10002d9a:	02414503          	lbu	a0,36(sp)
10002d9e:	9782                	jalr	a5
10002da0:	b7b9                	j	10002cee <tud_task_ext+0x36>
10002da2:	8871c783          	lbu	a5,-1913(gp) # 20001ce8 <_usbd_queued_setup>
10002da6:	10078063          	beqz	a5,10002ea6 <tud_task_ext+0x1ee>
10002daa:	8871c783          	lbu	a5,-1913(gp) # 20001ce8 <_usbd_queued_setup>
10002dae:	17fd                	addi	a5,a5,-1
10002db0:	88f183a3          	sb	a5,-1913(gp) # 20001ce8 <_usbd_queued_setup>
10002db4:	8871c783          	lbu	a5,-1913(gp) # 20001ce8 <_usbd_queued_setup>
10002db8:	fb9d                	bnez	a5,10002cee <tud_task_ext+0x36>
10002dba:	200017b7          	lui	a5,0x20001
10002dbe:	40078b93          	addi	s7,a5,1024 # 20001400 <_usbd_dev>
10002dc2:	000bc783          	lbu	a5,0(s7)
10002dc6:	c4e2                	sw	s8,72(sp)
10002dc8:	4501                	li	a0,0
10002dca:	0017e793          	ori	a5,a5,1
10002dce:	00fb8023          	sb	a5,0(s7)
10002dd2:	034bc783          	lbu	a5,52(s7)
10002dd6:	02414c03          	lbu	s8,36(sp)
10002dda:	9bf9                	andi	a5,a5,-2
10002ddc:	02fb8a23          	sb	a5,52(s7)
10002de0:	034bc783          	lbu	a5,52(s7)
10002de4:	9bed                	andi	a5,a5,-5
10002de6:	02fb8a23          	sb	a5,52(s7)
10002dea:	035bc783          	lbu	a5,53(s7)
10002dee:	9bf9                	andi	a5,a5,-2
10002df0:	02fb8aa3          	sb	a5,53(s7)
10002df4:	035bc783          	lbu	a5,53(s7)
10002df8:	9bed                	andi	a5,a5,-5
10002dfa:	02fb8aa3          	sb	a5,53(s7)
10002dfe:	145000ef          	jal	10003742 <usbd_control_set_complete_callback>
10002e02:	02814783          	lbu	a5,40(sp)
10002e06:	06000713          	li	a4,96
10002e0a:	8ff9                	and	a5,a5,a4
10002e0c:	00e78f63          	beq	a5,a4,10002e2a <tud_task_ext+0x172>
10002e10:	04000713          	li	a4,64
10002e14:	0ee78763          	beq	a5,a4,10002f02 <tud_task_ext+0x24a>
10002e18:	5722                	lw	a4,40(sp)
10002e1a:	4685                	li	a3,1
10002e1c:	8b7d                	andi	a4,a4,31
10002e1e:	14d70d63          	beq	a4,a3,10002f78 <tud_task_ext+0x2c0>
10002e22:	4689                	li	a3,2
10002e24:	0ed70e63          	beq	a4,a3,10002f20 <tud_task_ext+0x268>
10002e28:	cb5d                	beqz	a4,10002ede <tud_task_ext+0x226>
10002e2a:	9002                	ebreak
10002e2c:	02414503          	lbu	a0,36(sp)
10002e30:	4581                	li	a1,0
10002e32:	ba1ff0ef          	jal	100029d2 <dcd_edpt_stall>
10002e36:	02414503          	lbu	a0,36(sp)
10002e3a:	08000593          	li	a1,128
10002e3e:	b95ff0ef          	jal	100029d2 <dcd_edpt_stall>
10002e42:	4c26                	lw	s8,72(sp)
10002e44:	b56d                	j	10002cee <tud_task_ext+0x36>
10002e46:	0009a783          	lw	a5,0(s3)
10002e4a:	8b85                	andi	a5,a5,1
10002e4c:	ea0781e3          	beqz	a5,10002cee <tud_task_ext+0x36>
10002e50:	3b25                	jal	10002b88 <tud_resume_cb>
10002e52:	bd71                	j	10002cee <tud_task_ext+0x36>
10002e54:	02414503          	lbu	a0,36(sp)
10002e58:	31bd                	jal	10002ac6 <configuration_reset>
10002e5a:	0cb000ef          	jal	10003724 <usbd_control_reset>
10002e5e:	57a2                	lw	a5,40(sp)
10002e60:	00f98123          	sb	a5,2(s3)
10002e64:	b569                	j	10002cee <tud_task_ext+0x36>
10002e66:	0039c783          	lbu	a5,3(s3)
10002e6a:	8b85                	andi	a5,a5,1
10002e6c:	e80781e3          	beqz	a5,10002cee <tud_task_ext+0x36>
10002e70:	5522                	lw	a0,40(sp)
10002e72:	3319                	jal	10002b78 <tud_sof_cb>
10002e74:	bdad                	j	10002cee <tud_task_ext+0x36>
10002e76:	02414503          	lbu	a0,36(sp)
10002e7a:	31b1                	jal	10002ac6 <configuration_reset>
10002e7c:	0a9000ef          	jal	10003724 <usbd_control_reset>
10002e80:	3311                	jal	10002b84 <tud_umount_cb>
10002e82:	b5b5                	j	10002cee <tud_task_ext+0x36>
10002e84:	0009a783          	lw	a5,0(s3)
10002e88:	8b85                	andi	a5,a5,1
10002e8a:	e60782e3          	beqz	a5,10002cee <tud_task_ext+0x36>
10002e8e:	0009a503          	lw	a0,0(s3)
10002e92:	48355513          	bexti	a0,a0,0x3
10002e96:	39c5                	jal	10002b86 <tud_suspend_cb>
10002e98:	bd99                	j	10002cee <tud_task_ext+0x36>
10002e9a:	9002                	ebreak
10002e9c:	bd89                	j	10002cee <tud_task_ext+0x36>
10002e9e:	00170693          	addi	a3,a4,1
10002ea2:	02f6d663          	bge	a3,a5,10002ece <tud_task_ext+0x216>
10002ea6:	9002                	ebreak
10002ea8:	5426                	lw	s0,104(sp)
10002eaa:	5496                	lw	s1,100(sp)
10002eac:	5906                	lw	s2,96(sp)
10002eae:	49f6                	lw	s3,92(sp)
10002eb0:	4a66                	lw	s4,88(sp)
10002eb2:	4ad6                	lw	s5,84(sp)
10002eb4:	4bb6                	lw	s7,76(sp)
10002eb6:	50b6                	lw	ra,108(sp)
10002eb8:	4b46                	lw	s6,80(sp)
10002eba:	6165                	addi	sp,sp,112
10002ebc:	8082                	ret
10002ebe:	56b2                	lw	a3,44(sp)
10002ec0:	02914603          	lbu	a2,41(sp)
10002ec4:	02414503          	lbu	a0,36(sp)
10002ec8:	0d3000ef          	jal	1000379a <usbd_control_xfer_cb>
10002ecc:	b50d                	j	10002cee <tud_task_ext+0x36>
10002ece:	8f99                	sub	a5,a5,a4
10002ed0:	10005737          	lui	a4,0x10005
10002ed4:	0796                	slli	a5,a5,0x5
10002ed6:	32870713          	addi	a4,a4,808 # 10005328 <_usbd_driver>
10002eda:	97ba                	add	a5,a5,a4
10002edc:	bd5d                	j	10002d92 <tud_task_ext+0xda>
10002ede:	02000713          	li	a4,32
10002ee2:	22e78463          	beq	a5,a4,1000310a <tud_task_ext+0x452>
10002ee6:	f3b1                	bnez	a5,10002e2a <tud_task_ext+0x172>
10002ee8:	02914783          	lbu	a5,41(sp)
10002eec:	4725                	li	a4,9
10002eee:	f2f76ee3          	bltu	a4,a5,10002e2a <tud_task_ext+0x172>
10002ef2:	10005737          	lui	a4,0x10005
10002ef6:	2a470713          	addi	a4,a4,676 # 100052a4 <usbd_desc_device+0x38>
10002efa:	20e7c7b3          	sh2add	a5,a5,a4
10002efe:	439c                	lw	a5,0(a5)
10002f00:	8782                	jr	a5
10002f02:	10002537          	lui	a0,0x10002
10002f06:	fca50513          	addi	a0,a0,-54 # 10001fca <tud_vendor_control_xfer_cb>
10002f0a:	039000ef          	jal	10003742 <usbd_control_set_complete_callback>
10002f0e:	8562                	mv	a0,s8
10002f10:	1030                	addi	a2,sp,40
10002f12:	4585                	li	a1,1
10002f14:	8b6ff0ef          	jal	10001fca <tud_vendor_control_xfer_cb>
10002f18:	f0050ae3          	beqz	a0,10002e2c <tud_task_ext+0x174>
10002f1c:	4c26                	lw	s8,72(sp)
10002f1e:	bbc1                	j	10002cee <tud_task_ext+0x36>
10002f20:	02c14583          	lbu	a1,44(sp)
10002f24:	0705f713          	andi	a4,a1,112
10002f28:	f00711e3          	bnez	a4,10002e2a <tud_task_ext+0x172>
10002f2c:	07f5f713          	andi	a4,a1,127
10002f30:	217726b3          	sh1add	a3,a4,s7
10002f34:	0075d813          	srli	a6,a1,0x7
10002f38:	96c2                	add	a3,a3,a6
10002f3a:	0146c683          	lbu	a3,20(a3)
10002f3e:	87f1c603          	lbu	a2,-1921(gp) # 20001ce0 <_app_driver_count>
10002f42:	0ac6e763          	bltu	a3,a2,10002ff0 <tud_task_ext+0x338>
10002f46:	00160513          	addi	a0,a2,1 # 1001 <HeapSize+0x801>
10002f4a:	20d54063          	blt	a0,a3,1000314a <tud_task_ext+0x492>
10002f4e:	8e91                	sub	a3,a3,a2
10002f50:	10005637          	lui	a2,0x10005
10002f54:	0696                	slli	a3,a3,0x5
10002f56:	32860613          	addi	a2,a2,808 # 10005328 <_usbd_driver>
10002f5a:	96b2                	add	a3,a3,a2
10002f5c:	1e078a63          	beqz	a5,10003150 <tud_task_ext+0x498>
10002f60:	4ac8                	lw	a0,20(a3)
10002f62:	c236                	sw	a3,4(sp)
10002f64:	7de000ef          	jal	10003742 <usbd_control_set_complete_callback>
10002f68:	4692                	lw	a3,4(sp)
10002f6a:	8562                	mv	a0,s8
10002f6c:	1030                	addi	a2,sp,40
10002f6e:	4adc                	lw	a5,20(a3)
10002f70:	4585                	li	a1,1
10002f72:	9782                	jalr	a5
10002f74:	f545                	bnez	a0,10002f1c <tud_task_ext+0x264>
10002f76:	bd5d                	j	10002e2c <tud_task_ext+0x174>
10002f78:	02c14683          	lbu	a3,44(sp)
10002f7c:	473d                	li	a4,15
10002f7e:	ead767e3          	bltu	a4,a3,10002e2c <tud_task_ext+0x174>
10002f82:	00db87b3          	add	a5,s7,a3
10002f86:	0047c783          	lbu	a5,4(a5)
10002f8a:	87f1c703          	lbu	a4,-1921(gp) # 20001ce0 <_app_driver_count>
10002f8e:	06e7ea63          	bltu	a5,a4,10003002 <tud_task_ext+0x34a>
10002f92:	00170693          	addi	a3,a4,1
10002f96:	e8f6cbe3          	blt	a3,a5,10002e2c <tud_task_ext+0x174>
10002f9a:	40e78bb3          	sub	s7,a5,a4
10002f9e:	100057b7          	lui	a5,0x10005
10002fa2:	0b96                	slli	s7,s7,0x5
10002fa4:	32878793          	addi	a5,a5,808 # 10005328 <_usbd_driver>
10002fa8:	9bbe                	add	s7,s7,a5
10002faa:	014ba503          	lw	a0,20(s7)
10002fae:	794000ef          	jal	10003742 <usbd_control_set_complete_callback>
10002fb2:	014ba783          	lw	a5,20(s7)
10002fb6:	1030                	addi	a2,sp,40
10002fb8:	8562                	mv	a0,s8
10002fba:	4585                	li	a1,1
10002fbc:	9782                	jalr	a5
10002fbe:	fd39                	bnez	a0,10002f1c <tud_task_ext+0x264>
10002fc0:	02814783          	lbu	a5,40(sp)
10002fc4:	0607f793          	andi	a5,a5,96
10002fc8:	e60792e3          	bnez	a5,10002e2c <tud_task_ext+0x174>
10002fcc:	02914783          	lbu	a5,41(sp)
10002fd0:	4b85                	li	s7,1
10002fd2:	17d9                	addi	a5,a5,-10
10002fd4:	e4fbece3          	bltu	s7,a5,10002e2c <tud_task_ext+0x174>
10002fd8:	76a000ef          	jal	10003742 <usbd_control_set_complete_callback>
10002fdc:	02914703          	lbu	a4,41(sp)
10002fe0:	47a9                	li	a5,10
10002fe2:	24f70263          	beq	a4,a5,10003226 <tud_task_ext+0x56e>
10002fe6:	8562                	mv	a0,s8
10002fe8:	102c                	addi	a1,sp,40
10002fea:	2bdd                	jal	100035e0 <tud_control_status>
10002fec:	4c26                	lw	s8,72(sp)
10002fee:	b301                	j	10002cee <tud_task_ext+0x36>
10002ff0:	8831a603          	lw	a2,-1917(gp) # 20001ce4 <_app_driver>
10002ff4:	0696                	slli	a3,a3,0x5
10002ff6:	96b2                	add	a3,a3,a2
10002ff8:	14078c63          	beqz	a5,10003150 <tud_task_ext+0x498>
10002ffc:	e20688e3          	beqz	a3,10002e2c <tud_task_ext+0x174>
10003000:	b785                	j	10002f60 <tud_task_ext+0x2a8>
10003002:	8831a703          	lw	a4,-1917(gp) # 20001ce4 <_app_driver>
10003006:	0796                	slli	a5,a5,0x5
10003008:	00f70bb3          	add	s7,a4,a5
1000300c:	f80b9fe3          	bnez	s7,10002faa <tud_task_ext+0x2f2>
10003010:	bd31                	j	10002e2c <tud_task_ext+0x174>
10003012:	02a14783          	lbu	a5,42(sp)
10003016:	001bc703          	lbu	a4,1(s7)
1000301a:	1ee78063          	beq	a5,a4,100031fa <tud_task_ext+0x542>
1000301e:	001bc703          	lbu	a4,1(s7)
10003022:	32071363          	bnez	a4,10003348 <tud_task_ext+0x690>
10003026:	00fb80a3          	sb	a5,1(s7)
1000302a:	1c078663          	beqz	a5,100031f6 <tud_task_ext+0x53e>
1000302e:	17fd                	addi	a5,a5,-1
10003030:	0ff7f513          	zext.b	a0,a5
10003034:	c8eff0ef          	jal	100024c2 <tud_descriptor_configuration_cb>
10003038:	c901                	beqz	a0,10003048 <tud_task_ext+0x390>
1000303a:	c2e6                	sw	s9,68(sp)
1000303c:	815c                	lbu	a5,1(a0)
1000303e:	8cbe                	mv	s9,a5
10003040:	4789                	li	a5,2
10003042:	20fc8f63          	beq	s9,a5,10003260 <tud_task_ext+0x5a8>
10003046:	4c96                	lw	s9,68(sp)
10003048:	9002                	ebreak
1000304a:	9002                	ebreak
1000304c:	000b80a3          	sb	zero,1(s7)
10003050:	bbf1                	j	10002e2c <tud_task_ext+0x174>
10003052:	001bc783          	lbu	a5,1(s7)
10003056:	8562                	mv	a0,s8
10003058:	4685                	li	a3,1
1000305a:	02210613          	addi	a2,sp,34
1000305e:	102c                	addi	a1,sp,40
10003060:	02f10123          	sb	a5,34(sp)
10003064:	2bf1                	jal	10003640 <tud_control_xfer>
10003066:	4c26                	lw	s8,72(sp)
10003068:	b159                	j	10002cee <tud_task_ext+0x36>
1000306a:	02a15503          	lhu	a0,42(sp)
1000306e:	47bd                	li	a5,15
10003070:	00855713          	srli	a4,a0,0x8
10003074:	9d61                	zext.b	a0,a0
10003076:	dae7ebe3          	bltu	a5,a4,10002e2c <tud_task_ext+0x174>
1000307a:	100057b7          	lui	a5,0x10005
1000307e:	2cc78793          	addi	a5,a5,716 # 100052cc <usbd_desc_device+0x60>
10003082:	20f747b3          	sh2add	a5,a4,a5
10003086:	439c                	lw	a5,0(a5)
10003088:	8782                	jr	a5
1000308a:	1028                	addi	a0,sp,40
1000308c:	25c1                	jal	1000374c <usbd_control_set_request>
1000308e:	02a14583          	lbu	a1,42(sp)
10003092:	8562                	mv	a0,s8
10003094:	f9aff0ef          	jal	1000282e <dcd_set_address>
10003098:	000bc783          	lbu	a5,0(s7)
1000309c:	4c26                	lw	s8,72(sp)
1000309e:	0027e793          	ori	a5,a5,2
100030a2:	00fb8023          	sb	a5,0(s7)
100030a6:	b1a1                	j	10002cee <tud_task_ext+0x36>
100030a8:	02a15703          	lhu	a4,42(sp)
100030ac:	4785                	li	a5,1
100030ae:	d6f71fe3          	bne	a4,a5,10002e2c <tud_task_ext+0x174>
100030b2:	000bc783          	lbu	a5,0(s7)
100030b6:	8562                	mv	a0,s8
100030b8:	102c                	addi	a1,sp,40
100030ba:	9bdd                	andi	a5,a5,-9
100030bc:	00fb8023          	sb	a5,0(s7)
100030c0:	2305                	jal	100035e0 <tud_control_status>
100030c2:	4c26                	lw	s8,72(sp)
100030c4:	b12d                	j	10002cee <tud_task_ext+0x36>
100030c6:	000bc783          	lbu	a5,0(s7)
100030ca:	4689                	li	a3,2
100030cc:	8562                	mv	a0,s8
100030ce:	0027d713          	srli	a4,a5,0x2
100030d2:	8f75                	and	a4,a4,a3
100030d4:	4857d793          	bexti	a5,a5,0x5
100030d8:	8fd9                	or	a5,a5,a4
100030da:	02210613          	addi	a2,sp,34
100030de:	102c                	addi	a1,sp,40
100030e0:	02f11123          	sh	a5,34(sp)
100030e4:	2bb1                	jal	10003640 <tud_control_xfer>
100030e6:	4c26                	lw	s8,72(sp)
100030e8:	b119                	j	10002cee <tud_task_ext+0x36>
100030ea:	02a15703          	lhu	a4,42(sp)
100030ee:	4785                	li	a5,1
100030f0:	d2f71ee3          	bne	a4,a5,10002e2c <tud_task_ext+0x174>
100030f4:	000bc783          	lbu	a5,0(s7)
100030f8:	8562                	mv	a0,s8
100030fa:	102c                	addi	a1,sp,40
100030fc:	0087e793          	ori	a5,a5,8
10003100:	00fb8023          	sb	a5,0(s7)
10003104:	29f1                	jal	100035e0 <tud_control_status>
10003106:	4c26                	lw	s8,72(sp)
10003108:	b6dd                	j	10002cee <tud_task_ext+0x36>
1000310a:	02c14683          	lbu	a3,44(sp)
1000310e:	473d                	li	a4,15
10003110:	d0d76ee3          	bltu	a4,a3,10002e2c <tud_task_ext+0x174>
10003114:	00db87b3          	add	a5,s7,a3
10003118:	0047c783          	lbu	a5,4(a5)
1000311c:	87f1c703          	lbu	a4,-1921(gp) # 20001ce0 <_app_driver_count>
10003120:	04e7fb63          	bgeu	a5,a4,10003176 <tud_task_ext+0x4be>
10003124:	8831a703          	lw	a4,-1917(gp) # 20001ce4 <_app_driver>
10003128:	0796                	slli	a5,a5,0x5
1000312a:	00f70bb3          	add	s7,a4,a5
1000312e:	ce0b8fe3          	beqz	s7,10002e2c <tud_task_ext+0x174>
10003132:	014ba503          	lw	a0,20(s7)
10003136:	2531                	jal	10003742 <usbd_control_set_complete_callback>
10003138:	014ba783          	lw	a5,20(s7)
1000313c:	8562                	mv	a0,s8
1000313e:	1030                	addi	a2,sp,40
10003140:	4585                	li	a1,1
10003142:	9782                	jalr	a5
10003144:	dc051ce3          	bnez	a0,10002f1c <tud_task_ext+0x264>
10003148:	b1d5                	j	10002e2c <tud_task_ext+0x174>
1000314a:	4681                	li	a3,0
1000314c:	ce0790e3          	bnez	a5,10002e2c <tud_task_ext+0x174>
10003150:	02914783          	lbu	a5,41(sp)
10003154:	4505                	li	a0,1
10003156:	0fd7f613          	andi	a2,a5,253
1000315a:	02a60b63          	beq	a2,a0,10003190 <tud_task_ext+0x4d8>
1000315e:	cc0796e3          	bnez	a5,10002e2a <tud_task_ext+0x172>
10003162:	217727b3          	sh1add	a5,a4,s7
10003166:	97c2                	add	a5,a5,a6
10003168:	0347c783          	lbu	a5,52(a5)
1000316c:	8562                	mv	a0,s8
1000316e:	4689                	li	a3,2
10003170:	4817d793          	bexti	a5,a5,0x1
10003174:	b79d                	j	100030da <tud_task_ext+0x422>
10003176:	00170693          	addi	a3,a4,1
1000317a:	caf6c9e3          	blt	a3,a5,10002e2c <tud_task_ext+0x174>
1000317e:	40e78bb3          	sub	s7,a5,a4
10003182:	100057b7          	lui	a5,0x10005
10003186:	0b96                	slli	s7,s7,0x5
10003188:	32878793          	addi	a5,a5,808 # 10005328 <_usbd_driver>
1000318c:	9bbe                	add	s7,s7,a5
1000318e:	b755                	j	10003132 <tud_task_ext+0x47a>
10003190:	02a15503          	lhu	a0,42(sp)
10003194:	ed05                	bnez	a0,100031cc <tud_task_ext+0x514>
10003196:	c636                	sw	a3,12(sp)
10003198:	c442                	sw	a6,8(sp)
1000319a:	c23a                	sw	a4,4(sp)
1000319c:	09eb4503          	lbu	a0,158(s6)
100031a0:	08c78d63          	beq	a5,a2,1000323a <tud_task_ext+0x582>
100031a4:	82fff0ef          	jal	100029d2 <dcd_edpt_stall>
100031a8:	4712                	lw	a4,4(sp)
100031aa:	4822                	lw	a6,8(sp)
100031ac:	46b2                	lw	a3,12(sp)
100031ae:	217727b3          	sh1add	a5,a4,s7
100031b2:	97c2                	add	a5,a5,a6
100031b4:	0347c703          	lbu	a4,52(a5)
100031b8:	00276713          	ori	a4,a4,2
100031bc:	02e78a23          	sb	a4,52(a5)
100031c0:	0347c703          	lbu	a4,52(a5)
100031c4:	00176713          	ori	a4,a4,1
100031c8:	02e78a23          	sb	a4,52(a5)
100031cc:	d40688e3          	beqz	a3,10002f1c <tud_task_ext+0x264>
100031d0:	4ac8                	lw	a0,20(a3)
100031d2:	c236                	sw	a3,4(sp)
100031d4:	23bd                	jal	10003742 <usbd_control_set_complete_callback>
100031d6:	4692                	lw	a3,4(sp)
100031d8:	1030                	addi	a2,sp,40
100031da:	4585                	li	a1,1
100031dc:	4adc                	lw	a5,20(a3)
100031de:	8562                	mv	a0,s8
100031e0:	9782                	jalr	a5
100031e2:	4501                	li	a0,0
100031e4:	2bb9                	jal	10003742 <usbd_control_set_complete_callback>
100031e6:	034ba783          	lw	a5,52(s7)
100031ea:	4887d793          	bexti	a5,a5,0x8
100031ee:	de078ce3          	beqz	a5,10002fe6 <tud_task_ext+0x32e>
100031f2:	4c26                	lw	s8,72(sp)
100031f4:	bced                	j	10002cee <tud_task_ext+0x36>
100031f6:	98fff0ef          	jal	10002b84 <tud_umount_cb>
100031fa:	8562                	mv	a0,s8
100031fc:	102c                	addi	a1,sp,40
100031fe:	26cd                	jal	100035e0 <tud_control_status>
10003200:	4c26                	lw	s8,72(sp)
10003202:	b4f5                	j	10002cee <tud_task_ext+0x36>
10003204:	dbdfe0ef          	jal	10001fc0 <tud_descriptor_bos_cb>
10003208:	862a                	mv	a2,a0
1000320a:	c20501e3          	beqz	a0,10002e2c <tud_task_ext+0x174>
1000320e:	827c                	lbu	a5,3(a2)
10003210:	8234                	lbu	a3,2(a2)
10003212:	8562                	mv	a0,s8
10003214:	07a2                	slli	a5,a5,0x8
10003216:	8edd                	or	a3,a3,a5
10003218:	102c                	addi	a1,sp,40
1000321a:	211d                	jal	10003640 <tud_control_xfer>
1000321c:	87aa                	mv	a5,a0
1000321e:	c00787e3          	beqz	a5,10002e2c <tud_task_ext+0x174>
10003222:	4c26                	lw	s8,72(sp)
10003224:	b4e9                	j	10002cee <tud_task_ext+0x36>
10003226:	8562                	mv	a0,s8
10003228:	86de                	mv	a3,s7
1000322a:	102c                	addi	a1,sp,40
1000322c:	02210613          	addi	a2,sp,34
10003230:	02010123          	sb	zero,34(sp)
10003234:	2131                	jal	10003640 <tud_control_xfer>
10003236:	4c26                	lw	s8,72(sp)
10003238:	bc5d                	j	10002cee <tud_task_ext+0x36>
1000323a:	fcaff0ef          	jal	10002a04 <dcd_edpt_clear_stall>
1000323e:	4712                	lw	a4,4(sp)
10003240:	4822                	lw	a6,8(sp)
10003242:	46b2                	lw	a3,12(sp)
10003244:	217727b3          	sh1add	a5,a4,s7
10003248:	97c2                	add	a5,a5,a6
1000324a:	0347c703          	lbu	a4,52(a5)
1000324e:	9b75                	andi	a4,a4,-3
10003250:	02e78a23          	sb	a4,52(a5)
10003254:	0347c703          	lbu	a4,52(a5)
10003258:	9b79                	andi	a4,a4,-2
1000325a:	02e78a23          	sb	a4,52(a5)
1000325e:	b7bd                	j	100031cc <tud_task_ext+0x514>
10003260:	c0ea                	sw	s10,64(sp)
10003262:	de6e                	sw	s11,60(sp)
10003264:	00754703          	lbu	a4,7(a0)
10003268:	200015b7          	lui	a1,0x20001
1000326c:	4005c683          	lbu	a3,1024(a1) # 20001400 <_usbd_dev>
10003270:	48675793          	bexti	a5,a4,0x6
10003274:	48575713          	bexti	a4,a4,0x5
10003278:	0712                	slli	a4,a4,0x4
1000327a:	0796                	slli	a5,a5,0x5
1000327c:	8fd9                	or	a5,a5,a4
1000327e:	fcf6f713          	andi	a4,a3,-49
10003282:	8fd9                	or	a5,a5,a4
10003284:	40f58023          	sb	a5,1024(a1)
10003288:	817c                	lbu	a5,3(a0)
1000328a:	8134                	lbu	a3,2(a0)
1000328c:	20001737          	lui	a4,0x20001
10003290:	07a2                	slli	a5,a5,0x8
10003292:	8fd5                	or	a5,a5,a3
10003294:	10005637          	lui	a2,0x10005
10003298:	00f50d33          	add	s10,a0,a5
1000329c:	41470793          	addi	a5,a4,1044 # 20001414 <_usbd_dev+0x14>
100032a0:	00950593          	addi	a1,a0,9
100032a4:	32860d93          	addi	s11,a2,808 # 10005328 <_usbd_driver>
100032a8:	c23e                	sw	a5,4(sp)
100032aa:	09a5f963          	bgeu	a1,s10,1000333c <tud_task_ext+0x684>
100032ae:	81dc                	lbu	a5,1(a1)
100032b0:	472d                	li	a4,11
100032b2:	4885                	li	a7,1
100032b4:	00e79763          	bne	a5,a4,100032c2 <tud_task_ext+0x60a>
100032b8:	819c                	lbu	a5,0(a1)
100032ba:	0035c883          	lbu	a7,3(a1)
100032be:	95be                	add	a1,a1,a5
100032c0:	81dc                	lbu	a5,1(a1)
100032c2:	4711                	li	a4,4
100032c4:	06e79263          	bne	a5,a4,10003328 <tud_task_ext+0x670>
100032c8:	87f1c783          	lbu	a5,-1921(gp) # 20001ce0 <_app_driver_count>
100032cc:	40bd0333          	sub	t1,s10,a1
100032d0:	08034333          	zext.h	t1,t1
100032d4:	4681                	li	a3,0
100032d6:	4701                	li	a4,0
100032d8:	04f6fd63          	bgeu	a3,a5,10003332 <tud_task_ext+0x67a>
100032dc:	8831a783          	lw	a5,-1917(gp) # 20001ce4 <_app_driver>
100032e0:	00569613          	slli	a2,a3,0x5
100032e4:	97b2                	add	a5,a5,a2
100032e6:	c3a9                	beqz	a5,10003328 <tud_task_ext+0x670>
100032e8:	0107ae03          	lw	t3,16(a5)
100032ec:	861a                	mv	a2,t1
100032ee:	8562                	mv	a0,s8
100032f0:	ce36                	sw	a3,28(sp)
100032f2:	cc46                	sw	a7,24(sp)
100032f4:	c61a                	sw	t1,12(sp)
100032f6:	c42e                	sw	a1,8(sp)
100032f8:	ca3a                	sw	a4,20(sp)
100032fa:	c83e                	sw	a5,16(sp)
100032fc:	9e02                	jalr	t3
100032fe:	862a                	mv	a2,a0
10003300:	00953513          	sltiu	a0,a0,9
10003304:	45a2                	lw	a1,8(sp)
10003306:	4332                	lw	t1,12(sp)
10003308:	48e2                	lw	a7,24(sp)
1000330a:	46f2                	lw	a3,28(sp)
1000330c:	e509                	bnez	a0,10003316 <tud_task_ext+0x65e>
1000330e:	47c2                	lw	a5,16(sp)
10003310:	4752                	lw	a4,20(sp)
10003312:	0ac37863          	bgeu	t1,a2,100033c2 <tud_task_ext+0x70a>
10003316:	87f1c783          	lbu	a5,-1921(gp) # 20001ce0 <_app_driver_count>
1000331a:	0685                	addi	a3,a3,1
1000331c:	9ee1                	zext.b	a3,a3
1000331e:	00178613          	addi	a2,a5,1
10003322:	8736                	mv	a4,a3
10003324:	fad65ae3          	bge	a2,a3,100032d8 <tud_task_ext+0x620>
10003328:	9002                	ebreak
1000332a:	4c96                	lw	s9,68(sp)
1000332c:	4d06                	lw	s10,64(sp)
1000332e:	5df2                	lw	s11,60(sp)
10003330:	bb29                	j	1000304a <tud_task_ext+0x392>
10003332:	40f707b3          	sub	a5,a4,a5
10003336:	0796                	slli	a5,a5,0x5
10003338:	97ee                	add	a5,a5,s11
1000333a:	b77d                	j	100032e8 <tud_task_ext+0x630>
1000333c:	847ff0ef          	jal	10002b82 <tud_mount_cb>
10003340:	4c96                	lw	s9,68(sp)
10003342:	4d06                	lw	s10,64(sp)
10003344:	5df2                	lw	s11,60(sp)
10003346:	bd55                	j	100031fa <tud_task_ext+0x542>
10003348:	4581                	li	a1,0
1000334a:	8562                	mv	a0,s8
1000334c:	c43e                	sw	a5,8(sp)
1000334e:	ceeff0ef          	jal	1000283c <dcd_sof_enable>
10003352:	8562                	mv	a0,s8
10003354:	e4eff0ef          	jal	100029a2 <dcd_edpt_close_all>
10003358:	002bc703          	lbu	a4,2(s7)
1000335c:	8562                	mv	a0,s8
1000335e:	c23a                	sw	a4,4(sp)
10003360:	f66ff0ef          	jal	10002ac6 <configuration_reset>
10003364:	4712                	lw	a4,4(sp)
10003366:	47a2                	lw	a5,8(sp)
10003368:	00eb8123          	sb	a4,2(s7)
1000336c:	b96d                	j	10003026 <tud_task_ext+0x36e>
1000336e:	80dff0ef          	jal	10002b7a <tud_descriptor_device_qualifier_cb>
10003372:	862a                	mv	a2,a0
10003374:	aa050ce3          	beqz	a0,10002e2c <tud_task_ext+0x174>
10003378:	8214                	lbu	a3,0(a2)
1000337a:	8562                	mv	a0,s8
1000337c:	102c                	addi	a1,sp,40
1000337e:	24c9                	jal	10003640 <tud_control_xfer>
10003380:	87aa                	mv	a5,a0
10003382:	ea0790e3          	bnez	a5,10003222 <tud_task_ext+0x56a>
10003386:	b45d                	j	10002e2c <tud_task_ext+0x174>
10003388:	02c15583          	lhu	a1,44(sp)
1000338c:	940ff0ef          	jal	100024cc <tud_descriptor_string_cb>
10003390:	862a                	mv	a2,a0
10003392:	f17d                	bnez	a0,10003378 <tud_task_ext+0x6c0>
10003394:	bc61                	j	10002e2c <tud_task_ext+0x174>
10003396:	4789                	li	a5,2
10003398:	08f70863          	beq	a4,a5,10003428 <tud_task_ext+0x770>
1000339c:	fe2ff0ef          	jal	10002b7e <tud_descriptor_other_speed_configuration_cb>
100033a0:	862a                	mv	a2,a0
100033a2:	e60516e3          	bnez	a0,1000320e <tud_task_ext+0x556>
100033a6:	b459                	j	10002e2c <tud_task_ext+0x174>
100033a8:	910ff0ef          	jal	100024b8 <tud_descriptor_device_cb>
100033ac:	862a                	mv	a2,a0
100033ae:	a6050ee3          	beqz	a0,10002e2a <tud_task_ext+0x172>
100033b2:	8562                	mv	a0,s8
100033b4:	46c9                	li	a3,18
100033b6:	102c                	addi	a1,sp,40
100033b8:	2461                	jal	10003640 <tud_control_xfer>
100033ba:	87aa                	mv	a5,a0
100033bc:	e60793e3          	bnez	a5,10003222 <tud_task_ext+0x56a>
100033c0:	b4b5                	j	10002e2c <tud_task_ext+0x174>
100033c2:	4505                	li	a0,1
100033c4:	04a88963          	beq	a7,a0,10003416 <tud_task_ext+0x75e>
100033c8:	02088763          	beqz	a7,100033f6 <tud_task_ext+0x73e>
100033cc:	0025ce03          	lbu	t3,2(a1)
100033d0:	4781                	li	a5,0
100033d2:	0ff00313          	li	t1,255
100033d6:	a039                	j	100033e4 <tud_task_ext+0x72c>
100033d8:	0785                	addi	a5,a5,1
100033da:	9fe1                	zext.b	a5,a5
100033dc:	00d50223          	sb	a3,4(a0)
100033e0:	0117fb63          	bgeu	a5,a7,100033f6 <tud_task_ext+0x73e>
100033e4:	00fe0533          	add	a0,t3,a5
100033e8:	9d61                	zext.b	a0,a0
100033ea:	955e                	add	a0,a0,s7
100033ec:	00454e83          	lbu	t4,4(a0)
100033f0:	fe6e84e3          	beq	t4,t1,100033d8 <tud_task_ext+0x720>
100033f4:	bf15                	j	10003328 <tud_task_ext+0x670>
100033f6:	4512                	lw	a0,4(sp)
100033f8:	c83a                	sw	a4,16(sp)
100033fa:	c632                	sw	a2,12(sp)
100033fc:	c42e                	sw	a1,8(sp)
100033fe:	090010ef          	jal	1000448e <tu_edpt_bind_driver>
10003402:	87f1c783          	lbu	a5,-1921(gp) # 20001ce0 <_app_driver_count>
10003406:	45a2                	lw	a1,8(sp)
10003408:	4632                	lw	a2,12(sp)
1000340a:	4742                	lw	a4,16(sp)
1000340c:	0785                	addi	a5,a5,1
1000340e:	95b2                	add	a1,a1,a2
10003410:	e8e7dde3          	bge	a5,a4,100032aa <tud_task_ext+0x5f2>
10003414:	bf11                	j	10003328 <tud_task_ext+0x670>
10003416:	4b88                	lw	a0,16(a5)
10003418:	100047b7          	lui	a5,0x10004
1000341c:	d1078793          	addi	a5,a5,-752 # 10003d10 <cdcd_open>
10003420:	faf516e3          	bne	a0,a5,100033cc <tud_task_ext+0x714>
10003424:	88e6                	mv	a7,s9
10003426:	b75d                	j	100033cc <tud_task_ext+0x714>
10003428:	89aff0ef          	jal	100024c2 <tud_descriptor_configuration_cb>
1000342c:	862a                	mv	a2,a0
1000342e:	de0510e3          	bnez	a0,1000320e <tud_task_ext+0x556>
10003432:	bae5                	j	10002e2a <tud_task_ext+0x172>

10003434 <usbd_open_edpt_pair>:
10003434:	ca55                	beqz	a2,100034e8 <usbd_open_edpt_pair+0xb4>
10003436:	7179                	addi	sp,sp,-48
10003438:	c85a                	sw	s6,16(sp)
1000343a:	20001b37          	lui	s6,0x20001
1000343e:	d422                	sw	s0,40(sp)
10003440:	d226                	sw	s1,36(sp)
10003442:	d04a                	sw	s2,32(sp)
10003444:	ce4e                	sw	s3,28(sp)
10003446:	cc52                	sw	s4,24(sp)
10003448:	ca56                	sw	s5,20(sp)
1000344a:	c65e                	sw	s7,12(sp)
1000344c:	c462                	sw	s8,8(sp)
1000344e:	c266                	sw	s9,4(sp)
10003450:	d606                	sw	ra,44(sp)
10003452:	c06a                	sw	s10,0(sp)
10003454:	842e                	mv	s0,a1
10003456:	8bbe                	mv	s7,a5
10003458:	8aba                	mv	s5,a4
1000345a:	8936                	mv	s2,a3
1000345c:	84b2                	mv	s1,a2
1000345e:	400b0b13          	addi	s6,s6,1024 # 20001400 <_usbd_dev>
10003462:	4c81                	li	s9,0
10003464:	4995                	li	s3,5
10003466:	20001c37          	lui	s8,0x20001
1000346a:	4a05                	li	s4,1
1000346c:	a815                	j	100034a0 <usbd_open_edpt_pair+0x6c>
1000346e:	002b4583          	lbu	a1,2(s6)
10003472:	09ec4d03          	lbu	s10,158(s8) # 2000109e <_usbd_rhport>
10003476:	7ad000ef          	jal	10004422 <tu_edpt_validate>
1000347a:	87aa                	mv	a5,a0
1000347c:	85a2                	mv	a1,s0
1000347e:	856a                	mv	a0,s10
10003480:	cf85                	beqz	a5,100034b8 <usbd_open_edpt_pair+0x84>
10003482:	beaff0ef          	jal	1000286c <dcd_edpt_open>
10003486:	c915                	beqz	a0,100034ba <usbd_open_edpt_pair+0x86>
10003488:	803c                	lbu	a5,2(s0)
1000348a:	0077d713          	srli	a4,a5,0x7
1000348e:	05470663          	beq	a4,s4,100034da <usbd_open_edpt_pair+0xa6>
10003492:	00fa8023          	sb	a5,0(s5)
10003496:	0c85                	addi	s9,s9,1
10003498:	05948663          	beq	s1,s9,100034e4 <usbd_open_edpt_pair+0xb0>
1000349c:	801c                	lbu	a5,0(s0)
1000349e:	943e                	add	s0,s0,a5
100034a0:	805c                	lbu	a5,1(s0)
100034a2:	8522                	mv	a0,s0
100034a4:	01379b63          	bne	a5,s3,100034ba <usbd_open_edpt_pair+0x86>
100034a8:	806c                	lbu	a1,3(s0)
100034aa:	898d                	andi	a1,a1,3
100034ac:	01259763          	bne	a1,s2,100034ba <usbd_open_edpt_pair+0x86>
100034b0:	802c                	lbu	a1,2(s0)
100034b2:	0705f593          	andi	a1,a1,112
100034b6:	ddc5                	beqz	a1,1000346e <usbd_open_edpt_pair+0x3a>
100034b8:	9002                	ebreak
100034ba:	9002                	ebreak
100034bc:	4501                	li	a0,0
100034be:	50b2                	lw	ra,44(sp)
100034c0:	5422                	lw	s0,40(sp)
100034c2:	5492                	lw	s1,36(sp)
100034c4:	5902                	lw	s2,32(sp)
100034c6:	49f2                	lw	s3,28(sp)
100034c8:	4a62                	lw	s4,24(sp)
100034ca:	4ad2                	lw	s5,20(sp)
100034cc:	4b42                	lw	s6,16(sp)
100034ce:	4bb2                	lw	s7,12(sp)
100034d0:	4c22                	lw	s8,8(sp)
100034d2:	4c92                	lw	s9,4(sp)
100034d4:	4d02                	lw	s10,0(sp)
100034d6:	6145                	addi	sp,sp,48
100034d8:	8082                	ret
100034da:	00fb8023          	sb	a5,0(s7)
100034de:	0c85                	addi	s9,s9,1
100034e0:	fb949ee3          	bne	s1,s9,1000349c <usbd_open_edpt_pair+0x68>
100034e4:	4505                	li	a0,1
100034e6:	bfe1                	j	100034be <usbd_open_edpt_pair+0x8a>
100034e8:	4505                	li	a0,1
100034ea:	8082                	ret

100034ec <usbd_edpt_open>:
100034ec:	81bc                	lbu	a5,2(a1)
100034ee:	0707f793          	andi	a5,a5,112
100034f2:	c781                	beqz	a5,100034fa <usbd_edpt_open+0xe>
100034f4:	9002                	ebreak
100034f6:	4501                	li	a0,0
100034f8:	8082                	ret
100034fa:	1141                	addi	sp,sp,-16
100034fc:	200017b7          	lui	a5,0x20001
10003500:	c226                	sw	s1,4(sp)
10003502:	852e                	mv	a0,a1
10003504:	84ae                	mv	s1,a1
10003506:	4027c583          	lbu	a1,1026(a5) # 20001402 <_usbd_dev+0x2>
1000350a:	200017b7          	lui	a5,0x20001
1000350e:	c422                	sw	s0,8(sp)
10003510:	c606                	sw	ra,12(sp)
10003512:	09e7c403          	lbu	s0,158(a5) # 2000109e <_usbd_rhport>
10003516:	70d000ef          	jal	10004422 <tu_edpt_validate>
1000351a:	e901                	bnez	a0,1000352a <usbd_edpt_open+0x3e>
1000351c:	9002                	ebreak
1000351e:	40b2                	lw	ra,12(sp)
10003520:	4422                	lw	s0,8(sp)
10003522:	4492                	lw	s1,4(sp)
10003524:	4501                	li	a0,0
10003526:	0141                	addi	sp,sp,16
10003528:	8082                	ret
1000352a:	ac66                	cm.mva01s	s0,s1
1000352c:	4422                	lw	s0,8(sp)
1000352e:	40b2                	lw	ra,12(sp)
10003530:	4492                	lw	s1,4(sp)
10003532:	0141                	addi	sp,sp,16
10003534:	b38ff06f          	j	1000286c <dcd_edpt_open>

10003538 <usbd_edpt_claim>:
10003538:	0075d713          	srli	a4,a1,0x7
1000353c:	07f5f793          	andi	a5,a1,127
10003540:	03470713          	addi	a4,a4,52
10003544:	20001537          	lui	a0,0x20001
10003548:	86f1a583          	lw	a1,-1937(gp) # 20001cd0 <_usbd_mutex>
1000354c:	20e7a7b3          	sh1add	a5,a5,a4
10003550:	40050513          	addi	a0,a0,1024 # 20001400 <_usbd_dev>
10003554:	953e                	add	a0,a0,a5
10003556:	61f0006f          	j	10004374 <tu_edpt_claim>

1000355a <usbd_edpt_release>:
1000355a:	0075d713          	srli	a4,a1,0x7
1000355e:	07f5f793          	andi	a5,a1,127
10003562:	03470713          	addi	a4,a4,52
10003566:	20001537          	lui	a0,0x20001
1000356a:	86f1a583          	lw	a1,-1937(gp) # 20001cd0 <_usbd_mutex>
1000356e:	20e7a7b3          	sh1add	a5,a5,a4
10003572:	40050513          	addi	a0,a0,1024 # 20001400 <_usbd_dev>
10003576:	953e                	add	a0,a0,a5
10003578:	6610006f          	j	100043d8 <tu_edpt_release>

1000357c <usbd_edpt_xfer>:
1000357c:	20001537          	lui	a0,0x20001
10003580:	07f5f793          	andi	a5,a1,127
10003584:	40050513          	addi	a0,a0,1024 # 20001400 <_usbd_dev>
10003588:	0075d713          	srli	a4,a1,0x7
1000358c:	20a7a7b3          	sh1add	a5,a5,a0
10003590:	97ba                	add	a5,a5,a4
10003592:	0347c703          	lbu	a4,52(a5)
10003596:	8b05                	andi	a4,a4,1
10003598:	c701                	beqz	a4,100035a0 <usbd_edpt_xfer+0x24>
1000359a:	9002                	ebreak
1000359c:	4501                	li	a0,0
1000359e:	8082                	ret
100035a0:	0347c703          	lbu	a4,52(a5)
100035a4:	20001537          	lui	a0,0x20001
100035a8:	09e54503          	lbu	a0,158(a0) # 2000109e <_usbd_rhport>
100035ac:	1101                	addi	sp,sp,-32
100035ae:	ce06                	sw	ra,28(sp)
100035b0:	00176713          	ori	a4,a4,1
100035b4:	02e78a23          	sb	a4,52(a5)
100035b8:	c63e                	sw	a5,12(sp)
100035ba:	bf0ff0ef          	jal	100029aa <dcd_edpt_xfer>
100035be:	ed11                	bnez	a0,100035da <usbd_edpt_xfer+0x5e>
100035c0:	47b2                	lw	a5,12(sp)
100035c2:	0347c703          	lbu	a4,52(a5)
100035c6:	9b79                	andi	a4,a4,-2
100035c8:	02e78a23          	sb	a4,52(a5)
100035cc:	0347c703          	lbu	a4,52(a5)
100035d0:	9b6d                	andi	a4,a4,-5
100035d2:	02e78a23          	sb	a4,52(a5)
100035d6:	9002                	ebreak
100035d8:	4501                	li	a0,0
100035da:	40f2                	lw	ra,28(sp)
100035dc:	6105                	addi	sp,sp,32
100035de:	8082                	ret

100035e0 <tud_control_status>:
100035e0:	0045c603          	lbu	a2,4(a1)
100035e4:	0055c683          	lbu	a3,5(a1)
100035e8:	0065c703          	lbu	a4,6(a1)
100035ec:	0005ce03          	lbu	t3,0(a1)
100035f0:	0015c303          	lbu	t1,1(a1)
100035f4:	0025c883          	lbu	a7,2(a1)
100035f8:	0035c803          	lbu	a6,3(a1)
100035fc:	200017b7          	lui	a5,0x20001
10003600:	3cc78793          	addi	a5,a5,972 # 200013cc <_ctrl_xfer>
10003604:	00c78223          	sb	a2,4(a5)
10003608:	00d782a3          	sb	a3,5(a5)
1000360c:	01c78023          	sb	t3,0(a5)
10003610:	006780a3          	sb	t1,1(a5)
10003614:	01178123          	sb	a7,2(a5)
10003618:	010781a3          	sb	a6,3(a5)
1000361c:	00e78323          	sb	a4,6(a5)
10003620:	0075c703          	lbu	a4,7(a1)
10003624:	0007a623          	sw	zero,12(a5)
10003628:	4681                	li	a3,0
1000362a:	00e783a3          	sb	a4,7(a5)
1000362e:	818c                	lbu	a1,0(a1)
10003630:	4601                	li	a2,0
10003632:	0007a423          	sw	zero,8(a5)
10003636:	0ff5c593          	xori	a1,a1,255
1000363a:	0805f593          	andi	a1,a1,128
1000363e:	bf3d                	j	1000357c <usbd_edpt_xfer>

10003640 <tud_control_xfer>:
10003640:	0055c803          	lbu	a6,5(a1)
10003644:	0065c703          	lbu	a4,6(a1)
10003648:	0005cf03          	lbu	t5,0(a1)
1000364c:	0015ce83          	lbu	t4,1(a1)
10003650:	0025ce03          	lbu	t3,2(a1)
10003654:	0035c303          	lbu	t1,3(a1)
10003658:	0045c883          	lbu	a7,4(a1)
1000365c:	1101                	addi	sp,sp,-32
1000365e:	200017b7          	lui	a5,0x20001
10003662:	ce06                	sw	ra,28(sp)
10003664:	3cc78793          	addi	a5,a5,972 # 200013cc <_ctrl_xfer>
10003668:	01e78023          	sb	t5,0(a5)
1000366c:	01d780a3          	sb	t4,1(a5)
10003670:	01c78123          	sb	t3,2(a5)
10003674:	006781a3          	sb	t1,3(a5)
10003678:	01178223          	sb	a7,4(a5)
1000367c:	010782a3          	sb	a6,5(a5)
10003680:	00e78323          	sb	a4,6(a5)
10003684:	0075c703          	lbu	a4,7(a1)
10003688:	c790                	sw	a2,8(a5)
1000368a:	00079723          	sh	zero,14(a5)
1000368e:	00e783a3          	sb	a4,7(a5)
10003692:	0075c703          	lbu	a4,7(a1)
10003696:	0065c803          	lbu	a6,6(a1)
1000369a:	0722                	slli	a4,a4,0x8
1000369c:	01076733          	or	a4,a4,a6
100036a0:	0ad756b3          	minu	a3,a4,a3
100036a4:	00d79623          	sh	a3,12(a5)
100036a8:	cb05                	beqz	a4,100036d8 <tud_control_xfer+0x98>
100036aa:	882a                	mv	a6,a0
100036ac:	c6a1                	beqz	a3,100036f4 <tud_control_xfer+0xb4>
100036ae:	ce15                	beqz	a2,100036ea <tud_control_xfer+0xaa>
100036b0:	00078783          	lb	a5,0(a5)
100036b4:	04000713          	li	a4,64
100036b8:	0ae6d6b3          	minu	a3,a3,a4
100036bc:	0407c463          	bltz	a5,10003704 <tud_control_xfer+0xc4>
100036c0:	20001637          	lui	a2,0x20001
100036c4:	38c60613          	addi	a2,a2,908 # 2000138c <_ctrl_epbuf>
100036c8:	4581                	li	a1,0
100036ca:	8542                	mv	a0,a6
100036cc:	3d45                	jal	1000357c <usbd_edpt_xfer>
100036ce:	cd11                	beqz	a0,100036ea <tud_control_xfer+0xaa>
100036d0:	40f2                	lw	ra,28(sp)
100036d2:	4505                	li	a0,1
100036d4:	6105                	addi	sp,sp,32
100036d6:	8082                	ret
100036d8:	818c                	lbu	a1,0(a1)
100036da:	4681                	li	a3,0
100036dc:	4601                	li	a2,0
100036de:	0ff5c593          	xori	a1,a1,255
100036e2:	0805f593          	andi	a1,a1,128
100036e6:	3d59                	jal	1000357c <usbd_edpt_xfer>
100036e8:	f565                	bnez	a0,100036d0 <tud_control_xfer+0x90>
100036ea:	9002                	ebreak
100036ec:	40f2                	lw	ra,28(sp)
100036ee:	4501                	li	a0,0
100036f0:	6105                	addi	sp,sp,32
100036f2:	8082                	ret
100036f4:	838c                	lbu	a1,0(a5)
100036f6:	4601                	li	a2,0
100036f8:	0805f593          	andi	a1,a1,128
100036fc:	8542                	mv	a0,a6
100036fe:	3dbd                	jal	1000357c <usbd_edpt_xfer>
10003700:	f961                	bnez	a0,100036d0 <tud_control_xfer+0x90>
10003702:	b7e5                	j	100036ea <tud_control_xfer+0xaa>
10003704:	200017b7          	lui	a5,0x20001
10003708:	85b2                	mv	a1,a2
1000370a:	c62a                	sw	a0,12(sp)
1000370c:	8636                	mv	a2,a3
1000370e:	38c78513          	addi	a0,a5,908 # 2000138c <_ctrl_epbuf>
10003712:	c436                	sw	a3,8(sp)
10003714:	69c010ef          	jal	10004db0 <memcpy>
10003718:	4832                	lw	a6,12(sp)
1000371a:	46a2                	lw	a3,8(sp)
1000371c:	862a                	mv	a2,a0
1000371e:	08000593          	li	a1,128
10003722:	bfe9                	j	100036fc <tud_control_xfer+0xbc>

10003724 <usbd_control_reset>:
10003724:	200017b7          	lui	a5,0x20001
10003728:	3cc78793          	addi	a5,a5,972 # 200013cc <_ctrl_xfer>
1000372c:	0007a023          	sw	zero,0(a5)
10003730:	0007a223          	sw	zero,4(a5)
10003734:	0007a423          	sw	zero,8(a5)
10003738:	0007a623          	sw	zero,12(a5)
1000373c:	0007a823          	sw	zero,16(a5)
10003740:	8082                	ret

10003742 <usbd_control_set_complete_callback>:
10003742:	200017b7          	lui	a5,0x20001
10003746:	3ca7ae23          	sw	a0,988(a5) # 200013dc <_ctrl_xfer+0x10>
1000374a:	8082                	ret

1000374c <usbd_control_set_request>:
1000374c:	00654703          	lbu	a4,6(a0)
10003750:	00054303          	lbu	t1,0(a0)
10003754:	00154883          	lbu	a7,1(a0)
10003758:	00254803          	lbu	a6,2(a0)
1000375c:	816c                	lbu	a1,3(a0)
1000375e:	00454603          	lbu	a2,4(a0)
10003762:	00554683          	lbu	a3,5(a0)
10003766:	200017b7          	lui	a5,0x20001
1000376a:	3cc78793          	addi	a5,a5,972 # 200013cc <_ctrl_xfer>
1000376e:	00678023          	sb	t1,0(a5)
10003772:	011780a3          	sb	a7,1(a5)
10003776:	01078123          	sb	a6,2(a5)
1000377a:	8bec                	sb	a1,3(a5)
1000377c:	00c78223          	sb	a2,4(a5)
10003780:	00d782a3          	sb	a3,5(a5)
10003784:	00e78323          	sb	a4,6(a5)
10003788:	00754703          	lbu	a4,7(a0)
1000378c:	0007a423          	sw	zero,8(a5)
10003790:	0007a623          	sw	zero,12(a5)
10003794:	00e783a3          	sb	a4,7(a5)
10003798:	8082                	ret

1000379a <usbd_control_xfer_cb>:
1000379a:	200017b7          	lui	a5,0x20001
1000379e:	3cc78793          	addi	a5,a5,972 # 200013cc <_ctrl_xfer>
100037a2:	4398                	lw	a4,0(a5)
100037a4:	1101                	addi	sp,sp,-32
100037a6:	cc22                	sw	s0,24(sp)
100037a8:	ce06                	sw	ra,28(sp)
100037aa:	819d                	srli	a1,a1,0x7
100037ac:	48775713          	bexti	a4,a4,0x7
100037b0:	842a                	mv	s0,a0
100037b2:	02b70b63          	beq	a4,a1,100037e8 <usbd_control_xfer_cb+0x4e>
100037b6:	c699                	beqz	a3,100037c4 <usbd_control_xfer_cb+0x2a>
100037b8:	9002                	ebreak
100037ba:	40f2                	lw	ra,28(sp)
100037bc:	4462                	lw	s0,24(sp)
100037be:	4501                	li	a0,0
100037c0:	6105                	addi	sp,sp,32
100037c2:	8082                	ret
100037c4:	85be                	mv	a1,a5
100037c6:	88aff0ef          	jal	10002850 <dcd_edpt0_status_complete>
100037ca:	200017b7          	lui	a5,0x20001
100037ce:	3cc78793          	addi	a5,a5,972 # 200013cc <_ctrl_xfer>
100037d2:	4b98                	lw	a4,16(a5)
100037d4:	c709                	beqz	a4,100037de <usbd_control_xfer_cb+0x44>
100037d6:	863e                	mv	a2,a5
100037d8:	8522                	mv	a0,s0
100037da:	458d                	li	a1,3
100037dc:	9702                	jalr	a4
100037de:	4505                	li	a0,1
100037e0:	40f2                	lw	ra,28(sp)
100037e2:	4462                	lw	s0,24(sp)
100037e4:	6105                	addi	sp,sp,32
100037e6:	8082                	ret
100037e8:	00078703          	lb	a4,0(a5)
100037ec:	02074163          	bltz	a4,1000380e <usbd_control_xfer_cb+0x74>
100037f0:	4788                	lw	a0,8(a5)
100037f2:	d561                	beqz	a0,100037ba <usbd_control_xfer_cb+0x20>
100037f4:	200015b7          	lui	a1,0x20001
100037f8:	8636                	mv	a2,a3
100037fa:	38c58593          	addi	a1,a1,908 # 2000138c <_ctrl_epbuf>
100037fe:	c636                	sw	a3,12(sp)
10003800:	5b0010ef          	jal	10004db0 <memcpy>
10003804:	46b2                	lw	a3,12(sp)
10003806:	200017b7          	lui	a5,0x20001
1000380a:	3cc78793          	addi	a5,a5,972 # 200013cc <_ctrl_xfer>
1000380e:	00e7d703          	lhu	a4,14(a5)
10003812:	478c                	lw	a1,8(a5)
10003814:	0067d603          	lhu	a2,6(a5)
10003818:	9736                	add	a4,a4,a3
1000381a:	9f69                	zext.h	a4,a4
1000381c:	95b6                	add	a1,a1,a3
1000381e:	00e79723          	sh	a4,14(a5)
10003822:	c78c                	sw	a1,8(a5)
10003824:	02e60f63          	beq	a2,a4,10003862 <usbd_control_xfer_cb+0xc8>
10003828:	0406b693          	sltiu	a3,a3,64
1000382c:	ea9d                	bnez	a3,10003862 <usbd_control_xfer_cb+0xc8>
1000382e:	00c7d603          	lhu	a2,12(a5)
10003832:	00078783          	lb	a5,0(a5)
10003836:	04000513          	li	a0,64
1000383a:	40e606b3          	sub	a3,a2,a4
1000383e:	9ee9                	zext.h	a3,a3
10003840:	0aa6d6b3          	minu	a3,a3,a0
10003844:	0607c263          	bltz	a5,100038a8 <usbd_control_xfer_cb+0x10e>
10003848:	08c70363          	beq	a4,a2,100038ce <usbd_control_xfer_cb+0x134>
1000384c:	20001637          	lui	a2,0x20001
10003850:	38c60613          	addi	a2,a2,908 # 2000138c <_ctrl_epbuf>
10003854:	4581                	li	a1,0
10003856:	8522                	mv	a0,s0
10003858:	d25ff0ef          	jal	1000357c <usbd_edpt_xfer>
1000385c:	dd31                	beqz	a0,100037b8 <usbd_control_xfer_cb+0x1e>
1000385e:	4505                	li	a0,1
10003860:	b741                	j	100037e0 <usbd_control_xfer_cb+0x46>
10003862:	4b98                	lw	a4,16(a5)
10003864:	cb11                	beqz	a4,10003878 <usbd_control_xfer_cb+0xde>
10003866:	863e                	mv	a2,a5
10003868:	4589                	li	a1,2
1000386a:	8522                	mv	a0,s0
1000386c:	9702                	jalr	a4
1000386e:	200017b7          	lui	a5,0x20001
10003872:	3cc78793          	addi	a5,a5,972 # 200013cc <_ctrl_xfer>
10003876:	cd11                	beqz	a0,10003892 <usbd_control_xfer_cb+0xf8>
10003878:	838c                	lbu	a1,0(a5)
1000387a:	8522                	mv	a0,s0
1000387c:	4681                	li	a3,0
1000387e:	0ff5c593          	xori	a1,a1,255
10003882:	0805f593          	andi	a1,a1,128
10003886:	4601                	li	a2,0
10003888:	cf5ff0ef          	jal	1000357c <usbd_edpt_xfer>
1000388c:	d515                	beqz	a0,100037b8 <usbd_control_xfer_cb+0x1e>
1000388e:	4505                	li	a0,1
10003890:	bf81                	j	100037e0 <usbd_control_xfer_cb+0x46>
10003892:	4581                	li	a1,0
10003894:	8522                	mv	a0,s0
10003896:	93cff0ef          	jal	100029d2 <dcd_edpt_stall>
1000389a:	8522                	mv	a0,s0
1000389c:	08000593          	li	a1,128
100038a0:	932ff0ef          	jal	100029d2 <dcd_edpt_stall>
100038a4:	4505                	li	a0,1
100038a6:	bf2d                	j	100037e0 <usbd_control_xfer_cb+0x46>
100038a8:	00c70f63          	beq	a4,a2,100038c6 <usbd_control_xfer_cb+0x12c>
100038ac:	200017b7          	lui	a5,0x20001
100038b0:	8636                	mv	a2,a3
100038b2:	38c78513          	addi	a0,a5,908 # 2000138c <_ctrl_epbuf>
100038b6:	c636                	sw	a3,12(sp)
100038b8:	4f8010ef          	jal	10004db0 <memcpy>
100038bc:	46b2                	lw	a3,12(sp)
100038be:	862a                	mv	a2,a0
100038c0:	08000593          	li	a1,128
100038c4:	bf49                	j	10003856 <usbd_control_xfer_cb+0xbc>
100038c6:	08000593          	li	a1,128
100038ca:	4601                	li	a2,0
100038cc:	b769                	j	10003856 <usbd_control_xfer_cb+0xbc>
100038ce:	4581                	li	a1,0
100038d0:	4601                	li	a2,0
100038d2:	b751                	j	10003856 <usbd_control_xfer_cb+0xbc>

100038d4 <_prep_out_transaction.isra.0>:
100038d4:	1101                	addi	sp,sp,-32
100038d6:	ca26                	sw	s1,20(sp)
100038d8:	ce06                	sw	ra,28(sp)
100038da:	84aa                	mv	s1,a0
100038dc:	aaeff0ef          	jal	10002b8a <tud_mounted>
100038e0:	e509                	bnez	a0,100038ea <_prep_out_transaction.isra.0+0x16>
100038e2:	40f2                	lw	ra,28(sp)
100038e4:	44d2                	lw	s1,20(sp)
100038e6:	6105                	addi	sp,sp,32
100038e8:	8082                	ret
100038ea:	ab0ff0ef          	jal	10002b9a <tud_suspended>
100038ee:	f975                	bnez	a0,100038e2 <_prep_out_transaction.isra.0+0xe>
100038f0:	20001737          	lui	a4,0x20001
100038f4:	2094c7b3          	sh2add	a5,s1,s1
100038f8:	20f7c7b3          	sh2add	a5,a5,a5
100038fc:	2c470713          	addi	a4,a4,708 # 200012c4 <_cdcd_itf>
10003900:	20e7e6b3          	sh3add	a3,a5,a4
10003904:	82f0                	lbu	a2,3(a3)
10003906:	078e                	slli	a5,a5,0x3
10003908:	de69                	beqz	a2,100038e2 <_prep_out_transaction.isra.0+0xe>
1000390a:	07c1                	addi	a5,a5,16
1000390c:	cc22                	sw	s0,24(sp)
1000390e:	00e78433          	add	s0,a5,a4
10003912:	8522                	mv	a0,s0
10003914:	c636                	sw	a3,12(sp)
10003916:	68d000ef          	jal	100047a2 <tu_fifo_remaining>
1000391a:	03f00793          	li	a5,63
1000391e:	00a7e463          	bltu	a5,a0,10003926 <_prep_out_transaction.isra.0+0x52>
10003922:	4462                	lw	s0,24(sp)
10003924:	bf7d                	j	100038e2 <_prep_out_transaction.isra.0+0xe>
10003926:	46b2                	lw	a3,12(sp)
10003928:	4501                	li	a0,0
1000392a:	82ec                	lbu	a1,3(a3)
1000392c:	c0dff0ef          	jal	10003538 <usbd_edpt_claim>
10003930:	d96d                	beqz	a0,10003922 <_prep_out_transaction.isra.0+0x4e>
10003932:	8522                	mv	a0,s0
10003934:	66f000ef          	jal	100047a2 <tu_fifo_remaining>
10003938:	46b2                	lw	a3,12(sp)
1000393a:	03f00793          	li	a5,63
1000393e:	82ec                	lbu	a1,3(a3)
10003940:	02a7f263          	bgeu	a5,a0,10003964 <_prep_out_transaction.isra.0+0x90>
10003944:	4462                	lw	s0,24(sp)
10003946:	40f2                	lw	ra,28(sp)
10003948:	00749793          	slli	a5,s1,0x7
1000394c:	20001637          	lui	a2,0x20001
10003950:	44d2                	lw	s1,20(sp)
10003952:	24460613          	addi	a2,a2,580 # 20001244 <_cdcd_epbuf>
10003956:	963e                	add	a2,a2,a5
10003958:	04000693          	li	a3,64
1000395c:	4501                	li	a0,0
1000395e:	6105                	addi	sp,sp,32
10003960:	c1dff06f          	j	1000357c <usbd_edpt_xfer>
10003964:	4462                	lw	s0,24(sp)
10003966:	40f2                	lw	ra,28(sp)
10003968:	44d2                	lw	s1,20(sp)
1000396a:	4501                	li	a0,0
1000396c:	6105                	addi	sp,sp,32
1000396e:	bedff06f          	j	1000355a <usbd_edpt_release>

10003972 <tud_cdc_n_connected>:
10003972:	1141                	addi	sp,sp,-16
10003974:	c422                	sw	s0,8(sp)
10003976:	c606                	sw	ra,12(sp)
10003978:	842a                	mv	s0,a0
1000397a:	a10ff0ef          	jal	10002b8a <tud_mounted>
1000397e:	e511                	bnez	a0,1000398a <tud_cdc_n_connected+0x18>
10003980:	40b2                	lw	ra,12(sp)
10003982:	4422                	lw	s0,8(sp)
10003984:	4501                	li	a0,0
10003986:	0141                	addi	sp,sp,16
10003988:	8082                	ret
1000398a:	a10ff0ef          	jal	10002b9a <tud_suspended>
1000398e:	f96d                	bnez	a0,10003980 <tud_cdc_n_connected+0xe>
10003990:	208447b3          	sh2add	a5,s0,s0
10003994:	20001737          	lui	a4,0x20001
10003998:	20f7c7b3          	sh2add	a5,a5,a5
1000399c:	2c470713          	addi	a4,a4,708 # 200012c4 <_cdcd_itf>
100039a0:	20e7e7b3          	sh3add	a5,a5,a4
100039a4:	0047c503          	lbu	a0,4(a5)
100039a8:	40b2                	lw	ra,12(sp)
100039aa:	4422                	lw	s0,8(sp)
100039ac:	8905                	andi	a0,a0,1
100039ae:	0141                	addi	sp,sp,16
100039b0:	8082                	ret

100039b2 <tud_cdc_n_available>:
100039b2:	20a54533          	sh2add	a0,a0,a0
100039b6:	20a54533          	sh2add	a0,a0,a0
100039ba:	00351793          	slli	a5,a0,0x3
100039be:	20001537          	lui	a0,0x20001
100039c2:	07c1                	addi	a5,a5,16
100039c4:	2c450513          	addi	a0,a0,708 # 200012c4 <_cdcd_itf>
100039c8:	1141                	addi	sp,sp,-16
100039ca:	953e                	add	a0,a0,a5
100039cc:	c606                	sw	ra,12(sp)
100039ce:	59d000ef          	jal	1000476a <tu_fifo_count>
100039d2:	40b2                	lw	ra,12(sp)
100039d4:	0141                	addi	sp,sp,16
100039d6:	8082                	ret

100039d8 <tud_cdc_n_read>:
100039d8:	20a54733          	sh2add	a4,a0,a0
100039dc:	67c1                	lui	a5,0x10
100039de:	1101                	addi	sp,sp,-32
100039e0:	20e74733          	sh2add	a4,a4,a4
100039e4:	17fd                	addi	a5,a5,-1 # ffff <HeapSize+0xf7ff>
100039e6:	cc22                	sw	s0,24(sp)
100039e8:	ca26                	sw	s1,20(sp)
100039ea:	00f637b3          	sltu	a5,a2,a5
100039ee:	00371413          	slli	s0,a4,0x3
100039f2:	200014b7          	lui	s1,0x20001
100039f6:	01040713          	addi	a4,s0,16
100039fa:	17fd                	addi	a5,a5,-1
100039fc:	2c448493          	addi	s1,s1,708 # 200012c4 <_cdcd_itf>
10003a00:	c64e                	sw	s3,12(sp)
10003a02:	8e5d                	or	a2,a2,a5
10003a04:	009709b3          	add	s3,a4,s1
10003a08:	c84a                	sw	s2,16(sp)
10003a0a:	9e69                	zext.h	a2,a2
10003a0c:	892a                	mv	s2,a0
10003a0e:	854e                	mv	a0,s3
10003a10:	c452                	sw	s4,8(sp)
10003a12:	ce06                	sw	ra,28(sp)
10003a14:	68b000ef          	jal	1000489e <tu_fifo_read_n>
10003a18:	8a2a                	mv	s4,a0
10003a1a:	970ff0ef          	jal	10002b8a <tud_mounted>
10003a1e:	e911                	bnez	a0,10003a32 <tud_cdc_n_read+0x5a>
10003a20:	40f2                	lw	ra,28(sp)
10003a22:	4462                	lw	s0,24(sp)
10003a24:	44d2                	lw	s1,20(sp)
10003a26:	4942                	lw	s2,16(sp)
10003a28:	49b2                	lw	s3,12(sp)
10003a2a:	8552                	mv	a0,s4
10003a2c:	4a22                	lw	s4,8(sp)
10003a2e:	6105                	addi	sp,sp,32
10003a30:	8082                	ret
10003a32:	968ff0ef          	jal	10002b9a <tud_suspended>
10003a36:	f56d                	bnez	a0,10003a20 <tud_cdc_n_read+0x48>
10003a38:	94a2                	add	s1,s1,s0
10003a3a:	80fc                	lbu	a5,3(s1)
10003a3c:	d3f5                	beqz	a5,10003a20 <tud_cdc_n_read+0x48>
10003a3e:	854e                	mv	a0,s3
10003a40:	563000ef          	jal	100047a2 <tu_fifo_remaining>
10003a44:	03f00413          	li	s0,63
10003a48:	fca47ce3          	bgeu	s0,a0,10003a20 <tud_cdc_n_read+0x48>
10003a4c:	80ec                	lbu	a1,3(s1)
10003a4e:	4501                	li	a0,0
10003a50:	ae9ff0ef          	jal	10003538 <usbd_edpt_claim>
10003a54:	d571                	beqz	a0,10003a20 <tud_cdc_n_read+0x48>
10003a56:	854e                	mv	a0,s3
10003a58:	54b000ef          	jal	100047a2 <tu_fifo_remaining>
10003a5c:	80ec                	lbu	a1,3(s1)
10003a5e:	00a47e63          	bgeu	s0,a0,10003a7a <tud_cdc_n_read+0xa2>
10003a62:	20001637          	lui	a2,0x20001
10003a66:	091e                	slli	s2,s2,0x7
10003a68:	24460613          	addi	a2,a2,580 # 20001244 <_cdcd_epbuf>
10003a6c:	964a                	add	a2,a2,s2
10003a6e:	04000693          	li	a3,64
10003a72:	4501                	li	a0,0
10003a74:	b09ff0ef          	jal	1000357c <usbd_edpt_xfer>
10003a78:	b765                	j	10003a20 <tud_cdc_n_read+0x48>
10003a7a:	4501                	li	a0,0
10003a7c:	adfff0ef          	jal	1000355a <usbd_edpt_release>
10003a80:	b745                	j	10003a20 <tud_cdc_n_read+0x48>

10003a82 <tud_cdc_n_write_flush>:
10003a82:	1101                	addi	sp,sp,-32
10003a84:	ca26                	sw	s1,20(sp)
10003a86:	ce06                	sw	ra,28(sp)
10003a88:	84aa                	mv	s1,a0
10003a8a:	900ff0ef          	jal	10002b8a <tud_mounted>
10003a8e:	e511                	bnez	a0,10003a9a <tud_cdc_n_write_flush+0x18>
10003a90:	4501                	li	a0,0
10003a92:	40f2                	lw	ra,28(sp)
10003a94:	44d2                	lw	s1,20(sp)
10003a96:	6105                	addi	sp,sp,32
10003a98:	8082                	ret
10003a9a:	900ff0ef          	jal	10002b9a <tud_suspended>
10003a9e:	f96d                	bnez	a0,10003a90 <tud_cdc_n_write_flush+0xe>
10003aa0:	2094c7b3          	sh2add	a5,s1,s1
10003aa4:	20f7c7b3          	sh2add	a5,a5,a5
10003aa8:	078e                	slli	a5,a5,0x3
10003aaa:	20001737          	lui	a4,0x20001
10003aae:	02478693          	addi	a3,a5,36
10003ab2:	2c470713          	addi	a4,a4,708 # 200012c4 <_cdcd_itf>
10003ab6:	cc22                	sw	s0,24(sp)
10003ab8:	00e68433          	add	s0,a3,a4
10003abc:	8522                	mv	a0,s0
10003abe:	c63e                	sw	a5,12(sp)
10003ac0:	4ab000ef          	jal	1000476a <tu_fifo_count>
10003ac4:	c10d                	beqz	a0,10003ae6 <tud_cdc_n_write_flush+0x64>
10003ac6:	200017b7          	lui	a5,0x20001
10003aca:	2c478713          	addi	a4,a5,708 # 200012c4 <_cdcd_itf>
10003ace:	47b2                	lw	a5,12(sp)
10003ad0:	c84a                	sw	s2,16(sp)
10003ad2:	4501                	li	a0,0
10003ad4:	97ba                	add	a5,a5,a4
10003ad6:	83ac                	lbu	a1,2(a5)
10003ad8:	893e                	mv	s2,a5
10003ada:	a5fff0ef          	jal	10003538 <usbd_edpt_claim>
10003ade:	e511                	bnez	a0,10003aea <tud_cdc_n_write_flush+0x68>
10003ae0:	4462                	lw	s0,24(sp)
10003ae2:	4942                	lw	s2,16(sp)
10003ae4:	b775                	j	10003a90 <tud_cdc_n_write_flush+0xe>
10003ae6:	4462                	lw	s0,24(sp)
10003ae8:	b765                	j	10003a90 <tud_cdc_n_write_flush+0xe>
10003aea:	00749793          	slli	a5,s1,0x7
10003aee:	20001737          	lui	a4,0x20001
10003af2:	24470713          	addi	a4,a4,580 # 20001244 <_cdcd_epbuf>
10003af6:	04078793          	addi	a5,a5,64
10003afa:	97ba                	add	a5,a5,a4
10003afc:	85be                	mv	a1,a5
10003afe:	8522                	mv	a0,s0
10003b00:	04000613          	li	a2,64
10003b04:	c63e                	sw	a5,12(sp)
10003b06:	599000ef          	jal	1000489e <tu_fifo_read_n>
10003b0a:	00294583          	lbu	a1,2(s2)
10003b0e:	86aa                	mv	a3,a0
10003b10:	cd09                	beqz	a0,10003b2a <tud_cdc_n_write_flush+0xa8>
10003b12:	4632                	lw	a2,12(sp)
10003b14:	c62a                	sw	a0,12(sp)
10003b16:	4501                	li	a0,0
10003b18:	a65ff0ef          	jal	1000357c <usbd_edpt_xfer>
10003b1c:	87aa                	mv	a5,a0
10003b1e:	4532                	lw	a0,12(sp)
10003b20:	eb91                	bnez	a5,10003b34 <tud_cdc_n_write_flush+0xb2>
10003b22:	9002                	ebreak
10003b24:	4462                	lw	s0,24(sp)
10003b26:	4942                	lw	s2,16(sp)
10003b28:	b7a5                	j	10003a90 <tud_cdc_n_write_flush+0xe>
10003b2a:	a31ff0ef          	jal	1000355a <usbd_edpt_release>
10003b2e:	4462                	lw	s0,24(sp)
10003b30:	4942                	lw	s2,16(sp)
10003b32:	bfb9                	j	10003a90 <tud_cdc_n_write_flush+0xe>
10003b34:	4462                	lw	s0,24(sp)
10003b36:	4942                	lw	s2,16(sp)
10003b38:	bfa9                	j	10003a92 <tud_cdc_n_write_flush+0x10>

10003b3a <tud_cdc_n_write>:
10003b3a:	1141                	addi	sp,sp,-16
10003b3c:	c422                	sw	s0,8(sp)
10003b3e:	67c1                	lui	a5,0x10
10003b40:	20a54433          	sh2add	s0,a0,a0
10003b44:	20844433          	sh2add	s0,s0,s0
10003b48:	17fd                	addi	a5,a5,-1 # ffff <HeapSize+0xf7ff>
10003b4a:	00f637b3          	sltu	a5,a2,a5
10003b4e:	040e                	slli	s0,s0,0x3
10003b50:	20001737          	lui	a4,0x20001
10003b54:	17fd                	addi	a5,a5,-1
10003b56:	2c470713          	addi	a4,a4,708 # 200012c4 <_cdcd_itf>
10003b5a:	02440413          	addi	s0,s0,36
10003b5e:	943a                	add	s0,s0,a4
10003b60:	8e5d                	or	a2,a2,a5
10003b62:	c226                	sw	s1,4(sp)
10003b64:	9e69                	zext.h	a2,a2
10003b66:	84aa                	mv	s1,a0
10003b68:	8522                	mv	a0,s0
10003b6a:	c606                	sw	ra,12(sp)
10003b6c:	c04a                	sw	s2,0(sp)
10003b6e:	73d000ef          	jal	10004aaa <tu_fifo_write_n>
10003b72:	892a                	mv	s2,a0
10003b74:	8522                	mv	a0,s0
10003b76:	3f5000ef          	jal	1000476a <tu_fifo_count>
10003b7a:	03f00793          	li	a5,63
10003b7e:	00a7e963          	bltu	a5,a0,10003b90 <tud_cdc_n_write+0x56>
10003b82:	40b2                	lw	ra,12(sp)
10003b84:	4422                	lw	s0,8(sp)
10003b86:	4492                	lw	s1,4(sp)
10003b88:	854a                	mv	a0,s2
10003b8a:	4902                	lw	s2,0(sp)
10003b8c:	0141                	addi	sp,sp,16
10003b8e:	8082                	ret
10003b90:	8526                	mv	a0,s1
10003b92:	3dc5                	jal	10003a82 <tud_cdc_n_write_flush>
10003b94:	40b2                	lw	ra,12(sp)
10003b96:	4422                	lw	s0,8(sp)
10003b98:	4492                	lw	s1,4(sp)
10003b9a:	854a                	mv	a0,s2
10003b9c:	4902                	lw	s2,0(sp)
10003b9e:	0141                	addi	sp,sp,16
10003ba0:	8082                	ret

10003ba2 <tud_cdc_n_write_available>:
10003ba2:	20a54533          	sh2add	a0,a0,a0
10003ba6:	20a54533          	sh2add	a0,a0,a0
10003baa:	00351793          	slli	a5,a0,0x3
10003bae:	20001537          	lui	a0,0x20001
10003bb2:	02478793          	addi	a5,a5,36
10003bb6:	2c450513          	addi	a0,a0,708 # 200012c4 <_cdcd_itf>
10003bba:	1141                	addi	sp,sp,-16
10003bbc:	953e                	add	a0,a0,a5
10003bbe:	c606                	sw	ra,12(sp)
10003bc0:	3e3000ef          	jal	100047a2 <tu_fifo_remaining>
10003bc4:	40b2                	lw	ra,12(sp)
10003bc6:	0141                	addi	sp,sp,16
10003bc8:	8082                	ret

10003bca <cdcd_init>:
10003bca:	1141                	addi	sp,sp,-16
10003bcc:	c422                	sw	s0,8(sp)
10003bce:	20001437          	lui	s0,0x20001
10003bd2:	2c440413          	addi	s0,s0,708 # 200012c4 <_cdcd_itf>
10003bd6:	8522                	mv	a0,s0
10003bd8:	0c800613          	li	a2,200
10003bdc:	4581                	li	a1,0
10003bde:	c606                	sw	ra,12(sp)
10003be0:	c226                	sw	s1,4(sp)
10003be2:	c04a                	sw	s2,0(sp)
10003be4:	124010ef          	jal	10004d08 <memset>
10003be8:	67f1                	lui	a5,0x1c
10003bea:	20078793          	addi	a5,a5,512 # 1c200 <HeapSize+0x1ba00>
10003bee:	c41c                	sw	a5,8(s0)
10003bf0:	577d                	li	a4,-1
10003bf2:	47a1                	li	a5,8
10003bf4:	200015b7          	lui	a1,0x20001
10003bf8:	20001537          	lui	a0,0x20001
10003bfc:	00e402a3          	sb	a4,5(s0)
10003c00:	00f40723          	sb	a5,14(s0)
10003c04:	2fc58593          	addi	a1,a1,764 # 200012fc <_cdcd_itf+0x38>
10003c08:	4701                	li	a4,0
10003c0a:	4685                	li	a3,1
10003c0c:	04000613          	li	a2,64
10003c10:	2d450513          	addi	a0,a0,724 # 200012d4 <_cdcd_itf+0x10>
10003c14:	880185a3          	sb	zero,-1909(gp) # 20001cec <_cdcd_fifo_cfg>
10003c18:	2cb000ef          	jal	100046e2 <tu_fifo_config>
10003c1c:	4705                	li	a4,1
10003c1e:	200015b7          	lui	a1,0x20001
10003c22:	20001537          	lui	a0,0x20001
10003c26:	86ba                	mv	a3,a4
10003c28:	33c58593          	addi	a1,a1,828 # 2000133c <_cdcd_itf+0x78>
10003c2c:	04000613          	li	a2,64
10003c30:	2e850513          	addi	a0,a0,744 # 200012e8 <_cdcd_itf+0x24>
10003c34:	2af000ef          	jal	100046e2 <tu_fifo_config>
10003c38:	20001937          	lui	s2,0x20001
10003c3c:	37c90513          	addi	a0,s2,892 # 2000137c <_cdcd_itf+0xb8>
10003c40:	f2ffc0ef          	jal	10000b6e <mutex_init>
10003c44:	200014b7          	lui	s1,0x20001
10003c48:	38448513          	addi	a0,s1,900 # 20001384 <_cdcd_itf+0xc0>
10003c4c:	f23fc0ef          	jal	10000b6e <mutex_init>
10003c50:	37c90913          	addi	s2,s2,892
10003c54:	38448493          	addi	s1,s1,900
10003c58:	03242023          	sw	s2,32(s0)
10003c5c:	d804                	sw	s1,48(s0)
10003c5e:	40b2                	lw	ra,12(sp)
10003c60:	00042e23          	sw	zero,28(s0)
10003c64:	02042a23          	sw	zero,52(s0)
10003c68:	4422                	lw	s0,8(sp)
10003c6a:	4492                	lw	s1,4(sp)
10003c6c:	4902                	lw	s2,0(sp)
10003c6e:	0141                	addi	sp,sp,16
10003c70:	8082                	ret

10003c72 <cdcd_deinit>:
10003c72:	200017b7          	lui	a5,0x20001
10003c76:	2c478793          	addi	a5,a5,708 # 200012c4 <_cdcd_itf>
10003c7a:	5b94                	lw	a3,48(a5)
10003c7c:	5398                	lw	a4,32(a5)
10003c7e:	c295                	beqz	a3,10003ca2 <cdcd_deinit+0x30>
10003c80:	cb19                	beqz	a4,10003c96 <cdcd_deinit+0x24>
10003c82:	0007ae23          	sw	zero,28(a5)
10003c86:	0207aa23          	sw	zero,52(a5)
10003c8a:	0207a823          	sw	zero,48(a5)
10003c8e:	0207a023          	sw	zero,32(a5)
10003c92:	4505                	li	a0,1
10003c94:	8082                	ret
10003c96:	0207aa23          	sw	zero,52(a5)
10003c9a:	0207a823          	sw	zero,48(a5)
10003c9e:	4505                	li	a0,1
10003ca0:	8082                	ret
10003ca2:	db65                	beqz	a4,10003c92 <cdcd_deinit+0x20>
10003ca4:	0007ae23          	sw	zero,28(a5)
10003ca8:	b7dd                	j	10003c8e <cdcd_deinit+0x1c>

10003caa <cdcd_reset>:
10003caa:	88b1c783          	lbu	a5,-1909(gp) # 20001cec <_cdcd_fifo_cfg>
10003cae:	1141                	addi	sp,sp,-16
10003cb0:	20001737          	lui	a4,0x20001
10003cb4:	c606                	sw	ra,12(sp)
10003cb6:	2c470713          	addi	a4,a4,708 # 200012c4 <_cdcd_itf>
10003cba:	0017f613          	andi	a2,a5,1
10003cbe:	00072023          	sw	zero,0(a4)
10003cc2:	00070223          	sb	zero,4(a4)
10003cc6:	ce01                	beqz	a2,10003cde <cdcd_reset+0x34>
10003cc8:	8b89                	andi	a5,a5,2
10003cca:	20001737          	lui	a4,0x20001
10003cce:	c785                	beqz	a5,10003cf6 <cdcd_reset+0x4c>
10003cd0:	40b2                	lw	ra,12(sp)
10003cd2:	2e870513          	addi	a0,a4,744 # 200012e8 <_cdcd_itf+0x24>
10003cd6:	4585                	li	a1,1
10003cd8:	0141                	addi	sp,sp,16
10003cda:	7d10006f          	j	10004caa <tu_fifo_set_overwritable>
10003cde:	20001537          	lui	a0,0x20001
10003ce2:	2d450513          	addi	a0,a0,724 # 200012d4 <_cdcd_itf+0x10>
10003ce6:	777000ef          	jal	10004c5c <tu_fifo_clear>
10003cea:	88b1c783          	lbu	a5,-1909(gp) # 20001cec <_cdcd_fifo_cfg>
10003cee:	20001737          	lui	a4,0x20001
10003cf2:	8b89                	andi	a5,a5,2
10003cf4:	fff1                	bnez	a5,10003cd0 <cdcd_reset+0x26>
10003cf6:	2e870513          	addi	a0,a4,744 # 200012e8 <_cdcd_itf+0x24>
10003cfa:	763000ef          	jal	10004c5c <tu_fifo_clear>
10003cfe:	40b2                	lw	ra,12(sp)
10003d00:	20001737          	lui	a4,0x20001
10003d04:	2e870513          	addi	a0,a4,744 # 200012e8 <_cdcd_itf+0x24>
10003d08:	4585                	li	a1,1
10003d0a:	0141                	addi	sp,sp,16
10003d0c:	79f0006f          	j	10004caa <tu_fifo_set_overwritable>

10003d10 <cdcd_open>:
10003d10:	0055c783          	lbu	a5,5(a1)
10003d14:	4709                	li	a4,2
10003d16:	00e79e63          	bne	a5,a4,10003d32 <cdcd_open+0x22>
10003d1a:	0065c703          	lbu	a4,6(a1)
10003d1e:	00f71a63          	bne	a4,a5,10003d32 <cdcd_open+0x22>
10003d22:	200018b7          	lui	a7,0x20001
10003d26:	2c488893          	addi	a7,a7,708 # 200012c4 <_cdcd_itf>
10003d2a:	0028c783          	lbu	a5,2(a7)
10003d2e:	c789                	beqz	a5,10003d38 <cdcd_open+0x28>
10003d30:	9002                	ebreak
10003d32:	4801                	li	a6,0
10003d34:	8542                	mv	a0,a6
10003d36:	8082                	ret
10003d38:	1101                	addi	sp,sp,-32
10003d3a:	ce06                	sw	ra,28(sp)
10003d3c:	81b8                	lbu	a4,2(a1)
10003d3e:	02400793          	li	a5,36
10003d42:	832a                	mv	t1,a0
10003d44:	00e88023          	sb	a4,0(a7)
10003d48:	8198                	lbu	a4,0(a1)
10003d4a:	4825                	li	a6,9
10003d4c:	95ba                	add	a1,a1,a4
10003d4e:	81d8                	lbu	a4,1(a1)
10003d50:	86ba                	mv	a3,a4
10003d52:	00f71c63          	bne	a4,a5,10003d6a <cdcd_open+0x5a>
10003d56:	03066663          	bltu	a2,a6,10003d82 <cdcd_open+0x72>
10003d5a:	819c                	lbu	a5,0(a1)
10003d5c:	95be                	add	a1,a1,a5
10003d5e:	81d8                	lbu	a4,1(a1)
10003d60:	97c2                	add	a5,a5,a6
10003d62:	0807c833          	zext.h	a6,a5
10003d66:	fed708e3          	beq	a4,a3,10003d56 <cdcd_open+0x46>
10003d6a:	4695                	li	a3,5
10003d6c:	87ba                	mv	a5,a4
10003d6e:	02d70363          	beq	a4,a3,10003d94 <cdcd_open+0x84>
10003d72:	4711                	li	a4,4
10003d74:	00e79763          	bne	a5,a4,10003d82 <cdcd_open+0x72>
10003d78:	0055c703          	lbu	a4,5(a1)
10003d7c:	47a9                	li	a5,10
10003d7e:	04f70663          	beq	a4,a5,10003dca <cdcd_open+0xba>
10003d82:	4501                	li	a0,0
10003d84:	c242                	sw	a6,4(sp)
10003d86:	b4fff0ef          	jal	100038d4 <_prep_out_transaction.isra.0>
10003d8a:	4812                	lw	a6,4(sp)
10003d8c:	40f2                	lw	ra,28(sp)
10003d8e:	8542                	mv	a0,a6
10003d90:	6105                	addi	sp,sp,32
10003d92:	8082                	ret
10003d94:	851a                	mv	a0,t1
10003d96:	c642                	sw	a6,12(sp)
10003d98:	c42e                	sw	a1,8(sp)
10003d9a:	c21a                	sw	t1,4(sp)
10003d9c:	f50ff0ef          	jal	100034ec <usbd_edpt_open>
10003da0:	200017b7          	lui	a5,0x20001
10003da4:	4312                	lw	t1,4(sp)
10003da6:	45a2                	lw	a1,8(sp)
10003da8:	4832                	lw	a6,12(sp)
10003daa:	2c478893          	addi	a7,a5,708 # 200012c4 <_cdcd_itf>
10003dae:	c919                	beqz	a0,10003dc4 <cdcd_open+0xb4>
10003db0:	81bc                	lbu	a5,2(a1)
10003db2:	00f880a3          	sb	a5,1(a7)
10003db6:	8198                	lbu	a4,0(a1)
10003db8:	95ba                	add	a1,a1,a4
10003dba:	9742                	add	a4,a4,a6
10003dbc:	81dc                	lbu	a5,1(a1)
10003dbe:	08074833          	zext.h	a6,a4
10003dc2:	bf45                	j	10003d72 <cdcd_open+0x62>
10003dc4:	9002                	ebreak
10003dc6:	4801                	li	a6,0
10003dc8:	b7d1                	j	10003d8c <cdcd_open+0x7c>
10003dca:	0005c883          	lbu	a7,0(a1)
10003dce:	4689                	li	a3,2
10003dd0:	200017b7          	lui	a5,0x20001
10003dd4:	20001737          	lui	a4,0x20001
10003dd8:	95c6                	add	a1,a1,a7
10003dda:	851a                	mv	a0,t1
10003ddc:	2c678793          	addi	a5,a5,710 # 200012c6 <_cdcd_itf+0x2>
10003de0:	2c770713          	addi	a4,a4,711 # 200012c7 <_cdcd_itf+0x3>
10003de4:	8636                	mv	a2,a3
10003de6:	c442                	sw	a6,8(sp)
10003de8:	c246                	sw	a7,4(sp)
10003dea:	e4aff0ef          	jal	10003434 <usbd_open_edpt_pair>
10003dee:	4892                	lw	a7,4(sp)
10003df0:	4822                	lw	a6,8(sp)
10003df2:	d969                	beqz	a0,10003dc4 <cdcd_open+0xb4>
10003df4:	0839                	addi	a6,a6,14
10003df6:	98c2                	add	a7,a7,a6
10003df8:	0808c833          	zext.h	a6,a7
10003dfc:	b759                	j	10003d82 <cdcd_open+0x72>

10003dfe <cdcd_control_xfer_cb>:
10003dfe:	821c                	lbu	a5,0(a2)
10003e00:	02000713          	li	a4,32
10003e04:	0607f793          	andi	a5,a5,96
10003e08:	02e79363          	bne	a5,a4,10003e2e <cdcd_control_xfer_cb+0x30>
10003e0c:	00564703          	lbu	a4,5(a2)
10003e10:	20001837          	lui	a6,0x20001
10003e14:	00464683          	lbu	a3,4(a2)
10003e18:	2c480813          	addi	a6,a6,708 # 200012c4 <_cdcd_itf>
10003e1c:	00084883          	lbu	a7,0(a6)
10003e20:	0722                	slli	a4,a4,0x8
10003e22:	8f55                	or	a4,a4,a3
10003e24:	4681                	li	a3,0
10003e26:	00e88763          	beq	a7,a4,10003e34 <cdcd_control_xfer_cb+0x36>
10003e2a:	8536                	mv	a0,a3
10003e2c:	8082                	ret
10003e2e:	4681                	li	a3,0
10003e30:	8536                	mv	a0,a3
10003e32:	8082                	ret
10003e34:	1101                	addi	sp,sp,-32
10003e36:	ce06                	sw	ra,28(sp)
10003e38:	8258                	lbu	a4,1(a2)
10003e3a:	02200893          	li	a7,34
10003e3e:	07170a63          	beq	a4,a7,10003eb2 <cdcd_control_xfer_cb+0xb4>
10003e42:	02e8e063          	bltu	a7,a4,10003e62 <cdcd_control_xfer_cb+0x64>
10003e46:	04f70463          	beq	a4,a5,10003e8e <cdcd_control_xfer_cb+0x90>
10003e4a:	02100793          	li	a5,33
10003e4e:	00f71663          	bne	a4,a5,10003e5a <cdcd_control_xfer_cb+0x5c>
10003e52:	4785                	li	a5,1
10003e54:	0af58563          	beq	a1,a5,10003efe <cdcd_control_xfer_cb+0x100>
10003e58:	4685                	li	a3,1
10003e5a:	40f2                	lw	ra,28(sp)
10003e5c:	8536                	mv	a0,a3
10003e5e:	6105                	addi	sp,sp,32
10003e60:	8082                	ret
10003e62:	02300793          	li	a5,35
10003e66:	fef71ae3          	bne	a4,a5,10003e5a <cdcd_control_xfer_cb+0x5c>
10003e6a:	4785                	li	a5,1
10003e6c:	0af58263          	beq	a1,a5,10003f10 <cdcd_control_xfer_cb+0x112>
10003e70:	15f5                	addi	a1,a1,-3
10003e72:	f1fd                	bnez	a1,10003e58 <cdcd_control_xfer_cb+0x5a>
10003e74:	00000793          	li	a5,0
10003e78:	d3e5                	beqz	a5,10003e58 <cdcd_control_xfer_cb+0x5a>
10003e7a:	827c                	lbu	a5,3(a2)
10003e7c:	822c                	lbu	a1,2(a2)
10003e7e:	4501                	li	a0,0
10003e80:	07a2                	slli	a5,a5,0x8
10003e82:	8ddd                	or	a1,a1,a5
10003e84:	00000097          	auipc	ra,0x0
10003e88:	000000e7          	jalr	zero # 0 <next_slot_number-0x5>
10003e8c:	b7f1                	j	10003e58 <cdcd_control_xfer_cb+0x5a>
10003e8e:	4785                	li	a5,1
10003e90:	06f58763          	beq	a1,a5,10003efe <cdcd_control_xfer_cb+0x100>
10003e94:	100027b7          	lui	a5,0x10002
10003e98:	01478793          	addi	a5,a5,20 # 10002014 <tud_cdc_line_coding_cb>
10003e9c:	dfd5                	beqz	a5,10003e58 <cdcd_control_xfer_cb+0x5a>
10003e9e:	15f5                	addi	a1,a1,-3
10003ea0:	fdc5                	bnez	a1,10003e58 <cdcd_control_xfer_cb+0x5a>
10003ea2:	200015b7          	lui	a1,0x20001
10003ea6:	2cc58593          	addi	a1,a1,716 # 200012cc <_cdcd_itf+0x8>
10003eaa:	4501                	li	a0,0
10003eac:	968fe0ef          	jal	10002014 <tud_cdc_line_coding_cb>
10003eb0:	b765                	j	10003e58 <cdcd_control_xfer_cb+0x5a>
10003eb2:	4785                	li	a5,1
10003eb4:	04f58e63          	beq	a1,a5,10003f10 <cdcd_control_xfer_cb+0x112>
10003eb8:	478d                	li	a5,3
10003eba:	f8f59fe3          	bne	a1,a5,10003e58 <cdcd_control_xfer_cb+0x5a>
10003ebe:	827c                	lbu	a5,3(a2)
10003ec0:	8238                	lbu	a4,2(a2)
10003ec2:	20001537          	lui	a0,0x20001
10003ec6:	07a2                	slli	a5,a5,0x8
10003ec8:	00177693          	andi	a3,a4,1
10003ecc:	00e7e633          	or	a2,a5,a4
10003ed0:	0016c593          	xori	a1,a3,1
10003ed4:	2e850513          	addi	a0,a0,744 # 200012e8 <_cdcd_itf+0x24>
10003ed8:	c636                	sw	a3,12(sp)
10003eda:	00c80223          	sb	a2,4(a6)
10003ede:	c432                	sw	a2,8(sp)
10003ee0:	5cb000ef          	jal	10004caa <tu_fifo_set_overwritable>
10003ee4:	00000793          	li	a5,0
10003ee8:	dba5                	beqz	a5,10003e58 <cdcd_control_xfer_cb+0x5a>
10003eea:	4622                	lw	a2,8(sp)
10003eec:	45b2                	lw	a1,12(sp)
10003eee:	4501                	li	a0,0
10003ef0:	48165613          	bexti	a2,a2,0x1
10003ef4:	00000097          	auipc	ra,0x0
10003ef8:	000000e7          	jalr	zero # 0 <next_slot_number-0x5>
10003efc:	bfb1                	j	10003e58 <cdcd_control_xfer_cb+0x5a>
10003efe:	200017b7          	lui	a5,0x20001
10003f02:	85b2                	mv	a1,a2
10003f04:	469d                	li	a3,7
10003f06:	2cc78613          	addi	a2,a5,716 # 200012cc <_cdcd_itf+0x8>
10003f0a:	f36ff0ef          	jal	10003640 <tud_control_xfer>
10003f0e:	b7a9                	j	10003e58 <cdcd_control_xfer_cb+0x5a>
10003f10:	85b2                	mv	a1,a2
10003f12:	eceff0ef          	jal	100035e0 <tud_control_status>
10003f16:	b789                	j	10003e58 <cdcd_control_xfer_cb+0x5a>

10003f18 <cdcd_xfer_cb>:
10003f18:	7179                	addi	sp,sp,-48
10003f1a:	d422                	sw	s0,40(sp)
10003f1c:	20001437          	lui	s0,0x20001
10003f20:	d226                	sw	s1,36(sp)
10003f22:	d04a                	sw	s2,32(sp)
10003f24:	ce4e                	sw	s3,28(sp)
10003f26:	d606                	sw	ra,44(sp)
10003f28:	2c440413          	addi	s0,s0,708 # 200012c4 <_cdcd_itf>
10003f2c:	807c                	lbu	a5,3(s0)
10003f2e:	ada6                	cm.mvsa01	s3,s1
10003f30:	8936                	mv	s2,a3
10003f32:	08b78563          	beq	a5,a1,10003fbc <cdcd_xfer_cb+0xa4>
10003f36:	803c                	lbu	a5,2(s0)
10003f38:	02978b63          	beq	a5,s1,10003f6e <cdcd_xfer_cb+0x56>
10003f3c:	9002                	ebreak
10003f3e:	4501                	li	a0,0
10003f40:	50b2                	lw	ra,44(sp)
10003f42:	5422                	lw	s0,40(sp)
10003f44:	5492                	lw	s1,36(sp)
10003f46:	5902                	lw	s2,32(sp)
10003f48:	49f2                	lw	s3,28(sp)
10003f4a:	6145                	addi	sp,sp,48
10003f4c:	8082                	ret
10003f4e:	00000793          	li	a5,0
10003f52:	cb81                	beqz	a5,10003f62 <cdcd_xfer_cb+0x4a>
10003f54:	200017b7          	lui	a5,0x20001
10003f58:	2d478513          	addi	a0,a5,724 # 200012d4 <_cdcd_itf+0x10>
10003f5c:	035000ef          	jal	10004790 <tu_fifo_empty>
10003f60:	c961                	beqz	a0,10004030 <cdcd_xfer_cb+0x118>
10003f62:	4501                	li	a0,0
10003f64:	971ff0ef          	jal	100038d4 <_prep_out_transaction.isra.0>
10003f68:	803c                	lbu	a5,2(s0)
10003f6a:	00979e63          	bne	a5,s1,10003f86 <cdcd_xfer_cb+0x6e>
10003f6e:	00000793          	li	a5,0
10003f72:	c791                	beqz	a5,10003f7e <cdcd_xfer_cb+0x66>
10003f74:	4501                	li	a0,0
10003f76:	00000097          	auipc	ra,0x0
10003f7a:	000000e7          	jalr	zero # 0 <next_slot_number-0x5>
10003f7e:	4501                	li	a0,0
10003f80:	b03ff0ef          	jal	10003a82 <tud_cdc_n_write_flush>
10003f84:	c119                	beqz	a0,10003f8a <cdcd_xfer_cb+0x72>
10003f86:	4505                	li	a0,1
10003f88:	bf65                	j	10003f40 <cdcd_xfer_cb+0x28>
10003f8a:	20001537          	lui	a0,0x20001
10003f8e:	2e850513          	addi	a0,a0,744 # 200012e8 <_cdcd_itf+0x24>
10003f92:	7d8000ef          	jal	1000476a <tu_fifo_count>
10003f96:	fe0908e3          	beqz	s2,10003f86 <cdcd_xfer_cb+0x6e>
10003f9a:	f575                	bnez	a0,10003f86 <cdcd_xfer_cb+0x6e>
10003f9c:	03f97793          	andi	a5,s2,63
10003fa0:	f3fd                	bnez	a5,10003f86 <cdcd_xfer_cb+0x6e>
10003fa2:	802c                	lbu	a1,2(s0)
10003fa4:	854e                	mv	a0,s3
10003fa6:	d92ff0ef          	jal	10003538 <usbd_edpt_claim>
10003faa:	dd71                	beqz	a0,10003f86 <cdcd_xfer_cb+0x6e>
10003fac:	802c                	lbu	a1,2(s0)
10003fae:	854e                	mv	a0,s3
10003fb0:	4681                	li	a3,0
10003fb2:	4601                	li	a2,0
10003fb4:	dc8ff0ef          	jal	1000357c <usbd_edpt_xfer>
10003fb8:	4505                	li	a0,1
10003fba:	b759                	j	10003f40 <cdcd_xfer_cb+0x28>
10003fbc:	200017b7          	lui	a5,0x20001
10003fc0:	24478593          	addi	a1,a5,580 # 20001244 <_cdcd_epbuf>
10003fc4:	200017b7          	lui	a5,0x20001
10003fc8:	2d478513          	addi	a0,a5,724 # 200012d4 <_cdcd_itf+0x10>
10003fcc:	0806c633          	zext.h	a2,a3
10003fd0:	2db000ef          	jal	10004aaa <tu_fifo_write_n>
10003fd4:	00000713          	li	a4,0
10003fd8:	db3d                	beqz	a4,10003f4e <cdcd_xfer_cb+0x36>
10003fda:	00544703          	lbu	a4,5(s0)
10003fde:	0ff00693          	li	a3,255
10003fe2:	f6d706e3          	beq	a4,a3,10003f4e <cdcd_xfer_cb+0x36>
10003fe6:	f60904e3          	beqz	s2,10003f4e <cdcd_xfer_cb+0x36>
10003fea:	200017b7          	lui	a5,0x20001
10003fee:	24478793          	addi	a5,a5,580 # 20001244 <_cdcd_epbuf>
10003ff2:	00f90633          	add	a2,s2,a5
10003ff6:	a031                	j	10004002 <cdcd_xfer_cb+0xea>
10003ff8:	0785                	addi	a5,a5,1
10003ffa:	f4c78ae3          	beq	a5,a2,10003f4e <cdcd_xfer_cb+0x36>
10003ffe:	00544703          	lbu	a4,5(s0)
10004002:	8394                	lbu	a3,0(a5)
10004004:	fee69ae3          	bne	a3,a4,10003ff8 <cdcd_xfer_cb+0xe0>
10004008:	c43e                	sw	a5,8(sp)
1000400a:	200017b7          	lui	a5,0x20001
1000400e:	2d478513          	addi	a0,a5,724 # 200012d4 <_cdcd_itf+0x10>
10004012:	c632                	sw	a2,12(sp)
10004014:	77c000ef          	jal	10004790 <tu_fifo_empty>
10004018:	47a2                	lw	a5,8(sp)
1000401a:	4632                	lw	a2,12(sp)
1000401c:	fd71                	bnez	a0,10003ff8 <cdcd_xfer_cb+0xe0>
1000401e:	00544583          	lbu	a1,5(s0)
10004022:	00000097          	auipc	ra,0x0
10004026:	000000e7          	jalr	zero # 0 <next_slot_number-0x5>
1000402a:	4632                	lw	a2,12(sp)
1000402c:	47a2                	lw	a5,8(sp)
1000402e:	b7e9                	j	10003ff8 <cdcd_xfer_cb+0xe0>
10004030:	00000097          	auipc	ra,0x0
10004034:	000000e7          	jalr	zero # 0 <next_slot_number-0x5>
10004038:	b72d                	j	10003f62 <cdcd_xfer_cb+0x4a>

1000403a <vendord_init>:
1000403a:	20001537          	lui	a0,0x20001
1000403e:	1141                	addi	sp,sp,-16
10004040:	24c00613          	li	a2,588
10004044:	4581                	li	a1,0
10004046:	59450513          	addi	a0,a0,1428 # 20001594 <_vendord_itf>
1000404a:	c606                	sw	ra,12(sp)
1000404c:	4bd000ef          	jal	10004d08 <memset>
10004050:	20001837          	lui	a6,0x20001
10004054:	20001737          	lui	a4,0x20001
10004058:	20001537          	lui	a0,0x20001
1000405c:	51480813          	addi	a6,a6,1300 # 20001514 <_vendord_epbuf>
10004060:	6e070713          	addi	a4,a4,1760 # 200016e0 <_vendord_itf+0x14c>
10004064:	04000893          	li	a7,64
10004068:	10000793          	li	a5,256
1000406c:	4681                	li	a3,0
1000406e:	4601                	li	a2,0
10004070:	4581                	li	a1,0
10004072:	6bc50513          	addi	a0,a0,1724 # 200016bc <_vendord_itf+0x128>
10004076:	21a9                	jal	100044c0 <tu_edpt_stream_init>
10004078:	40b2                	lw	ra,12(sp)
1000407a:	20001837          	lui	a6,0x20001
1000407e:	20001737          	lui	a4,0x20001
10004082:	20001537          	lui	a0,0x20001
10004086:	55480813          	addi	a6,a6,1364 # 20001554 <_vendord_epbuf+0x40>
1000408a:	5bc70713          	addi	a4,a4,1468 # 200015bc <_vendord_itf+0x28>
1000408e:	59850513          	addi	a0,a0,1432 # 20001598 <_vendord_itf+0x4>
10004092:	04000893          	li	a7,64
10004096:	10000793          	li	a5,256
1000409a:	4681                	li	a3,0
1000409c:	4605                	li	a2,1
1000409e:	4581                	li	a1,0
100040a0:	0141                	addi	sp,sp,16
100040a2:	a939                	j	100044c0 <tu_edpt_stream_init>

100040a4 <vendord_deinit>:
100040a4:	20001537          	lui	a0,0x20001
100040a8:	1141                	addi	sp,sp,-16
100040aa:	6bc50513          	addi	a0,a0,1724 # 200016bc <_vendord_itf+0x128>
100040ae:	c606                	sw	ra,12(sp)
100040b0:	29ad                	jal	1000452a <tu_edpt_stream_deinit>
100040b2:	20001537          	lui	a0,0x20001
100040b6:	59850513          	addi	a0,a0,1432 # 20001598 <_vendord_itf+0x4>
100040ba:	2985                	jal	1000452a <tu_edpt_stream_deinit>
100040bc:	40b2                	lw	ra,12(sp)
100040be:	4505                	li	a0,1
100040c0:	0141                	addi	sp,sp,16
100040c2:	8082                	ret

100040c4 <vendord_reset>:
100040c4:	1141                	addi	sp,sp,-16
100040c6:	c422                	sw	s0,8(sp)
100040c8:	20001537          	lui	a0,0x20001
100040cc:	20001437          	lui	s0,0x20001
100040d0:	c606                	sw	ra,12(sp)
100040d2:	59440413          	addi	s0,s0,1428 # 20001594 <_vendord_itf>
100040d6:	6c450513          	addi	a0,a0,1732 # 200016c4 <_vendord_itf+0x130>
100040da:	00040023          	sb	zero,0(s0)
100040de:	37f000ef          	jal	10004c5c <tu_fifo_clear>
100040e2:	20001537          	lui	a0,0x20001
100040e6:	5a050513          	addi	a0,a0,1440 # 200015a0 <_vendord_itf+0xc>
100040ea:	373000ef          	jal	10004c5c <tu_fifo_clear>
100040ee:	120404a3          	sb	zero,297(s0)
100040f2:	000402a3          	sb	zero,5(s0)
100040f6:	40b2                	lw	ra,12(sp)
100040f8:	4422                	lw	s0,8(sp)
100040fa:	0141                	addi	sp,sp,16
100040fc:	8082                	ret

100040fe <vendord_open>:
100040fe:	0055c703          	lbu	a4,5(a1)
10004102:	0ff00793          	li	a5,255
10004106:	00f70463          	beq	a4,a5,1000410e <vendord_open+0x10>
1000410a:	4501                	li	a0,0
1000410c:	8082                	ret
1000410e:	7179                	addi	sp,sp,-48
10004110:	cc52                	sw	s4,24(sp)
10004112:	20001a37          	lui	s4,0x20001
10004116:	d606                	sw	ra,44(sp)
10004118:	ce4e                	sw	s3,28(sp)
1000411a:	594a0a13          	addi	s4,s4,1428 # 20001594 <_vendord_itf>
1000411e:	005a4983          	lbu	s3,5(s4)
10004122:	129a4783          	lbu	a5,297(s4)
10004126:	00f9e9b3          	or	s3,s3,a5
1000412a:	0e099263          	bnez	s3,1000420e <vendord_open+0x110>
1000412e:	ca56                	sw	s5,20(sp)
10004130:	c85a                	sw	s6,16(sp)
10004132:	d422                	sw	s0,40(sp)
10004134:	af36                	cm.mvsa01	s6,s5
10004136:	002ac703          	lbu	a4,2(s5)
1000413a:	000ac403          	lbu	s0,0(s5)
1000413e:	004ac783          	lbu	a5,4(s5)
10004142:	00ea0023          	sb	a4,0(s4)
10004146:	9456                	add	s0,s0,s5
10004148:	cfd9                	beqz	a5,100041e6 <vendord_open+0xe8>
1000414a:	20001737          	lui	a4,0x20001
1000414e:	200017b7          	lui	a5,0x20001
10004152:	d226                	sw	s1,36(sp)
10004154:	d04a                	sw	s2,32(sp)
10004156:	c65e                	sw	s7,12(sp)
10004158:	c462                	sw	s8,8(sp)
1000415a:	c266                	sw	s9,4(sp)
1000415c:	00c404b3          	add	s1,s0,a2
10004160:	6c470c13          	addi	s8,a4,1732 # 200016c4 <_vendord_itf+0x130>
10004164:	6bc78c93          	addi	s9,a5,1724 # 200016bc <_vendord_itf+0x128>
10004168:	4915                	li	s2,5
1000416a:	4b85                	li	s7,1
1000416c:	a029                	j	10004176 <vendord_open+0x78>
1000416e:	06947763          	bgeu	s0,s1,100041dc <vendord_open+0xde>
10004172:	801c                	lbu	a5,0(s0)
10004174:	943e                	add	s0,s0,a5
10004176:	805c                	lbu	a5,1(s0)
10004178:	ff279be3          	bne	a5,s2,1000416e <vendord_open+0x70>
1000417c:	06947063          	bgeu	s0,s1,100041dc <vendord_open+0xde>
10004180:	af62                	cm.mva01s	s6,s0
10004182:	b6aff0ef          	jal	100034ec <usbd_edpt_open>
10004186:	c93d                	beqz	a0,100041fc <vendord_open+0xfe>
10004188:	803c                	lbu	a5,2(s0)
1000418a:	839d                	srli	a5,a5,0x7
1000418c:	09778763          	beq	a5,s7,1000421a <vendord_open+0x11c>
10004190:	8562                	mv	a0,s8
10004192:	2cb000ef          	jal	10004c5c <tu_fifo_clear>
10004196:	803c                	lbu	a5,2(s0)
10004198:	128a4703          	lbu	a4,296(s4)
1000419c:	85e6                	mv	a1,s9
1000419e:	12fa04a3          	sb	a5,297(s4)
100041a2:	00544783          	lbu	a5,5(s0)
100041a6:	00444683          	lbu	a3,4(s0)
100041aa:	9b75                	andi	a4,a4,-3
100041ac:	07a2                	slli	a5,a5,0x8
100041ae:	8fd5                	or	a5,a5,a3
100041b0:	7ff7f793          	andi	a5,a5,2047
100041b4:	e0078793          	addi	a5,a5,-512
100041b8:	0017b793          	seqz	a5,a5
100041bc:	0786                	slli	a5,a5,0x1
100041be:	8fd9                	or	a5,a5,a4
100041c0:	855a                	mv	a0,s6
100041c2:	12fa0423          	sb	a5,296(s4)
100041c6:	2915                	jal	100045fa <tu_edpt_stream_read_xfer>
100041c8:	c915                	beqz	a0,100041fc <vendord_open+0xfe>
100041ca:	8018                	lbu	a4,0(s0)
100041cc:	004ac783          	lbu	a5,4(s5)
100041d0:	0985                	addi	s3,s3,1
100041d2:	0ff9f993          	zext.b	s3,s3
100041d6:	943a                	add	s0,s0,a4
100041d8:	f8f9efe3          	bltu	s3,a5,10004176 <vendord_open+0x78>
100041dc:	5492                	lw	s1,36(sp)
100041de:	5902                	lw	s2,32(sp)
100041e0:	4bb2                	lw	s7,12(sp)
100041e2:	4c22                	lw	s8,8(sp)
100041e4:	4c92                	lw	s9,4(sp)
100041e6:	41540533          	sub	a0,s0,s5
100041ea:	50b2                	lw	ra,44(sp)
100041ec:	5422                	lw	s0,40(sp)
100041ee:	4ad2                	lw	s5,20(sp)
100041f0:	4b42                	lw	s6,16(sp)
100041f2:	49f2                	lw	s3,28(sp)
100041f4:	4a62                	lw	s4,24(sp)
100041f6:	9d69                	zext.h	a0,a0
100041f8:	6145                	addi	sp,sp,48
100041fa:	8082                	ret
100041fc:	9002                	ebreak
100041fe:	5422                	lw	s0,40(sp)
10004200:	5492                	lw	s1,36(sp)
10004202:	5902                	lw	s2,32(sp)
10004204:	4ad2                	lw	s5,20(sp)
10004206:	4b42                	lw	s6,16(sp)
10004208:	4bb2                	lw	s7,12(sp)
1000420a:	4c22                	lw	s8,8(sp)
1000420c:	4c92                	lw	s9,4(sp)
1000420e:	50b2                	lw	ra,44(sp)
10004210:	49f2                	lw	s3,28(sp)
10004212:	4a62                	lw	s4,24(sp)
10004214:	4501                	li	a0,0
10004216:	6145                	addi	sp,sp,48
10004218:	8082                	ret
1000421a:	20001537          	lui	a0,0x20001
1000421e:	5a050513          	addi	a0,a0,1440 # 200015a0 <_vendord_itf+0xc>
10004222:	23b000ef          	jal	10004c5c <tu_fifo_clear>
10004226:	803c                	lbu	a5,2(s0)
10004228:	004a4703          	lbu	a4,4(s4)
1000422c:	200015b7          	lui	a1,0x20001
10004230:	00fa02a3          	sb	a5,5(s4)
10004234:	00544783          	lbu	a5,5(s0)
10004238:	00444683          	lbu	a3,4(s0)
1000423c:	9b75                	andi	a4,a4,-3
1000423e:	07a2                	slli	a5,a5,0x8
10004240:	8fd5                	or	a5,a5,a3
10004242:	7ff7f793          	andi	a5,a5,2047
10004246:	e0078793          	addi	a5,a5,-512
1000424a:	0017b793          	seqz	a5,a5
1000424e:	0786                	slli	a5,a5,0x1
10004250:	8fd9                	or	a5,a5,a4
10004252:	59858593          	addi	a1,a1,1432 # 20001598 <_vendord_itf+0x4>
10004256:	4501                	li	a0,0
10004258:	00fa0223          	sb	a5,4(s4)
1000425c:	2e2d                	jal	10004596 <tu_edpt_stream_write_xfer>
1000425e:	b7b5                	j	100041ca <vendord_open+0xcc>

10004260 <vendord_xfer_cb>:
10004260:	1101                	addi	sp,sp,-32
10004262:	200017b7          	lui	a5,0x20001
10004266:	ce06                	sw	ra,28(sp)
10004268:	59478793          	addi	a5,a5,1428 # 20001594 <_vendord_itf>
1000426c:	1297c703          	lbu	a4,297(a5)
10004270:	882a                	mv	a6,a0
10004272:	04b70763          	beq	a4,a1,100042c0 <vendord_xfer_cb+0x60>
10004276:	0057c783          	lbu	a5,5(a5)
1000427a:	00b78663          	beq	a5,a1,10004286 <vendord_xfer_cb+0x26>
1000427e:	40f2                	lw	ra,28(sp)
10004280:	4501                	li	a0,0
10004282:	6105                	addi	sp,sp,32
10004284:	8082                	ret
10004286:	00000793          	li	a5,0
1000428a:	cf81                	beqz	a5,100042a2 <vendord_xfer_cb+0x42>
1000428c:	c62a                	sw	a0,12(sp)
1000428e:	0806c5b3          	zext.h	a1,a3
10004292:	4501                	li	a0,0
10004294:	c436                	sw	a3,8(sp)
10004296:	00000097          	auipc	ra,0x0
1000429a:	000000e7          	jalr	zero # 0 <next_slot_number-0x5>
1000429e:	4832                	lw	a6,12(sp)
100042a0:	46a2                	lw	a3,8(sp)
100042a2:	200017b7          	lui	a5,0x20001
100042a6:	59878593          	addi	a1,a5,1432 # 20001598 <_vendord_itf+0x4>
100042aa:	8542                	mv	a0,a6
100042ac:	c636                	sw	a3,12(sp)
100042ae:	c442                	sw	a6,8(sp)
100042b0:	24dd                	jal	10004596 <tu_edpt_stream_write_xfer>
100042b2:	200017b7          	lui	a5,0x20001
100042b6:	cd39                	beqz	a0,10004314 <vendord_xfer_cb+0xb4>
100042b8:	4505                	li	a0,1
100042ba:	40f2                	lw	ra,28(sp)
100042bc:	6105                	addi	sp,sp,32
100042be:	8082                	ret
100042c0:	1347d703          	lhu	a4,308(a5) # 20001134 <default_alarm_pool_entries+0x8c>
100042c4:	eb0d                	bnez	a4,100042f6 <vendord_xfer_cb+0x96>
100042c6:	00000793          	li	a5,0
100042ca:	cf91                	beqz	a5,100042e6 <vendord_xfer_cb+0x86>
100042cc:	200015b7          	lui	a1,0x20001
100042d0:	0806c633          	zext.h	a2,a3
100042d4:	51458593          	addi	a1,a1,1300 # 20001514 <_vendord_epbuf>
100042d8:	4501                	li	a0,0
100042da:	c442                	sw	a6,8(sp)
100042dc:	00000097          	auipc	ra,0x0
100042e0:	000000e7          	jalr	zero # 0 <next_slot_number-0x5>
100042e4:	4822                	lw	a6,8(sp)
100042e6:	200015b7          	lui	a1,0x20001
100042ea:	8542                	mv	a0,a6
100042ec:	6bc58593          	addi	a1,a1,1724 # 200016bc <_vendord_itf+0x128>
100042f0:	2629                	jal	100045fa <tu_edpt_stream_read_xfer>
100042f2:	4505                	li	a0,1
100042f4:	b7d9                	j	100042ba <vendord_xfer_cb+0x5a>
100042f6:	12c7a583          	lw	a1,300(a5)
100042fa:	c62a                	sw	a0,12(sp)
100042fc:	20001537          	lui	a0,0x20001
10004300:	0806c633          	zext.h	a2,a3
10004304:	6c450513          	addi	a0,a0,1732 # 200016c4 <_vendord_itf+0x130>
10004308:	c436                	sw	a3,8(sp)
1000430a:	7a0000ef          	jal	10004aaa <tu_fifo_write_n>
1000430e:	4832                	lw	a6,12(sp)
10004310:	46a2                	lw	a3,8(sp)
10004312:	bf55                	j	100042c6 <vendord_xfer_cb+0x66>
10004314:	4632                	lw	a2,12(sp)
10004316:	4522                	lw	a0,8(sp)
10004318:	59878593          	addi	a1,a5,1432
1000431c:	2c09                	jal	1000452e <tu_edpt_stream_write_zlp_if_needed>
1000431e:	4505                	li	a0,1
10004320:	bf69                	j	100042ba <vendord_xfer_cb+0x5a>

10004322 <tusb_rhport_init>:
10004322:	1101                	addi	sp,sp,-32
10004324:	ce06                	sw	ra,28(sp)
10004326:	c98d                	beqz	a1,10004358 <tusb_rhport_init+0x36>
10004328:	4685                	li	a3,1
1000432a:	02a6e263          	bltu	a3,a0,1000434e <tusb_rhport_init+0x2c>
1000432e:	4198                	lw	a4,0(a1)
10004330:	cf19                	beqz	a4,1000434e <tusb_rhport_init+0x2c>
10004332:	88f18613          	addi	a2,gp,-1905 # 20001cf0 <_tusb_rhport_role>
10004336:	20c547b3          	sh2add	a5,a0,a2
1000433a:	c398                	sw	a4,0(a5)
1000433c:	00d70663          	beq	a4,a3,10004348 <tusb_rhport_init+0x26>
10004340:	40f2                	lw	ra,28(sp)
10004342:	4505                	li	a0,1
10004344:	6105                	addi	sp,sp,32
10004346:	8082                	ret
10004348:	863fe0ef          	jal	10002baa <tud_rhport_init>
1000434c:	f975                	bnez	a0,10004340 <tusb_rhport_init+0x1e>
1000434e:	9002                	ebreak
10004350:	4501                	li	a0,0
10004352:	40f2                	lw	ra,28(sp)
10004354:	6105                	addi	sp,sp,32
10004356:	8082                	ret
10004358:	4785                	li	a5,1
1000435a:	002c                	addi	a1,sp,8
1000435c:	4501                	li	a0,0
1000435e:	c43e                	sw	a5,8(sp)
10004360:	c602                	sw	zero,12(sp)
10004362:	849fe0ef          	jal	10002baa <tud_rhport_init>
10004366:	4785                	li	a5,1
10004368:	e119                	bnez	a0,1000436e <tusb_rhport_init+0x4c>
1000436a:	9002                	ebreak
1000436c:	b7dd                	j	10004352 <tusb_rhport_init+0x30>
1000436e:	88f1a7a3          	sw	a5,-1905(gp) # 20001cf0 <_tusb_rhport_role>
10004372:	b7c5                	j	10004352 <tusb_rhport_init+0x30>

10004374 <tu_edpt_claim>:
10004374:	811c                	lbu	a5,0(a0)
10004376:	8b85                	andi	a5,a5,1
10004378:	e3a9                	bnez	a5,100043ba <tu_edpt_claim+0x46>
1000437a:	8114                	lbu	a3,0(a0)
1000437c:	872a                	mv	a4,a0
1000437e:	4826d693          	bexti	a3,a3,0x2
10004382:	c299                	beqz	a3,10004388 <tu_edpt_claim+0x14>
10004384:	853e                	mv	a0,a5
10004386:	8082                	ret
10004388:	1101                	addi	sp,sp,-32
1000438a:	852e                	mv	a0,a1
1000438c:	c42e                	sw	a1,8(sp)
1000438e:	55fd                	li	a1,-1
10004390:	c63a                	sw	a4,12(sp)
10004392:	ce06                	sw	ra,28(sp)
10004394:	0fffc097          	auipc	ra,0xfffc
10004398:	dbe080e7          	jalr	-578(ra) # 20000152 <mutex_enter_timeout_ms>
1000439c:	4732                	lw	a4,12(sp)
1000439e:	46a2                	lw	a3,8(sp)
100043a0:	831c                	lbu	a5,0(a4)
100043a2:	8b85                	andi	a5,a5,1
100043a4:	ef91                	bnez	a5,100043c0 <tu_edpt_claim+0x4c>
100043a6:	8310                	lbu	a2,0(a4)
100043a8:	48265613          	bexti	a2,a2,0x2
100043ac:	ea19                	bnez	a2,100043c2 <tu_edpt_claim+0x4e>
100043ae:	8310                	lbu	a2,0(a4)
100043b0:	4785                	li	a5,1
100043b2:	00466613          	ori	a2,a2,4
100043b6:	8b10                	sb	a2,0(a4)
100043b8:	a029                	j	100043c2 <tu_edpt_claim+0x4e>
100043ba:	4781                	li	a5,0
100043bc:	853e                	mv	a0,a5
100043be:	8082                	ret
100043c0:	4781                	li	a5,0
100043c2:	8536                	mv	a0,a3
100043c4:	c43e                	sw	a5,8(sp)
100043c6:	0fffc097          	auipc	ra,0xfffc
100043ca:	dd0080e7          	jalr	-560(ra) # 20000196 <mutex_exit>
100043ce:	47a2                	lw	a5,8(sp)
100043d0:	40f2                	lw	ra,28(sp)
100043d2:	853e                	mv	a0,a5
100043d4:	6105                	addi	sp,sp,32
100043d6:	8082                	ret

100043d8 <tu_edpt_release>:
100043d8:	1141                	addi	sp,sp,-16
100043da:	c226                	sw	s1,4(sp)
100043dc:	c04a                	sw	s2,0(sp)
100043de:	acaa                	cm.mvsa01	s1,s2
100043e0:	854a                	mv	a0,s2
100043e2:	55fd                	li	a1,-1
100043e4:	c422                	sw	s0,8(sp)
100043e6:	c606                	sw	ra,12(sp)
100043e8:	0fffc097          	auipc	ra,0xfffc
100043ec:	d6a080e7          	jalr	-662(ra) # 20000152 <mutex_enter_timeout_ms>
100043f0:	8080                	lbu	s0,0(s1)
100043f2:	48245413          	bexti	s0,s0,0x2
100043f6:	ec09                	bnez	s0,10004410 <tu_edpt_release+0x38>
100043f8:	854a                	mv	a0,s2
100043fa:	0fffc097          	auipc	ra,0xfffc
100043fe:	d9c080e7          	jalr	-612(ra) # 20000196 <mutex_exit>
10004402:	40b2                	lw	ra,12(sp)
10004404:	8522                	mv	a0,s0
10004406:	4422                	lw	s0,8(sp)
10004408:	4492                	lw	s1,4(sp)
1000440a:	4902                	lw	s2,0(sp)
1000440c:	0141                	addi	sp,sp,16
1000440e:	8082                	ret
10004410:	809c                	lbu	a5,0(s1)
10004412:	8b85                	andi	a5,a5,1
10004414:	e789                	bnez	a5,1000441e <tu_edpt_release+0x46>
10004416:	809c                	lbu	a5,0(s1)
10004418:	9bed                	andi	a5,a5,-5
1000441a:	889c                	sb	a5,0(s1)
1000441c:	bff1                	j	100043f8 <tu_edpt_release+0x20>
1000441e:	4401                	li	s0,0
10004420:	bfe1                	j	100043f8 <tu_edpt_release+0x20>

10004422 <tu_edpt_validate>:
10004422:	00554783          	lbu	a5,5(a0)
10004426:	00454703          	lbu	a4,4(a0)
1000442a:	8168                	lbu	a0,3(a0)
1000442c:	07a2                	slli	a5,a5,0x8
1000442e:	8fd9                	or	a5,a5,a4
10004430:	890d                	andi	a0,a0,3
10004432:	4709                	li	a4,2
10004434:	7ff7f793          	andi	a5,a5,2047
10004438:	02e50a63          	beq	a0,a4,1000446c <tu_edpt_validate+0x4a>
1000443c:	468d                	li	a3,3
1000443e:	00d50d63          	beq	a0,a3,10004458 <tu_edpt_validate+0x36>
10004442:	4705                	li	a4,1
10004444:	02e51263          	bne	a0,a4,10004468 <tu_edpt_validate+0x46>
10004448:	15f9                	addi	a1,a1,-2
1000444a:	0015b593          	seqz	a1,a1
1000444e:	3ff58593          	addi	a1,a1,1023
10004452:	00f5ea63          	bltu	a1,a5,10004466 <tu_edpt_validate+0x44>
10004456:	8082                	ret
10004458:	04000693          	li	a3,64
1000445c:	02e58663          	beq	a1,a4,10004488 <tu_edpt_validate+0x66>
10004460:	4505                	li	a0,1
10004462:	fef6fae3          	bgeu	a3,a5,10004456 <tu_edpt_validate+0x34>
10004466:	9002                	ebreak
10004468:	4501                	li	a0,0
1000446a:	8082                	ret
1000446c:	00a58863          	beq	a1,a0,1000447c <tu_edpt_validate+0x5a>
10004470:	04000713          	li	a4,64
10004474:	4505                	li	a0,1
10004476:	fef768e3          	bltu	a4,a5,10004466 <tu_edpt_validate+0x44>
1000447a:	8082                	ret
1000447c:	20000713          	li	a4,512
10004480:	4505                	li	a0,1
10004482:	fee792e3          	bne	a5,a4,10004466 <tu_edpt_validate+0x44>
10004486:	8082                	ret
10004488:	40000693          	li	a3,1024
1000448c:	bfd1                	j	10004460 <tu_edpt_validate+0x3e>

1000448e <tu_edpt_bind_driver>:
1000448e:	962e                	add	a2,a2,a1
10004490:	00c5fa63          	bgeu	a1,a2,100044a4 <tu_edpt_bind_driver+0x16>
10004494:	4815                	li	a6,5
10004496:	81dc                	lbu	a5,1(a1)
10004498:	01078763          	beq	a5,a6,100044a6 <tu_edpt_bind_driver+0x18>
1000449c:	819c                	lbu	a5,0(a1)
1000449e:	95be                	add	a1,a1,a5
100044a0:	fec5ebe3          	bltu	a1,a2,10004496 <tu_edpt_bind_driver+0x8>
100044a4:	8082                	ret
100044a6:	81b8                	lbu	a4,2(a1)
100044a8:	07f77793          	andi	a5,a4,127
100044ac:	20a7a7b3          	sh1add	a5,a5,a0
100044b0:	831d                	srli	a4,a4,0x7
100044b2:	97ba                	add	a5,a5,a4
100044b4:	8b94                	sb	a3,0(a5)
100044b6:	819c                	lbu	a5,0(a1)
100044b8:	95be                	add	a1,a1,a5
100044ba:	fcc5eee3          	bltu	a1,a2,10004496 <tu_edpt_bind_driver+0x8>
100044be:	8082                	ret

100044c0 <tu_edpt_stream_init>:
100044c0:	7179                	addi	sp,sp,-48
100044c2:	d422                	sw	s0,40(sp)
100044c4:	842a                	mv	s0,a0
100044c6:	8108                	lbu	a0,0(a0)
100044c8:	8985                	andi	a1,a1,1
100044ca:	d226                	sw	s1,36(sp)
100044cc:	9979                	andi	a0,a0,-2
100044ce:	d04a                	sw	s2,32(sp)
100044d0:	ce4e                	sw	s3,28(sp)
100044d2:	8d4d                	or	a0,a0,a1
100044d4:	d606                	sw	ra,44(sp)
100044d6:	85ba                	mv	a1,a4
100044d8:	8808                	sb	a0,0(s0)
100044da:	8736                	mv	a4,a3
100044dc:	84b2                	mv	s1,a2
100044de:	00840513          	addi	a0,s0,8
100044e2:	863e                	mv	a2,a5
100044e4:	4685                	li	a3,1
100044e6:	c42e                	sw	a1,8(sp)
100044e8:	c63e                	sw	a5,12(sp)
100044ea:	8942                	mv	s2,a6
100044ec:	89c6                	mv	s3,a7
100044ee:	2ad5                	jal	100046e2 <tu_fifo_config>
100044f0:	45a2                	lw	a1,8(sp)
100044f2:	c199                	beqz	a1,100044f8 <tu_edpt_stream_init+0x38>
100044f4:	47b2                	lw	a5,12(sp)
100044f6:	ef89                	bnez	a5,10004510 <tu_edpt_stream_init+0x50>
100044f8:	01242223          	sw	s2,4(s0)
100044fc:	01341123          	sh	s3,2(s0)
10004500:	50b2                	lw	ra,44(sp)
10004502:	5422                	lw	s0,40(sp)
10004504:	5492                	lw	s1,36(sp)
10004506:	5902                	lw	s2,32(sp)
10004508:	49f2                	lw	s3,28(sp)
1000450a:	4505                	li	a0,1
1000450c:	6145                	addi	sp,sp,48
1000450e:	8082                	ret
10004510:	01c40513          	addi	a0,s0,28
10004514:	c42a                	sw	a0,8(sp)
10004516:	e58fc0ef          	jal	10000b6e <mutex_init>
1000451a:	4522                	lw	a0,8(sp)
1000451c:	4781                	li	a5,0
1000451e:	c099                	beqz	s1,10004524 <tu_edpt_stream_init+0x64>
10004520:	87aa                	mv	a5,a0
10004522:	4501                	li	a0,0
10004524:	c85c                	sw	a5,20(s0)
10004526:	cc08                	sw	a0,24(s0)
10004528:	bfc1                	j	100044f8 <tu_edpt_stream_init+0x38>

1000452a <tu_edpt_stream_deinit>:
1000452a:	4505                	li	a0,1
1000452c:	8082                	ret

1000452e <tu_edpt_stream_write_zlp_if_needed>:
1000452e:	819c                	lbu	a5,0(a1)
10004530:	1101                	addi	sp,sp,-32
10004532:	c84a                	sw	s2,16(sp)
10004534:	4817d793          	bexti	a5,a5,0x1
10004538:	17fd                	addi	a5,a5,-1
1000453a:	892a                	mv	s2,a0
1000453c:	00858513          	addi	a0,a1,8
10004540:	cc22                	sw	s0,24(sp)
10004542:	ca26                	sw	s1,20(sp)
10004544:	c632                	sw	a2,12(sp)
10004546:	ce06                	sw	ra,28(sp)
10004548:	84ae                	mv	s1,a1
1000454a:	e407f413          	andi	s0,a5,-448
1000454e:	2c31                	jal	1000476a <tu_fifo_count>
10004550:	4632                	lw	a2,12(sp)
10004552:	ca09                	beqz	a2,10004564 <tu_edpt_stream_write_zlp_if_needed+0x36>
10004554:	e901                	bnez	a0,10004564 <tu_edpt_stream_write_zlp_if_needed+0x36>
10004556:	1ff40413          	addi	s0,s0,511
1000455a:	8e61                	and	a2,a2,s0
1000455c:	e601                	bnez	a2,10004564 <tu_edpt_stream_write_zlp_if_needed+0x36>
1000455e:	809c                	lbu	a5,0(s1)
10004560:	8b85                	andi	a5,a5,1
10004562:	cb81                	beqz	a5,10004572 <tu_edpt_stream_write_zlp_if_needed+0x44>
10004564:	4501                	li	a0,0
10004566:	40f2                	lw	ra,28(sp)
10004568:	4462                	lw	s0,24(sp)
1000456a:	44d2                	lw	s1,20(sp)
1000456c:	4942                	lw	s2,16(sp)
1000456e:	6105                	addi	sp,sp,32
10004570:	8082                	ret
10004572:	80cc                	lbu	a1,1(s1)
10004574:	854a                	mv	a0,s2
10004576:	fc3fe0ef          	jal	10003538 <usbd_edpt_claim>
1000457a:	d56d                	beqz	a0,10004564 <tu_edpt_stream_write_zlp_if_needed+0x36>
1000457c:	809c                	lbu	a5,0(s1)
1000457e:	8b85                	andi	a5,a5,1
10004580:	c399                	beqz	a5,10004586 <tu_edpt_stream_write_zlp_if_needed+0x58>
10004582:	9002                	ebreak
10004584:	b7c5                	j	10004564 <tu_edpt_stream_write_zlp_if_needed+0x36>
10004586:	80cc                	lbu	a1,1(s1)
10004588:	854a                	mv	a0,s2
1000458a:	4681                	li	a3,0
1000458c:	4601                	li	a2,0
1000458e:	feffe0ef          	jal	1000357c <usbd_edpt_xfer>
10004592:	f971                	bnez	a0,10004566 <tu_edpt_stream_write_zlp_if_needed+0x38>
10004594:	b7fd                	j	10004582 <tu_edpt_stream_write_zlp_if_needed+0x54>

10004596 <tu_edpt_stream_write_xfer>:
10004596:	1101                	addi	sp,sp,-32
10004598:	cc22                	sw	s0,24(sp)
1000459a:	c84a                	sw	s2,16(sp)
1000459c:	ad22                	cm.mvsa01	s2,s0
1000459e:	00858513          	addi	a0,a1,8
100045a2:	ce06                	sw	ra,28(sp)
100045a4:	22d9                	jal	1000476a <tu_fifo_count>
100045a6:	c501                	beqz	a0,100045ae <tu_edpt_stream_write_xfer+0x18>
100045a8:	801c                	lbu	a5,0(s0)
100045aa:	8b85                	andi	a5,a5,1
100045ac:	c799                	beqz	a5,100045ba <tu_edpt_stream_write_xfer+0x24>
100045ae:	4501                	li	a0,0
100045b0:	40f2                	lw	ra,28(sp)
100045b2:	4462                	lw	s0,24(sp)
100045b4:	4942                	lw	s2,16(sp)
100045b6:	6105                	addi	sp,sp,32
100045b8:	8082                	ret
100045ba:	804c                	lbu	a1,1(s0)
100045bc:	854a                	mv	a0,s2
100045be:	f7bfe0ef          	jal	10003538 <usbd_edpt_claim>
100045c2:	d575                	beqz	a0,100045ae <tu_edpt_stream_write_xfer+0x18>
100045c4:	8430                	lhu	a2,2(s0)
100045c6:	404c                	lw	a1,4(s0)
100045c8:	00840513          	addi	a0,s0,8
100045cc:	2cc9                	jal	1000489e <tu_fifo_read_n>
100045ce:	801c                	lbu	a5,0(s0)
100045d0:	86aa                	mv	a3,a0
100045d2:	8b85                	andi	a5,a5,1
100045d4:	c501                	beqz	a0,100045dc <tu_edpt_stream_write_xfer+0x46>
100045d6:	cb89                	beqz	a5,100045e8 <tu_edpt_stream_write_xfer+0x52>
100045d8:	9002                	ebreak
100045da:	bfd1                	j	100045ae <tu_edpt_stream_write_xfer+0x18>
100045dc:	fbe9                	bnez	a5,100045ae <tu_edpt_stream_write_xfer+0x18>
100045de:	804c                	lbu	a1,1(s0)
100045e0:	854a                	mv	a0,s2
100045e2:	f79fe0ef          	jal	1000355a <usbd_edpt_release>
100045e6:	b7e1                	j	100045ae <tu_edpt_stream_write_xfer+0x18>
100045e8:	4050                	lw	a2,4(s0)
100045ea:	804c                	lbu	a1,1(s0)
100045ec:	854a                	mv	a0,s2
100045ee:	c636                	sw	a3,12(sp)
100045f0:	f8dfe0ef          	jal	1000357c <usbd_edpt_xfer>
100045f4:	d175                	beqz	a0,100045d8 <tu_edpt_stream_write_xfer+0x42>
100045f6:	4532                	lw	a0,12(sp)
100045f8:	bf65                	j	100045b0 <tu_edpt_stream_write_xfer+0x1a>

100045fa <tu_edpt_stream_read_xfer>:
100045fa:	00c5d683          	lhu	a3,12(a1)
100045fe:	7179                	addi	sp,sp,-48
10004600:	d422                	sw	s0,40(sp)
10004602:	d606                	sw	ra,44(sp)
10004604:	8198                	lbu	a4,0(a1)
10004606:	87ae                	mv	a5,a1
10004608:	842a                	mv	s0,a0
1000460a:	ea81                	bnez	a3,1000461a <tu_edpt_stream_read_xfer+0x20>
1000460c:	8b05                	andi	a4,a4,1
1000460e:	c721                	beqz	a4,10004656 <tu_edpt_stream_read_xfer+0x5c>
10004610:	4501                	li	a0,0
10004612:	50b2                	lw	ra,44(sp)
10004614:	5422                	lw	s0,40(sp)
10004616:	6145                	addi	sp,sp,48
10004618:	8082                	ret
1000461a:	ce4e                	sw	s3,28(sp)
1000461c:	d226                	sw	s1,36(sp)
1000461e:	d04a                	sw	s2,32(sp)
10004620:	8b09                	andi	a4,a4,2
10004622:	69c1                	lui	s3,0x10
10004624:	e705                	bnez	a4,1000464c <tu_edpt_stream_read_xfer+0x52>
10004626:	fc098993          	addi	s3,s3,-64 # ffc0 <HeapSize+0xf7c0>
1000462a:	04000913          	li	s2,64
1000462e:	00878493          	addi	s1,a5,8
10004632:	8526                	mv	a0,s1
10004634:	c63e                	sw	a5,12(sp)
10004636:	22b5                	jal	100047a2 <tu_fifo_remaining>
10004638:	01256663          	bltu	a0,s2,10004644 <tu_edpt_stream_read_xfer+0x4a>
1000463c:	47b2                	lw	a5,12(sp)
1000463e:	8398                	lbu	a4,0(a5)
10004640:	8b05                	andi	a4,a4,1
10004642:	c70d                	beqz	a4,1000466c <tu_edpt_stream_read_xfer+0x72>
10004644:	5492                	lw	s1,36(sp)
10004646:	5902                	lw	s2,32(sp)
10004648:	49f2                	lw	s3,28(sp)
1000464a:	b7d9                	j	10004610 <tu_edpt_stream_read_xfer+0x16>
1000464c:	e0098993          	addi	s3,s3,-512
10004650:	20000913          	li	s2,512
10004654:	bfe9                	j	1000462e <tu_edpt_stream_read_xfer+0x34>
10004656:	81cc                	lbu	a1,1(a1)
10004658:	c63e                	sw	a5,12(sp)
1000465a:	edffe0ef          	jal	10003538 <usbd_edpt_claim>
1000465e:	d94d                	beqz	a0,10004610 <tu_edpt_stream_read_xfer+0x16>
10004660:	47b2                	lw	a5,12(sp)
10004662:	8398                	lbu	a4,0(a5)
10004664:	8b05                	andi	a4,a4,1
10004666:	c70d                	beqz	a4,10004690 <tu_edpt_stream_read_xfer+0x96>
10004668:	9002                	ebreak
1000466a:	b75d                	j	10004610 <tu_edpt_stream_read_xfer+0x16>
1000466c:	83cc                	lbu	a1,1(a5)
1000466e:	8522                	mv	a0,s0
10004670:	ec9fe0ef          	jal	10003538 <usbd_edpt_claim>
10004674:	d961                	beqz	a0,10004644 <tu_edpt_stream_read_xfer+0x4a>
10004676:	8526                	mv	a0,s1
10004678:	222d                	jal	100047a2 <tu_fifo_remaining>
1000467a:	47b2                	lw	a5,12(sp)
1000467c:	8398                	lbu	a4,0(a5)
1000467e:	8b05                	andi	a4,a4,1
10004680:	03256563          	bltu	a0,s2,100046aa <tu_edpt_stream_read_xfer+0xb0>
10004684:	cf05                	beqz	a4,100046bc <tu_edpt_stream_read_xfer+0xc2>
10004686:	9002                	ebreak
10004688:	5492                	lw	s1,36(sp)
1000468a:	5902                	lw	s2,32(sp)
1000468c:	49f2                	lw	s3,28(sp)
1000468e:	b749                	j	10004610 <tu_edpt_stream_read_xfer+0x16>
10004690:	87b4                	lhu	a3,2(a5)
10004692:	83cc                	lbu	a1,1(a5)
10004694:	4601                	li	a2,0
10004696:	c291                	beqz	a3,1000469a <tu_edpt_stream_read_xfer+0xa0>
10004698:	43d0                	lw	a2,4(a5)
1000469a:	8522                	mv	a0,s0
1000469c:	c63e                	sw	a5,12(sp)
1000469e:	edffe0ef          	jal	1000357c <usbd_edpt_xfer>
100046a2:	d179                	beqz	a0,10004668 <tu_edpt_stream_read_xfer+0x6e>
100046a4:	47b2                	lw	a5,12(sp)
100046a6:	87a8                	lhu	a0,2(a5)
100046a8:	b7ad                	j	10004612 <tu_edpt_stream_read_xfer+0x18>
100046aa:	ff49                	bnez	a4,10004644 <tu_edpt_stream_read_xfer+0x4a>
100046ac:	83cc                	lbu	a1,1(a5)
100046ae:	8522                	mv	a0,s0
100046b0:	eabfe0ef          	jal	1000355a <usbd_edpt_release>
100046b4:	5492                	lw	s1,36(sp)
100046b6:	5902                	lw	s2,32(sp)
100046b8:	49f2                	lw	s3,28(sp)
100046ba:	bf99                	j	10004610 <tu_edpt_stream_read_xfer+0x16>
100046bc:	87b4                	lhu	a3,2(a5)
100046be:	00a9f733          	and	a4,s3,a0
100046c2:	83cc                	lbu	a1,1(a5)
100046c4:	0ae6d6b3          	minu	a3,a3,a4
100046c8:	4601                	li	a2,0
100046ca:	c291                	beqz	a3,100046ce <tu_edpt_stream_read_xfer+0xd4>
100046cc:	43d0                	lw	a2,4(a5)
100046ce:	8522                	mv	a0,s0
100046d0:	c636                	sw	a3,12(sp)
100046d2:	eabfe0ef          	jal	1000357c <usbd_edpt_xfer>
100046d6:	d945                	beqz	a0,10004686 <tu_edpt_stream_read_xfer+0x8c>
100046d8:	4532                	lw	a0,12(sp)
100046da:	5492                	lw	s1,36(sp)
100046dc:	5902                	lw	s2,32(sp)
100046de:	49f2                	lw	s3,28(sp)
100046e0:	bf0d                	j	10004612 <tu_edpt_stream_read_xfer+0x18>

100046e2 <tu_fifo_config>:
100046e2:	67a1                	lui	a5,0x8
100046e4:	08c7e163          	bltu	a5,a2,10004766 <tu_fifo_config+0x84>
100046e8:	1101                	addi	sp,sp,-32
100046ea:	cc22                	sw	s0,24(sp)
100046ec:	842a                	mv	s0,a0
100046ee:	4548                	lw	a0,12(a0)
100046f0:	ca26                	sw	s1,20(sp)
100046f2:	c84a                	sw	s2,16(sp)
100046f4:	c64e                	sw	s3,12(sp)
100046f6:	c452                	sw	s4,8(sp)
100046f8:	ce06                	sw	ra,28(sp)
100046fa:	8a3a                	mv	s4,a4
100046fc:	89b6                	mv	s3,a3
100046fe:	892e                	mv	s2,a1
10004700:	84b2                	mv	s1,a2
10004702:	c511                	beqz	a0,1000470e <tu_fifo_config+0x2c>
10004704:	55fd                	li	a1,-1
10004706:	0fffc097          	auipc	ra,0xfffc
1000470a:	a4c080e7          	jalr	-1460(ra) # 20000152 <mutex_enter_timeout_ms>
1000470e:	4808                	lw	a0,16(s0)
10004710:	c511                	beqz	a0,1000471c <tu_fifo_config+0x3a>
10004712:	55fd                	li	a1,-1
10004714:	0fffc097          	auipc	ra,0xfffc
10004718:	a3e080e7          	jalr	-1474(ra) # 20000152 <mutex_enter_timeout_ms>
1000471c:	01199693          	slli	a3,s3,0x11
10004720:	82c5                	srli	a3,a3,0x11
10004722:	00fa1713          	slli	a4,s4,0xf
10004726:	4448                	lw	a0,12(s0)
10004728:	8f55                	or	a4,a4,a3
1000472a:	00041523          	sh	zero,10(s0)
1000472e:	00e41323          	sh	a4,6(s0)
10004732:	01242023          	sw	s2,0(s0)
10004736:	00941223          	sh	s1,4(s0)
1000473a:	00041423          	sh	zero,8(s0)
1000473e:	c509                	beqz	a0,10004748 <tu_fifo_config+0x66>
10004740:	0fffc097          	auipc	ra,0xfffc
10004744:	a56080e7          	jalr	-1450(ra) # 20000196 <mutex_exit>
10004748:	4808                	lw	a0,16(s0)
1000474a:	c509                	beqz	a0,10004754 <tu_fifo_config+0x72>
1000474c:	0fffc097          	auipc	ra,0xfffc
10004750:	a4a080e7          	jalr	-1462(ra) # 20000196 <mutex_exit>
10004754:	40f2                	lw	ra,28(sp)
10004756:	4462                	lw	s0,24(sp)
10004758:	44d2                	lw	s1,20(sp)
1000475a:	4942                	lw	s2,16(sp)
1000475c:	49b2                	lw	s3,12(sp)
1000475e:	4a22                	lw	s4,8(sp)
10004760:	4505                	li	a0,1
10004762:	6105                	addi	sp,sp,32
10004764:	8082                	ret
10004766:	4501                	li	a0,0
10004768:	8082                	ret

1000476a <tu_fifo_count>:
1000476a:	00855683          	lhu	a3,8(a0)
1000476e:	00a55703          	lhu	a4,10(a0)
10004772:	00455503          	lhu	a0,4(a0)
10004776:	0806c7b3          	zext.h	a5,a3
1000477a:	08074633          	zext.h	a2,a4
1000477e:	00e6f463          	bgeu	a3,a4,10004786 <tu_fifo_count+0x1c>
10004782:	20f527b3          	sh1add	a5,a0,a5
10004786:	8f91                	sub	a5,a5,a2
10004788:	9fe9                	zext.h	a5,a5
1000478a:	0af55533          	minu	a0,a0,a5
1000478e:	8082                	ret

10004790 <tu_fifo_empty>:
10004790:	00855783          	lhu	a5,8(a0)
10004794:	00a55703          	lhu	a4,10(a0)
10004798:	40e78533          	sub	a0,a5,a4
1000479c:	00153513          	seqz	a0,a0
100047a0:	8082                	ret

100047a2 <tu_fifo_remaining>:
100047a2:	00855603          	lhu	a2,8(a0)
100047a6:	00a55683          	lhu	a3,10(a0)
100047aa:	00455703          	lhu	a4,4(a0)
100047ae:	080647b3          	zext.h	a5,a2
100047b2:	0806c5b3          	zext.h	a1,a3
100047b6:	00d67463          	bgeu	a2,a3,100047be <tu_fifo_remaining+0x1c>
100047ba:	20f727b3          	sh1add	a5,a4,a5
100047be:	8f8d                	sub	a5,a5,a1
100047c0:	9fe9                	zext.h	a5,a5
100047c2:	00f73533          	sltu	a0,a4,a5
100047c6:	157d                	addi	a0,a0,-1
100047c8:	8f1d                	sub	a4,a4,a5
100047ca:	8d79                	and	a0,a0,a4
100047cc:	9d69                	zext.h	a0,a0
100047ce:	8082                	ret

100047d0 <tu_fifo_read>:
100047d0:	1101                	addi	sp,sp,-32
100047d2:	cc22                	sw	s0,24(sp)
100047d4:	842a                	mv	s0,a0
100047d6:	4908                	lw	a0,16(a0)
100047d8:	ca26                	sw	s1,20(sp)
100047da:	ce06                	sw	ra,28(sp)
100047dc:	84ae                	mv	s1,a1
100047de:	c511                	beqz	a0,100047ea <tu_fifo_read+0x1a>
100047e0:	55fd                	li	a1,-1
100047e2:	0fffc097          	auipc	ra,0xfffc
100047e6:	970080e7          	jalr	-1680(ra) # 20000152 <mutex_enter_timeout_ms>
100047ea:	00845583          	lhu	a1,8(s0)
100047ee:	00a45683          	lhu	a3,10(s0)
100047f2:	00445703          	lhu	a4,4(s0)
100047f6:	0805c633          	zext.h	a2,a1
100047fa:	0806c7b3          	zext.h	a5,a3
100047fe:	06d5ec63          	bltu	a1,a3,10004876 <tu_fifo_read+0xa6>
10004802:	40f606b3          	sub	a3,a2,a5
10004806:	9ee9                	zext.h	a3,a3
10004808:	cea5                	beqz	a3,10004880 <tu_fifo_read+0xb0>
1000480a:	04d76e63          	bltu	a4,a3,10004866 <tu_fifo_read+0x96>
1000480e:	00e7e663          	bltu	a5,a4,1000481a <tu_fifo_read+0x4a>
10004812:	8f99                	sub	a5,a5,a4
10004814:	9fe9                	zext.h	a5,a5
10004816:	fee7fee3          	bgeu	a5,a4,10004812 <tu_fifo_read+0x42>
1000481a:	00645603          	lhu	a2,6(s0)
1000481e:	400c                	lw	a1,0(s0)
10004820:	8526                	mv	a0,s1
10004822:	0646                	slli	a2,a2,0x11
10004824:	8245                	srli	a2,a2,0x11
10004826:	9fd1                	mul	a5,a5,a2
10004828:	95be                	add	a1,a1,a5
1000482a:	2359                	jal	10004db0 <memcpy>
1000482c:	00a45683          	lhu	a3,10(s0)
10004830:	00445703          	lhu	a4,4(s0)
10004834:	00168793          	addi	a5,a3,1
10004838:	9fe9                	zext.h	a5,a5
1000483a:	06d7f063          	bgeu	a5,a3,1000489a <tu_fifo_read+0xca>
1000483e:	0706                	slli	a4,a4,0x1
10004840:	4685                	li	a3,1
10004842:	4781                	li	a5,0
10004844:	8f99                	sub	a5,a5,a4
10004846:	4808                	lw	a0,16(s0)
10004848:	00f41523          	sh	a5,10(s0)
1000484c:	c519                	beqz	a0,1000485a <tu_fifo_read+0x8a>
1000484e:	c636                	sw	a3,12(sp)
10004850:	0fffc097          	auipc	ra,0xfffc
10004854:	946080e7          	jalr	-1722(ra) # 20000196 <mutex_exit>
10004858:	46b2                	lw	a3,12(sp)
1000485a:	40f2                	lw	ra,28(sp)
1000485c:	4462                	lw	s0,24(sp)
1000485e:	44d2                	lw	s1,20(sp)
10004860:	8536                	mv	a0,a3
10004862:	6105                	addi	sp,sp,32
10004864:	8082                	ret
10004866:	02e66463          	bltu	a2,a4,1000488e <tu_fifo_read+0xbe>
1000486a:	8e19                	sub	a2,a2,a4
1000486c:	080647b3          	zext.h	a5,a2
10004870:	00f41523          	sh	a5,10(s0)
10004874:	bf69                	j	1000480e <tu_fifo_read+0x3e>
10004876:	20c726b3          	sh1add	a3,a4,a2
1000487a:	8e9d                	sub	a3,a3,a5
1000487c:	9ee9                	zext.h	a3,a3
1000487e:	f6d1                	bnez	a3,1000480a <tu_fifo_read+0x3a>
10004880:	00a45783          	lhu	a5,10(s0)
10004884:	9fe9                	zext.h	a5,a5
10004886:	0706                	slli	a4,a4,0x1
10004888:	fae7cfe3          	blt	a5,a4,10004846 <tu_fifo_read+0x76>
1000488c:	bf65                	j	10004844 <tu_fifo_read+0x74>
1000488e:	963a                	add	a2,a2,a4
10004890:	080647b3          	zext.h	a5,a2
10004894:	00f41523          	sh	a5,10(s0)
10004898:	bf9d                	j	1000480e <tu_fifo_read+0x3e>
1000489a:	4685                	li	a3,1
1000489c:	b7ed                	j	10004886 <tu_fifo_read+0xb6>

1000489e <tu_fifo_read_n>:
1000489e:	1101                	addi	sp,sp,-32
100048a0:	cc22                	sw	s0,24(sp)
100048a2:	842a                	mv	s0,a0
100048a4:	4908                	lw	a0,16(a0)
100048a6:	c84a                	sw	s2,16(sp)
100048a8:	ce06                	sw	ra,28(sp)
100048aa:	ca26                	sw	s1,20(sp)
100048ac:	892e                	mv	s2,a1
100048ae:	c901                	beqz	a0,100048be <tu_fifo_read_n+0x20>
100048b0:	55fd                	li	a1,-1
100048b2:	c032                	sw	a2,0(sp)
100048b4:	0fffc097          	auipc	ra,0xfffc
100048b8:	89e080e7          	jalr	-1890(ra) # 20000152 <mutex_enter_timeout_ms>
100048bc:	4602                	lw	a2,0(sp)
100048be:	00845503          	lhu	a0,8(s0)
100048c2:	00a45583          	lhu	a1,10(s0)
100048c6:	00445703          	lhu	a4,4(s0)
100048ca:	080546b3          	zext.h	a3,a0
100048ce:	0805c7b3          	zext.h	a5,a1
100048d2:	0eb56163          	bltu	a0,a1,100049b4 <tu_fifo_read_n+0x116>
100048d6:	40f684b3          	sub	s1,a3,a5
100048da:	9ce9                	zext.h	s1,s1
100048dc:	c0ed                	beqz	s1,100049be <tu_fifo_read_n+0x120>
100048de:	0c976263          	bltu	a4,s1,100049a2 <tu_fifo_read_n+0x104>
100048e2:	0a965633          	minu	a2,a2,s1
100048e6:	080644b3          	zext.h	s1,a2
100048ea:	00e7e663          	bltu	a5,a4,100048f6 <tu_fifo_read_n+0x58>
100048ee:	8f99                	sub	a5,a5,a4
100048f0:	9fe9                	zext.h	a5,a5
100048f2:	fee7fee3          	bgeu	a5,a4,100048ee <tu_fifo_read_n+0x50>
100048f6:	00645803          	lhu	a6,6(s0)
100048fa:	400c                	lw	a1,0(s0)
100048fc:	40f706b3          	sub	a3,a4,a5
10004900:	0846                	slli	a6,a6,0x11
10004902:	01185813          	srli	a6,a6,0x11
10004906:	03078633          	mul	a2,a5,a6
1000490a:	9ee9                	zext.h	a3,a3
1000490c:	95b2                	add	a1,a1,a2
1000490e:	0696f663          	bgeu	a3,s1,1000497a <tu_fifo_read_n+0xdc>
10004912:	030686b3          	mul	a3,a3,a6
10004916:	854a                	mv	a0,s2
10004918:	c63e                	sw	a5,12(sp)
1000491a:	c43a                	sw	a4,8(sp)
1000491c:	c242                	sw	a6,4(sp)
1000491e:	0806c633          	zext.h	a2,a3
10004922:	c032                	sw	a2,0(sp)
10004924:	2171                	jal	10004db0 <memcpy>
10004926:	4722                	lw	a4,8(sp)
10004928:	47b2                	lw	a5,12(sp)
1000492a:	4812                	lw	a6,4(sp)
1000492c:	40e48733          	sub	a4,s1,a4
10004930:	97ba                	add	a5,a5,a4
10004932:	02f80833          	mul	a6,a6,a5
10004936:	4602                	lw	a2,0(sp)
10004938:	400c                	lw	a1,0(s0)
1000493a:	00c90533          	add	a0,s2,a2
1000493e:	08084633          	zext.h	a2,a6
10004942:	21bd                	jal	10004db0 <memcpy>
10004944:	00a45603          	lhu	a2,10(s0)
10004948:	00445703          	lhu	a4,4(s0)
1000494c:	009607b3          	add	a5,a2,s1
10004950:	9fe9                	zext.h	a5,a5
10004952:	00171693          	slli	a3,a4,0x1
10004956:	04c7f163          	bgeu	a5,a2,10004998 <tu_fifo_read_n+0xfa>
1000495a:	8f95                	sub	a5,a5,a3
1000495c:	4808                	lw	a0,16(s0)
1000495e:	00f41523          	sh	a5,10(s0)
10004962:	c509                	beqz	a0,1000496c <tu_fifo_read_n+0xce>
10004964:	0fffc097          	auipc	ra,0xfffc
10004968:	832080e7          	jalr	-1998(ra) # 20000196 <mutex_exit>
1000496c:	40f2                	lw	ra,28(sp)
1000496e:	4462                	lw	s0,24(sp)
10004970:	4942                	lw	s2,16(sp)
10004972:	8526                	mv	a0,s1
10004974:	44d2                	lw	s1,20(sp)
10004976:	6105                	addi	sp,sp,32
10004978:	8082                	ret
1000497a:	03048633          	mul	a2,s1,a6
1000497e:	854a                	mv	a0,s2
10004980:	2905                	jal	10004db0 <memcpy>
10004982:	00a45603          	lhu	a2,10(s0)
10004986:	00445703          	lhu	a4,4(s0)
1000498a:	009607b3          	add	a5,a2,s1
1000498e:	9fe9                	zext.h	a5,a5
10004990:	00171693          	slli	a3,a4,0x1
10004994:	fcc7e3e3          	bltu	a5,a2,1000495a <tu_fifo_read_n+0xbc>
10004998:	00171693          	slli	a3,a4,0x1
1000499c:	fcd7c0e3          	blt	a5,a3,1000495c <tu_fifo_read_n+0xbe>
100049a0:	bf6d                	j	1000495a <tu_fifo_read_n+0xbc>
100049a2:	02e6f663          	bgeu	a3,a4,100049ce <tu_fifo_read_n+0x130>
100049a6:	96ba                	add	a3,a3,a4
100049a8:	0806c7b3          	zext.h	a5,a3
100049ac:	00f41523          	sh	a5,10(s0)
100049b0:	84ba                	mv	s1,a4
100049b2:	bf05                	j	100048e2 <tu_fifo_read_n+0x44>
100049b4:	20d724b3          	sh1add	s1,a4,a3
100049b8:	8c9d                	sub	s1,s1,a5
100049ba:	9ce9                	zext.h	s1,s1
100049bc:	f08d                	bnez	s1,100048de <tu_fifo_read_n+0x40>
100049be:	00a45783          	lhu	a5,10(s0)
100049c2:	00171693          	slli	a3,a4,0x1
100049c6:	9fe9                	zext.h	a5,a5
100049c8:	f8d7cae3          	blt	a5,a3,1000495c <tu_fifo_read_n+0xbe>
100049cc:	b779                	j	1000495a <tu_fifo_read_n+0xbc>
100049ce:	8e99                	sub	a3,a3,a4
100049d0:	0806c7b3          	zext.h	a5,a3
100049d4:	bfe1                	j	100049ac <tu_fifo_read_n+0x10e>

100049d6 <tu_fifo_write>:
100049d6:	1101                	addi	sp,sp,-32
100049d8:	cc22                	sw	s0,24(sp)
100049da:	842a                	mv	s0,a0
100049dc:	4548                	lw	a0,12(a0)
100049de:	ca26                	sw	s1,20(sp)
100049e0:	ce06                	sw	ra,28(sp)
100049e2:	84ae                	mv	s1,a1
100049e4:	c511                	beqz	a0,100049f0 <tu_fifo_write+0x1a>
100049e6:	55fd                	li	a1,-1
100049e8:	0fffb097          	auipc	ra,0xfffb
100049ec:	76a080e7          	jalr	1898(ra) # 20000152 <mutex_enter_timeout_ms>
100049f0:	00845683          	lhu	a3,8(s0)
100049f4:	00845583          	lhu	a1,8(s0)
100049f8:	00a45603          	lhu	a2,10(s0)
100049fc:	00445703          	lhu	a4,4(s0)
10004a00:	9ee9                	zext.h	a3,a3
10004a02:	0805c7b3          	zext.h	a5,a1
10004a06:	08064533          	zext.h	a0,a2
10004a0a:	00c5f463          	bgeu	a1,a2,10004a12 <tu_fifo_write+0x3c>
10004a0e:	20f727b3          	sh1add	a5,a4,a5
10004a12:	8f89                	sub	a5,a5,a0
10004a14:	9fe9                	zext.h	a5,a5
10004a16:	4050                	lw	a2,4(s0)
10004a18:	02e7e463          	bltu	a5,a4,10004a40 <tu_fifo_write+0x6a>
10004a1c:	01f65793          	srli	a5,a2,0x1f
10004a20:	02064063          	bltz	a2,10004a40 <tu_fifo_write+0x6a>
10004a24:	4448                	lw	a0,12(s0)
10004a26:	c519                	beqz	a0,10004a34 <tu_fifo_write+0x5e>
10004a28:	c63e                	sw	a5,12(sp)
10004a2a:	0fffb097          	auipc	ra,0xfffb
10004a2e:	76c080e7          	jalr	1900(ra) # 20000196 <mutex_exit>
10004a32:	47b2                	lw	a5,12(sp)
10004a34:	40f2                	lw	ra,28(sp)
10004a36:	4462                	lw	s0,24(sp)
10004a38:	44d2                	lw	s1,20(sp)
10004a3a:	853e                	mv	a0,a5
10004a3c:	6105                	addi	sp,sp,32
10004a3e:	8082                	ret
10004a40:	87b6                	mv	a5,a3
10004a42:	02e6ef63          	bltu	a3,a4,10004a80 <tu_fifo_write+0xaa>
10004a46:	8f99                	sub	a5,a5,a4
10004a48:	9fe9                	zext.h	a5,a5
10004a4a:	fee7fee3          	bgeu	a5,a4,10004a46 <tu_fifo_write+0x70>
10004a4e:	00161713          	slli	a4,a2,0x1
10004a52:	01175613          	srli	a2,a4,0x11
10004a56:	9fd1                	mul	a5,a5,a2
10004a58:	4008                	lw	a0,0(s0)
10004a5a:	85a6                	mv	a1,s1
10004a5c:	c636                	sw	a3,12(sp)
10004a5e:	953e                	add	a0,a0,a5
10004a60:	2e81                	jal	10004db0 <memcpy>
10004a62:	46b2                	lw	a3,12(sp)
10004a64:	00445703          	lhu	a4,4(s0)
10004a68:	00168793          	addi	a5,a3,1
10004a6c:	9fe9                	zext.h	a5,a5
10004a6e:	02d7fa63          	bgeu	a5,a3,10004aa2 <tu_fifo_write+0xcc>
10004a72:	0706                	slli	a4,a4,0x1
10004a74:	4781                	li	a5,0
10004a76:	8f99                	sub	a5,a5,a4
10004a78:	00f41423          	sh	a5,8(s0)
10004a7c:	4785                	li	a5,1
10004a7e:	b75d                	j	10004a24 <tu_fifo_write+0x4e>
10004a80:	00161793          	slli	a5,a2,0x1
10004a84:	0117d613          	srli	a2,a5,0x11
10004a88:	02d607b3          	mul	a5,a2,a3
10004a8c:	4008                	lw	a0,0(s0)
10004a8e:	85a6                	mv	a1,s1
10004a90:	c636                	sw	a3,12(sp)
10004a92:	953e                	add	a0,a0,a5
10004a94:	2e31                	jal	10004db0 <memcpy>
10004a96:	46b2                	lw	a3,12(sp)
10004a98:	00445703          	lhu	a4,4(s0)
10004a9c:	0685                	addi	a3,a3,1
10004a9e:	0806c7b3          	zext.h	a5,a3
10004aa2:	0706                	slli	a4,a4,0x1
10004aa4:	fce7cae3          	blt	a5,a4,10004a78 <tu_fifo_write+0xa2>
10004aa8:	b7f9                	j	10004a76 <tu_fifo_write+0xa0>

10004aaa <tu_fifo_write_n>:
10004aaa:	10060563          	beqz	a2,10004bb4 <tu_fifo_write_n+0x10a>
10004aae:	88aa                	mv	a7,a0
10004ab0:	4548                	lw	a0,12(a0)
10004ab2:	7139                	addi	sp,sp,-64
10004ab4:	de06                	sw	ra,60(sp)
10004ab6:	8332                	mv	t1,a2
10004ab8:	8eae                	mv	t4,a1
10004aba:	cd01                	beqz	a0,10004ad2 <tu_fifo_write_n+0x28>
10004abc:	c82e                	sw	a1,16(sp)
10004abe:	55fd                	li	a1,-1
10004ac0:	c646                	sw	a7,12(sp)
10004ac2:	ca32                	sw	a2,20(sp)
10004ac4:	0fffb097          	auipc	ra,0xfffb
10004ac8:	68e080e7          	jalr	1678(ra) # 20000152 <mutex_enter_timeout_ms>
10004acc:	4352                	lw	t1,20(sp)
10004ace:	4ec2                	lw	t4,16(sp)
10004ad0:	48b2                	lw	a7,12(sp)
10004ad2:	0088de03          	lhu	t3,8(a7)
10004ad6:	0048a683          	lw	a3,4(a7)
10004ada:	00a8d783          	lhu	a5,10(a7)
10004ade:	0048d703          	lhu	a4,4(a7)
10004ae2:	080e4e33          	zext.h	t3,t3
10004ae6:	9fe9                	zext.h	a5,a5
10004ae8:	0806c363          	bltz	a3,10004b6e <tu_fifo_write_n+0xc4>
10004aec:	0cfe6763          	bltu	t3,a5,10004bba <tu_fifo_write_n+0x110>
10004af0:	40fe07b3          	sub	a5,t3,a5
10004af4:	9fe9                	zext.h	a5,a5
10004af6:	0ce7f963          	bgeu	a5,a4,10004bc8 <tu_fifo_write_n+0x11e>
10004afa:	40f707b3          	sub	a5,a4,a5
10004afe:	9fe9                	zext.h	a5,a5
10004b00:	0a67d633          	minu	a2,a5,t1
10004b04:	08064333          	zext.h	t1,a2
10004b08:	006e0833          	add	a6,t3,t1
10004b0c:	08084833          	zext.h	a6,a6
10004b10:	40e30f33          	sub	t5,t1,a4
10004b14:	87f2                	mv	a5,t3
10004b16:	00ee6663          	bltu	t3,a4,10004b22 <tu_fifo_write_n+0x78>
10004b1a:	8f99                	sub	a5,a5,a4
10004b1c:	9fe9                	zext.h	a5,a5
10004b1e:	fee7fee3          	bgeu	a5,a4,10004b1a <tu_fifo_write_n+0x70>
10004b22:	00169613          	slli	a2,a3,0x1
10004b26:	01165693          	srli	a3,a2,0x11
10004b2a:	02d78633          	mul	a2,a5,a3
10004b2e:	0008a503          	lw	a0,0(a7)
10004b32:	8f1d                	sub	a4,a4,a5
10004b34:	9f69                	zext.h	a4,a4
10004b36:	9532                	add	a0,a0,a2
10004b38:	0a676863          	bltu	a4,t1,10004be8 <tu_fifo_write_n+0x13e>
10004b3c:	02d30633          	mul	a2,t1,a3
10004b40:	85f6                	mv	a1,t4
10004b42:	cc46                	sw	a7,24(sp)
10004b44:	ca42                	sw	a6,20(sp)
10004b46:	c872                	sw	t3,16(sp)
10004b48:	c61a                	sw	t1,12(sp)
10004b4a:	249d                	jal	10004db0 <memcpy>
10004b4c:	4332                	lw	t1,12(sp)
10004b4e:	4e42                	lw	t3,16(sp)
10004b50:	4852                	lw	a6,20(sp)
10004b52:	48e2                	lw	a7,24(sp)
10004b54:	0048d783          	lhu	a5,4(a7)
10004b58:	0786                	slli	a5,a5,0x1
10004b5a:	01c86463          	bltu	a6,t3,10004b62 <tu_fifo_write_n+0xb8>
10004b5e:	00f84463          	blt	a6,a5,10004b66 <tu_fifo_write_n+0xbc>
10004b62:	40f80833          	sub	a6,a6,a5
10004b66:	01089423          	sh	a6,8(a7)
10004b6a:	871a                	mv	a4,t1
10004b6c:	a08d                	j	10004bce <tu_fifo_write_n+0x124>
10004b6e:	04e37f63          	bgeu	t1,a4,10004bcc <tu_fifo_write_n+0x122>
10004b72:	0afe6e63          	bltu	t3,a5,10004c2e <tu_fifo_write_n+0x184>
10004b76:	40fe0633          	sub	a2,t3,a5
10004b7a:	9e69                	zext.h	a2,a2
10004b7c:	00171593          	slli	a1,a4,0x1
10004b80:	961a                	add	a2,a2,t1
10004b82:	40e30f33          	sub	t5,t1,a4
10004b86:	02b64263          	blt	a2,a1,10004baa <tu_fifo_write_n+0x100>
10004b8a:	00e78833          	add	a6,a5,a4
10004b8e:	08084833          	zext.h	a6,a6
10004b92:	40680e33          	sub	t3,a6,t1
10004b96:	080e4e33          	zext.h	t3,t3
10004b9a:	00fe6463          	bltu	t3,a5,10004ba2 <tu_fifo_write_n+0xf8>
10004b9e:	f6be4be3          	blt	t3,a1,10004b14 <tu_fifo_write_n+0x6a>
10004ba2:	40be05b3          	sub	a1,t3,a1
10004ba6:	0805ce33          	zext.h	t3,a1
10004baa:	01c30833          	add	a6,t1,t3
10004bae:	08084833          	zext.h	a6,a6
10004bb2:	b78d                	j	10004b14 <tu_fifo_write_n+0x6a>
10004bb4:	4701                	li	a4,0
10004bb6:	853a                	mv	a0,a4
10004bb8:	8082                	ret
10004bba:	21c72833          	sh1add	a6,a4,t3
10004bbe:	40f807b3          	sub	a5,a6,a5
10004bc2:	9fe9                	zext.h	a5,a5
10004bc4:	f2e7ebe3          	bltu	a5,a4,10004afa <tu_fifo_write_n+0x50>
10004bc8:	4701                	li	a4,0
10004bca:	a011                	j	10004bce <tu_fifo_write_n+0x124>
10004bcc:	eb25                	bnez	a4,10004c3c <tu_fifo_write_n+0x192>
10004bce:	00c8a503          	lw	a0,12(a7)
10004bd2:	c519                	beqz	a0,10004be0 <tu_fifo_write_n+0x136>
10004bd4:	c63a                	sw	a4,12(sp)
10004bd6:	0fffb097          	auipc	ra,0xfffb
10004bda:	5c0080e7          	jalr	1472(ra) # 20000196 <mutex_exit>
10004bde:	4732                	lw	a4,12(sp)
10004be0:	50f2                	lw	ra,60(sp)
10004be2:	853a                	mv	a0,a4
10004be4:	6121                	addi	sp,sp,64
10004be6:	8082                	ret
10004be8:	9f55                	mul	a4,a4,a3
10004bea:	85f6                	mv	a1,t4
10004bec:	d61a                	sw	t1,44(sp)
10004bee:	d042                	sw	a6,32(sp)
10004bf0:	cc72                	sw	t3,24(sp)
10004bf2:	d446                	sw	a7,40(sp)
10004bf4:	d27a                	sw	t5,36(sp)
10004bf6:	ce3e                	sw	a5,28(sp)
10004bf8:	c636                	sw	a3,12(sp)
10004bfa:	ca76                	sw	t4,20(sp)
10004bfc:	08074633          	zext.h	a2,a4
10004c00:	c832                	sw	a2,16(sp)
10004c02:	227d                	jal	10004db0 <memcpy>
10004c04:	47f2                	lw	a5,28(sp)
10004c06:	5f12                	lw	t5,36(sp)
10004c08:	46b2                	lw	a3,12(sp)
10004c0a:	58a2                	lw	a7,40(sp)
10004c0c:	97fa                	add	a5,a5,t5
10004c0e:	9edd                	mul	a3,a3,a5
10004c10:	4642                	lw	a2,16(sp)
10004c12:	4ed2                	lw	t4,20(sp)
10004c14:	0008a503          	lw	a0,0(a7)
10004c18:	c646                	sw	a7,12(sp)
10004c1a:	00ce85b3          	add	a1,t4,a2
10004c1e:	0806c633          	zext.h	a2,a3
10004c22:	2279                	jal	10004db0 <memcpy>
10004c24:	5332                	lw	t1,44(sp)
10004c26:	5802                	lw	a6,32(sp)
10004c28:	4e62                	lw	t3,24(sp)
10004c2a:	48b2                	lw	a7,12(sp)
10004c2c:	b725                	j	10004b54 <tu_fifo_write_n+0xaa>
10004c2e:	00171593          	slli	a1,a4,0x1
10004c32:	40f58633          	sub	a2,a1,a5
10004c36:	9672                	add	a2,a2,t3
10004c38:	9e69                	zext.h	a2,a2
10004c3a:	b799                	j	10004b80 <tu_fifo_write_n+0xd6>
10004c3c:	00169513          	slli	a0,a3,0x1
10004c40:	40e30633          	sub	a2,t1,a4
10004c44:	01155593          	srli	a1,a0,0x11
10004c48:	9e4d                	mul	a2,a2,a1
10004c4a:	00e78833          	add	a6,a5,a4
10004c4e:	08084833          	zext.h	a6,a6
10004c52:	8e3e                	mv	t3,a5
10004c54:	833a                	mv	t1,a4
10004c56:	4f01                	li	t5,0
10004c58:	9eb2                	add	t4,t4,a2
10004c5a:	bd6d                	j	10004b14 <tu_fifo_write_n+0x6a>

10004c5c <tu_fifo_clear>:
10004c5c:	1141                	addi	sp,sp,-16
10004c5e:	c422                	sw	s0,8(sp)
10004c60:	842a                	mv	s0,a0
10004c62:	4548                	lw	a0,12(a0)
10004c64:	c606                	sw	ra,12(sp)
10004c66:	c511                	beqz	a0,10004c72 <tu_fifo_clear+0x16>
10004c68:	55fd                	li	a1,-1
10004c6a:	0fffb097          	auipc	ra,0xfffb
10004c6e:	4e8080e7          	jalr	1256(ra) # 20000152 <mutex_enter_timeout_ms>
10004c72:	4808                	lw	a0,16(s0)
10004c74:	c511                	beqz	a0,10004c80 <tu_fifo_clear+0x24>
10004c76:	55fd                	li	a1,-1
10004c78:	0fffb097          	auipc	ra,0xfffb
10004c7c:	4da080e7          	jalr	1242(ra) # 20000152 <mutex_enter_timeout_ms>
10004c80:	4448                	lw	a0,12(s0)
10004c82:	00041523          	sh	zero,10(s0)
10004c86:	00041423          	sh	zero,8(s0)
10004c8a:	c509                	beqz	a0,10004c94 <tu_fifo_clear+0x38>
10004c8c:	0fffb097          	auipc	ra,0xfffb
10004c90:	50a080e7          	jalr	1290(ra) # 20000196 <mutex_exit>
10004c94:	4808                	lw	a0,16(s0)
10004c96:	c509                	beqz	a0,10004ca0 <tu_fifo_clear+0x44>
10004c98:	0fffb097          	auipc	ra,0xfffb
10004c9c:	4fe080e7          	jalr	1278(ra) # 20000196 <mutex_exit>
10004ca0:	40b2                	lw	ra,12(sp)
10004ca2:	4422                	lw	s0,8(sp)
10004ca4:	4505                	li	a0,1
10004ca6:	0141                	addi	sp,sp,16
10004ca8:	8082                	ret

10004caa <tu_fifo_set_overwritable>:
10004caa:	1141                	addi	sp,sp,-16
10004cac:	c422                	sw	s0,8(sp)
10004cae:	842a                	mv	s0,a0
10004cb0:	4548                	lw	a0,12(a0)
10004cb2:	c226                	sw	s1,4(sp)
10004cb4:	c606                	sw	ra,12(sp)
10004cb6:	84ae                	mv	s1,a1
10004cb8:	c511                	beqz	a0,10004cc4 <tu_fifo_set_overwritable+0x1a>
10004cba:	55fd                	li	a1,-1
10004cbc:	0fffb097          	auipc	ra,0xfffb
10004cc0:	496080e7          	jalr	1174(ra) # 20000152 <mutex_enter_timeout_ms>
10004cc4:	4808                	lw	a0,16(s0)
10004cc6:	c511                	beqz	a0,10004cd2 <tu_fifo_set_overwritable+0x28>
10004cc8:	55fd                	li	a1,-1
10004cca:	0fffb097          	auipc	ra,0xfffb
10004cce:	488080e7          	jalr	1160(ra) # 20000152 <mutex_enter_timeout_ms>
10004cd2:	00645583          	lhu	a1,6(s0)
10004cd6:	00f49793          	slli	a5,s1,0xf
10004cda:	4448                	lw	a0,12(s0)
10004cdc:	05c6                	slli	a1,a1,0x11
10004cde:	81c5                	srli	a1,a1,0x11
10004ce0:	8ddd                	or	a1,a1,a5
10004ce2:	00b41323          	sh	a1,6(s0)
10004ce6:	c509                	beqz	a0,10004cf0 <tu_fifo_set_overwritable+0x46>
10004ce8:	0fffb097          	auipc	ra,0xfffb
10004cec:	4ae080e7          	jalr	1198(ra) # 20000196 <mutex_exit>
10004cf0:	4808                	lw	a0,16(s0)
10004cf2:	c509                	beqz	a0,10004cfc <tu_fifo_set_overwritable+0x52>
10004cf4:	0fffb097          	auipc	ra,0xfffb
10004cf8:	4a2080e7          	jalr	1186(ra) # 20000196 <mutex_exit>
10004cfc:	40b2                	lw	ra,12(sp)
10004cfe:	4422                	lw	s0,8(sp)
10004d00:	4492                	lw	s1,4(sp)
10004d02:	4505                	li	a0,1
10004d04:	0141                	addi	sp,sp,16
10004d06:	8082                	ret

10004d08 <memset>:
10004d08:	433d                	li	t1,15
10004d0a:	872a                	mv	a4,a0
10004d0c:	02c37363          	bgeu	t1,a2,10004d32 <memset+0x2a>
10004d10:	00f77793          	andi	a5,a4,15
10004d14:	efbd                	bnez	a5,10004d92 <memset+0x8a>
10004d16:	e5ad                	bnez	a1,10004d80 <memset+0x78>
10004d18:	ff067693          	andi	a3,a2,-16
10004d1c:	8a3d                	andi	a2,a2,15
10004d1e:	96ba                	add	a3,a3,a4
10004d20:	c30c                	sw	a1,0(a4)
10004d22:	c34c                	sw	a1,4(a4)
10004d24:	c70c                	sw	a1,8(a4)
10004d26:	c74c                	sw	a1,12(a4)
10004d28:	0741                	addi	a4,a4,16
10004d2a:	fed76be3          	bltu	a4,a3,10004d20 <memset+0x18>
10004d2e:	e211                	bnez	a2,10004d32 <memset+0x2a>
10004d30:	8082                	ret
10004d32:	40c306b3          	sub	a3,t1,a2
10004d36:	068a                	slli	a3,a3,0x2
10004d38:	00000297          	auipc	t0,0x0
10004d3c:	9696                	add	a3,a3,t0
10004d3e:	00a68067          	jr	10(a3)
10004d42:	00b70723          	sb	a1,14(a4)
10004d46:	00b706a3          	sb	a1,13(a4)
10004d4a:	00b70623          	sb	a1,12(a4)
10004d4e:	00b705a3          	sb	a1,11(a4)
10004d52:	00b70523          	sb	a1,10(a4)
10004d56:	00b704a3          	sb	a1,9(a4)
10004d5a:	00b70423          	sb	a1,8(a4)
10004d5e:	00b703a3          	sb	a1,7(a4)
10004d62:	00b70323          	sb	a1,6(a4)
10004d66:	00b702a3          	sb	a1,5(a4)
10004d6a:	00b70223          	sb	a1,4(a4)
10004d6e:	00b701a3          	sb	a1,3(a4)
10004d72:	00b70123          	sb	a1,2(a4)
10004d76:	00b700a3          	sb	a1,1(a4)
10004d7a:	00b70023          	sb	a1,0(a4)
10004d7e:	8082                	ret
10004d80:	0ff5f593          	zext.b	a1,a1
10004d84:	00859693          	slli	a3,a1,0x8
10004d88:	8dd5                	or	a1,a1,a3
10004d8a:	01059693          	slli	a3,a1,0x10
10004d8e:	8dd5                	or	a1,a1,a3
10004d90:	b761                	j	10004d18 <memset+0x10>
10004d92:	00279693          	slli	a3,a5,0x2
10004d96:	00000297          	auipc	t0,0x0
10004d9a:	9696                	add	a3,a3,t0
10004d9c:	8286                	mv	t0,ra
10004d9e:	fa8680e7          	jalr	-88(a3)
10004da2:	8096                	mv	ra,t0
10004da4:	17c1                	addi	a5,a5,-16 # 7ff0 <HeapSize+0x77f0>
10004da6:	8f1d                	sub	a4,a4,a5
10004da8:	963e                	add	a2,a2,a5
10004daa:	f8c374e3          	bgeu	t1,a2,10004d32 <memset+0x2a>
10004dae:	b7a5                	j	10004d16 <memset+0xe>

10004db0 <memcpy>:
10004db0:	00a5c7b3          	xor	a5,a1,a0
10004db4:	8b8d                	andi	a5,a5,3
10004db6:	00c508b3          	add	a7,a0,a2
10004dba:	e7b1                	bnez	a5,10004e06 <memcpy+0x56>
10004dbc:	00463613          	sltiu	a2,a2,4
10004dc0:	e239                	bnez	a2,10004e06 <memcpy+0x56>
10004dc2:	00357793          	andi	a5,a0,3
10004dc6:	872a                	mv	a4,a0
10004dc8:	e7c5                	bnez	a5,10004e70 <memcpy+0xc0>
10004dca:	ffc8f613          	andi	a2,a7,-4
10004dce:	40e606b3          	sub	a3,a2,a4
10004dd2:	02000793          	li	a5,32
10004dd6:	04d7c363          	blt	a5,a3,10004e1c <memcpy+0x6c>
10004dda:	86ae                	mv	a3,a1
10004ddc:	87ba                	mv	a5,a4
10004dde:	02c77163          	bgeu	a4,a2,10004e00 <memcpy+0x50>
10004de2:	0006a803          	lw	a6,0(a3)
10004de6:	0791                	addi	a5,a5,4
10004de8:	0691                	addi	a3,a3,4
10004dea:	ff07ae23          	sw	a6,-4(a5)
10004dee:	fec7eae3          	bltu	a5,a2,10004de2 <memcpy+0x32>
10004df2:	167d                	addi	a2,a2,-1
10004df4:	8e19                	sub	a2,a2,a4
10004df6:	9a71                	andi	a2,a2,-4
10004df8:	0591                	addi	a1,a1,4
10004dfa:	0711                	addi	a4,a4,4
10004dfc:	95b2                	add	a1,a1,a2
10004dfe:	9732                	add	a4,a4,a2
10004e00:	01176663          	bltu	a4,a7,10004e0c <memcpy+0x5c>
10004e04:	8082                	ret
10004e06:	872a                	mv	a4,a0
10004e08:	ff157ee3          	bgeu	a0,a7,10004e04 <memcpy+0x54>
10004e0c:	819c                	lbu	a5,0(a1)
10004e0e:	0705                	addi	a4,a4,1
10004e10:	0585                	addi	a1,a1,1
10004e12:	fef70fa3          	sb	a5,-1(a4)
10004e16:	fee89be3          	bne	a7,a4,10004e0c <memcpy+0x5c>
10004e1a:	8082                	ret
10004e1c:	4194                	lw	a3,0(a1)
10004e1e:	0045a283          	lw	t0,4(a1)
10004e22:	0085af83          	lw	t6,8(a1)
10004e26:	00c5af03          	lw	t5,12(a1)
10004e2a:	0105ae83          	lw	t4,16(a1)
10004e2e:	0145ae03          	lw	t3,20(a1)
10004e32:	0185a303          	lw	t1,24(a1)
10004e36:	01c5a803          	lw	a6,28(a1)
10004e3a:	c314                	sw	a3,0(a4)
10004e3c:	5194                	lw	a3,32(a1)
10004e3e:	02470713          	addi	a4,a4,36
10004e42:	fe572023          	sw	t0,-32(a4)
10004e46:	fed72e23          	sw	a3,-4(a4)
10004e4a:	fff72223          	sw	t6,-28(a4)
10004e4e:	40e606b3          	sub	a3,a2,a4
10004e52:	ffe72423          	sw	t5,-24(a4)
10004e56:	ffd72623          	sw	t4,-20(a4)
10004e5a:	ffc72823          	sw	t3,-16(a4)
10004e5e:	fe672a23          	sw	t1,-12(a4)
10004e62:	ff072c23          	sw	a6,-8(a4)
10004e66:	02458593          	addi	a1,a1,36
10004e6a:	fad7c9e3          	blt	a5,a3,10004e1c <memcpy+0x6c>
10004e6e:	b7b5                	j	10004dda <memcpy+0x2a>
10004e70:	8194                	lbu	a3,0(a1)
10004e72:	0705                	addi	a4,a4,1
10004e74:	00377793          	andi	a5,a4,3
10004e78:	fed70fa3          	sb	a3,-1(a4)
10004e7c:	0585                	addi	a1,a1,1
10004e7e:	d7b1                	beqz	a5,10004dca <memcpy+0x1a>
10004e80:	8194                	lbu	a3,0(a1)
10004e82:	0705                	addi	a4,a4,1
10004e84:	00377793          	andi	a5,a4,3
10004e88:	fed70fa3          	sb	a3,-1(a4)
10004e8c:	0585                	addi	a1,a1,1
10004e8e:	f3ed                	bnez	a5,10004e70 <memcpy+0xc0>
10004e90:	bf2d                	j	10004dca <memcpy+0x1a>

10004e92 <strlen>:
10004e92:	00357793          	andi	a5,a0,3
10004e96:	872a                	mv	a4,a0
10004e98:	ef9d                	bnez	a5,10004ed6 <strlen+0x44>
10004e9a:	7f7f86b7          	lui	a3,0x7f7f8
10004e9e:	f7f68693          	addi	a3,a3,-129 # 7f7f7f7f <__StackTop+0x5f775f7f>
10004ea2:	55fd                	li	a1,-1
10004ea4:	4310                	lw	a2,0(a4)
10004ea6:	0711                	addi	a4,a4,4
10004ea8:	00d677b3          	and	a5,a2,a3
10004eac:	97b6                	add	a5,a5,a3
10004eae:	8fd1                	or	a5,a5,a2
10004eb0:	8fd5                	or	a5,a5,a3
10004eb2:	feb789e3          	beq	a5,a1,10004ea4 <strlen+0x12>
10004eb6:	ffc74683          	lbu	a3,-4(a4)
10004eba:	40a707b3          	sub	a5,a4,a0
10004ebe:	ca85                	beqz	a3,10004eee <strlen+0x5c>
10004ec0:	ffd74683          	lbu	a3,-3(a4)
10004ec4:	c295                	beqz	a3,10004ee8 <strlen+0x56>
10004ec6:	ffe74503          	lbu	a0,-2(a4)
10004eca:	00a03533          	snez	a0,a0
10004ece:	953e                	add	a0,a0,a5
10004ed0:	1579                	addi	a0,a0,-2
10004ed2:	8082                	ret
10004ed4:	d2f9                	beqz	a3,10004e9a <strlen+0x8>
10004ed6:	831c                	lbu	a5,0(a4)
10004ed8:	0705                	addi	a4,a4,1
10004eda:	00377693          	andi	a3,a4,3
10004ede:	fbfd                	bnez	a5,10004ed4 <strlen+0x42>
10004ee0:	8f09                	sub	a4,a4,a0
10004ee2:	fff70513          	addi	a0,a4,-1
10004ee6:	8082                	ret
10004ee8:	ffd78513          	addi	a0,a5,-3
10004eec:	8082                	ret
10004eee:	ffc78513          	addi	a0,a5,-4
10004ef2:	8082                	ret

10004ef4 <__pre_init_runtime_init_bootrom_reset>:
10004ef4:	1a8a 1000                                   ....

10004ef8 <__pre_init_runtime_init_early_resets>:
10004ef8:	1a2a 1000                                   *...

10004efc <__pre_init_runtime_init_usb_power_down>:
10004efc:	1a54 1000                                   T...

10004f00 <__pre_init_runtime_init_clocks>:
10004f00:	1aba 1000                                   ....

10004f04 <__pre_init_runtime_init_post_clock_resets>:
10004f04:	1a6e 1000                                   n...

10004f08 <__pre_init_runtime_init_boot_locks_reset>:
10004f08:	19a4 1000                                   ....

10004f0c <__pre_init_runtime_init_spin_locks_reset>:
10004f0c:	1ab6 1000                                   ....

10004f10 <__pre_init_runtime_init_bootrom_locking_enable>:
10004f10:	1992 1000                                   ....

10004f14 <__pre_init_runtime_init_mutex>:
10004f14:	0b08 1000                                   ....

10004f18 <__pre_init_runtime_init_default_alarm_pool>:
10004f18:	0f8a 1000                                   ....

10004f1c <__pre_init_first_per_core_initializer>:
10004f1c:	19e8 1000                                   ....

10004f20 <__pre_init_runtime_init_per_core_bootrom_reset>:
10004f20:	1aa0 1000                                   ....

10004f24 <__pre_init_runtime_init_per_core_h3_irq_registers>:
10004f24:	1bd8 1000                                   ....

10004f28 <__pre_init_runtime_init_per_core_irq_priorities>:
10004f28:	04ac 1000                                   ....

10004f2c <__init_array_start>:
10004f2c:	2550                	.insn	2, 0x2550
10004f2e:	1000                	addi	s0,sp,32

10004f30 <__frame_dummy_init_array_entry>:
10004f30:	0104 1000                                   ....

Disassembly of section .data:

20000000 <mutex_try_enter>:
20000000:	411c                	lw	a5,0(a0)
20000002:	872a                	mv	a4,a0
20000004:	300476f3          	csrrci	a3,mstatus,8
20000008:	00379613          	slli	a2,a5,0x3
2000000c:	28c01633          	bset	a2,zero,a2
20000010:	9bf1                	andi	a5,a5,-4
20000012:	44c7a52f          	amoor.w.aq	a0,a2,(a5)
20000016:	8d71                	and	a0,a0,a2
20000018:	fd6d                	bnez	a0,20000012 <mutex_try_enter+0x12>
2000001a:	0330000f          	fence	rw,rw
2000001e:	00470783          	lb	a5,4(a4)
20000022:	0007ce63          	bltz	a5,2000003e <mutex_try_enter+0x3e>
20000026:	c191                	beqz	a1,2000002a <mutex_try_enter+0x2a>
20000028:	c19c                	sw	a5,0(a1)
2000002a:	4501                	li	a0,0
2000002c:	431c                	lw	a5,0(a4)
2000002e:	0330000f          	fence	rw,rw
20000032:	00078023          	sb	zero,0(a5)
20000036:	8aa1                	andi	a3,a3,8
20000038:	3006a073          	csrs	mstatus,a3
2000003c:	8082                	ret
2000003e:	d00007b7          	lui	a5,0xd0000
20000042:	439c                	lw	a5,0(a5)
20000044:	4505                	li	a0,1
20000046:	00f70223          	sb	a5,4(a4)
2000004a:	431c                	lw	a5,0(a4)
2000004c:	0330000f          	fence	rw,rw
20000050:	00078023          	sb	zero,0(a5) # d0000000 <__StackTop+0xaff7e000>
20000054:	8aa1                	andi	a3,a3,8
20000056:	3006a073          	csrs	mstatus,a3
2000005a:	8082                	ret

2000005c <mutex_enter_block_until>:
2000005c:	d00007b7          	lui	a5,0xd0000
20000060:	439c                	lw	a5,0(a5)
20000062:	1101                	addi	sp,sp,-32
20000064:	cc22                	sw	s0,24(sp)
20000066:	ca26                	sw	s1,20(sp)
20000068:	c84a                	sw	s2,16(sp)
2000006a:	c64e                	sw	s3,12(sp)
2000006c:	ce06                	sw	ra,28(sp)
2000006e:	84be                	mv	s1,a5
20000070:	ac2a                	cm.mvsa01	s0,s2
20000072:	89b2                	mv	s3,a2
20000074:	a829                	j	2000008e <mutex_enter_block_until+0x32>
20000076:	0330000f          	fence	rw,rw
2000007a:	00070023          	sb	zero,0(a4)
2000007e:	3007a073          	csrs	mstatus,a5
20000082:	ad6e                	cm.mva01s	s2,s3
20000084:	f0001097          	auipc	ra,0xf0001
20000088:	394080e7          	jalr	916(ra) # 10001418 <best_effort_wfe_or_timeout>
2000008c:	e531                	bnez	a0,200000d8 <mutex_enter_block_until+0x7c>
2000008e:	401c                	lw	a5,0(s0)
20000090:	30047773          	csrrci	a4,mstatus,8
20000094:	00379693          	slli	a3,a5,0x3
20000098:	28d016b3          	bset	a3,zero,a3
2000009c:	9bf1                	andi	a5,a5,-4
2000009e:	44d7a62f          	amoor.w.aq	a2,a3,(a5)
200000a2:	8e75                	and	a2,a2,a3
200000a4:	fe6d                	bnez	a2,2000009e <mutex_enter_block_until+0x42>
200000a6:	0330000f          	fence	rw,rw
200000aa:	00440683          	lb	a3,4(s0)
200000ae:	00877793          	andi	a5,a4,8
200000b2:	4018                	lw	a4,0(s0)
200000b4:	fc06d1e3          	bgez	a3,20000076 <mutex_enter_block_until+0x1a>
200000b8:	00940223          	sb	s1,4(s0)
200000bc:	0330000f          	fence	rw,rw
200000c0:	00070023          	sb	zero,0(a4)
200000c4:	3007a073          	csrs	mstatus,a5
200000c8:	40f2                	lw	ra,28(sp)
200000ca:	4462                	lw	s0,24(sp)
200000cc:	44d2                	lw	s1,20(sp)
200000ce:	4942                	lw	s2,16(sp)
200000d0:	49b2                	lw	s3,12(sp)
200000d2:	4505                	li	a0,1
200000d4:	6105                	addi	sp,sp,32
200000d6:	8082                	ret
200000d8:	40f2                	lw	ra,28(sp)
200000da:	4462                	lw	s0,24(sp)
200000dc:	44d2                	lw	s1,20(sp)
200000de:	4942                	lw	s2,16(sp)
200000e0:	49b2                	lw	s3,12(sp)
200000e2:	4501                	li	a0,0
200000e4:	6105                	addi	sp,sp,32
200000e6:	8082                	ret

200000e8 <mutex_try_enter_block_until>:
200000e8:	411c                	lw	a5,0(a0)
200000ea:	30047773          	csrrci	a4,mstatus,8
200000ee:	00379693          	slli	a3,a5,0x3
200000f2:	28d016b3          	bset	a3,zero,a3
200000f6:	9bf1                	andi	a5,a5,-4
200000f8:	44d7a82f          	amoor.w.aq	a6,a3,(a5)
200000fc:	00d87833          	and	a6,a6,a3
20000100:	fe081ce3          	bnez	a6,200000f8 <mutex_try_enter_block_until+0x10>
20000104:	0330000f          	fence	rw,rw
20000108:	00450683          	lb	a3,4(a0)
2000010c:	00877793          	andi	a5,a4,8
20000110:	4118                	lw	a4,0(a0)
20000112:	0206c263          	bltz	a3,20000136 <mutex_try_enter_block_until+0x4e>
20000116:	0330000f          	fence	rw,rw
2000011a:	00070023          	sb	zero,0(a4)
2000011e:	3007a073          	csrs	mstatus,a5
20000122:	d00007b7          	lui	a5,0xd0000
20000126:	00078703          	lb	a4,0(a5) # d0000000 <__StackTop+0xaff7e000>
2000012a:	4781                	li	a5,0
2000012c:	00d71463          	bne	a4,a3,20000134 <mutex_try_enter_block_until+0x4c>
20000130:	853e                	mv	a0,a5
20000132:	8082                	ret
20000134:	b725                	j	2000005c <mutex_enter_block_until>
20000136:	d00006b7          	lui	a3,0xd0000
2000013a:	4294                	lw	a3,0(a3)
2000013c:	00d50223          	sb	a3,4(a0)
20000140:	0330000f          	fence	rw,rw
20000144:	00070023          	sb	zero,0(a4)
20000148:	3007a073          	csrs	mstatus,a5
2000014c:	4785                	li	a5,1
2000014e:	853e                	mv	a0,a5
20000150:	8082                	ret

20000152 <mutex_enter_timeout_ms>:
20000152:	1141                	addi	sp,sp,-16
20000154:	c422                	sw	s0,8(sp)
20000156:	c226                	sw	s1,4(sp)
20000158:	c606                	sw	ra,12(sp)
2000015a:	aca2                	cm.mvsa01	s1,s0
2000015c:	f0001097          	auipc	ra,0xf0001
20000160:	40c080e7          	jalr	1036(ra) # 10001568 <time_us_64>
20000164:	3e800713          	li	a4,1000
20000168:	02e40633          	mul	a2,s0,a4
2000016c:	800007b7          	lui	a5,0x80000
20000170:	17fd                	addi	a5,a5,-1 # 7fffffff <__StackTop+0x5ff7dfff>
20000172:	02e43433          	mulhu	s0,s0,a4
20000176:	9532                	add	a0,a0,a2
20000178:	00c53633          	sltu	a2,a0,a2
2000017c:	942e                	add	s0,s0,a1
2000017e:	9622                	add	a2,a2,s0
20000180:	00c7f463          	bgeu	a5,a2,20000188 <mutex_enter_timeout_ms+0x36>
20000184:	863e                	mv	a2,a5
20000186:	557d                	li	a0,-1
20000188:	4422                	lw	s0,8(sp)
2000018a:	40b2                	lw	ra,12(sp)
2000018c:	85aa                	mv	a1,a0
2000018e:	8526                	mv	a0,s1
20000190:	4492                	lw	s1,4(sp)
20000192:	0141                	addi	sp,sp,16
20000194:	b5e1                	j	2000005c <mutex_enter_block_until>

20000196 <mutex_exit>:
20000196:	411c                	lw	a5,0(a0)
20000198:	30047773          	csrrci	a4,mstatus,8
2000019c:	00379693          	slli	a3,a5,0x3
200001a0:	28d016b3          	bset	a3,zero,a3
200001a4:	9bf1                	andi	a5,a5,-4
200001a6:	44d7a62f          	amoor.w.aq	a2,a3,(a5)
200001aa:	8e75                	and	a2,a2,a3
200001ac:	fe6d                	bnez	a2,200001a6 <mutex_exit+0x10>
200001ae:	0330000f          	fence	rw,rw
200001b2:	57fd                	li	a5,-1
200001b4:	00f50223          	sb	a5,4(a0)
200001b8:	411c                	lw	a5,0(a0)
200001ba:	0330000f          	fence	rw,rw
200001be:	00078023          	sb	zero,0(a5)
200001c2:	8b21                	andi	a4,a4,8
200001c4:	30072073          	csrs	mstatus,a4
200001c8:	00102033          	sgtz	zero,ra
200001cc:	8082                	ret

200001ce <reset_non_control_endpoints>:
200001ce:	1141                	addi	sp,sp,-16
200001d0:	c606                	sw	ra,12(sp)
200001d2:	501007b7          	lui	a5,0x50100
200001d6:	0007a423          	sw	zero,8(a5) # 50100008 <__StackTop+0x3007e008>
200001da:	0007a623          	sw	zero,12(a5)
200001de:	0007a823          	sw	zero,16(a5)
200001e2:	0007aa23          	sw	zero,20(a5)
200001e6:	0007ac23          	sw	zero,24(a5)
200001ea:	0007ae23          	sw	zero,28(a5)
200001ee:	0207a023          	sw	zero,32(a5)
200001f2:	0207a223          	sw	zero,36(a5)
200001f6:	0207a423          	sw	zero,40(a5)
200001fa:	0207a623          	sw	zero,44(a5)
200001fe:	0207a823          	sw	zero,48(a5)
20000202:	0207aa23          	sw	zero,52(a5)
20000206:	0207ac23          	sw	zero,56(a5)
2000020a:	0207ae23          	sw	zero,60(a5)
2000020e:	0407a023          	sw	zero,64(a5)
20000212:	0407a223          	sw	zero,68(a5)
20000216:	0407a423          	sw	zero,72(a5)
2000021a:	0407a623          	sw	zero,76(a5)
2000021e:	0407a823          	sw	zero,80(a5)
20000222:	0407aa23          	sw	zero,84(a5)
20000226:	0407ac23          	sw	zero,88(a5)
2000022a:	0407ae23          	sw	zero,92(a5)
2000022e:	0607a023          	sw	zero,96(a5)
20000232:	0607a223          	sw	zero,100(a5)
20000236:	0607a423          	sw	zero,104(a5)
2000023a:	0607a623          	sw	zero,108(a5)
2000023e:	0607a823          	sw	zero,112(a5)
20000242:	0607aa23          	sw	zero,116(a5)
20000246:	0607ac23          	sw	zero,120(a5)
2000024a:	20002537          	lui	a0,0x20002
2000024e:	0607ae23          	sw	zero,124(a5)
20000252:	87050513          	addi	a0,a0,-1936 # 20001870 <hw_endpoints+0x40>
20000256:	3c000613          	li	a2,960
2000025a:	4581                	li	a1,0
2000025c:	f0005097          	auipc	ra,0xf0005
20000260:	aac080e7          	jalr	-1364(ra) # 10004d08 <memset>
20000264:	40b2                	lw	ra,12(sp)
20000266:	501007b7          	lui	a5,0x50100
2000026a:	18078793          	addi	a5,a5,384 # 50100180 <__StackTop+0x3007e180>
2000026e:	86f1a3a3          	sw	a5,-1945(gp) # 20001cc8 <next_buffer_ptr>
20000272:	0141                	addi	sp,sp,16
20000274:	8082                	ret

20000276 <hw_handle_buff_status>:
20000276:	7179                	addi	sp,sp,-48
20000278:	501107b7          	lui	a5,0x50110
2000027c:	c85a                	sw	s6,16(sp)
2000027e:	0587ab03          	lw	s6,88(a5) # 50110058 <__StackTop+0x3008e058>
20000282:	d606                	sw	ra,44(sp)
20000284:	060b0a63          	beqz	s6,200002f8 <hw_handle_buff_status+0x82>
20000288:	cc52                	sw	s4,24(sp)
2000028a:	20002a37          	lui	s4,0x20002
2000028e:	d422                	sw	s0,40(sp)
20000290:	d226                	sw	s1,36(sp)
20000292:	ca56                	sw	s5,20(sp)
20000294:	d04a                	sw	s2,32(sp)
20000296:	ce4e                	sw	s3,28(sp)
20000298:	4401                	li	s0,0
2000029a:	4485                	li	s1,1
2000029c:	830a0a13          	addi	s4,s4,-2000 # 20001830 <hw_endpoints>
200002a0:	50113ab7          	lui	s5,0x50113
200002a4:	a809                	j	200002b6 <hw_handle_buff_status+0x40>
200002a6:	0405                	addi	s0,s0,1
200002a8:	9c61                	zext.b	s0,s0
200002aa:	fe040793          	addi	a5,s0,-32
200002ae:	0486                	slli	s1,s1,0x1
200002b0:	cf95                	beqz	a5,200002ec <hw_handle_buff_status+0x76>
200002b2:	02098d63          	beqz	s3,200002ec <hw_handle_buff_status+0x76>
200002b6:	009b77b3          	and	a5,s6,s1
200002ba:	4985                	li	s3,1
200002bc:	d7ed                	beqz	a5,200002a6 <hw_handle_buff_status+0x30>
200002be:	4089f7b3          	andn	a5,s3,s0
200002c2:	0fe47913          	andi	s2,s0,254
200002c6:	993e                	add	s2,s2,a5
200002c8:	0916                	slli	s2,s2,0x5
200002ca:	9952                	add	s2,s2,s4
200002cc:	049aac23          	sw	s1,88(s5) # 50113058 <__StackTop+0x30091058>
200002d0:	854a                	mv	a0,s2
200002d2:	0b5000ef          	jal	20000b86 <hw_endpoint_xfer_continue>
200002d6:	e50d                	bnez	a0,20000300 <hw_handle_buff_status+0x8a>
200002d8:	0405                	addi	s0,s0,1
200002da:	9c61                	zext.b	s0,s0
200002dc:	409b7b33          	andn	s6,s6,s1
200002e0:	fe040793          	addi	a5,s0,-32
200002e4:	016039b3          	snez	s3,s6
200002e8:	0486                	slli	s1,s1,0x1
200002ea:	f7e1                	bnez	a5,200002b2 <hw_handle_buff_status+0x3c>
200002ec:	5422                	lw	s0,40(sp)
200002ee:	5492                	lw	s1,36(sp)
200002f0:	5902                	lw	s2,32(sp)
200002f2:	49f2                	lw	s3,28(sp)
200002f4:	4a62                	lw	s4,24(sp)
200002f6:	4ad2                	lw	s5,20(sp)
200002f8:	50b2                	lw	ra,44(sp)
200002fa:	4b42                	lw	s6,16(sp)
200002fc:	6145                	addi	sp,sp,48
200002fe:	8082                	ret
20000300:	00294683          	lbu	a3,2(s2)
20000304:	01695703          	lhu	a4,22(s2)
20000308:	70000793          	li	a5,1792
2000030c:	0048                	addi	a0,sp,4
2000030e:	85ce                	mv	a1,s3
20000310:	000104a3          	sb	zero,9(sp)
20000314:	00d10423          	sb	a3,8(sp)
20000318:	c63a                	sw	a4,12(sp)
2000031a:	00f11223          	sh	a5,4(sp)
2000031e:	0c1000ef          	jal	20000bde <dcd_event_handler>
20000322:	854a                	mv	a0,s2
20000324:	798000ef          	jal	20000abc <hw_endpoint_reset_transfer>
20000328:	bf45                	j	200002d8 <hw_handle_buff_status+0x62>

2000032a <dcd_rp2040_irq>:
2000032a:	7179                	addi	sp,sp,-48
2000032c:	501107b7          	lui	a5,0x50110
20000330:	d226                	sw	s1,36(sp)
20000332:	0987a483          	lw	s1,152(a5) # 50110098 <__StackTop+0x3008e098>
20000336:	d422                	sw	s0,40(sp)
20000338:	00020437          	lui	s0,0x20
2000033c:	d606                	sw	ra,44(sp)
2000033e:	8c65                	and	s0,s0,s1
20000340:	47c1                	li	a5,16
20000342:	c865                	beqz	s0,20000432 <dcd_rp2040_irq+0x108>
20000344:	400b0737          	lui	a4,0x400b0
20000348:	200027b7          	lui	a5,0x20002
2000034c:	5710                	lw	a2,40(a4)
2000034e:	83078793          	addi	a5,a5,-2000 # 20001830 <hw_endpoints>
20000352:	03b7c683          	lbu	a3,59(a5)
20000356:	86c1a5a3          	sw	a2,-1941(gp) # 20001ccc <e15_last_sof>
2000035a:	4709                	li	a4,2
2000035c:	4401                	li	s0,0
2000035e:	30e68763          	beq	a3,a4,2000066c <dcd_rp2040_irq+0x342>
20000362:	07b7c683          	lbu	a3,123(a5)
20000366:	4709                	li	a4,2
20000368:	1ee68663          	beq	a3,a4,20000554 <dcd_rp2040_irq+0x22a>
2000036c:	0bb7c683          	lbu	a3,187(a5)
20000370:	4709                	li	a4,2
20000372:	1ee68b63          	beq	a3,a4,20000568 <dcd_rp2040_irq+0x23e>
20000376:	0fb7c683          	lbu	a3,251(a5)
2000037a:	4709                	li	a4,2
2000037c:	20e68a63          	beq	a3,a4,20000590 <dcd_rp2040_irq+0x266>
20000380:	13b7c683          	lbu	a3,315(a5)
20000384:	4709                	li	a4,2
20000386:	24e68d63          	beq	a3,a4,200005e0 <dcd_rp2040_irq+0x2b6>
2000038a:	17b7c683          	lbu	a3,379(a5)
2000038e:	4709                	li	a4,2
20000390:	22e68463          	beq	a3,a4,200005b8 <dcd_rp2040_irq+0x28e>
20000394:	1bb7c683          	lbu	a3,443(a5)
20000398:	4709                	li	a4,2
2000039a:	28e68363          	beq	a3,a4,20000620 <dcd_rp2040_irq+0x2f6>
2000039e:	1fb7c683          	lbu	a3,507(a5)
200003a2:	4709                	li	a4,2
200003a4:	1ce68c63          	beq	a3,a4,2000057c <dcd_rp2040_irq+0x252>
200003a8:	23b7c683          	lbu	a3,571(a5)
200003ac:	4709                	li	a4,2
200003ae:	28e68363          	beq	a3,a4,20000634 <dcd_rp2040_irq+0x30a>
200003b2:	27b7c683          	lbu	a3,635(a5)
200003b6:	4709                	li	a4,2
200003b8:	20e68a63          	beq	a3,a4,200005cc <dcd_rp2040_irq+0x2a2>
200003bc:	2bb7c683          	lbu	a3,699(a5)
200003c0:	4709                	li	a4,2
200003c2:	28e68b63          	beq	a3,a4,20000658 <dcd_rp2040_irq+0x32e>
200003c6:	2fb7c683          	lbu	a3,763(a5)
200003ca:	4709                	li	a4,2
200003cc:	1ce68c63          	beq	a3,a4,200005a4 <dcd_rp2040_irq+0x27a>
200003d0:	33b7c683          	lbu	a3,827(a5)
200003d4:	4709                	li	a4,2
200003d6:	26e68863          	beq	a3,a4,20000646 <dcd_rp2040_irq+0x31c>
200003da:	37b7c683          	lbu	a3,891(a5)
200003de:	4709                	li	a4,2
200003e0:	20e68a63          	beq	a3,a4,200005f4 <dcd_rp2040_irq+0x2ca>
200003e4:	3bb7c683          	lbu	a3,955(a5)
200003e8:	4709                	li	a4,2
200003ea:	2ce68d63          	beq	a3,a4,200006c4 <dcd_rp2040_irq+0x39a>
200003ee:	3fb7c683          	lbu	a3,1019(a5)
200003f2:	4709                	li	a4,2
200003f4:	2ae68863          	beq	a3,a4,200006a4 <dcd_rp2040_irq+0x37a>
200003f8:	e811                	bnez	s0,2000040c <dcd_rp2040_irq+0xe2>
200003fa:	8631c783          	lbu	a5,-1949(gp) # 20001cc4 <_sof_enable>
200003fe:	e799                	bnez	a5,2000040c <dcd_rp2040_irq+0xe2>
20000400:	501137b7          	lui	a5,0x50113
20000404:	00020737          	lui	a4,0x20
20000408:	08e7a823          	sw	a4,144(a5) # 50113090 <__StackTop+0x30091090>
2000040c:	501107b7          	lui	a5,0x50110
20000410:	47bc                	lw	a5,72(a5)
20000412:	30000713          	li	a4,768
20000416:	4585                	li	a1,1
20000418:	7ff7f793          	andi	a5,a5,2047
2000041c:	0848                	addi	a0,sp,20
2000041e:	cc3e                	sw	a5,24(sp)
20000420:	00e11a23          	sh	a4,20(sp)
20000424:	7ba000ef          	jal	20000bde <dcd_event_handler>
20000428:	000207b7          	lui	a5,0x20
2000042c:	07c1                	addi	a5,a5,16 # 20010 <HeapSize+0x1f810>
2000042e:	00020437          	lui	s0,0x20
20000432:	0104f713          	andi	a4,s1,16
20000436:	10071b63          	bnez	a4,2000054c <dcd_rp2040_irq+0x222>
2000043a:	00f49793          	slli	a5,s1,0xf
2000043e:	0407d663          	bgez	a5,2000048a <dcd_rp2040_irq+0x160>
20000442:	20002537          	lui	a0,0x20002
20000446:	83050513          	addi	a0,a0,-2000 # 20001830 <hw_endpoints>
2000044a:	01a54783          	lbu	a5,26(a0)
2000044e:	29041413          	bseti	s0,s0,0x10
20000452:	4709                	li	a4,2
20000454:	4805                	li	a6,1
20000456:	e3ad                	bnez	a5,200004b8 <dcd_rp2040_irq+0x18e>
20000458:	010501a3          	sb	a6,3(a0)
2000045c:	02050513          	addi	a0,a0,32
20000460:	05071863          	bne	a4,a6,200004b0 <dcd_rp2040_irq+0x186>
20000464:	60000793          	li	a5,1536
20000468:	00f11a23          	sh	a5,20(sp)
2000046c:	501007b7          	lui	a5,0x50100
20000470:	4394                	lw	a3,0(a5)
20000472:	85ba                	mv	a1,a4
20000474:	0848                	addi	a0,sp,20
20000476:	cc36                	sw	a3,24(sp)
20000478:	43dc                	lw	a5,4(a5)
2000047a:	ce3e                	sw	a5,28(sp)
2000047c:	762000ef          	jal	20000bde <dcd_event_handler>
20000480:	501137b7          	lui	a5,0x50113
20000484:	00020737          	lui	a4,0x20
20000488:	cbb8                	sw	a4,80(a5)
2000048a:	01349793          	slli	a5,s1,0x13
2000048e:	0807ca63          	bltz	a5,20000522 <dcd_rp2040_irq+0x1f8>
20000492:	01149793          	slli	a5,s1,0x11
20000496:	0607c863          	bltz	a5,20000506 <dcd_rp2040_irq+0x1dc>
2000049a:	01049793          	slli	a5,s1,0x10
2000049e:	0407c563          	bltz	a5,200004e8 <dcd_rp2040_irq+0x1be>
200004a2:	3c941d63          	bne	s0,s1,2000087c <dcd_rp2040_irq+0x552>
200004a6:	50b2                	lw	ra,44(sp)
200004a8:	5422                	lw	s0,40(sp)
200004aa:	5492                	lw	s1,36(sp)
200004ac:	6145                	addi	sp,sp,48
200004ae:	8082                	ret
200004b0:	01a54783          	lbu	a5,26(a0)
200004b4:	4705                	li	a4,1
200004b6:	d3cd                	beqz	a5,20000458 <dcd_rp2040_irq+0x12e>
200004b8:	501127b7          	lui	a5,0x50112
200004bc:	d3b8                	sw	a4,96(a5)
200004be:	501106b7          	lui	a3,0x50110
200004c2:	52fc                	lw	a5,100(a3)
200004c4:	8ff9                	and	a5,a5,a4
200004c6:	fee79ee3          	bne	a5,a4,200004c2 <dcd_rp2040_irq+0x198>
200004ca:	660d                	lui	a2,0x3
200004cc:	4581                	li	a1,0
200004ce:	c63a                	sw	a4,12(sp)
200004d0:	c42a                	sw	a0,8(sp)
200004d2:	2bed                	jal	20000acc <_hw_endpoint_buffer_control_update32>
200004d4:	4522                	lw	a0,8(sp)
200004d6:	23dd                	jal	20000abc <hw_endpoint_reset_transfer>
200004d8:	4732                	lw	a4,12(sp)
200004da:	501137b7          	lui	a5,0x50113
200004de:	4522                	lw	a0,8(sp)
200004e0:	d3f8                	sw	a4,100(a5)
200004e2:	d3b8                	sw	a4,96(a5)
200004e4:	4805                	li	a6,1
200004e6:	bf8d                	j	20000458 <dcd_rp2040_irq+0x12e>
200004e8:	50000793          	li	a5,1280
200004ec:	4585                	li	a1,1
200004ee:	0848                	addi	a0,sp,20
200004f0:	00f11a23          	sh	a5,20(sp)
200004f4:	25ed                	jal	20000bde <dcd_event_handler>
200004f6:	501137b7          	lui	a5,0x50113
200004fa:	28b01713          	bseti	a4,zero,0xb
200004fe:	28f41413          	bseti	s0,s0,0xf
20000502:	cbb8                	sw	a4,80(a5)
20000504:	bf79                	j	200004a2 <dcd_rp2040_irq+0x178>
20000506:	40000793          	li	a5,1024
2000050a:	4585                	li	a1,1
2000050c:	0848                	addi	a0,sp,20
2000050e:	00f11a23          	sh	a5,20(sp)
20000512:	25f1                	jal	20000bde <dcd_event_handler>
20000514:	501137b7          	lui	a5,0x50113
20000518:	4741                	li	a4,16
2000051a:	28e41413          	bseti	s0,s0,0xe
2000051e:	cbb8                	sw	a4,80(a5)
20000520:	bfad                	j	2000049a <dcd_rp2040_irq+0x170>
20000522:	501107b7          	lui	a5,0x50110
20000526:	0007a023          	sw	zero,0(a5) # 50110000 <__StackTop+0x3008e000>
2000052a:	3155                	jal	200001ce <reset_non_control_endpoints>
2000052c:	10000793          	li	a5,256
20000530:	0848                	addi	a0,sp,20
20000532:	4585                	li	a1,1
20000534:	00f11a23          	sh	a5,20(sp)
20000538:	cc02                	sw	zero,24(sp)
2000053a:	2555                	jal	20000bde <dcd_event_handler>
2000053c:	501137b7          	lui	a5,0x50113
20000540:	00080737          	lui	a4,0x80
20000544:	28c41413          	bseti	s0,s0,0xc
20000548:	cbb8                	sw	a4,80(a5)
2000054a:	b7a1                	j	20000492 <dcd_rp2040_irq+0x168>
2000054c:	c43e                	sw	a5,8(sp)
2000054e:	3325                	jal	20000276 <hw_handle_buff_status>
20000550:	4422                	lw	s0,8(sp)
20000552:	b5e5                	j	2000043a <dcd_rp2040_irq+0x110>
20000554:	07a7c703          	lbu	a4,122(a5) # 5011307a <__StackTop+0x3009107a>
20000558:	e0070ae3          	beqz	a4,2000036c <dcd_rp2040_irq+0x42>
2000055c:	07c7c683          	lbu	a3,124(a5)
20000560:	2c069563          	bnez	a3,2000082a <dcd_rp2040_irq+0x500>
20000564:	843a                	mv	s0,a4
20000566:	b519                	j	2000036c <dcd_rp2040_irq+0x42>
20000568:	0ba7c703          	lbu	a4,186(a5)
2000056c:	e00705e3          	beqz	a4,20000376 <dcd_rp2040_irq+0x4c>
20000570:	0bc7c683          	lbu	a3,188(a5)
20000574:	28069c63          	bnez	a3,2000080c <dcd_rp2040_irq+0x4e2>
20000578:	843a                	mv	s0,a4
2000057a:	bbf5                	j	20000376 <dcd_rp2040_irq+0x4c>
2000057c:	1fa7c703          	lbu	a4,506(a5)
20000580:	e20704e3          	beqz	a4,200003a8 <dcd_rp2040_irq+0x7e>
20000584:	1fc7c683          	lbu	a3,508(a5)
20000588:	24069463          	bnez	a3,200007d0 <dcd_rp2040_irq+0x4a6>
2000058c:	843a                	mv	s0,a4
2000058e:	bd29                	j	200003a8 <dcd_rp2040_irq+0x7e>
20000590:	0fa7c703          	lbu	a4,250(a5)
20000594:	de0706e3          	beqz	a4,20000380 <dcd_rp2040_irq+0x56>
20000598:	0fc7c683          	lbu	a3,252(a5)
2000059c:	20069b63          	bnez	a3,200007b2 <dcd_rp2040_irq+0x488>
200005a0:	843a                	mv	s0,a4
200005a2:	bbf9                	j	20000380 <dcd_rp2040_irq+0x56>
200005a4:	2fa7c703          	lbu	a4,762(a5)
200005a8:	e20704e3          	beqz	a4,200003d0 <dcd_rp2040_irq+0xa6>
200005ac:	2fc7c683          	lbu	a3,764(a5)
200005b0:	1e069263          	bnez	a3,20000794 <dcd_rp2040_irq+0x46a>
200005b4:	843a                	mv	s0,a4
200005b6:	bd29                	j	200003d0 <dcd_rp2040_irq+0xa6>
200005b8:	17a7c703          	lbu	a4,378(a5)
200005bc:	dc070ce3          	beqz	a4,20000394 <dcd_rp2040_irq+0x6a>
200005c0:	17c7c683          	lbu	a3,380(a5)
200005c4:	1a069963          	bnez	a3,20000776 <dcd_rp2040_irq+0x44c>
200005c8:	843a                	mv	s0,a4
200005ca:	b3e9                	j	20000394 <dcd_rp2040_irq+0x6a>
200005cc:	27a7c703          	lbu	a4,634(a5)
200005d0:	de0706e3          	beqz	a4,200003bc <dcd_rp2040_irq+0x92>
200005d4:	27c7c683          	lbu	a3,636(a5)
200005d8:	18069063          	bnez	a3,20000758 <dcd_rp2040_irq+0x42e>
200005dc:	843a                	mv	s0,a4
200005de:	bbf9                	j	200003bc <dcd_rp2040_irq+0x92>
200005e0:	13a7c703          	lbu	a4,314(a5)
200005e4:	da0703e3          	beqz	a4,2000038a <dcd_rp2040_irq+0x60>
200005e8:	13c7c683          	lbu	a3,316(a5)
200005ec:	14069763          	bnez	a3,2000073a <dcd_rp2040_irq+0x410>
200005f0:	843a                	mv	s0,a4
200005f2:	bb61                	j	2000038a <dcd_rp2040_irq+0x60>
200005f4:	37a7c703          	lbu	a4,890(a5)
200005f8:	de0706e3          	beqz	a4,200003e4 <dcd_rp2040_irq+0xba>
200005fc:	37c7c683          	lbu	a3,892(a5)
20000600:	24069463          	bnez	a3,20000848 <dcd_rp2040_irq+0x51e>
20000604:	3bb7c603          	lbu	a2,955(a5)
20000608:	4689                	li	a3,2
2000060a:	08d60563          	beq	a2,a3,20000694 <dcd_rp2040_irq+0x36a>
2000060e:	3fb7c703          	lbu	a4,1019(a5)
20000612:	ded71de3          	bne	a4,a3,2000040c <dcd_rp2040_irq+0xe2>
20000616:	3fa7c703          	lbu	a4,1018(a5)
2000061a:	de0709e3          	beqz	a4,2000040c <dcd_rp2040_irq+0xe2>
2000061e:	a079                	j	200006ac <dcd_rp2040_irq+0x382>
20000620:	1ba7c703          	lbu	a4,442(a5)
20000624:	d6070de3          	beqz	a4,2000039e <dcd_rp2040_irq+0x74>
20000628:	1bc7c683          	lbu	a3,444(a5)
2000062c:	0e069863          	bnez	a3,2000071c <dcd_rp2040_irq+0x3f2>
20000630:	843a                	mv	s0,a4
20000632:	b3b5                	j	2000039e <dcd_rp2040_irq+0x74>
20000634:	23a7c703          	lbu	a4,570(a5)
20000638:	d6070de3          	beqz	a4,200003b2 <dcd_rp2040_irq+0x88>
2000063c:	23c7c683          	lbu	a3,572(a5)
20000640:	eedd                	bnez	a3,200006fe <dcd_rp2040_irq+0x3d4>
20000642:	843a                	mv	s0,a4
20000644:	b3bd                	j	200003b2 <dcd_rp2040_irq+0x88>
20000646:	33a7c703          	lbu	a4,826(a5)
2000064a:	d80708e3          	beqz	a4,200003da <dcd_rp2040_irq+0xb0>
2000064e:	33c7c683          	lbu	a3,828(a5)
20000652:	e6d9                	bnez	a3,200006e0 <dcd_rp2040_irq+0x3b6>
20000654:	843a                	mv	s0,a4
20000656:	b351                	j	200003da <dcd_rp2040_irq+0xb0>
20000658:	2ba7c703          	lbu	a4,698(a5)
2000065c:	d60705e3          	beqz	a4,200003c6 <dcd_rp2040_irq+0x9c>
20000660:	2bc7c683          	lbu	a3,700(a5)
20000664:	18069563          	bnez	a3,200007ee <dcd_rp2040_irq+0x4c4>
20000668:	843a                	mv	s0,a4
2000066a:	bbb1                	j	200003c6 <dcd_rp2040_irq+0x9c>
2000066c:	03a7c403          	lbu	s0,58(a5)
20000670:	ce0409e3          	beqz	s0,20000362 <dcd_rp2040_irq+0x38>
20000674:	03c7c703          	lbu	a4,60(a5)
20000678:	ce0705e3          	beqz	a4,20000362 <dcd_rp2040_irq+0x38>
2000067c:	20002537          	lui	a0,0x20002
20000680:	85050513          	addi	a0,a0,-1968 # 20001850 <hw_endpoints+0x20>
20000684:	02078e23          	sb	zero,60(a5)
20000688:	2951                	jal	20000b1c <hw_endpoint_start_next_buffer>
2000068a:	200027b7          	lui	a5,0x20002
2000068e:	83078793          	addi	a5,a5,-2000 # 20001830 <hw_endpoints>
20000692:	b9c1                	j	20000362 <dcd_rp2040_irq+0x38>
20000694:	3ba7c683          	lbu	a3,954(a5)
20000698:	ea95                	bnez	a3,200006cc <dcd_rp2040_irq+0x3a2>
2000069a:	3fb7c683          	lbu	a3,1019(a5)
2000069e:	d6c697e3          	bne	a3,a2,2000040c <dcd_rp2040_irq+0xe2>
200006a2:	843a                	mv	s0,a4
200006a4:	3fa7c703          	lbu	a4,1018(a5)
200006a8:	d40708e3          	beqz	a4,200003f8 <dcd_rp2040_irq+0xce>
200006ac:	3fc7c703          	lbu	a4,1020(a5)
200006b0:	d4070ee3          	beqz	a4,2000040c <dcd_rp2040_irq+0xe2>
200006b4:	20002537          	lui	a0,0x20002
200006b8:	c1050513          	addi	a0,a0,-1008 # 20001c10 <hw_endpoints+0x3e0>
200006bc:	3e078e23          	sb	zero,1020(a5)
200006c0:	29b1                	jal	20000b1c <hw_endpoint_start_next_buffer>
200006c2:	b3a9                	j	2000040c <dcd_rp2040_irq+0xe2>
200006c4:	3ba7c703          	lbu	a4,954(a5)
200006c8:	d20703e3          	beqz	a4,200003ee <dcd_rp2040_irq+0xc4>
200006cc:	3bc7c703          	lbu	a4,956(a5)
200006d0:	18071a63          	bnez	a4,20000864 <dcd_rp2040_irq+0x53a>
200006d4:	3fb7c683          	lbu	a3,1019(a5)
200006d8:	4709                	li	a4,2
200006da:	d2e699e3          	bne	a3,a4,2000040c <dcd_rp2040_irq+0xe2>
200006de:	bf25                	j	20000616 <dcd_rp2040_irq+0x2ec>
200006e0:	20002537          	lui	a0,0x20002
200006e4:	b5050513          	addi	a0,a0,-1200 # 20001b50 <hw_endpoints+0x320>
200006e8:	c43a                	sw	a4,8(sp)
200006ea:	32078e23          	sb	zero,828(a5)
200006ee:	213d                	jal	20000b1c <hw_endpoint_start_next_buffer>
200006f0:	4722                	lw	a4,8(sp)
200006f2:	200027b7          	lui	a5,0x20002
200006f6:	83078793          	addi	a5,a5,-2000 # 20001830 <hw_endpoints>
200006fa:	843a                	mv	s0,a4
200006fc:	b9f9                	j	200003da <dcd_rp2040_irq+0xb0>
200006fe:	20002537          	lui	a0,0x20002
20000702:	a5050513          	addi	a0,a0,-1456 # 20001a50 <hw_endpoints+0x220>
20000706:	c43a                	sw	a4,8(sp)
20000708:	22078e23          	sb	zero,572(a5)
2000070c:	2901                	jal	20000b1c <hw_endpoint_start_next_buffer>
2000070e:	4722                	lw	a4,8(sp)
20000710:	200027b7          	lui	a5,0x20002
20000714:	83078793          	addi	a5,a5,-2000 # 20001830 <hw_endpoints>
20000718:	843a                	mv	s0,a4
2000071a:	b961                	j	200003b2 <dcd_rp2040_irq+0x88>
2000071c:	20002537          	lui	a0,0x20002
20000720:	9d050513          	addi	a0,a0,-1584 # 200019d0 <hw_endpoints+0x1a0>
20000724:	c43a                	sw	a4,8(sp)
20000726:	1a078e23          	sb	zero,444(a5)
2000072a:	2ecd                	jal	20000b1c <hw_endpoint_start_next_buffer>
2000072c:	4722                	lw	a4,8(sp)
2000072e:	200027b7          	lui	a5,0x20002
20000732:	83078793          	addi	a5,a5,-2000 # 20001830 <hw_endpoints>
20000736:	843a                	mv	s0,a4
20000738:	b19d                	j	2000039e <dcd_rp2040_irq+0x74>
2000073a:	20002537          	lui	a0,0x20002
2000073e:	95050513          	addi	a0,a0,-1712 # 20001950 <hw_endpoints+0x120>
20000742:	c43a                	sw	a4,8(sp)
20000744:	12078e23          	sb	zero,316(a5)
20000748:	2ed1                	jal	20000b1c <hw_endpoint_start_next_buffer>
2000074a:	4722                	lw	a4,8(sp)
2000074c:	200027b7          	lui	a5,0x20002
20000750:	83078793          	addi	a5,a5,-2000 # 20001830 <hw_endpoints>
20000754:	843a                	mv	s0,a4
20000756:	b915                	j	2000038a <dcd_rp2040_irq+0x60>
20000758:	20002537          	lui	a0,0x20002
2000075c:	a9050513          	addi	a0,a0,-1392 # 20001a90 <hw_endpoints+0x260>
20000760:	c43a                	sw	a4,8(sp)
20000762:	26078e23          	sb	zero,636(a5)
20000766:	2e5d                	jal	20000b1c <hw_endpoint_start_next_buffer>
20000768:	4722                	lw	a4,8(sp)
2000076a:	200027b7          	lui	a5,0x20002
2000076e:	83078793          	addi	a5,a5,-2000 # 20001830 <hw_endpoints>
20000772:	843a                	mv	s0,a4
20000774:	b1a1                	j	200003bc <dcd_rp2040_irq+0x92>
20000776:	20002537          	lui	a0,0x20002
2000077a:	99050513          	addi	a0,a0,-1648 # 20001990 <hw_endpoints+0x160>
2000077e:	c43a                	sw	a4,8(sp)
20000780:	16078e23          	sb	zero,380(a5)
20000784:	2e61                	jal	20000b1c <hw_endpoint_start_next_buffer>
20000786:	4722                	lw	a4,8(sp)
20000788:	200027b7          	lui	a5,0x20002
2000078c:	83078793          	addi	a5,a5,-2000 # 20001830 <hw_endpoints>
20000790:	843a                	mv	s0,a4
20000792:	b109                	j	20000394 <dcd_rp2040_irq+0x6a>
20000794:	20002537          	lui	a0,0x20002
20000798:	b1050513          	addi	a0,a0,-1264 # 20001b10 <hw_endpoints+0x2e0>
2000079c:	c43a                	sw	a4,8(sp)
2000079e:	2e078e23          	sb	zero,764(a5)
200007a2:	2ead                	jal	20000b1c <hw_endpoint_start_next_buffer>
200007a4:	4722                	lw	a4,8(sp)
200007a6:	200027b7          	lui	a5,0x20002
200007aa:	83078793          	addi	a5,a5,-2000 # 20001830 <hw_endpoints>
200007ae:	843a                	mv	s0,a4
200007b0:	b105                	j	200003d0 <dcd_rp2040_irq+0xa6>
200007b2:	20002537          	lui	a0,0x20002
200007b6:	91050513          	addi	a0,a0,-1776 # 20001910 <hw_endpoints+0xe0>
200007ba:	c43a                	sw	a4,8(sp)
200007bc:	0e078e23          	sb	zero,252(a5)
200007c0:	2eb1                	jal	20000b1c <hw_endpoint_start_next_buffer>
200007c2:	4722                	lw	a4,8(sp)
200007c4:	200027b7          	lui	a5,0x20002
200007c8:	83078793          	addi	a5,a5,-2000 # 20001830 <hw_endpoints>
200007cc:	843a                	mv	s0,a4
200007ce:	be4d                	j	20000380 <dcd_rp2040_irq+0x56>
200007d0:	20002537          	lui	a0,0x20002
200007d4:	a1050513          	addi	a0,a0,-1520 # 20001a10 <hw_endpoints+0x1e0>
200007d8:	c43a                	sw	a4,8(sp)
200007da:	1e078e23          	sb	zero,508(a5)
200007de:	2e3d                	jal	20000b1c <hw_endpoint_start_next_buffer>
200007e0:	4722                	lw	a4,8(sp)
200007e2:	200027b7          	lui	a5,0x20002
200007e6:	83078793          	addi	a5,a5,-2000 # 20001830 <hw_endpoints>
200007ea:	843a                	mv	s0,a4
200007ec:	be75                	j	200003a8 <dcd_rp2040_irq+0x7e>
200007ee:	20002537          	lui	a0,0x20002
200007f2:	ad050513          	addi	a0,a0,-1328 # 20001ad0 <hw_endpoints+0x2a0>
200007f6:	c43a                	sw	a4,8(sp)
200007f8:	2a078e23          	sb	zero,700(a5)
200007fc:	2605                	jal	20000b1c <hw_endpoint_start_next_buffer>
200007fe:	4722                	lw	a4,8(sp)
20000800:	200027b7          	lui	a5,0x20002
20000804:	83078793          	addi	a5,a5,-2000 # 20001830 <hw_endpoints>
20000808:	843a                	mv	s0,a4
2000080a:	be75                	j	200003c6 <dcd_rp2040_irq+0x9c>
2000080c:	20002537          	lui	a0,0x20002
20000810:	8d050513          	addi	a0,a0,-1840 # 200018d0 <hw_endpoints+0xa0>
20000814:	c43a                	sw	a4,8(sp)
20000816:	0a078e23          	sb	zero,188(a5)
2000081a:	2609                	jal	20000b1c <hw_endpoint_start_next_buffer>
2000081c:	4722                	lw	a4,8(sp)
2000081e:	200027b7          	lui	a5,0x20002
20000822:	83078793          	addi	a5,a5,-2000 # 20001830 <hw_endpoints>
20000826:	843a                	mv	s0,a4
20000828:	b6b9                	j	20000376 <dcd_rp2040_irq+0x4c>
2000082a:	20002537          	lui	a0,0x20002
2000082e:	89050513          	addi	a0,a0,-1904 # 20001890 <hw_endpoints+0x60>
20000832:	c43a                	sw	a4,8(sp)
20000834:	06078e23          	sb	zero,124(a5)
20000838:	24d5                	jal	20000b1c <hw_endpoint_start_next_buffer>
2000083a:	4722                	lw	a4,8(sp)
2000083c:	200027b7          	lui	a5,0x20002
20000840:	83078793          	addi	a5,a5,-2000 # 20001830 <hw_endpoints>
20000844:	843a                	mv	s0,a4
20000846:	b61d                	j	2000036c <dcd_rp2040_irq+0x42>
20000848:	20002537          	lui	a0,0x20002
2000084c:	b9050513          	addi	a0,a0,-1136 # 20001b90 <hw_endpoints+0x360>
20000850:	c43a                	sw	a4,8(sp)
20000852:	36078e23          	sb	zero,892(a5)
20000856:	24d9                	jal	20000b1c <hw_endpoint_start_next_buffer>
20000858:	200027b7          	lui	a5,0x20002
2000085c:	4722                	lw	a4,8(sp)
2000085e:	83078793          	addi	a5,a5,-2000 # 20001830 <hw_endpoints>
20000862:	b34d                	j	20000604 <dcd_rp2040_irq+0x2da>
20000864:	20002537          	lui	a0,0x20002
20000868:	bd050513          	addi	a0,a0,-1072 # 20001bd0 <hw_endpoints+0x3a0>
2000086c:	3a078e23          	sb	zero,956(a5)
20000870:	2475                	jal	20000b1c <hw_endpoint_start_next_buffer>
20000872:	200027b7          	lui	a5,0x20002
20000876:	83078793          	addi	a5,a5,-2000 # 20001830 <hw_endpoints>
2000087a:	bda9                	j	200006d4 <dcd_rp2040_irq+0x3aa>
2000087c:	10005537          	lui	a0,0x10005
20000880:	009445b3          	xor	a1,s0,s1
20000884:	04c50513          	addi	a0,a0,76 # 1000504c <__EH_FRAME_BEGIN__+0x118>
20000888:	f0000097          	auipc	ra,0xf0000
2000088c:	aa8080e7          	jalr	-1368(ra) # 10000330 <panic>

20000890 <prepare_ep_buffer>:
20000890:	01455783          	lhu	a5,20(a0)
20000894:	01855603          	lhu	a2,24(a0)
20000898:	8178                	lbu	a4,3(a0)
2000089a:	00154803          	lbu	a6,1(a0)
2000089e:	0af65633          	minu	a2,a2,a5
200008a2:	8f91                	sub	a5,a5,a2
200008a4:	86aa                	mv	a3,a0
200008a6:	9fe9                	zext.h	a5,a5
200008a8:	00174513          	xori	a0,a4,1
200008ac:	00e03733          	snez	a4,a4
200008b0:	8ae8                	sb	a0,3(a3)
200008b2:	0736                	slli	a4,a4,0xd
200008b4:	40066513          	ori	a0,a2,1024
200008b8:	00f69a23          	sh	a5,20(a3) # 50110014 <__StackTop+0x3008e014>
200008bc:	8d59                	or	a0,a0,a4
200008be:	08081b63          	bnez	a6,20000954 <prepare_ep_buffer+0xc4>
200008c2:	0106a803          	lw	a6,16(a3)
200008c6:	c251                	beqz	a2,2000094a <prepare_ep_buffer+0xba>
200008c8:	00c6a883          	lw	a7,12(a3)
200008cc:	00659793          	slli	a5,a1,0x6
200008d0:	fff60e93          	addi	t4,a2,-1 # 2fff <HeapSize+0x27ff>
200008d4:	4719                	li	a4,6
200008d6:	98be                	add	a7,a7,a5
200008d8:	09d77463          	bgeu	a4,t4,20000960 <prepare_ep_buffer+0xd0>
200008dc:	0108e333          	or	t1,a7,a6
200008e0:	00337313          	andi	t1,t1,3
200008e4:	87c2                	mv	a5,a6
200008e6:	8746                	mv	a4,a7
200008e8:	06031c63          	bnez	t1,20000960 <prepare_ep_buffer+0xd0>
200008ec:	41088333          	sub	t1,a7,a6
200008f0:	137d                	addi	t1,t1,-1
200008f2:	00333313          	sltiu	t1,t1,3
200008f6:	06031563          	bnez	t1,20000960 <prepare_ep_buffer+0xd0>
200008fa:	00265313          	srli	t1,a2,0x2
200008fe:	00231e13          	slli	t3,t1,0x2
20000902:	21034333          	sh2add	t1,t1,a6
20000906:	0007a803          	lw	a6,0(a5)
2000090a:	0791                	addi	a5,a5,4
2000090c:	0711                	addi	a4,a4,4 # 80004 <HeapSize+0x7f804>
2000090e:	ff072e23          	sw	a6,-4(a4)
20000912:	fef31ae3          	bne	t1,a5,20000906 <prepare_ep_buffer+0x76>
20000916:	03c60663          	beq	a2,t3,20000942 <prepare_ep_buffer+0xb2>
2000091a:	00034783          	lbu	a5,0(t1)
2000091e:	98f2                	add	a7,a7,t3
20000920:	41ce8733          	sub	a4,t4,t3
20000924:	00f88023          	sb	a5,0(a7)
20000928:	01ce8d63          	beq	t4,t3,20000942 <prepare_ep_buffer+0xb2>
2000092c:	00134803          	lbu	a6,1(t1)
20000930:	4785                	li	a5,1
20000932:	010880a3          	sb	a6,1(a7)
20000936:	00f70663          	beq	a4,a5,20000942 <prepare_ep_buffer+0xb2>
2000093a:	00234783          	lbu	a5,2(t1)
2000093e:	00f88123          	sb	a5,2(a7)
20000942:	0106a803          	lw	a6,16(a3)
20000946:	0146d783          	lhu	a5,20(a3)
2000094a:	9832                	add	a6,a6,a2
2000094c:	0106a823          	sw	a6,16(a3)
20000950:	28f51513          	bseti	a0,a0,0xf
20000954:	e399                	bnez	a5,2000095a <prepare_ep_buffer+0xca>
20000956:	28e51513          	bseti	a0,a0,0xe
2000095a:	c191                	beqz	a1,2000095e <prepare_ep_buffer+0xce>
2000095c:	0542                	slli	a0,a0,0x10
2000095e:	8082                	ret
20000960:	00c80733          	add	a4,a6,a2
20000964:	00084783          	lbu	a5,0(a6)
20000968:	0805                	addi	a6,a6,1
2000096a:	0885                	addi	a7,a7,1
2000096c:	fef88fa3          	sb	a5,-1(a7)
20000970:	fee81ae3          	bne	a6,a4,20000964 <prepare_ep_buffer+0xd4>
20000974:	b7f9                	j	20000942 <prepare_ep_buffer+0xb2>

20000976 <sync_ep_buffer>:
20000976:	451c                	lw	a5,8(a0)
20000978:	882a                	mv	a6,a0
2000097a:	439c                	lw	a5,0(a5)
2000097c:	c191                	beqz	a1,20000980 <sync_ep_buffer+0xa>
2000097e:	83c1                	srli	a5,a5,0x10
20000980:	00184703          	lbu	a4,1(a6)
20000984:	3ff7f513          	andi	a0,a5,1023
20000988:	ef09                	bnez	a4,200009a2 <sync_ep_buffer+0x2c>
2000098a:	01685783          	lhu	a5,22(a6)
2000098e:	97aa                	add	a5,a5,a0
20000990:	00f81b23          	sh	a5,22(a6)
20000994:	01885783          	lhu	a5,24(a6)
20000998:	00f57463          	bgeu	a0,a5,200009a0 <sync_ep_buffer+0x2a>
2000099c:	00081a23          	sh	zero,20(a6)
200009a0:	8082                	ret
200009a2:	01082683          	lw	a3,16(a6)
200009a6:	c52d                	beqz	a0,20000a10 <sync_ep_buffer+0x9a>
200009a8:	00c82703          	lw	a4,12(a6)
200009ac:	059a                	slli	a1,a1,0x6
200009ae:	fff50313          	addi	t1,a0,-1
200009b2:	4619                	li	a2,6
200009b4:	00b707b3          	add	a5,a4,a1
200009b8:	06667563          	bgeu	a2,t1,20000a22 <sync_ep_buffer+0xac>
200009bc:	0585                	addi	a1,a1,1
200009be:	00b70633          	add	a2,a4,a1
200009c2:	40c68633          	sub	a2,a3,a2
200009c6:	00363613          	sltiu	a2,a2,3
200009ca:	8736                	mv	a4,a3
200009cc:	ea39                	bnez	a2,20000a22 <sync_ep_buffer+0xac>
200009ce:	00f6e633          	or	a2,a3,a5
200009d2:	8a0d                	andi	a2,a2,3
200009d4:	e639                	bnez	a2,20000a22 <sync_ep_buffer+0xac>
200009d6:	3fc57893          	andi	a7,a0,1020
200009da:	011785b3          	add	a1,a5,a7
200009de:	4390                	lw	a2,0(a5)
200009e0:	0791                	addi	a5,a5,4
200009e2:	0711                	addi	a4,a4,4
200009e4:	fec72e23          	sw	a2,-4(a4)
200009e8:	fef59be3          	bne	a1,a5,200009de <sync_ep_buffer+0x68>
200009ec:	03150063          	beq	a0,a7,20000a0c <sync_ep_buffer+0x96>
200009f0:	819c                	lbu	a5,0(a1)
200009f2:	96c6                	add	a3,a3,a7
200009f4:	41130733          	sub	a4,t1,a7
200009f8:	8a9c                	sb	a5,0(a3)
200009fa:	01130963          	beq	t1,a7,20000a0c <sync_ep_buffer+0x96>
200009fe:	81d0                	lbu	a2,1(a1)
20000a00:	4785                	li	a5,1
20000a02:	8ad0                	sb	a2,1(a3)
20000a04:	00f70463          	beq	a4,a5,20000a0c <sync_ep_buffer+0x96>
20000a08:	81bc                	lbu	a5,2(a1)
20000a0a:	8abc                	sb	a5,2(a3)
20000a0c:	01082683          	lw	a3,16(a6)
20000a10:	01685783          	lhu	a5,22(a6)
20000a14:	96aa                	add	a3,a3,a0
20000a16:	00d82823          	sw	a3,16(a6)
20000a1a:	97aa                	add	a5,a5,a0
20000a1c:	00f81b23          	sh	a5,22(a6)
20000a20:	bf95                	j	20000994 <sync_ep_buffer+0x1e>
20000a22:	00a78633          	add	a2,a5,a0
20000a26:	8398                	lbu	a4,0(a5)
20000a28:	0785                	addi	a5,a5,1
20000a2a:	0685                	addi	a3,a3,1
20000a2c:	fee68fa3          	sb	a4,-1(a3)
20000a30:	fec79be3          	bne	a5,a2,20000a26 <sync_ep_buffer+0xb0>
20000a34:	01082683          	lw	a3,16(a6)
20000a38:	bfe1                	j	20000a10 <sync_ep_buffer+0x9a>

20000a3a <_hw_endpoint_xfer_sync>:
20000a3a:	451c                	lw	a5,8(a0)
20000a3c:	1141                	addi	sp,sp,-16
20000a3e:	4581                	li	a1,0
20000a40:	439c                	lw	a5,0(a5)
20000a42:	c422                	sw	s0,8(sp)
20000a44:	c606                	sw	ra,12(sp)
20000a46:	842a                	mv	s0,a0
20000a48:	373d                	jal	20000976 <sync_ep_buffer>
20000a4a:	405c                	lw	a5,4(s0)
20000a4c:	439c                	lw	a5,0(a5)
20000a4e:	00179713          	slli	a4,a5,0x1
20000a52:	00075663          	bgez	a4,20000a5e <_hw_endpoint_xfer_sync+0x24>
20000a56:	01845783          	lhu	a5,24(s0) # 20018 <HeapSize+0x1f818>
20000a5a:	00a78663          	beq	a5,a0,20000a66 <_hw_endpoint_xfer_sync+0x2c>
20000a5e:	40b2                	lw	ra,12(sp)
20000a60:	4422                	lw	s0,8(sp)
20000a62:	0141                	addi	sp,sp,16
20000a64:	8082                	ret
20000a66:	8522                	mv	a0,s0
20000a68:	4422                	lw	s0,8(sp)
20000a6a:	40b2                	lw	ra,12(sp)
20000a6c:	4585                	li	a1,1
20000a6e:	0141                	addi	sp,sp,16
20000a70:	b719                	j	20000976 <sync_ep_buffer>

20000a72 <e15_is_bulkin_ep>:
20000a72:	501107b7          	lui	a5,0x50110
20000a76:	43bc                	lw	a5,64(a5)
20000a78:	8b89                	andi	a5,a5,2
20000a7a:	e791                	bnez	a5,20000a86 <e15_is_bulkin_ep+0x14>
20000a7c:	8138                	lbu	a4,2(a0)
20000a7e:	831d                	srli	a4,a4,0x7
20000a80:	e711                	bnez	a4,20000a8c <e15_is_bulkin_ep+0x1a>
20000a82:	853e                	mv	a0,a5
20000a84:	8082                	ret
20000a86:	4781                	li	a5,0
20000a88:	853e                	mv	a0,a5
20000a8a:	8082                	ret
20000a8c:	01b54783          	lbu	a5,27(a0)
20000a90:	17f9                	addi	a5,a5,-2 # 5010fffe <__StackTop+0x3008dffe>
20000a92:	0017b793          	seqz	a5,a5
20000a96:	853e                	mv	a0,a5
20000a98:	8082                	ret

20000a9a <e15_is_critical_frame_period>:
20000a9a:	1141                	addi	sp,sp,-16
20000a9c:	c606                	sw	ra,12(sp)
20000a9e:	3fd1                	jal	20000a72 <e15_is_bulkin_ep>
20000aa0:	c919                	beqz	a0,20000ab6 <e15_is_critical_frame_period+0x1c>
20000aa2:	400b07b7          	lui	a5,0x400b0
20000aa6:	5788                	lw	a0,40(a5)
20000aa8:	86b1a783          	lw	a5,-1941(gp) # 20001ccc <e15_last_sof>
20000aac:	ce050513          	addi	a0,a0,-800
20000ab0:	8d1d                	sub	a0,a0,a5
20000ab2:	0c753513          	sltiu	a0,a0,199
20000ab6:	40b2                	lw	ra,12(sp)
20000ab8:	0141                	addi	sp,sp,16
20000aba:	8082                	ret

20000abc <hw_endpoint_reset_transfer>:
20000abc:	00050d23          	sb	zero,26(a0)
20000ac0:	00052a23          	sw	zero,20(a0)
20000ac4:	00052823          	sw	zero,16(a0)
20000ac8:	8082                	ret
	...

20000acc <_hw_endpoint_buffer_control_update32>:
20000acc:	451c                	lw	a5,8(a0)
20000ace:	c199                	beqz	a1,20000ad4 <_hw_endpoint_buffer_control_update32+0x8>
20000ad0:	4398                	lw	a4,0(a5)
20000ad2:	8df9                	and	a1,a1,a4
20000ad4:	c61d                	beqz	a2,20000b02 <_hw_endpoint_buffer_control_update32+0x36>
20000ad6:	40067713          	andi	a4,a2,1024
20000ada:	8dd1                	or	a1,a1,a2
20000adc:	c31d                	beqz	a4,20000b02 <_hw_endpoint_buffer_control_update32+0x36>
20000ade:	4398                	lw	a4,0(a5)
20000ae0:	40077713          	andi	a4,a4,1024
20000ae4:	e30d                	bnez	a4,20000b06 <_hw_endpoint_buffer_control_update32+0x3a>
20000ae6:	bff5f713          	andi	a4,a1,-1025
20000aea:	c398                	sw	a4,0(a5)
20000aec:	50110737          	lui	a4,0x50110
20000af0:	4338                	lw	a4,64(a4)
20000af2:	8b09                	andi	a4,a4,2
20000af4:	e719                	bnez	a4,20000b02 <_hw_endpoint_buffer_control_update32+0x36>
20000af6:	47b1                	li	a5,12
20000af8:	ffe78793          	addi	a5,a5,-2 # 400afffe <__StackTop+0x2002dffe>
20000afc:	fe07dee3          	bgez	a5,20000af8 <_hw_endpoint_buffer_control_update32+0x2c>
20000b00:	451c                	lw	a5,8(a0)
20000b02:	c38c                	sw	a1,0(a5)
20000b04:	8082                	ret
20000b06:	1141                	addi	sp,sp,-16
20000b08:	c606                	sw	ra,12(sp)
20000b0a:	812c                	lbu	a1,2(a0)
20000b0c:	10005537          	lui	a0,0x10005
20000b10:	06050513          	addi	a0,a0,96 # 10005060 <__EH_FRAME_BEGIN__+0x12c>
20000b14:	f0000097          	auipc	ra,0xf0000
20000b18:	81c080e7          	jalr	-2020(ra) # 10000330 <panic>

20000b1c <hw_endpoint_start_next_buffer>:
20000b1c:	415c                	lw	a5,4(a0)
20000b1e:	1101                	addi	sp,sp,-32
20000b20:	4581                	li	a1,0
20000b22:	cc22                	sw	s0,24(sp)
20000b24:	ca26                	sw	s1,20(sp)
20000b26:	4380                	lw	s0,0(a5)
20000b28:	84aa                	mv	s1,a0
20000b2a:	ce06                	sw	ra,28(sp)
20000b2c:	3395                	jal	20000890 <prepare_ep_buffer>
20000b2e:	501107b7          	lui	a5,0x50110
20000b32:	43b8                	lw	a4,64(a5)
20000b34:	28c51613          	bseti	a2,a0,0xc
20000b38:	80bc                	lbu	a5,2(s1)
20000b3a:	8b09                	andi	a4,a4,2
20000b3c:	c31d                	beqz	a4,20000b62 <hw_endpoint_start_next_buffer+0x46>
20000b3e:	07f7f793          	andi	a5,a5,127
20000b42:	c395                	beqz	a5,20000b66 <hw_endpoint_start_next_buffer+0x4a>
20000b44:	49c41413          	bclri	s0,s0,0x1c
20000b48:	49e41413          	bclri	s0,s0,0x1e
20000b4c:	29d41413          	bseti	s0,s0,0x1d
20000b50:	40dc                	lw	a5,4(s1)
20000b52:	40f2                	lw	ra,28(sp)
20000b54:	8526                	mv	a0,s1
20000b56:	c380                	sw	s0,0(a5)
20000b58:	4462                	lw	s0,24(sp)
20000b5a:	44d2                	lw	s1,20(sp)
20000b5c:	4581                	li	a1,0
20000b5e:	6105                	addi	sp,sp,32
20000b60:	b7b5                	j	20000acc <_hw_endpoint_buffer_control_update32>
20000b62:	839d                	srli	a5,a5,0x7
20000b64:	d3e5                	beqz	a5,20000b44 <hw_endpoint_start_next_buffer+0x28>
20000b66:	0144d783          	lhu	a5,20(s1)
20000b6a:	dfe9                	beqz	a5,20000b44 <hw_endpoint_start_next_buffer+0x28>
20000b6c:	4585                	li	a1,1
20000b6e:	8526                	mv	a0,s1
20000b70:	c632                	sw	a2,12(sp)
20000b72:	3b39                	jal	20000890 <prepare_ep_buffer>
20000b74:	4632                	lw	a2,12(sp)
20000b76:	49d41413          	bclri	s0,s0,0x1d
20000b7a:	29c41413          	bseti	s0,s0,0x1c
20000b7e:	29e41413          	bseti	s0,s0,0x1e
20000b82:	8e49                	or	a2,a2,a0
20000b84:	b7f1                	j	20000b50 <hw_endpoint_start_next_buffer+0x34>

20000b86 <hw_endpoint_xfer_continue>:
20000b86:	1141                	addi	sp,sp,-16
20000b88:	c226                	sw	s1,4(sp)
20000b8a:	01a54483          	lbu	s1,26(a0)
20000b8e:	c422                	sw	s0,8(sp)
20000b90:	c606                	sw	ra,12(sp)
20000b92:	842a                	mv	s0,a0
20000b94:	cc85                	beqz	s1,20000bcc <hw_endpoint_xfer_continue+0x46>
20000b96:	3555                	jal	20000a3a <_hw_endpoint_xfer_sync>
20000b98:	01445783          	lhu	a5,20(s0)
20000b9c:	e799                	bnez	a5,20000baa <hw_endpoint_xfer_continue+0x24>
20000b9e:	40b2                	lw	ra,12(sp)
20000ba0:	4422                	lw	s0,8(sp)
20000ba2:	8526                	mv	a0,s1
20000ba4:	4492                	lw	s1,4(sp)
20000ba6:	0141                	addi	sp,sp,16
20000ba8:	8082                	ret
20000baa:	8522                	mv	a0,s0
20000bac:	35fd                	jal	20000a9a <e15_is_critical_frame_period>
20000bae:	c919                	beqz	a0,20000bc4 <hw_endpoint_xfer_continue+0x3e>
20000bb0:	4785                	li	a5,1
20000bb2:	00f40e23          	sb	a5,28(s0)
20000bb6:	4481                	li	s1,0
20000bb8:	40b2                	lw	ra,12(sp)
20000bba:	4422                	lw	s0,8(sp)
20000bbc:	8526                	mv	a0,s1
20000bbe:	4492                	lw	s1,4(sp)
20000bc0:	0141                	addi	sp,sp,16
20000bc2:	8082                	ret
20000bc4:	8522                	mv	a0,s0
20000bc6:	3f99                	jal	20000b1c <hw_endpoint_start_next_buffer>
20000bc8:	4481                	li	s1,0
20000bca:	b7fd                	j	20000bb8 <hw_endpoint_xfer_continue+0x32>
20000bcc:	812c                	lbu	a1,2(a0)
20000bce:	10005537          	lui	a0,0x10005
20000bd2:	08050513          	addi	a0,a0,128 # 10005080 <__EH_FRAME_BEGIN__+0x14c>
20000bd6:	effff097          	auipc	ra,0xeffff
20000bda:	75a080e7          	jalr	1882(ra) # 10000330 <panic>

20000bde <dcd_event_handler>:
20000bde:	7179                	addi	sp,sp,-48
20000be0:	d422                	sw	s0,40(sp)
20000be2:	d226                	sw	s1,36(sp)
20000be4:	d606                	sw	ra,44(sp)
20000be6:	815c                	lbu	a5,1(a0)
20000be8:	4719                	li	a4,6
20000bea:	842a                	mv	s0,a0
20000bec:	84ae                	mv	s1,a1
20000bee:	00f76f63          	bltu	a4,a5,20000c0c <dcd_event_handler+0x2e>
20000bf2:	10005737          	lui	a4,0x10005
20000bf6:	30c70713          	addi	a4,a4,780 # 1000530c <usbd_desc_device+0xa0>
20000bfa:	20e7c7b3          	sh2add	a5,a5,a4
20000bfe:	439c                	lw	a5,0(a5)
20000c00:	8782                	jr	a5
20000c02:	8871c783          	lbu	a5,-1913(gp) # 20001ce8 <_usbd_queued_setup>
20000c06:	0785                	addi	a5,a5,1 # 50110001 <__StackTop+0x3008e001>
20000c08:	88f183a3          	sb	a5,-1913(gp) # 20001ce8 <_usbd_queued_setup>
20000c0c:	87b1a703          	lw	a4,-1925(gp) # 20001cdc <_usbd_q>
20000c10:	4b5c                	lw	a5,20(a4)
20000c12:	300476f3          	csrrci	a3,mstatus,8
20000c16:	00379613          	slli	a2,a5,0x3
20000c1a:	28c01633          	bset	a2,zero,a2
20000c1e:	9bf1                	andi	a5,a5,-4
20000c20:	44c7a5af          	amoor.w.aq	a1,a2,(a5)
20000c24:	8df1                	and	a1,a1,a2
20000c26:	fded                	bnez	a1,20000c20 <dcd_event_handler+0x42>
20000c28:	0330000f          	fence	rw,rw
20000c2c:	cf14                	sw	a3,24(a4)
20000c2e:	85a2                	mv	a1,s0
20000c30:	853a                	mv	a0,a4
20000c32:	c63a                	sw	a4,12(sp)
20000c34:	f0004097          	auipc	ra,0xf0004
20000c38:	da2080e7          	jalr	-606(ra) # 100049d6 <tu_fifo_write>
20000c3c:	4732                	lw	a4,12(sp)
20000c3e:	4b54                	lw	a3,20(a4)
20000c40:	4f1c                	lw	a5,24(a4)
20000c42:	0330000f          	fence	rw,rw
20000c46:	00068023          	sb	zero,0(a3)
20000c4a:	8ba1                	andi	a5,a5,8
20000c4c:	3007a073          	csrs	mstatus,a5
20000c50:	e519                	bnez	a0,20000c5e <dcd_event_handler+0x80>
20000c52:	9002                	ebreak
20000c54:	50b2                	lw	ra,44(sp)
20000c56:	5422                	lw	s0,40(sp)
20000c58:	5492                	lw	s1,36(sp)
20000c5a:	6145                	addi	sp,sp,48
20000c5c:	8082                	ret
20000c5e:	804c                	lbu	a1,1(s0)
20000c60:	8008                	lbu	a0,0(s0)
20000c62:	5422                	lw	s0,40(sp)
20000c64:	50b2                	lw	ra,44(sp)
20000c66:	8626                	mv	a2,s1
20000c68:	5492                	lw	s1,36(sp)
20000c6a:	6145                	addi	sp,sp,48
20000c6c:	f0002317          	auipc	t1,0xf0002
20000c70:	f0a30067          	jr	-246(t1) # 10002b76 <tud_event_hook_cb>
20000c74:	200017b7          	lui	a5,0x20001
20000c78:	40078793          	addi	a5,a5,1024 # 20001400 <_usbd_dev>
20000c7c:	8398                	lbu	a4,0(a5)
20000c7e:	9b79                	andi	a4,a4,-2
20000c80:	8b98                	sb	a4,0(a5)
20000c82:	8398                	lbu	a4,0(a5)
20000c84:	9b75                	andi	a4,a4,-3
20000c86:	8b98                	sb	a4,0(a5)
20000c88:	000780a3          	sb	zero,1(a5)
20000c8c:	8398                	lbu	a4,0(a5)
20000c8e:	9b6d                	andi	a4,a4,-5
20000c90:	8b98                	sb	a4,0(a5)
20000c92:	bfad                	j	20000c0c <dcd_event_handler+0x2e>
20000c94:	100057b7          	lui	a5,0x10005
20000c98:	87f1c603          	lbu	a2,-1921(gp) # 20001ce0 <_app_driver_count>
20000c9c:	d04a                	sw	s2,32(sp)
20000c9e:	4701                	li	a4,0
20000ca0:	32878913          	addi	s2,a5,808 # 10005328 <_usbd_driver>
20000ca4:	4781                	li	a5,0
20000ca6:	08c7f063          	bgeu	a5,a2,20000d26 <dcd_event_handler+0x148>
20000caa:	8831a703          	lw	a4,-1917(gp) # 20001ce4 <_app_driver>
20000cae:	00579693          	slli	a3,a5,0x5
20000cb2:	9736                	add	a4,a4,a3
20000cb4:	cb11                	beqz	a4,20000cc8 <dcd_event_handler+0xea>
20000cb6:	4f58                	lw	a4,28(a4)
20000cb8:	cb01                	beqz	a4,20000cc8 <dcd_event_handler+0xea>
20000cba:	404c                	lw	a1,4(s0)
20000cbc:	8008                	lbu	a0,0(s0)
20000cbe:	c63e                	sw	a5,12(sp)
20000cc0:	9702                	jalr	a4
20000cc2:	87f1c603          	lbu	a2,-1921(gp) # 20001ce0 <_app_driver_count>
20000cc6:	47b2                	lw	a5,12(sp)
20000cc8:	0785                	addi	a5,a5,1
20000cca:	9fe1                	zext.b	a5,a5
20000ccc:	00160693          	addi	a3,a2,1
20000cd0:	873e                	mv	a4,a5
20000cd2:	fcf6dae3          	bge	a3,a5,20000ca6 <dcd_event_handler+0xc8>
20000cd6:	200017b7          	lui	a5,0x20001
20000cda:	40078793          	addi	a5,a5,1024 # 20001400 <_usbd_dev>
20000cde:	4398                	lw	a4,0(a5)
20000ce0:	48275713          	bexti	a4,a4,0x2
20000ce4:	e34d                	bnez	a4,20000d86 <dcd_event_handler+0x1a8>
20000ce6:	83fc                	lbu	a5,3(a5)
20000ce8:	8b85                	andi	a5,a5,1
20000cea:	e3b1                	bnez	a5,20000d2e <dcd_event_handler+0x150>
20000cec:	50b2                	lw	ra,44(sp)
20000cee:	5422                	lw	s0,40(sp)
20000cf0:	5902                	lw	s2,32(sp)
20000cf2:	5492                	lw	s1,36(sp)
20000cf4:	6145                	addi	sp,sp,48
20000cf6:	8082                	ret
20000cf8:	200017b7          	lui	a5,0x20001
20000cfc:	40078793          	addi	a5,a5,1024 # 20001400 <_usbd_dev>
20000d00:	4398                	lw	a4,0(a5)
20000d02:	8b05                	andi	a4,a4,1
20000d04:	db21                	beqz	a4,20000c54 <dcd_event_handler+0x76>
20000d06:	8398                	lbu	a4,0(a5)
20000d08:	00476713          	ori	a4,a4,4
20000d0c:	8b98                	sb	a4,0(a5)
20000d0e:	bdfd                	j	20000c0c <dcd_event_handler+0x2e>
20000d10:	200017b7          	lui	a5,0x20001
20000d14:	40078793          	addi	a5,a5,1024 # 20001400 <_usbd_dev>
20000d18:	4398                	lw	a4,0(a5)
20000d1a:	8b05                	andi	a4,a4,1
20000d1c:	df05                	beqz	a4,20000c54 <dcd_event_handler+0x76>
20000d1e:	8398                	lbu	a4,0(a5)
20000d20:	9b6d                	andi	a4,a4,-5
20000d22:	8b98                	sb	a4,0(a5)
20000d24:	b5e5                	j	20000c0c <dcd_event_handler+0x2e>
20000d26:	8f11                	sub	a4,a4,a2
20000d28:	0716                	slli	a4,a4,0x5
20000d2a:	974a                	add	a4,a4,s2
20000d2c:	b769                	j	20000cb6 <dcd_event_handler+0xd8>
20000d2e:	8014                	lbu	a3,0(s0)
20000d30:	405c                	lw	a5,4(s0)
20000d32:	87b1a403          	lw	s0,-1925(gp) # 20001cdc <_usbd_q>
20000d36:	470d                	li	a4,3
20000d38:	00d10a23          	sb	a3,20(sp)
20000d3c:	00e10aa3          	sb	a4,21(sp)
20000d40:	cc3e                	sw	a5,24(sp)
20000d42:	485c                	lw	a5,20(s0)
20000d44:	30047773          	csrrci	a4,mstatus,8
20000d48:	00379693          	slli	a3,a5,0x3
20000d4c:	28d016b3          	bset	a3,zero,a3
20000d50:	9bf1                	andi	a5,a5,-4
20000d52:	44d7a62f          	amoor.w.aq	a2,a3,(a5)
20000d56:	8e75                	and	a2,a2,a3
20000d58:	fe6d                	bnez	a2,20000d52 <dcd_event_handler+0x174>
20000d5a:	0330000f          	fence	rw,rw
20000d5e:	cc18                	sw	a4,24(s0)
20000d60:	084c                	addi	a1,sp,20
20000d62:	8522                	mv	a0,s0
20000d64:	f0004097          	auipc	ra,0xf0004
20000d68:	c72080e7          	jalr	-910(ra) # 100049d6 <tu_fifo_write>
20000d6c:	4858                	lw	a4,20(s0)
20000d6e:	4c1c                	lw	a5,24(s0)
20000d70:	0330000f          	fence	rw,rw
20000d74:	00070023          	sb	zero,0(a4)
20000d78:	8ba1                	andi	a5,a5,8
20000d7a:	3007a073          	csrs	mstatus,a5
20000d7e:	e92d                	bnez	a0,20000df0 <dcd_event_handler+0x212>
20000d80:	9002                	ebreak
20000d82:	5902                	lw	s2,32(sp)
20000d84:	bdc1                	j	20000c54 <dcd_event_handler+0x76>
20000d86:	8398                	lbu	a4,0(a5)
20000d88:	87b1a683          	lw	a3,-1925(gp) # 20001cdc <_usbd_q>
20000d8c:	9b6d                	andi	a4,a4,-5
20000d8e:	8b98                	sb	a4,0(a5)
20000d90:	8010                	lbu	a2,0(s0)
20000d92:	4715                	li	a4,5
20000d94:	ca02                	sw	zero,20(sp)
20000d96:	00c10a23          	sb	a2,20(sp)
20000d9a:	00e10aa3          	sb	a4,21(sp)
20000d9e:	4ad8                	lw	a4,20(a3)
20000da0:	cc02                	sw	zero,24(sp)
20000da2:	ce02                	sw	zero,28(sp)
20000da4:	30047673          	csrrci	a2,mstatus,8
20000da8:	00371593          	slli	a1,a4,0x3
20000dac:	28b015b3          	bset	a1,zero,a1
20000db0:	9b71                	andi	a4,a4,-4
20000db2:	44b7252f          	amoor.w.aq	a0,a1,(a4)
20000db6:	8d6d                	and	a0,a0,a1
20000db8:	fd6d                	bnez	a0,20000db2 <dcd_event_handler+0x1d4>
20000dba:	0330000f          	fence	rw,rw
20000dbe:	ce90                	sw	a2,24(a3)
20000dc0:	084c                	addi	a1,sp,20
20000dc2:	8536                	mv	a0,a3
20000dc4:	c636                	sw	a3,12(sp)
20000dc6:	f0004097          	auipc	ra,0xf0004
20000dca:	c10080e7          	jalr	-1008(ra) # 100049d6 <tu_fifo_write>
20000dce:	46b2                	lw	a3,12(sp)
20000dd0:	4ad0                	lw	a2,20(a3)
20000dd2:	4e98                	lw	a4,24(a3)
20000dd4:	0330000f          	fence	rw,rw
20000dd8:	00060023          	sb	zero,0(a2)
20000ddc:	8b21                	andi	a4,a4,8
20000dde:	30072073          	csrs	mstatus,a4
20000de2:	200017b7          	lui	a5,0x20001
20000de6:	40078793          	addi	a5,a5,1024 # 20001400 <_usbd_dev>
20000dea:	ed11                	bnez	a0,20000e06 <dcd_event_handler+0x228>
20000dec:	9002                	ebreak
20000dee:	bde5                	j	20000ce6 <dcd_event_handler+0x108>
20000df0:	01514583          	lbu	a1,21(sp)
20000df4:	01414503          	lbu	a0,20(sp)
20000df8:	8626                	mv	a2,s1
20000dfa:	f0002097          	auipc	ra,0xf0002
20000dfe:	d7c080e7          	jalr	-644(ra) # 10002b76 <tud_event_hook_cb>
20000e02:	5902                	lw	s2,32(sp)
20000e04:	bd81                	j	20000c54 <dcd_event_handler+0x76>
20000e06:	01514583          	lbu	a1,21(sp)
20000e0a:	01414503          	lbu	a0,20(sp)
20000e0e:	8626                	mv	a2,s1
20000e10:	f0002097          	auipc	ra,0xf0002
20000e14:	d66080e7          	jalr	-666(ra) # 10002b76 <tud_event_hook_cb>
20000e18:	200017b7          	lui	a5,0x20001
20000e1c:	40078793          	addi	a5,a5,1024 # 20001400 <_usbd_dev>
20000e20:	b5d9                	j	20000ce6 <dcd_event_handler+0x108>
	...

20000e24 <init_cmd_buf>:
20000e24:	ff7e 0006 0000 0000 ef00 0000               ~...........

20000e30 <irq_handler_chain_slots>:
	...
20000e38:	0000                	unimp
20000e3a:	0001                	nop
	...
20000e44:	0000                	unimp
20000e46:	0002                	c.slli64	zero
	...
20000e50:	0000                	unimp
20000e52:	00000003          	lb	zero,0(zero) # 0 <next_slot_number-0x5>
	...
20000e5e:	00ff                	.short	0x00ff

20000e60 <irq_handler_chain_first_slot>:
20000e60:	b842                	cm.push	{ra},-16
20000e62:	00428093          	addi	ra,t0,4 # 10004d9a <memset+0x92>
20000e66:	0002a283          	lw	t0,0(t0)
20000e6a:	8282                	jr	t0

20000e6c <irq_handler_chain_remove_tail>:
20000e6c:	ff608513          	addi	a0,ra,-10
20000e70:	f0000097          	auipc	ra,0xf0000
20000e74:	b7a080e7          	jalr	-1158(ra) # 100009ea <irq_add_tail_to_free_list>
20000e78:	be42                	cm.popret	{ra},16
	...

20000e7c <default_alarm_pool>:
	...
20000e90:	10a8 2000 0000 0000 0000 0000 0000 0000     ... ............
	...

20000ec0 <__VECTOR_TABLE>:
20000ec0:	1a00006f          	j	20001060 <__default_isrs_start>
	...
20000ecc:	1960006f          	j	20001062 <isr_riscv_machine_soft_irq>
	...
20000edc:	1840006f          	j	20001060 <__default_isrs_start>
	...

20000eec <isr_riscv_machine_external_irq>:
20000eec:	715d                	addi	sp,sp,-80
20000eee:	c006                	sw	ra,0(sp)
20000ef0:	c216                	sw	t0,4(sp)
20000ef2:	c41a                	sw	t1,8(sp)
20000ef4:	c61e                	sw	t2,12(sp)
20000ef6:	c82a                	sw	a0,16(sp)
20000ef8:	ca2e                	sw	a1,20(sp)
20000efa:	cc32                	sw	a2,24(sp)
20000efc:	ce36                	sw	a3,28(sp)
20000efe:	d03a                	sw	a4,32(sp)
20000f00:	d23e                	sw	a5,36(sp)
20000f02:	d442                	sw	a6,40(sp)
20000f04:	d646                	sw	a7,44(sp)
20000f06:	d872                	sw	t3,48(sp)
20000f08:	da76                	sw	t4,52(sp)
20000f0a:	dc7a                	sw	t5,56(sp)
20000f0c:	de7e                	sw	t6,60(sp)
20000f0e:	34102573          	csrr	a0,mepc
20000f12:	300025f3          	csrr	a1,mstatus
20000f16:	c0aa                	sw	a0,64(sp)
20000f18:	c2ae                	sw	a1,68(sp)

20000f1a <save_meicontext>:
20000f1a:	be516673          	csrrsi	a2,0xbe5,2
20000f1e:	c4b2                	sw	a2,72(sp)

20000f20 <get_first_irq>:
20000f20:	be40e573          	csrrsi	a0,0xbe4,1
20000f24:	02054163          	bltz	a0,20000f46 <no_more_irqs>

20000f28 <dispatch_irq>:
20000f28:	30046073          	csrsi	mstatus,8
20000f2c:	200015b7          	lui	a1,0x20001
20000f30:	95aa                	add	a1,a1,a0
20000f32:	f905a583          	lw	a1,-112(a1) # 20000f90 <__soft_vector_table>
20000f36:	000580e7          	jalr	a1
20000f3a:	30047073          	csrci	mstatus,8

20000f3e <get_next_irq>:
20000f3e:	be40e573          	csrrsi	a0,0xbe4,1
20000f42:	fe0553e3          	bgez	a0,20000f28 <dispatch_irq>

20000f46 <no_more_irqs>:
20000f46:	4506                	lw	a0,64(sp)
20000f48:	4596                	lw	a1,68(sp)
20000f4a:	4626                	lw	a2,72(sp)
20000f4c:	34151073          	csrw	mepc,a0
20000f50:	30059073          	csrw	mstatus,a1
20000f54:	be561073          	csrw	0xbe5,a2
20000f58:	4082                	lw	ra,0(sp)
20000f5a:	4292                	lw	t0,4(sp)
20000f5c:	4322                	lw	t1,8(sp)
20000f5e:	43b2                	lw	t2,12(sp)
20000f60:	45d2                	lw	a1,20(sp)
20000f62:	4662                	lw	a2,24(sp)
20000f64:	46f2                	lw	a3,28(sp)
20000f66:	5702                	lw	a4,32(sp)
20000f68:	5792                	lw	a5,36(sp)
20000f6a:	5822                	lw	a6,40(sp)
20000f6c:	58b2                	lw	a7,44(sp)
20000f6e:	5e42                	lw	t3,48(sp)
20000f70:	5ed2                	lw	t4,52(sp)
20000f72:	5f62                	lw	t5,56(sp)
20000f74:	5ff2                	lw	t6,60(sp)

20000f76 <check_irq_before_exit>:
20000f76:	be402573          	csrr	a0,0xbe4
20000f7a:	fa0550e3          	bgez	a0,20000f1a <save_meicontext>
20000f7e:	4542                	lw	a0,16(sp)
20000f80:	6161                	addi	sp,sp,80
20000f82:	30200073          	mret
	...

20000f90 <__soft_vector_table>:
20000f90:	1064                	addi	s1,sp,44
20000f92:	2000                	.insn	2, 0x2000
20000f94:	1064                	addi	s1,sp,44
20000f96:	2000                	.insn	2, 0x2000
20000f98:	1064                	addi	s1,sp,44
20000f9a:	2000                	.insn	2, 0x2000
20000f9c:	1064                	addi	s1,sp,44
20000f9e:	2000                	.insn	2, 0x2000
20000fa0:	1064                	addi	s1,sp,44
20000fa2:	2000                	.insn	2, 0x2000
20000fa4:	1064                	addi	s1,sp,44
20000fa6:	2000                	.insn	2, 0x2000
20000fa8:	1064                	addi	s1,sp,44
20000faa:	2000                	.insn	2, 0x2000
20000fac:	1064                	addi	s1,sp,44
20000fae:	2000                	.insn	2, 0x2000
20000fb0:	1064                	addi	s1,sp,44
20000fb2:	2000                	.insn	2, 0x2000
20000fb4:	1064                	addi	s1,sp,44
20000fb6:	2000                	.insn	2, 0x2000
20000fb8:	1064                	addi	s1,sp,44
20000fba:	2000                	.insn	2, 0x2000
20000fbc:	1064                	addi	s1,sp,44
20000fbe:	2000                	.insn	2, 0x2000
20000fc0:	1064                	addi	s1,sp,44
20000fc2:	2000                	.insn	2, 0x2000
20000fc4:	1064                	addi	s1,sp,44
20000fc6:	2000                	.insn	2, 0x2000
20000fc8:	1064                	addi	s1,sp,44
20000fca:	2000                	.insn	2, 0x2000
20000fcc:	1064                	addi	s1,sp,44
20000fce:	2000                	.insn	2, 0x2000
20000fd0:	1064                	addi	s1,sp,44
20000fd2:	2000                	.insn	2, 0x2000
20000fd4:	1064                	addi	s1,sp,44
20000fd6:	2000                	.insn	2, 0x2000
20000fd8:	1064                	addi	s1,sp,44
20000fda:	2000                	.insn	2, 0x2000
20000fdc:	1064                	addi	s1,sp,44
20000fde:	2000                	.insn	2, 0x2000
20000fe0:	1064                	addi	s1,sp,44
20000fe2:	2000                	.insn	2, 0x2000
20000fe4:	1064                	addi	s1,sp,44
20000fe6:	2000                	.insn	2, 0x2000
20000fe8:	1064                	addi	s1,sp,44
20000fea:	2000                	.insn	2, 0x2000
20000fec:	1064                	addi	s1,sp,44
20000fee:	2000                	.insn	2, 0x2000
20000ff0:	1064                	addi	s1,sp,44
20000ff2:	2000                	.insn	2, 0x2000
20000ff4:	1064                	addi	s1,sp,44
20000ff6:	2000                	.insn	2, 0x2000
20000ff8:	1064                	addi	s1,sp,44
20000ffa:	2000                	.insn	2, 0x2000
20000ffc:	1064                	addi	s1,sp,44
20000ffe:	2000                	.insn	2, 0x2000
20001000:	1064                	addi	s1,sp,44
20001002:	2000                	.insn	2, 0x2000
20001004:	1064                	addi	s1,sp,44
20001006:	2000                	.insn	2, 0x2000
20001008:	1064                	addi	s1,sp,44
2000100a:	2000                	.insn	2, 0x2000
2000100c:	1064                	addi	s1,sp,44
2000100e:	2000                	.insn	2, 0x2000
20001010:	1064                	addi	s1,sp,44
20001012:	2000                	.insn	2, 0x2000
20001014:	1064                	addi	s1,sp,44
20001016:	2000                	.insn	2, 0x2000
20001018:	1064                	addi	s1,sp,44
2000101a:	2000                	.insn	2, 0x2000
2000101c:	1064                	addi	s1,sp,44
2000101e:	2000                	.insn	2, 0x2000
20001020:	1064                	addi	s1,sp,44
20001022:	2000                	.insn	2, 0x2000
20001024:	1064                	addi	s1,sp,44
20001026:	2000                	.insn	2, 0x2000
20001028:	1064                	addi	s1,sp,44
2000102a:	2000                	.insn	2, 0x2000
2000102c:	1064                	addi	s1,sp,44
2000102e:	2000                	.insn	2, 0x2000
20001030:	1064                	addi	s1,sp,44
20001032:	2000                	.insn	2, 0x2000
20001034:	1064                	addi	s1,sp,44
20001036:	2000                	.insn	2, 0x2000
20001038:	1064                	addi	s1,sp,44
2000103a:	2000                	.insn	2, 0x2000
2000103c:	1064                	addi	s1,sp,44
2000103e:	2000                	.insn	2, 0x2000
20001040:	1064                	addi	s1,sp,44
20001042:	2000                	.insn	2, 0x2000
20001044:	1064                	addi	s1,sp,44
20001046:	2000                	.insn	2, 0x2000
20001048:	1064                	addi	s1,sp,44
2000104a:	2000                	.insn	2, 0x2000
2000104c:	1064                	addi	s1,sp,44
2000104e:	2000                	.insn	2, 0x2000
20001050:	1064                	addi	s1,sp,44
20001052:	2000                	.insn	2, 0x2000
20001054:	1064                	addi	s1,sp,44
20001056:	2000                	.insn	2, 0x2000
20001058:	1064                	addi	s1,sp,44
2000105a:	2000                	.insn	2, 0x2000
2000105c:	1064                	addi	s1,sp,44
2000105e:	2000                	.insn	2, 0x2000

20001060 <__default_isrs_start>:
20001060:	9002                	ebreak

20001062 <isr_riscv_machine_soft_irq>:
20001062:	9002                	ebreak

20001064 <__unhandled_user_irq>:
20001064:	8109                	srli	a0,a0,0x2
20001066:	9002                	ebreak

20001068 <stdio_usb>:
20001068:	21d0 1000 216e 1000 20d2 1000 2040 1000     .!..n!... ..@ ..
20001078:	0000 0000 0100 0000                         ........

20001080 <_usbd_qdef>:
20001080:	1454 2000 0010 000c 0000 0000 0000 0000     T.. ............
	...

2000109c <dfplayer_checksum_tx>:
2000109c:	                                             .

2000109d <striped_spin_lock_num>:
2000109d:	                                             .

2000109e <_usbd_rhport>:
2000109e:	00ff                                        ..

200010a0 <print_mutex>:
	...
