:020000041000EA
:10000000F2EB88710C70001030700010A800001026
:1000100090A31AE7D3DEFFFF420101114403000061
:100020003600001000200820FF040000849E00001D
:10003000793512AB79A8974100109381B11E172131
:100040000810130121FC173500101305B5C37310F8
:100050005530732540F135ED1707000013070705EC
:100060000C4391C55043144731071D28D5BF973520
:1000700000109385A5DF174600101306A6A421A043
:1000800023A005009105E39DC5FEEF3040425928AD
:10009000EF3080410290FDBF884108C291051106F2
:1000A000E36CD6FE8280010030700010000000205A
:1000B000682E0020989E00100000082000000820F4
:1000C000989E00100010082000100820000000007A
:1000D000828021651305C5DF028552B837340020C0
:1000E000834784FE99EF9307000089CB3775001092
:1000F0001305859397000000E7000000854723045F
:10010000F4FE52BE9307000089CFB7350020377543
:1001100000109385C5FE1305859317030000670043
:1001200000008280411106C622C426C23744002046
:10013000EF304061B5463146130544A2B70507408C
:10014000ED221305800CEF108024130544A2F9451D
:100150002D241305800CEF108023130544A2854540
:10016000B77400103124130444A29384849305656A
:1001700013058538EF10A0212285F5221305800C88
:10018000EF10E020228559227DD1AA852685EF3007
:100190006076F1BF45C537370020130707C1144308
:1001A000032347009358860093D7860013D806018F
:1001B0001378F80FE19FC2971378F30FC297C69791
:1001C0001378F60F03578700C297AE973738002091
:1001D0004111B307F0400348C8E51AC42316E100F3
:1001E00036C213D78740A305E100A303B10023055E
:1001F000C1002306F100A3041101184163000802A5
:1002000054001306E1001C4F93F70702EDFF9C8298
:1002100085061CC3E399C6FE41018280BD57A30534
:10022000F100540070001C4F93F70702EDFF9C8211
:1002300085061CC3E399C6FE41018280828049C1C4
:10024000797106D62AC6B937B24754081306E101B8
:1002500098431C4FC18BF5FF1C438506A38FF6FE08
:10026000E399C6FEB7370020938707C1988383467A
:1002700041016386E6000145B250456182808346B4
:100280006101B883E399E6FE83C797000347D10174
:10029000E313F7FE83477101130770046385E704D6
:1002A0006362F70213072004638CE704130730042A
:1002B0006396E7000347A101A387E18005456DBF71
:1002C000014582801307C004E39AE7FE8347A1013A
:1002D00083469101A207D58F93D78769C183A396DF
:1002E000F180054551BF8347A10183469101A207D3
:1002F000D58F93D78769C183A395F1800545ADBF9D
:100300000347A10105452388E180BDB711CD411107
:1003100001469305C00406C6A39601800D37B2407E
:1003200003D5D1804101828082800DCD85CD4111E0
:1003300006C622C426C2AA870CC1B6842E85F946F9
:1003400089652382D700938505583284EF10C03326
:10035000228589451D282244B2402685924489453C
:10036000410125A0828001C50146854525B58280D1
:1003700001C52E868D4539BD828019C503464500CD
:100380003356B60A994539B58280B787034091073D
:10039000B347F52098438566BE9613470704137745
:1003A000070C3786024098C23365C5200D67BA979F
:1003B0004CC11307001098C3828039713773001045
:1003C00022CC2A841305C39406CE2ED232D436D63C
:1003D0003AD83EDA42DC46DEEF30204101CC4C1008
:1003E00022852EC6EF302007377500101305C595FE
:1003F000EF30A03F0545EF30E00AF3760430B73721
:1004000000209387B71A139737003317E028F19B22
:100410002FA8E7443378E800E31C08FE0F00300300
:1004200093D735003E95188193F77500B317F028E0
:100430003378F700631008025D8F18890F003003CE
:10044000B73700209387071AA3850700A18A73A0F6
:10045000063082804111328506C68537737E0430AE
:10046000B73700209387B71A13983700331800293D
:10047000F19BAFA80745B3F80801E39C08FE0F0005
:10048000300363F6C60015A8050663E8C602935755
:100490003600AA9783C8070013787600331800291E
:1004A00033F30801E31203FEB3E808019356F601A3
:1004B000328523801701F58D11A07D550F00300383
:1004C000B73700209387071AA3850700137E8E0095
:1004D00073200E3091E1828041113A8506C6F13DCC
:1004E000373700200345D7E5DD4693071500E19F28
:1004F00063F3F600C147A30EF7E48280AA8537773D
:1005000000101307079613853181FD466146B9B780
:10051000B73600209386061A8147130600020F00A3
:1005200030033387F600230007008507E399C7FEF1
:10053000828081463D481D459305400393F7360070
:100540008A073317F80013D626004207518F7330FD
:1005500037BEB317F500C207D18F73A037BE85062B
:10056000E39EB6FC73600430828093575500860783
:100570003315A028C176E98E138717004205558FE1
:100580005D8D91C9733025BE733027BE732005BEC3
:10059000732007BE8280733005BE733007BE828031
:1005A00093574500F3A707BEC1833D8933D5A748BC
:1005B00082809377F500B317F0281181C207C98FA5
:1005C00073A027BE8280F3275030F19B3345F5207E
:1005D0000325050DB73700209387C7C11D8D13353F
:1005E00005038280011106CE73770430B7370020EF
:1005F0009387971A93963700B316D028F19B2FA6AE
:10060000D744758E6DFE0F003003F327503013056D
:100610004503F19BB347F52094436380D502B73778
:100620000020938747E2638AF6002EC62AC43AC2A6
:10063000EF10E043B24522451247F3275030F19BBB
:100640003345F5200CC10F0030030F003003B737DE
:1006500000209387071AA3840700218B732007309B
:10066000F24005618280797106D673780430B7371D
:1006700000209387971A139737003317E028F19BD0
:10068000AFA6E744F98EEDFE0F00300303837181BE
:100690006342032AB7380020B32763209388C8C178
:1006A00033CE17218346AE0093922700931E13008A
:1006B000A38BD180F327503013054503F19BB3473B
:1006C000F52003AF07009307F00233071F4163E8EB
:1006D000E71C8347BF00FA8F636FF60EA305CE00B9
:1006E000373600201306C6C43306C6412322BE0097
:1006F000B706100093159600B7FE0F00F58DB37E78
:10070000D60193878200B386F800B3E7D501B7B569
:10071000AAAA9385B5AA09874D9F135346017E0364
:100720001376E67FB306DF40B3E7670052065D8EBF
:1007300005639397160093D8360093957600136659
:10074000F62E93F84800B3F76700931EB0282320D5
:10075000CE002305EE00B3E7170133F7D5019395DB
:10076000160003264F00D98F93F5056013D7260096
:10077000CD8F1377071093981600D98F93D5160055
:1007800093F8080813171600B3E7170193F505044B
:100790008A0693F6860333776700CD8F3297D58F1D
:1007A000E97685061377078052061317B748D58F69
:1007B0001366760E2314FE001367770B1316F628C4
:1007C0002320EF002322CF00728F2DAA83C6B7000B
:1007D000637FD616BE8F0387AF00B327E720B3C76A
:1007E0001721E35507FE939315008567B3F3F300D4
:1007F000AE9393F30380D2059393B34893E5750EBC
:10080000B16293E3730B9395F528938222E4938668
:100810008F00B306DE409A9EB3CE1E21939716003A
:100820008568B3F7170193D8360093F848002385FD
:100830006F00B3E717011313B02893987600B3F84D
:10084000680013931600B3E717011373036093D87E
:100850002600B3E7670093F8081013931600B3E778
:1008600017011373030893D81600B3E7670093F8D2
:1008700008048A0693F68603B3E71701D58FE97655
:100880008506D58F2394FF0023A07E0023A2BE00FF
:1008900023945E002385EE00A385CE00A5A0B73784
:1008A0000020938747E26310FF1AB7370020938731
:1008B000C7C4B387C74113979700B706100037FF27
:1008C0000F0033FFE701758F93D647013367E701C8
:1008D000FE0693F7E77F558FD207D98F769371770E
:1008E0003343132193E7F72E130727E4FD56232202
:1008F000B300A305C300728F2320F3002314E30089
:100900002305D300F3275030F19B3345F5202320F6
:10091000E5010F0030030F003003B7370020938745
:10092000071AA38407001378880073200830B25098
:100930004561828032C82EC62AC442C2EF102013FD
:10094000038371814246B24522451248A1B383D345
:100950008F0093878200C6979392330093868F000F
:1009600093F20202B387F640969793D2130022D4F3
:1009700013F40204A2971394130013740408A297AB
:10098000139423004AD093F202302289969713D40D
:10099000230093D27300937309409E9793F2020150
:1009A0009373E400B3E272009313B0289697B37286
:1009B0007400B38757401394770026D293921700A0
:1009C000B3747400056493D33700B3F2820093F3D9
:1009D0004300B3E2720093931700B3E2920093F3E3
:1009E000036093D42700B3E2720093F4041093934E
:1009F0001700B3E2920093F30308B3E272009393FB
:100A0000150093D41700B3F38300AE9313F40404DA
:100A10008A07B3E2820093F78703697493F3038034
:100A2000D205B3E7F2009393B3489302140093E521
:100A3000750E225492540259B3E2570093E3730B9C
:100A40009395F528F9B332CE2ECC76CA2AC842C681
:100A500072C41AC2EF10A001B73700207246E245F7
:100A6000D24E42453248224E12439388C7C135BD0B
:100A7000F32750BE1397070181456349070091830F
:100A800093F7F71F938747039395270073760430F6
:100A9000B73700209387971A139737003317E0284A
:100AA000F19BAFA6E744F98EEDFE0F003003373718
:100AB00000201307C7C1B307E540B7B6AAAA9386BB
:100AC000B6AA8987D59FE59FF3265030F19AAE9656
:100AD00094426384A6048306A700638AF60483060F
:100AE00067016384F606830627026382F60683069F
:100AF000E7026380F60683C67181A38BF18023052C
:100B0000D5000F003003B73700209387071AA3845E
:100B10000700218A73200630828073275030B73651
:100B20000020719B2E97938646E214C3E9B7814655
:100B3000B3A6D620B3C6E62071777D58130727E405
:100B4000238506012394E6007DB78546D5B78946FF
:100B5000C5B78D46F1BFAA8537770010411113073D
:100B6000C797138581819546014606C6C5386346F9
:100B70000500930730033385A740B24041018280CE
:100B8000B73700209387071AAE971CC182800111E6
:100B900022CC26CA37340020B734002006CE1304F6
:100BA00004E6938484E6637694024AC84EC6130929
:100BB000F00FFD591C409DC32532AA852285C937F7
:100BC000231224010F0030032104E36594FE4249FF
:100BD000B249F2406244D244056182801132AA8552
:100BE0002285793F230234010F0030032104E3639F
:100BF00094FCF1BF411106C622C42A84EFF05F8E37
:100C0000AA852285B53FFD572302F4000F0030036B
:100C1000B240224441018280411122C42A84054508
:100C200006C6EFF0BF8DB73700209387071AAA9743
:100C30001CC00F003003B240224441018280B7370C
:100C400000209387071AAE971CC10F0030038280E3
:100C500083A7B18173770430139637003316C02809
:100C6000F19BAFA5C744F18DEDFD0F00300383A7C5
:100C7000B1810F003003238007009377870073A0B2
:100C8000073033201000014581458280397106DE2E
:100C900022DC26DA4AD84ED652D456D25AD05ECE6C
:100CA00062CC66CA6AC8F32750BE13970701634E29
:100CB000073013D947009377C91F13793900B31947
:100CC0002029B70B0B40639E073237470020B3C77C
:100CD00027211307079FB3C7E72083AA07008D6763
:100CE00093874704DE97371A001023A03701130AB1
:100CF000CAC87D54FD54039B8A0023AE3B0363574F
:100D00000B0883D74A00ED9F63DC071483C76A0092
:100D10006394071E039B8A0063470B0403A74A01E1
:100D2000332B6B21FD57336BEB20032C8B00032BF4
:100D3000CB006309FC28B346792103A78B029C4AA8
:100D40003306EC40998F6360F60483A70B02B3D798
:100D5000274995CB5E85EF00900863C66501E31CCB
:100D6000BBF8E37A85F933201000F2506254D25474
:100D70004259B259225A925A025BF24B624CD24CFF
:100D8000424D2161828023A88601E9B783A74A01E9
:100D9000332C6B215E85336CFC20832CCC00032D1F
:100DA0008C00EF00D003E3CE95F56389BC1A63CBCA
:100DB0000C1A83270C0183254C01638B472303976F
:100DC0008A0003552C004207598D82972E87AA87E7
:100DD000B3E6E70063880618635F071EB306FD40AD
:100DE000333DDD00B387EC40B387A74103170C0008
:100DF0002324DC002326FC00E34507F003A84A0176
:100E00003325E72013161700336505214C45832849
:100E10008500E3C8B7EE6394F500E3E416EF23948E
:100E2000EA0013858A0031A0832886004C461316F9
:100E300017003A9663CDB7006389F51C3365062128
:100E400058853326E72033660621E35F07FC23102D
:100E5000EC002310650183D74A00ED9FE3C807EA41
:100E600083A70A017377043093963700B316D0280E
:100E7000F19B2FA6D744758E6DFE0F00300383D8EB
:100E80004A00FD572392FA009398586083A70A01FD
:100E90000F003003238007009377870073A007308B
:100EA000E3C608E603A54A0103978A0033A8182180
:100EB0003368A82093858A006344070203238800CF
:100EC0000326C80039A06383C60ED887BE85634950
:100ED0000700B327E720B3E7A720D447E355D6FEA2
:100EE00023901501831808002310E800E3DE08FAB8
:100EF00083C76A00E38007E223830A00039B8A001A
:100F0000FD555A87E301BBE603A54A01B327E72055
:100F10003A86B3E7A720B487D88713888A00ED9E66
:100F200063CF06003E88E309B7DEB327E720B3E7C7
:100F3000A720B4873A86D887ED9EE3D506FE80C702
:100F4000C4C7E302CBFE2310E80083D68A00328BAD
:100F5000948F2394CA00E31AB7FC7DBBE363A5DB3F
:100F6000E3D90CE403570C0083A70A012394EA0099
:100F70007377043093963700B316D028F19B2FA6D1
:100F8000D744758E6DFE0F00300383D62A0083A7E9
:100F90000A012310DC0023916A010F003003238033
:100FA00007009377870073A00730A1BB9447E37EC7
:100FB000D3F023901501831808002310E800E3D52F
:100FC00008EE3DB7E3198BD771B38549CE87014948
:100FD000B78B0B40DDB95E853AC63EC40925A247F2
:100FE0003247B306F500B3B7A600BA95AE97FDBB7E
:100FF0009C492E852EC4829735D5A2459C41D84167
:10100000C1BB8547B78B0B40C9B1E3F916E381B586
:10101000B7370020938787C6984B09C71385B181DE
:10102000A945B9BE41118D4537050B4006C622C4FE
:10103000492B37340020930784C637080B4023A67A
:101040000701EFF0EFC9930784C6AA850D45888B89
:10105000370700D003230700B7360020D84B93860C
:10106000061A37061100AE967D16BD4894CBA380B4
:10107000670090C723911701FD5509439148154614
:1010800099462392B70023146704231C17072318DB
:10109000C7082314D70A9D42A146A54F294FAD4E3C
:1010A000314E3543B9480546231CD70C2310A706FB
:1010B0002310570C2318F70F2314E7112310D7130D
:1010C000231CC71323186714231417170C8F231816
:1010D000C702231C070037080B40B7150010232058
:1010E000D802374700209385C5C8232EF79EEFF01E
:1010F0006FCF85450D45EFF04FC72244B240B7276B
:101100000B40A146B4C31385B181A94541018DBCF3
:1011100037350020130585C68280797106D62A8866
:101120002E8395E73ACE36CC32CA2EC82AC6C121C4
:101130004243524632483305A3403335A300B3053A
:10114000B640898DE2467247014563C3050C83278B
:101150000801F3750430139537003315A028F19B6F
:10116000AFA8A744B3F8A800E39C08FE0F00300323
:101170008318280003250801A18963CE0808032EDF
:101180004801B3A71821B3E7C72103DE07002311E5
:10119000C8010F0030032300050073A00530AC87A1
:1011A000054E13950801F295C605C581B3F5C50B2B
:1011B000D8CB94CB23A46700D0C7AC8F4D8D032729
:1011C0000801F3760430131637003316C028719BDC
:1011D000AF25C744F18DEDFD0F00300303564800E5
:1011E00003270801908F231218010F0030032300FA
:1011F000070093F7860073A0073003470800832792
:10120000C8008966938646043317E028B69798C3CA
:10121000B250456182800F0030032300050073A0A7
:101220000530B2507D5545618280B283AA8710494E
:101230002E83F3750430131536003315A028719AE8
:101240002F28A6443378A800E31C08FE0F003003C3
:101250008398270013F685008C4B63CC0808C84B95
:1012600033A818213368A82003550800A88F0F0061
:10127000300323800500732006300356280085457F
:10128000139508012E96460645823376B60A232A20
:10129000E8002328D800232468002326780023119F
:1012A000C800518D984BF37604301316370033166F
:1012B000C028719BAF25C744F18DEDFD0F003003B1
:1012C00003D64700984B2310C800239217010F0044
:1012D00030032300070013F786007320073098833C
:1012E000DC478966938646043317E028B69798C38F
:1012F00082800F00300323800500732006307D5567
:1013000082800357A50093D7054163D6E70454496B
:10131000B3A7F7201849B3E7D720F37604301316A4
:1013200037003316C028719B2F28C7443378C80074
:10133000E31C08FE0F003003B087E99D13F7860019
:10134000B3460608630BB6001C490F003003238028
:10135000070073200730014582806176D18EB48FFB
:1013600085472303F50014490F003003238006004E
:101370007320073014815845096613064604B316D6
:10138000D02832973E8514C3828048818280011123
:1013900022CC26CA4EC6AA8406CE4AC8892C130778
:1013A000803E3384E402B7070080FD17B3B4E40243
:1013B000B309A40033B48900AE94269463F4870083
:1013C0003E84FD599384A9FF33B934019307F4FF98
:1013D0003E996369240363058902112C3385A44077
:1013E000B305B940B3B7A4009D8D6349B002D5C51C
:1013F000E2AD6244F240D2444249B2490561A5A43B
:10140000E3FD99FCED22814401493385A440B305F5
:10141000B940B3B7A4009D8DE35BB0FCC92A338506
:10142000A44033B5A400B305B940898D63C105025A
:10143000B716001037350020938606C5130585C6FC
:101440000147A6854A86D533FD57E303F5FAB7066B
:101450000B40DC5263E727019856E31BF9F8E37968
:1014600097F883A7B1817377043093953700B3154C
:10147000B028F19B2FA5B7446D8D6DFD0F00300393
:1014800083A7B1810F003003238007009377870083
:1014900073A00730332000006DBF39D941B7F3275F
:1014A00050BE1397070163580706B7370020011194
:1014B000938787C6D84722CC26CA06CE9C83A2AC87
:1014C0003A853EC63AC4212A2247B247B305B44002
:1014D000B3C7E7209C4B3387A440B3B6E400958D97
:1014E000898F63CD0504A9C933200000B7060B40DE
:1014F000D8528147636B87009C56018F3337E000D9
:10150000B3B7970093B71700D98FF2406244D24423
:101510003E8505618280B7060B40D8528147636BD8
:10152000B7009C560D8F3337E000B3B7A70093B7D1
:101530001700D98F3E858280E378F7FA4D283385EE
:10154000A44033B5A400B305B440898D63C7050436
:10155000B7160010B7370020938606C50147A68549
:101560002286138587C6D1316359A00237070B4005
:101570005C5363EB87021857639487006366970296
:10158000B7370020AA85138587C6A53BB7060B4051
:10159000D8528147E36B87F685B737070B405C531A
:1015A00063F78700814795B733200000D1BF1857F4
:1015B000818FB337F0003337970013371700D98F77
:1015C000A9B7B787F4BFAA9793B717001385F1811E
:1015D000377600103E95130686996FE01FE24C5156
:1015E000AA8788572E87CC53E31DB7FE8280B707A2
:1015F0000B40CC5388572E87CC53E39DE5FE828069
:1016000037070B405C5303288702BE865C53E39C7C
:10161000D7FE33060501BE953335A6002E95636CC3
:10162000F5026388A702B7070B40DC5363F7A700F6
:1016300037070B405C53E3EFA7FE639BA700370718
:101640000B4021A054536395F6001457E3ECC6FEFB
:101650008280E37A06FDB7070B40DC537D552A866E
:10166000E398A7FCE9BF37070B405C53E3EFB7FEF5
:10167000639BF500B7070B4021A0D8536395E500A5
:101680009857E36CA7FE8280011122CC2A84194569
:1016900026CA06CEAE84ED2A49CDB7870740370764
:1016A0000004630CF40EB727024098C3B70602404B
:1016B000B737024098C3A1069C42B377F740EDFFCD
:1016C000B787F8BFA2971387318293B71700B3A7E4
:1016D000E720194513070010988F5D2A93173500EE
:1016E000B3D79702850713D7770029EB930400043B
:1016F000854654D018D4185893771700ADE3856702
:101700009387C702A297545423A0070018D81945FD
:101710003EC4BD2A0A05335595025854A247130604
:101720001030134707071377E70798C38D4610D883
:1017300034C4F2406244D244056182804166791625
:10174000C166637FE604FD16014754D018D41858CB
:10175000B7044000938404FC93771700CDD38D67C2
:1017600093870703A2979306103094C35C501454D8
:1017700019459A07B6973AC63EC4192AB7862B8FE1
:10178000938656B73335D502A2478145AA072D81E6
:1017900033D5A702B53532479DB73707000821B7C3
:1017A00085839316670093F7F703B384F600BA8630
:1017B0003E8781B7B70701403327A5203347F7207D
:1017C00003284700C1676373F8005CC39387F5FF84
:1017D0009308C5FF81E793B72800B5E737380020A5
:1017E0001308085AB347052103A307008D67BA976A
:1017F000131EB02823A0C7010A056319030203239F
:10180000070016068567334666001376060EBA97FC
:1018100090C30546637016078967BA971316B028F8
:1018200090C34295C16714C15CC38280832748017D
:10183000B3D767028507B3A7F72001009387E7FFB7
:10184000E3DE07FE6DBF8D67BA970D4823A0070141
:101850001C47858BF5DF032807001606856733468E
:1018600006011376060EBA97373800200A0590C392
:101870001308085A832807003316B028B3C8150187
:1018800093F8380023A017011C47F18FF5DF69B7E3
:10189000B73700209387075A3345F52008418280E7
:1018A000B727B700938707B0B3D7B70283280500DF
:1018B000C206320733E8E6003356F60263C4080472
:1018C000B787054011676300F506B727024098C344
:1018D000B7060240B737024098C3A1069C42B377CF
:1018E000F740EDFF0D670CC1110710C52A9793074C
:1018F00010021CC31C41E3DF07FE23260501A1479C
:101900001CC382801C4193F7F703E39BB7FA1C4585
:10191000D207D183E396C7FA5C4537770700F98F82
:10192000E39007FB828021674DB7B7B70D403707BB
:10193000004098C329C5B7C607B0B747F84F3787E7
:101940000D409386360D9387D7F254CFA98F1CD3C1
:101950004CD308D7B7B60D40B70700403707000291
:101960009CC24D17B7A7014098C7B70700079CC294
:1019700001EEB7A70D403707008098C38280B78774
:101980000D4023AE0700F9B73346C6203346C620C4
:101990003346C6200E06B7070001637EF600B28705
:1019A000A3A3F182B7870D40D0C337070040B7A784
:1019B0000D4098C38280FD173E86DDB7B787104083
:1019C0003325A5203345F5204CC185471CC18280B5
:1019D000A1679387A7DF9C8785458287411122C431
:1019E00026C206C6A2AC634505001DC213640403EB
:1019F000A1679387A7DF9C8711658545130525257A
:101A00008297AA87A6862286A94513052010829769
:101A100013640402F1BFB7170E409387878298437F
:101A20007DDF0F0030038280B7170E4037170E405E
:101A30009387C7801307C7820F00300323A00700D6
:101A40009107E39BE7FE82808567938707AA378724
:101A500004401CC39307A0115CC7B7B6FA00B7A730
:101A6000044094C35C43E3DF07FE828082803775C5
:101A7000001041111305C59B06C6EFE01F944111EC
:101A800022C426C237740010B774001006C61304AF
:101A9000848F93840493637794001C40110482978D
:101AA000E36D94FEB2402244924441018280B747E4
:101AB000EFEF9387F7B7B72602403707F4039CC2CE
:101AC0005917B7370240B706024098C3A1069C4297
:101AD000B377F740EDFF8280B7071150F847A16751
:101AE0006303F7008280B727115037070400F8C757
:101AF0008280370700207D17B7370240B7060240C3
:101B000098C3A1069C42B377F740EDFF828015652C
:101B100041111305352506C6653DB240AA8711451A
:101B200041018287156541111305352506C64D35DE
:101B3000B240AA870545410182876FE07F9D411130
:101B400022C406C626C24AC0370401402322040824
:101B5000E53DB73701400547D8DF7C40E39FE7FE0E
:101B60000D47B737014098DB0544370701401C5F3C
:101B7000E39F87FE37366859A285130606F00947AA
:101B8000954637050540293B154737968647BA865F
:101B9000A285130606C0378505401933B726B7005E
:101BA000938606B00146894511452931B7D6F0081C
:101BB000A2859386061801461545ED3EB776DC02F0
:101BC000938606C0014681452145ED36B776DC0295
:101BD000938606C0014681452545E93EB7D6F00803
:101BE00093860618014681451945E936B7D6F008AF
:101BF00093860618014681451D456D3E11454939BC
:101C0000B7E71B43938737E8B334F502014419491A
:101C1000C98066AC05045D33E31D24FFB240224455
:101C20009244024941018280828079714AD04ECE2D
:101C300052CC56CA5AC862C466C26AC0C68C06D69E
:101C400022D426D293F8380032ADB289B68A3A8BC4
:101C50003E8D428C63850806D1C75EC6B2843304CC
:101C6000AB01B38B84000345F4FF33868B40D686EB
:101C7000D2857D140299E3188BFEB24BEA9493FC53
:101C80002C0063800C02B389344163FC89012686F1
:101C9000D686D28513050002850985040299E3E8FA
:101CA00089FFB25022540259F249624AD24A424B49
:101CB000224C924C024D268592544561828063F5F8
:101CC0000703B304F840B29432842286D686050412
:101CD000D285130500020299E31994FEE3030DFC7B
:101CE0005EC6B5BFB28461BFB284CDBFA24E3E8393
:101CF000C28F93F72E00024E1248E9E7930703FEC6
:101D0000B337F000333FC30133FFE70193F21E0006
:101D1000630E080E638C020E63960F0093F3CE00E1
:101D2000638303007D18630F0F06130F0003050381
:101D3000B3076700A38FE7FF930703FEB337F000F5
:101D40006373C301EDF7639F020493F70E01B9C3F8
:101D500093F70E4089E763086E0C6306030DC147D5
:101D60006388F80EF9186393080E930703FEF9CF02
:101D7000930713003A939308200623001301930856
:101D80000002638D170113831700BA9793080003AD
:101D90002380170193070002631CF30493070002DA
:101DA000F68861B56370030391CF130F000311A090
:101DB00091CB0503B3076700A38FE7FF930703FEEB
:101DC000E36803FF93F70E01F1D793F70E40C1FBD1
:101DD000E31303F8C1476385F80E89476391F80C54
:101DE00093072006930800031C8BA30017010943E7
:101DF00063910F0293F74E00BDCBB3086700130E3B
:101E0000B002930713002380C80159BFE31F0FF0EE
:101E100055BFB3086700130ED0022380C801930793
:101E20001300F68819B59307F3FFC9C3138E08FF93
:101E3000631E0E069308E3FF13FE0E02BA986319A1
:101E40000E08130E80072380C80181B79A8705BF4B
:101E500093F70E028DCB93070002E301F3F493078F
:101E600013003A93930880052300130109BF93F8E8
:101E70008E009A87E38608F23A939308000285075A
:101E80002300130131BF93070002E309F3F0930726
:101E900013003A939308800723001301CDB59307ED
:101EA00000031C8B0543E3870FF4A5B7414E6386FF
:101EB000C803094EE39BC8ED9A883E83C6875DBD83
:101EC00093D75E48B307F040819B9387870719BF7C
:101ED000130E80052380C8014DBD93F80E02638662
:101EE00008009A883E83C687ADBF9A883E83C6871E
:101EF0004DB711E182806F10100501C59C41CC41A6
:101F0000828782801971CAD8D2D4D6D2DECE32ADC1
:101F1000B28BB68A3A85BE853A86BE86A2DCA6DA40
:101F2000CED6DAD0E2CC86DE0A4BBA843E84428C2E
:101F3000C68997100010E78040A2631E0548B77756
:101F4000001003A607F883A647F8E2AC970000103C
:101F5000E78060FB63470522B777001003A687F888
:101F600083A6C7F8E2AC97000010E78060EE6340FC
:101F7000A018B777001003A607F783A647F7E2ACCF
:101F800097000010E780C0EC634FA012B7770010F5
:101F900003A607F983A647F9E2AC97000010E78093
:101FA00080F663420512E2AC01468146EEC6E6CAFF
:101FB000EAC897000010E78000F5814D6344051AD8
:101FC00093770B40639E071437770010832687F7BB
:101FD0000327C7F7194CB68C3A8D1810E2AC3ACEED
:101FE0003ECC97100010E780809A2ACA9710001004
:101FF000E780C0A52A86AE86E2AC97000010E78095
:10200000A03C6686EA8697000010E78020FB2EC67B
:102010002AC497100010E780809D2AC897100010EE
:10202000E780C0A72A86AE862245B24597000010F9
:10203000E7808039B777001003A687F983A6C7F930
:102040002AC42EC697000010E78080E0C24852489C
:10205000E2477247635CA024850846853ACC3ECAB5
:1020600042C846C497100010E78040A36686EA86FF
:1020700097000010E780C0DDA2484248D24762477F
:10208000634405000508814863060C1637D5CCCC9F
:102090001305D5CC13030002254E6389672A33B696
:1020A000A8028507B305F7007D1C0D82B346C62044
:1020B0008606B386D84093860603A38FD5FE637742
:1020C0001E27B288D9BFA28766545AC1F650065B54
:1020D00072AD26874659D654265ACE886288B6599C
:1020E000664CD6865E86965AF64B096171A6937742
:1020F0004B00BDE337770010130747A18D476654A7
:10210000F650D654664C72ADDA884659265A065BAC
:102110004E88D686B659965A5E86F64B096131B618
:10212000A546814718109305000363FC8633850795
:10213000B306F700A38FB6FE7D1C938607FE130639
:102140007CFF91C26DF6B776001003A606F783A652
:1021500046F7B28C368D59B5377700101307C7A0F4
:10216000914771BF2686A2860145814597000010E0
:10217000E780802593770B40A2AC854DE38607E48A
:1021800045B7E6CA93773B00937C2B00DE846383DC
:10219000071E377C0010130CCCA16284330B940013
:1021A000711C688033068B40D686D2857D140299D7
:1021B000E31984FF910463810C02B387744163FDCA
:1021C00037012686D686D28513050002850402993A
:1021D000B3877441E3E737FFF6506654D64C46594F
:1021E000B659265A965A065BF64B664C2685D65447
:1021F0000961828042853ACA42C43EC897100010E5
:10220000E780C0842A86AE86E2AC97000010E780A3
:10221000A01BB777001003A487F983A4C7F92A8C01
:102220002286A686AE8C97000010E780C0CD22489B
:10223000C2475247634F05002286A6866285E6851F
:1022400097000010E780C0C02248C2475247635F32
:10225000A0103765666613057566930800021DA019
:102260003316A8028507B305F7000986158EB34615
:10227000C6208606B306D84093860603A38FD5FEF4
:10228000328839CE9356F841E39C17FD93763B0094
:1022900005466383C610DA884E88D6865E8672ADA0
:1022A000EFF0BF98AA84464DB64D3DB73ECCB77708
:1022B000001003A687F983A6C7F92245B2453ACE96
:1022C00046CA42C897000010E780E0C34248D2489F
:1022D000E2477247E34A05DA6394080885086DB35C
:1022E00093763B000546638AC61493060002E38496
:1022F000D7FA1306D00263950D0293764B0099EE40
:1023000093768B00C9DA13060002B386C700B305C3
:10231000C100AE962380C6FE8507B5BF1306B00286
:10232000B38627002380C6028507B5B7638067029E
:102330003E9C9305000313060002630CFC00850716
:10234000B306F700A38FB6FEE399C7FE930700021A
:1023500009B70A9C9306E00285072300DC02D5BD7D
:1023600093F61800E38206D2850839BB0508137876
:10237000E8FFC5B59147E3FE37E11384CBFFB30413
:1023800034015E842286D6860504D28513050002B8
:102390000299E31994FEF5BBE38F09EE63980D08EB
:1023A0009376CB00C1E663F33703938607FE99CE9D
:1023B0001306000311A095DA8507B306F700A38F73
:1023C000C6FE938607FEE3E837FF05B793060002D3
:1023D000E395D7F2C9B5E6CA93773B00937C2B000F
:1023E0005E84B9CFB7740010938484A1138BD4FF9B
:1023F000228CA8806286D686D285FD14050C0299AF
:10240000E3199BFE93043400E3880CDCB38774412A
:10241000E3F437DD2686D686D285130500028504CF
:102420000299B3877441E3E737FF7DB3FD19E3FEFB
:1024300037EB938607FEADFE4DBDE38809EAB9BFD1
:102440008D47E3F137FB1384DBFF4E94DE84268651
:10245000D6868504D285130500020299E39984FE8D
:1024600051B7B7760010938606CCB366DC20904255
:10247000D442B28C368D9DB675714AC1DAD8DED69B
:10248000E6D23AADB28CB68B3A85BE853A86BE8628
:1024900022C526C3CEDED2DCE2D406C7CA49BA843E
:1024A0003E84428A468C97000010E780004B2DED59
:1024B000B777001003A687F883A6C7F8E2AC9700A9
:1024C0000010E780E0986341A006B777001003A6EC
:1024D00007F883A647F8E2AC97000010E780A0A2B7
:1024E00063440504E2AC01468146D6DAEAD0EECE7A
:1024F00097000010E78020A126D0931AF469634367
:102500000500A28A9317B028B3F7F90013F7094022
:102510003ECA3AC8B3E754010DEFC9E3D247194A9E
:10252000638C074615483DA82687A2874EC9E288D6
:102530005288DE8666867AAD2A44BA409A440A49B1
:10254000F659665A465BB65B265C965C49616FF04D
:102550007F9BB1E7D2476381074402C8C247014865
:1025600063C54749E2AC0146814642C89700001066
:10257000E780609942482687D68763540500939781
:10258000FA699399B94893E90940D65A065DF64D20
:102590004EC9E288DE8666867AAD79BF194A13D5C0
:1025A0004A011375F57F130515C097000010E780E9
:1025B000E049B777001003A607FA83A647FA970009
:1025C0000010E780A09FB777001003A687FA83A6C4
:1025D000C7FA97F0FF0FE780C0E49397CA00370768
:1025E000F03FB183D98FAE8DBE85B777001003A6BB
:1025F00007FB83A647FB2A8D268597000010E780FE
:10260000A0DCB777001003A687FB83A6C7FB970063
:102610000010E780A09A2A86AE866A85EE8597F03C
:10262000FF0FE78000E097000010E78040362AC8DF
:1026300097000010E7808041B777001003A607FCE1
:1026400083A647FC2ACC2ECE97000010E780009787
:10265000B777001003A687F983A6C7F997F0FF0F95
:10266000E78020DC97000010E7806032B777001029
:1026700003A687FC83A6C7FC2A8DF2456245970016
:102680000010E780A0932ACC6A856AD22ECE9700EC
:102690000010E780A03BB777001003A607FD83A6D4
:1026A00047FD97000010E78060912A86AE8662455C
:1026B000F24597000010E78020D12A86AE862A8D49
:1026C000AE8D97000010E780608F2ACC2ECE6A86F0
:1026D000EE866A85EE8597F0FF0FE78080D4B777A6
:1026E000001003A687FD83A6C7FD2AD42ED6624517
:1026F000F24597F0FF0FE780A02A377800100326F5
:1027000008FE832648FE97F0FF0FE78080D12A86D7
:10271000AE866245F24597F0FF0FE7806028B777F5
:10272000001003A687FE83A6C7FE97F0FF0FE78081
:1027300040CF2A86AE866245F24597F0FF0FE780CC
:102740002026B77700102ACC2ECE03A507FF83A53D
:1027500047FF6A86EE8697000010E780E0C62A866B
:10276000AE866245F24597F0FF0FE78080CB2A8660
:10277000AE862255B25597F0FF0FE7806022B777FB
:10278000001003A687FF83A6C7FF97F0FF0FE7801F
:1027900040C9925701469387F73F939647019700A8
:1027A0000010E780A0812A862AD2AE862ECCF6AC15
:1027B00097F0FF0FE7802075E24712576353050239
:1027C00037780010BE85C247032608FE832648FEE0
:1027D000FD173A853EC897F0FF0FE780601C2A87F7
:1027E000AE87C2469305600C3A86938636063E85D0
:1027F00013FD290063E5D512D246914D639E061262
:102800009146B68D63F7860163150D1E9306CCFFC6
:1028100036CAC24691CAF6AC3A86BE8697F0FF0F1A
:10282000E78000182AD0AE8AE2AC0146814697F0D4
:10283000FF0FE780406D6340051A0257D687D248E4
:102840009396B94893D95948528836C06686DE8631
:102850007AADFD19EFF00FEB93F909022A86DE86B7
:1028600013855904DA85130416000299C24737DE2E
:10287000CCCC938EFDFFB306F040C2471818130E60
:10288000DECCB3E6D70A13D8F701814733B6C603C7
:10289000850793B5A600B308F700138307FE0D82E2
:1028A0003345C6200605898E93860603A38FD8FE7E
:1028B000B28699E1E31C03FC954636C476C202C099
:1028C0002286A948DE867AADEFF04FC2AA8463085B
:1028D0000D02330495416374840333868C00DE86D5
:1028E000DA851305000205040299E36884FF338743
:1028F000944105078147637BEC0C8504BE94BA4084
:102900002A44D65A065DF64D0A49F659665A465B80
:10291000B65B265C965C26859A4449618280D246E5
:1029200099EA9546B68DE3F886EF63160D0C93068B
:10293000BCFF36CACDB5954D498EE30106C2B776C8
:10294000001003A6060083A64600F6AC3ACA3ECCA9
:1029500097F0FF0FE780C04F5247E24763410502FF
:10296000B776001003A686F783A6C6F7F6AC97F0F5
:10297000FF0FE7804059E34305BE5247E247630B30
:102980000A0293F609409DC67D1A63F58D01630A1C
:102990000D04094D02CAB5BD93F729003E8D95E39C
:1029A00093374C00FD171307CCFFF98F3ECA02C8BE
:1029B000914D9DBDE3F08DFF63050D0202CA094DE7
:1029C00089BD02CA02C8094D914DB9BD9387FCFF6C
:1029D000E297858F1DB702569396FA69B6873287BC
:1029E000B9BDB306BC4136CA2DB53308FA407D18CF
:1029F00095BE094D39BD094D39BDB7370010357148
:102A00009387A79F26CB4AC94EC752C5E6DA06CFA1
:102A100022CDEAD8A3A5F1822E8AB68C3A89B28952
:102A2000AA846388053A03C50C00014D630C053A7E
:102A300056C3DEDEB77A0010B77B00105AC1E2DC65
:102A4000EED6938A0AB2938B4BB6130B50024144D5
:102A500011A86A86CE86D2858294050D03C50C0026
:102A600063040510850CE31665FF814603C50C0061
:102A700013871C00930705FEE19F6366F400B3C74C
:102A800057219C438287930705FDE19F2546637785
:102A9000F6089307A002814D6305F51A9307E0023B
:102AA00001486301F50A930785F9E19F4946636F81
:102AB000F602B3C777219C43828793E61600BA8C4F
:102AC00075B793E62600BA8C55B793E64600BA8CE4
:102AD00071BF93E60601BA8C51BF93E68600BA8CAB
:102AE00071B703C51C0093E606100507930770062F
:102AF000BA8C63E5A70A93074002E3FCA7F49307A7
:102B0000B5FDE19F13072004E365F7F43777001064
:102B1000130707BBB3C7E7209C438287814DB3CD22
:102B2000BD21B3ADAD200883BA8C938D0DFD930705
:102B300005FDE19F0507E374F6FE9307E0020148F7
:102B4000E313F5F603C51C00A54593E6064093077D
:102B500005FDE19F3A8663F5F50C9307A002630635
:102B6000F52ABA8C050781B79A4A0A4BF65B665C70
:102B7000B65D6A8463643D01138DF9FFCE866A8673
:102B8000D28501458294FA4022856A44DA444A4952
:102B9000BA492A4AD65C465D0D618280930575F973
:102BA00013F7F50FBD47E3E6E7EA256613061604BB
:102BB000B317E028F18F639B07222946630DC708EE
:102BC0001D46E318C7E80327090011096302072619
:102BD00093E81602BA869800254531A013B606017F
:102BE00063110626918213F6F6009305760363645B
:102BF000C5009305060385073306F700A30FB6FE4D
:102C0000138607FE61FEA14646C442C036C26A86EC
:102C1000C1480148CE86F2ACEFF04F8D2A8D3DBD04
:102C20003348082105063328A8200882130808FD28
:102C3000930705FDE19FE3F5F5FEB28C130716003F
:102C40009DB5832D0900110963C20D0803C51C0041
:102C5000BA8C0507A1B5930749003ED4032C09009F
:102C60004286630F081A03450C006296E2876304EC
:102C700005326385C700D883850765FFB387874121
:102C80003ED293F706406385071C93F726003ED09B
:102C90009257B3D7070B3ED28257638C073A8947C6
:102CA0003ED0B307A8013ECE6A8921A84A86CE86C7
:102CB000D285829405093307A94162970883630B83
:102CC000051AF247E39427FF3E8D75A203C51C0049
:102CD00093E62600BA8CB30DB0410507C1B303C516
:102CE0001C009307C006E310F5E003C52C0093E633
:102CF000063013873C00DDBB03C51C0093E60620AD
:102D00000507EDB303C51C00930780066305F52294
:102D100093E606080507D9BB9377D50F1377F50D12
:102D20001D099387B7FB130797FB137989FF93B7A7
:102D300017001337170003250900832549002E07C4
:102D40009607D98FD58F3EC02A87AE876A86EE88D0
:102D5000CE86F2ACEFF04FF221092A8D01B3930732
:102D60006004630EF5101D09137989FF032709001C
:102D7000832749006A8636C0EE88CE86F2ACEFF033
:102D80006F9821092A8DD9B96A86CE86D285130516
:102D900050028294050DD9B193074900898A3ED02B
:102DA000130C1D006386061A034509006A86CE8649
:102DB000D285829485476E9D63F1B7216286CE8667
:102DC000050CD285130500028294E319ACFF025969
:102DD00071B103C50C00B7240010938484C2014D67
:102DE000E31805C40144E36B3DD979B39307F006BA
:102DF000630AF50863F7A72A930780076306F518A7
:102E00002946BD9A328C02DC49A00328090003C57B
:102E10002C00890C13871C003368080A110961B162
:102E200003450C007D566296E287E31405E4A5A2F3
:102E300093F8F6FE93F6064093E818029800E38CA8
:102E400006D8A14646C442C036C26A86C148D1B33C
:102E500093F726003ED06380072489473ED06A89D5
:102E60004A86CE86D285829405093307A9416297A6
:102E700008837DF54A8D8257C9E32259C5B693E68A
:102E80000602D5B52146328C02DC13FF064013F34F
:102E900036FF63060F0013F326FF130F00409376EF
:102EA0000320639F061093770310930E4900639BE2
:102EB00007481377030469EF137703086309075280
:102EC00003560900631606121373F3FE63020F1212
:102ED0008147980076CE1AC46EC242C0E2886A86E4
:102EE0000148CE86F2ACEFE07FE02A8D7249BDB694
:102EF00093F726003ED0638C07506A899257E3FE11
:102F0000B7F7EA9D338DFD404A86CE860509D28506
:102F1000130500028294E319A9FF225981B6930791
:102F200080056301F50293072006631FF54E0946ED
:102F3000328C02DC99BF03C52C0093E6060C138784
:102F40003C006DB6414693E60602328C02DC35BF8A
:102F5000854763FEB705130CFDFFB307BC013ECEEA
:102F60006A8C6286CE86D285130500028294F2476F
:102F7000050CE318FCFE034509006286CE86D28567
:102F800082946E9D0259D9BC4146328C02DCF5BD5B
:102F90000346090005BF93F706403ED2B1DB93F725
:102FA00026003ED2638207466A8902D281BF03456A
:102FB00009006A86CE86D28582940259628D79BCD8
:102FC0001D09137989FF032E0900832E4900210969
:102FD000B367DE01639907221373F3FE63050F22C3
:102FE000814798001AC46EC242C0E2886A8615B151
:102FF00013575348130E100619C3130E1004591E0D
:103000009800A545B3768603850763E5D5029386C8
:1030100006033305F700A30FD5FE938607FEE38B67
:1030200006EAE36986EB335686038507B3768603A3
:10303000E3FFD5FCF2963305F700A30FD5FE938688
:1030400007FEE38906E893360601E39506E8118258
:1030500055BF925763F2B73D930700403ED0925759
:103060003389AD013309F94042CE6A86CE86D285D6
:10307000130500028294050D7248E3172DFF0345E6
:103080000C00E30C05DE93871D003ED28257E388D7
:1030900007DC02D039B19257E3E3B7FD85073ED292
:1030A0007DBB9307900613F3F6FE631AF53613FF04
:1030B000064063040F0013F3E6FE89C51305C5F946
:1030C000631C053093750320B5E993770310130C47
:1030D00049006390072213770304630F071E034719
:1030E0000900BA869358F701630E071CB7DECCCCF3
:1030F000938EDECC980021A0138607FE1DC233B646
:10310000D603850793B5A600330EF7000D8233452D
:10311000C6200605898E93860603A30FDEFEB286BF
:10312000E1DD42C01AC46EC246886A86A948CE86CE
:10313000F2ACEFE0BFBB62892A8D0DB21D09137995
:1031400089FF8323490083250900210993DFF301C7
:10315000B3E775006388072693D7F341BD8D3387A6
:10316000F540B3C37700B387F34037D5CCCCB3B3C6
:10317000E50037DFCCCCB3837740BA851305D5CCD7
:10318000130FCFCC81479800A542B386750033B6A4
:10319000B600B29633B6A6029E888507330EF700B6
:1031A000AE8E135C2600719A6296918EB386D540DE
:1031B00033B6D5003386C340499EB383E6031E96DB
:1031C000B3B3A602C99E1E96131CF60193531600B4
:1031D0008582E29633C6D62006063386C54013069E
:1031E0000603A30FCEFEB685639B080063E9D201F8
:1031F00042C01AC46EC27E886A86A94821BC9386E2
:1032000007FEC1F6F5B7935753481307100699C345
:1032100013071004930767FF3EDE9800814781463D
:103220007285F6853ADA1AD83ED642D432D272D0B6
:1032300076CE97E0FF0FE78060ECB2579376F50FFC
:10324000A545F24E025E1256225842535257850748
:1032500063E3D50493860603B305F700A38FD5FE79
:10326000938607FEE38006D8E256638AD6157285F8
:10327000F68581463AD61AD43ED242D032CE97E075
:10328000FF0FE78040BA72460258925722533257D6
:103290002A8EAE8E69B7F255AE96B305F700A38FAE
:1032A000D5FE63950E00BD46E3FEC6D3938607FEAA
:1032B000E38A06D29396CE01135E4E00369E93DECD
:1032C0004E00B1BF9800E31E0FE4930700032300F4
:1032D000F10498008547B1B513770308630207101E
:1032E000031709001356F740B346C700918EE99EB5
:1032F000D5BB8326090093D8F601EDCEB307D040A5
:10330000B7DECCCCB3E6F60A938EDECC980033B6AB
:10331000D603850593B7A600330EB7000D8233455B
:10332000C6200605898E93860603A30FDEFEB286AD
:1033300081E7938705FEE1FF42C01AC46EC246884A
:10334000AE87E5B30326090011E61373F3FE980078
:1033500063100F0693575348130E100699C3130EAC
:103360001004591E9800A545B3778603850663E4CB
:10337000F502938707033305D700A30FF5FE938764
:1033800006FE9DC763668603335686038506B377BC
:103390008603E3F0F5FEF2973305D700A30FF5FEA1
:1033A0009337060191E7938706FE99C311826DBF9B
:1033B00076CE1AC46EC242C0E288B6870DB6E36309
:1033C000CEC275B59800E3150FE293070003230002
:1033D000F1049800854729BD2946328C02DCC1B42E
:1033E00003270900B306E040B366D70AE5B9032610
:1033F0000900C9BC9800E3110FF4930700032300F0
:10340000F104980085450DBF930700403ED0E39836
:103410000DC422596FF08FE485073ED259B029467A
:103420009A86328C02DC95B413F3F6FE930575F997
:10343000BDB90111B7280010AE872AC436872C0009
:10344000B2861385A8EF7D5606CE3EC6EFF0EFDAC2
:10345000F2400561828083A7B182011106CE91CF2F
:10346000AA86372500102E87130525EF6C007D56A0
:103470008297F240054505618280852EF240014524
:10348000056182800D45731025BE7D15E35D05FE47
:1034900005651305058073104530736004307310A3
:1034A000003482800290FDBF411106C6E53F411104
:1034B00022C426C237740010B7740010130404939A
:1034C0009384849306C6EFE08FDB637794001C40FF
:1034D00011048297E36D94FEB2402244924441016C
:1034E00082801C412E85B285828783475501011158
:1034F0004AC806CE2E89D1C36352C00622CC26CA42
:103500009C813284AA84D91781E783474501B9CBCE
:10351000854701466303F4029306190085479882A4
:103520003E888507591709E703C7F6FF4D1729EFAE
:103530008506E316F4FE635886009C40B305C4403C
:103540003305C9008297B305890083C7F5FF62443C
:10355000CD1793B71700238AF400D244F2404249B2
:10356000056182801C41377500101305850089456F
:1035700082970546E312C4FAF9B71C41F2404A8526
:103580004249B28505618287B305C8403305C90049
:1035900063580601984036C63EC40297B246A24719
:1035A00098403775001013058500894536C63EC41E
:1035B0000297A247B2463E86A5BF9C4193060008EB
:1035C0002E872A88638AD7009386170094C1338791
:1035D000F5002302A700828083A73183011122CC4A
:1035E00006CE1384450091EF8546814714C33E976C
:1035F00023020701F24062440561828099CA9C4B14
:10360000E5D79443A2853E85FDDA83A6F182E39750
:10361000F6FE104342C63EC43AC2C13D3248A247FC
:103620001247F1BF397122DC26DA4AD856D206DEBB
:10363000B28A4ED652D45ECE26AD3684EFD03FFB52
:10364000B7470F0093870724AA9733B6A700370719
:1036500000802E967D17BE856374C7003A86FD559F
:10366000373A002013050AE697D0FF0FE78000A83D
:10367000FD57AA8B638FF40831C4B73900109389C2
:10368000A94E03A4318315C063930A0429A0638B58
:103690008700004819C81C4026866AACFDDB83A75A
:1036A000F182F5F7829900487DF4639D0B04F25096
:1036B00062544259B259225A925AF24B2685D25438
:1036C00021618280B73900109389294E5DBF5AD09D
:1036D000294B29A0638B8700004815C01C40268613
:1036E0006AACFDDB83A7F182F5F782992285930509
:1036F000F1000546A30761018299004865F0025B6D
:10370000E3870BFA13050AE697D0FF0FE780E0A8DE
:1037100079BF4A85EF302018AA84B9BF83A73183C7
:103720001387318399C76389A700138707019C4BCF
:10373000FDFB91C108C38280FDFD944B14C323A8F7
:103740000700828061A579714AD006D622D44ECE78
:1037500052CC2A89A307A100EFD07FE9B7470F0019
:1037600093870724AA9733B6A700370700802E96C1
:103770007D17BE856374C7003A86FD55B7390020B2
:10378000138509E697D0FF0FE780409603A43183A5
:103790002A8A05C426D229A0630DF400004809CC6A
:1037A0001C4005469305F1002285EDDB83A7F182DD
:1037B000E5F7253B00486DF49254631A0A00B250B5
:1037C0002254F249624A4A85025945618280138532
:1037D00009E697D0FF0FE780409CB2502254F2498F
:1037E000624A4A85025945618280411106C622C457
:1037F00026C22A84EF30200A8546AA8466AC368623
:10380000153503A4318311C45C4091CB82970048E5
:1038100065FCB240224426859244410182800048E2
:1038200065F4B24022442685924441018280717140
:1038300022D526D306D74AD14ECF52CD56CB26AC71
:10384000EFD0FFDAB7470F0093870724AA9733B664
:10385000A700370700802E967D17BE856374C700CA
:103860003A86FD55B7390020138509E697D0FF0F3A
:10387000E780C0872A8A373500102286A6866C002A
:103880001305A55B02C67536B24703A43183AA8A25
:10389000A9C315E002C663180A04BA502A549A5400
:1038A0000A59FA496A4A5685DA4A4D618280638B21
:1038B0008700004801CC1C400C082285FDDB83A753
:1038C000F182F5F732461531004875F403A43183CF
:1038D00002C671D05C4091C7829700484DDC5C40C5
:1038E000E5FF0048FDB7138509E697D0FF0FE78095
:1038F000C08A65B73971130341022ED29A8506CE6C
:1039000032D436D63AD83EDA42DC46DE1AC605371D
:10391000F240216182808280A38B0182828003C772
:1039200055009307F00F0145631DF70083C765003D
:1039300089EB83C77500FD1781E71336960019C21E
:1039400001458280B8812545A38BE18282800545AF
:10395000828085476384F500054582808347560051
:103960008346460003C77183A207D58F01456303D1
:10397000F7008280411106C65C826380B702094766
:103980006385E700B240410182800145130640068D
:103990008145EFD09FF90545F5B76C823882A205C5
:1039A00093F70510D98D89CB13D695003285058AFA
:1039B00093F5F507EFE08F827D5513D69500C5BFCF
:1039C00037750010130585DD82808547639FF500FC
:1039D0005C82639EB70003475600834746009D46BE
:1039E00022075D8F81476307D7003E85828081472C
:1039F0003E858280B7770010B2859306600A1386F1
:103A000007D36F1020640547B77700101889138516
:103A100007D18280D4819081B881FC81A206D18EA9
:103A20004207558FE207D98F1307004B6383E700E6
:103A300082804111014681457D5506C6EFD01FFAAF
:103A4000A3ABA184A3A9B184828003C571846FC094
:103A50005FB61387B1841C43411106C622C426C237
:103A60004AC0A5C7F3760430139637003316C02832
:103A7000F19BAFA5C744F18DEDFD0F00300354C39A
:103A80001C43238401840F00300323800700A18A94
:103A900073A006300144814403C57184EFC05FB058
:103AA00011E90144814466ACB24022449244024987
:103AB0004101828003C57184EFC0BFAF66ACB240E4
:103AC000224492440249410182801304803E814491
:103AD000E1B7411126C2AA8401454AC006C62E8913
:103AE000EF10700959C10145EF10F00C3DCD22C413
:103AF000EFD0FFAFB7470F0093870724AA9733B6DD
:103B0000A700370700802E967D17BE856363C70424
:103B10001385B18597C0FF0FE780405D31C5014532
:103B2000EF10700509C50145EF10F00815E5814556
:103B30007D55EF007038F5541385B18597C0FF0FA0
:103B4000E780A0652244B2400249268592444101A3
:103B500082803A86FD556DBFA6854A860145EF10E5
:103B6000F007AA8471F9C1BF2244F554E9BF41119D
:103B700006C622C4EFD0BFA7B7470F00938707241C
:103B8000AA9733B6A700370700802E967D17BE850B
:103B90006374C7003A86FD551385B18597C0FF0F42
:103BA000E780C05415C17D558145EF00F0300145D7
:103BB000EF10700D6DF91385B1852244B2404101BB
:103BC00017C3FF0F6700635DB2402244410182804A
:103BD00001114AC84EC606CE52C4AAADEFD03FA1CD
:103BE000B7470F0093870724AA9733B6A700370774
:103BF00000802E967D17BE856374C7003A86FD55FA
:103C00001385B18597C0FF0FE780404E19E5F2405C
:103C10004249B249224A056182800145EF10A075F0
:103C200045C922CC56C20144635020050145EF101E
:103C300090172A86B30789403346F60AB385890070
:103C4000014521C2EF10B00F81452A947D55EF0048
:103C5000B0260145EF103003EFD07F99A3AFA182CA
:103C6000A3A1B184E34424FD6244924AF240424954
:103C7000B2491385B185224A056117C3FF0F67005A
:103C8000C35181457D55EF0030230145EF10A07FE2
:103C90000145EF10406EAA870145F9D7EF10B0102B
:103CA00071F1EFD0DF9483A7F18337A7070083A6D4
:103CB0003184130707123E97B337F700B697E3E551
:103CC000B7FAE391F5FAE361A7FAE34124F769BF94
:103CD000F2404249B249814601471385B185224AE3
:103CE000A3AFD182A3A1E184056117C3FF0F6700D1
:103CF000C34A411122C41385B185814506C697C0C8
:103D0000FF0FE780203031E51387B1841C4395CF46
:103D1000F3760430139637003316C028F19BAFA515
:103D2000C744F18DEDFD0F00300383C781848545C5
:103D300054C3E19F18432384B1840F003003230050
:103D40000700A18A73A00630A1C7B24022444101F6
:103D5000828081457D5526C2EF0010160145EF1087
:103D60008065AA841385B18597C0FF0FE780E04284
:103D700099C883A7718581CB22449244B24003A5A0
:103D8000318541018287B2402244924441018280C0
:103D9000EFD00FB82A84EFD09F859307853E33B6C6
:103DA000A700370700802E967D17BE856374C70075
:103DB0003A86FD5522852244B240B74600109386CC
:103DC00026A58547014741016FD02FB54111B7079F
:103DD00000D022C4804306C6EFD08FB3EFD0EFDA15
:103DE00063078500B2402244014541018280B777D4
:103DF000001083C7C70281450145EF10D0721385BB
:103E0000B1851C41DDC70545EFC0FFD4B7450010A3
:103E1000AA87619D938525CFA383F184EFC08FFC92
:103E200003C571848545EFC04FF43945EFC0AFF944
:103E300025E19387B18423A0070023A20700EFD0D8
:103E40002FAD2A84EFD0AFFA9307853E33B6A70093
:103E5000370700802E967D17BE856374C7003A86AB
:103E6000FD55B74600102285938626A58547014754
:103E7000EFD0AFAAE34805F637350020130585E2F9
:103E80008545EFF0BF89B24022440545410182805B
:103E90000545EFC0AFE6AA851385B184EFC03FDAD0
:103EA000B74500109385A5A401463945EFC0AFFB87
:103EB000E1B7EFC03FD481BF37750010130545E768
:103EC000828037750010130505E28280B747002015
:103ED00083C607A1011106CE2A87B9CE11EF373567
:103EE0000020930790401305855C3C8D930740307C
:103EF0001C8DF24005618280954763E9E704B7773E
:103F00000010938787E0373500203347F7201305EB
:103F1000855C1843130625008147CD4531A0148EDA
:103F2000050709066381B70214838507E19FE5FA57
:103F3000860793E707306DBF2AC6C545138507A1DD
:103F40009120324761BF930780325DB7014555B775
:103F5000156539711305753406DEEFD07FA7AA8782
:103F600005466800A5458297D24762471386318689
:103F700093D787695CC2F25013578769A3A1E18682
:103F8000216182808547638DF518938731869883F8
:103F90002548FD1593564740138606036345D818F8
:103FA000108985466389D51C3D8B254693060703FA
:103FB000636EE61654890947638FE51AD88325484E
:103FC00093564740138606036345D81630898D46BD
:103FD0006383D51A3D8B254693060703636EE6146B
:103FE000748911476389E518B8832548935647407B
:103FF000138606036345D8142302C5009546638CD7
:10400000D5163D8B254693060703636DE612A30282
:10401000D50019476381E516F88325489356474034
:10402000138606036343D8122303C5009D466384A9
:10403000D5143D8B254693060703636BE610A30357
:10404000D50021476389E51203C7470025489356E9
:104050004740138606036340D8102304C500A546D5
:10406000638BD5103D8B1306070363E9E60EA304AB
:10407000C50029476381E51003C7570025489356BB
:10408000474013860603634ED80C2305C500AD4692
:104090006383D50E3D8B2546930607036366E60CC6
:1040A000A305D50031476388E50C03C767002548A1
:1040B00093564740138606036354D800138676034D
:1040C0002306C500B5466388D50A3D8B2546930671
:1040D00007036374E60093067703A306D500394708
:1040E000638BE50883C77700254613D747409306BF
:1040F00007036354E600930677032307D5003D4783
:10410000638BE506F98FA5461387770363E4F60012
:1041100013870703A307E500C147638EF504410534
:10412000230005008280138676039DBD93067703E6
:1041300051B51386760359BD9306770355B513869B
:1041400076035DBD93067703D9B513867603E9BD83
:1041500093067703EDB51386760301B7130677034D
:1041600039B71386760315B793067703A305D500F1
:104170003147E39CE5F22E95230005008280411132
:1041800006C622C47D2437041150B147B70500206C
:104190003CDC9385A5321306F00F3945EFC0AFCC58
:1041A000B7370020130600041385075F8145EF2011
:1041B000E055AA870545C88BB705105023A205080E
:1041C0002E871308000823200708930607101306FC
:1041D000000442979385450898D7239CC70023A2E3
:1041E0000700A3800702239CC702A38D070223A216
:1041F0000702239107038CC7D4C7D4D797C0FF0FFA
:10420000E78020FD054528C037070020F56778C402
:10421000C1072328F408B2402244B7271150416750
:10422000F8C741018280854539456FC00FB43735E5
:104230000020130505610146814515ACA385B186B3
:1042400099C5B72711503707020023A8E7088280D5
:104250009C8193F7F70791C38280D8819547E31D2E
:10426000F7FEB881B707115098C38280F0810548E6
:104270000D8A630F060FA88103C7550083C545004B
:10428000935675009378F507B3A7D82037330020ED
:1042900022074D8F96071303035F9A971377F77FD3
:1042A000B3C50601A88BA3810700A38DC700239C7B
:1042B000E700CC8B63850609B70510509385450848
:1042C00013956800B3E5B8201A950CC523A0050026
:1042D00063850808B70710509107B3E7F8205CC161
:1042E00001111307F703198306CE89479315770049
:1042F0006304F6009315670003A6F186B3A7D820E0
:1043000096073307B6009A97A3A7E186D0C7B715DB
:104310001050637AB706B3A7D82096079A9703C7B9
:10432000B701B7051050D4432D8E9317A701F24063
:10433000D18F9397F7299CC2054505618280B70705
:1043400010509387070893956800B3E7F8209A9573
:104350009CD523A00700639F08009606B70710505E
:104360009A969387071023A20600DCC60545828033
:10437000014582803705105021059387F8FFB3E788
:10438000A720DCD1B1BF3EC636C446C2EFD02FEE67
:10439000B247A2469248D047B73700201383075F41
:1043A0009DBF17C3FF0F6700C3E293F7F5079D8119
:1043B000B3A7B7203735002096071305055F4111D5
:1043C000B2853E95368606C65D20B2400545410160
:1043D000828013F5F50719E593B715008507372790
:1043E00011503CD79D813325B520B73700201605E5
:1043F0009387075F3E951316B028814517C3FF0FBB
:104400006700036D93F7F50791E382809D81B3A761
:10441000B7203735002096071305055FFD753E95DB
:104420009385F57F0146A301050017C3FF0F6700C1
:10443000236A411106C6B7270240B706001094C38D
:1044400037070240B737024094C321071C43B3F734
:10445000F640EDFF0566814537051050EF20002B33
:10446000B240B70711502547F8DB41018280411166
:1044700022C406C68547231AC500231B05000CC9A4
:10448000230DF5002A8497C0FF0FE780C05E19C591
:10449000B72711503707020023A8E708228597C0E5
:1044A000FF0FE780C05F01C98547230EF400B240CB
:1044B00022444101828022852244B240410117C337
:1044C000FF0F6700E365011126CA4EC6B7790010D9
:1044D00022CC4AC852C403C7718806CE2A89938960
:1044E00009F3014481470DA083A7B188B697BDCBDE
:1044F000DC474A850504829703C77188619CA287BF
:104500009306170063CA8600998F93165400960786
:10451000E36CE4FCCE97E9BF373500201305051C9A
:10452000130640058145EF20601EB7360020FD5779
:104530009386461C37370020DCC69CC61307471DF0
:10454000DCC29CC21CC35CC31CC75CC71CCB5CCB5D
:104550001CCF5CCFF2406244D2444249B249224A65
:10456000056182800290F2406244D2444249B249DD
:10457000224A0561828082808280014582800145D5
:1045800082808280828082808280B73700209387F9
:10459000071CC8833335A0008280B737002093877B
:1045A000071C8843135525488280011152C4373AAD
:1045B00000200347EAE506CE9307F00F6316F70ED7
:1045C0006389050E56C25AC0BAAE373500201306AD
:1045D000400581451305051C22CC26CA4AC84EC693
:1045E000EF20C0121385B187A3870188EFC08FE049
:1045F000373500201384B187130545E5A3AB8186C9
:10460000EFC08FE137340020130504E4EF204005AC
:10461000130404E4B7470010A3A18188938767A01F
:1046200099C713857188EFF00FBEA3A5A1883779CC
:10463000001003C77188130909F3014481470DA0D5
:1046400083A7B188B69795C7DC4385C7829703C710
:1046500071880504619C93061700A28763C78602D0
:10466000998F931654009607E36CE4FCCA97DC43D9
:10467000F1FF02906244D2444249B249924A024B4D
:104680000145F240224A05618280FAAE230F5AE5C5
:10469000EFF0FFAE79DD5685EFF0FFB86244D2440B
:1046A0004249B249924A024BF240224A054505610D
:1046B000828002900145F1B75971DAC8373B00207A
:1046C0000347EBE586D69307F00F6308F71EA2D4E5
:1046D000CECE37740010B7390020A6D2CAD0D2CCC3
:1046E000D6CADEC6130484E89389091C214983AB2A
:1046F000318883A74B017377043093963700B31644
:10470000D028F19B2FA6D744758E6DFE0F00300385
:1047100023ACEB004C105E85EF10D02B03A74B01B0
:1047200083A78B010F00300323000700A18B73A028
:104730000730630D0516834751026362F916B3C74C
:1047400087209C438287A257DDD33255829745B795
:104750008345810293F6F50713D77500B3A7362179
:10476000BA9703C74703799B238AE70203C7470326
:104770006D9B238AE7026386061483C7470103C73C
:10478000718863F0E71203A7B1889607BA97638E22
:1047900007109C4FB256034691020345410282978F
:1047A000B9B783C7F1886382071083C7F188FD1703
:1047B000A387F18883C7F1889DFBB7370020938BCF
:1047C000071C83C70B00E2C4014593E71700238051
:1047D000FB0083C74B03034C4102F99B238AFB0276
:1047E00083C74B03ED9B238AFB0283C75B03F99BC3
:1047F000A38AFB0283C75B03ED9BA38AFB02EF0046
:1048000090148347810213070006F98F638FE70036
:10481000130700046389E70E225785467D8B630FDB
:10482000D71489466300D7104DCF0290034541024B
:104830008145EFF01FBA0345410293050008EFF0F0
:104840005FB9264C6DB583A70900858BE38107EA24
:10485000253B71BD03454102EFF0FFC6EF00D00CD0
:10486000A2572381F90061B583C73900858BE380A6
:1048700007E822551133A5BD03454102EFF0BFC43F
:10488000EF00900A0133A5B583A70900858BE3806B
:1048900007E603A5090013553548F53189BD029097
:1048A000B9B59306170063D6F602029026549654C3
:1048B0000659F649664AD64AB64BB650464B65612C
:1048C0008280B2560346910203454102EF00300D4B
:1048D00039BD998F377700109607130707F3BA97FA
:1048E0004DBD130700026384E722A1F383479102C1
:1048F0002547E36CF7F2377700101307C7EAB3C711
:10490000E7209C438287374500101305A59CEF00E4
:104910009003628530108545EFF02F8BE30805F09A
:10492000264CF1B38345C10213F70507E31F07EED9
:1049300013F7F507B326772113D87500C29683C6FF
:10494000460103C6718863E7C60A13051600634073
:10495000D520918E377600109606130606F3B29690
:10496000638A071EC84A36C2EF00E07D9246628520
:104970003010DC4A8545829745F54DBD8346C1021E
:104980003D47E365D7EAB387DB0083C7470003C72A
:10499000718863EAE70693061700E3C9F6E8B38B6C
:1049A000E740B7770010960B938707F3BE9B03A5EC
:1049B0004B01EF00407983A74B013010628585459C
:1049C000829739FD8347810293F70706E39007E654
:1049D00083479102854BD917E3EAFBE4EF00A07609
:1049E00003479102A9476302F72462852C10DD2B4F
:1049F000264CF5B903A6B1889606B296638C0714C7
:104A0000E38606E285B703A7B1889607B30BF700E4
:104A1000E39F0BF821BD8347A10203C71B006380FE
:104A2000E71E03C71B0063130732A380FB006386E6
:104A3000071CFD1713F5F70FEFF0AFC801C9E6C269
:104A40005C81BE8C8947638FFC20964C029002905B
:104A5000A3800B00E1BB83C71B006285854613065C
:104A600021022C102301F102F12B264C49B10355F0
:104A7000A102BD4713578500619DE3E9E7DAB777E7
:104A80000010938747EDB347F7209C438287281097
:104A9000C1258345A1026285EFF06FF983C70B0042
:104AA000264C93E727002380FB0091B10357A10216
:104AB0008547E31DF7D683C70B0062852C10DD9B6D
:104AC0002380FB000523264C1DB183C70B008946BC
:104AD000628513D72700758F93D75748D98F130650
:104AE00021022C102311F102B12B264C09B10357DE
:104AF000A1028547E31CF7D283C70B0062852C1007
:104B000093E787002380FB00F129264CCDB683462E
:104B1000C1023D47E36CD7D0B387DB0083C74700B2
:104B200003C7718863FBE70403A7B1889607B30B3B
:104B3000F700E38D0BCE03A54B01312583A74B0175
:104B40006285301085458297E31C05DCC5B181463E
:104B5000E39E07CC83479102054513F6D70F630BFD
:104B6000A602E39407CCB3277721C29783C74703F4
:104B70006285894693D717489DB793061700E3C708
:104B8000F6CAB38BE740B7770010960B938707F30D
:104B9000BE9B55B70355A10205ED36C642C43AC2C5
:104BA0000345EBE5638DC708EFF0BF82124722484B
:104BB000B246B3277721C29703C74703136727007D
:104BC000238AE70203C7470313671700238AE70214
:104BD000E38806D4C84A36C2BD23924630108545C4
:104BE000DC4A628582970145B92B83A74B0393D793
:104BF0008748E38C07DE264CDDBCEFF0BF9862856A
:104C00002C10CD26264CE5B4EFE09FDB2A86E30F7F
:104C100005C07C8234826285A207DD8E2C101D21A6
:104C2000AA87E38507C0264CD9B46285DE862C109E
:104C300013062102230101023121264C4DBCEFF065
:104C40006FFC12472248B246B3277721C29703C7A9
:104C50004703759B238AE70203C74703799B238A8F
:104C6000E702BDB7EAC06EDE03477500B735002026
:104C700083C6051C93576748135757481207960772
:104C8000D98F13F7F6FCD98F2380F51C7C813481F2
:104C900037370020A207D58F37760010330DF50087
:104CA0009307471D93059500930D06F33EC263F9E4
:104CB000A509DC812D4785486397E7009C8183C85F
:104CC0003500BE95DC8111476392E70683C7718882
:104CD0003303BD40334303088146014763FDF604B7
:104CE00083A7B18813965600B297A9C303AE0701F4
:104CF0001A86628536CE46CC1AC62EC43ACA3EC83B
:104D0000029E2A8613359500A2453243E248F246B8
:104D100009E5C24752476378C30A83C7718885068D
:104D2000E19E138617003687E35AD6FA0290964C16
:104D3000064DF25D29BBB307F7409607EE977DB7A6
:104D4000EFF03F84964C064DF25D55BD814562857E
:104D50003EC4EFF0AFCE6285EFF0AFE403C72B00A7
:104D600062853AC2EFF02FF61247A2472381EB008B
:104D70006DB9EFF09F802A86E30A05AA1482628546
:104D80002C10C924AA87E39007EA4DB48355C102C9
:104D9000EFF0CF932A867DF151BC89476308F7086D
:104DA000EFF0EFFD2A86E31605E649B4EFF0CF9069
:104DB0002A86E30C05A66285C9462C106124AA87C1
:104DC000E39307E6A5B405456389A8046387080251
:104DD00003CE250081471303F00F39A08507E19F1B
:104DE0002302D50063FB17013305FE00619D5E952C
:104DF000834E4500E3846EFE15BF12453AC832C6A5
:104E00002EC4EF10000983C77188A245324642477D
:104E10008507B295E3DDE7E811BF884BB75700106F
:104E200093874771E316F5FAE6885DB7EFF06F896F
:104E30002A86E31005DED5BA55CA79715AC8373BC0
:104E4000002022D426D24AD04ECE52CC56CA5EC6BC
:104E500062C466C206D66AC02E84BE8BBA8A368900
:104E6000B284130B0B1C814C9549373C0020054A3A
:104E700015A883452B00034DECE5EF00D07AAA87F7
:104E8000A2856A8585CFEFF06FBE15C93C8013D728
:104E90007700630647052380FA00850C6386940536
:104EA0001C803E945C802285639B37016C808D89D9
:104EB000639725012C8093F50507C5DD02900290CC
:104EC0000145B250225492540259F249624AD24AE0
:104ED000424BB24B224C924C024D45618280238062
:104EE000FB00850CE39E94FB0545E1BF05458280F0
:104EF000BC8193F7070781C7029001458280411169
:104F0000B737002026C22E85AE8483C5271CB7374D
:104F1000002022C406C603C4E7E5EF00D07001E913
:104F20000290B2402244924401454101828066AC25
:104F30002244B240924441016FF04FB313D7750041
:104F400093F7F507130747033735002083A57187CB
:104F5000B3A7E7201305051C3E956F00F06113D73A
:104F6000750093F7F507130747033735002083A52E
:104F70007187B3A7E7201305051C3E956F001066E7
:104F80003735002093F7F5071305051C13D7750077
:104F9000B3A7A720BA9703C74703058B01C70290A1
:104FA0000145828003C74703373500200345E5E507
:104FB000011106CE13671700238AE7023EC6EFF001
:104FC000CFBE11EDB24703C74703799B238AE7029F
:104FD00003C747036D9B238AE70202900145F24015
:104FE0000561828003C6450083C6550003C765007E
:104FF00003CE050003C3150083C8250003C8350090
:10500000B73700209387C7182382C700A382D70031
:105010002380C701A380670023811701A3810701B3
:105020002383E70003C7750023A607008146A383F7
:10503000E7008C81014623A4070093C5F50F93F583
:1050400005083DBF03C8550003C7650003CF050031
:1050500083CE150003CE250003C3350083C8450069
:105060000111B737002006CE9387C7182380E701C8
:10507000A380D7012381C701A38167002382170181
:10508000A38207012383E70003C7750090C7239716
:105090000700A383E70003C7750003C86500220764
:1050A00033670701B356D70A2396D70005CB2A8862
:1050B000A1C615CE8387070013070004B3D6E60AFE
:1050C00063C40704373600201306C61481454285A1
:1050D000453D11CDF2400545056182808C818146B8
:1050E000014693C5F50F93F50508593D65F5029006
:1050F000F2400145056182808C83014693F50508E5
:105100004285BD3D61F9E5B7B7370020B2852AC6B3
:1051100036861385C71436C4EF10C0693248A246DC
:105120002A8693050008E9BFB73700209387C71880
:1051300023A0070023A2070023A4070023A607003B
:1051400023A807008280B737002023AEA7188280EB
:105150000347650003430500834815000348250005
:105160006C810346450083465500B737002093877E
:10517000C71823806700A380170123810701EC8BE8
:105180002382C700A382D7002383E700034775006B
:1051900023A4070023A60700A383E7008280B73774
:1051A00000209387C7189843011122CC06CE9D8119
:1051B000135777482A84630BB70299C60290F240CE
:1051C0006244014505618280BE85EFF06F88B73784
:1051D00000209387C718984B09C73E8622858D45C6
:1051E00002970545F240624405618280038707000B
:1051F00063410702884761D5B7350020368693851D
:10520000C51436C6EF10005BB246B737002093874F
:10521000C71803D7E7008C4703D667003697699F06
:10522000B6952397E7008CC7630FE60293B6060492
:105230009DEA03D6C7008387070013050004B30661
:10524000E640E99EB3D6A60A63C207066303C70811
:10525000373600201306C61481452285EFF05FD251
:1052600031DD054541B7984B11CB3E8689452285F6
:105270000297B73700209387C71811CD8C832285FA
:10528000814693C5F50F93F505080146EFF05FCF12
:1052900015D5054581BF81452285EFF08F93228585
:1052A00093050008EFF0EF9205452DBF630FC7008F
:1052B000B737002036861385C71436C6EF10804FE7
:1052C000B2462A869305000849BF930500080146A7
:1052D00069B78145014651B7011126CA06CEAA8495
:1052E000EFF0AFAA09E5F240D24405618280EFF009
:1052F000CFAA75F937370020B3C79420B3C7F7207A
:1053000013074708B3E6E720F0828E0769DEC1077E
:1053100022CC3384E700228536C6EF00D06893079D
:10532000F00363E4A70062447DBFB2460145EC820E
:10533000EFF0DFC06DD92285EF00F066B24693072B
:10534000F003EC8263F2A7026244F2409397740088
:1053500037360020D244130646003E9693060004DA
:10536000014505616FF0DFC16244F240D24401455E
:1053700005616FF0DFBE411122C406C62A84EFF03A
:10538000CFA011E5B2402244014541018280EFF0F7
:10539000CFA06DF9B347842037370020B3C7F7207B
:1053A00013074708B3E7E72003C54700B24022448C
:1053B0000589410182803345A5203345A5209317F7
:1053C000350037350020C1071305450841113E95CA
:1053D00006C6EF00D059B240410182803347A52074
:1053E000C16701113347E720FD1722CC26CAB33726
:1053F000F60013143700B734002013070401FD171B
:10540000938444084EC65D8EB30997004AC8699ECE
:105410002A894E8552C406CEEF00B0682A8AEFF082
:10542000CF9611E9F2406244D2444249B2495285D2
:10543000224A05618280EFF04F966DF5A294FC80C0
:10544000F5D34E85EF0030561304F003E37CA4FC43
:10545000EC800145EFF09FAE71D54E85EF00B05462
:10546000EC80637EA400373600201E091306460038
:105470004A96930600040145EFF09FB065B70145D9
:10548000EFF0FFAD45B7011126CA06CEAA84EFF0B2
:10549000CF8F11E50145F240D24405618280EFF0E3
:1054A000CF8F6DF9B3C79420B3C7F7208E07373776
:1054B0000020938647021307470822CC3384E60076
:1054C00022853EC6EF00B04A0DC1B73700201387D2
:1054D0004708B2474AC80145BA97AC833E89EFF006
:1054E000FFA511E56244424975B7624465B79397D9
:1054F0007400373700201307470093870704BA97D3
:10550000BE852285130600043EC6EF0090598345F0
:105510002900AA8609CD32462AC60145EFF05FA6CA
:10552000AA87324591EB029062444249A5B7EFF059
:105530001FA362444249B9BF62444249A9BF411115
:1055400022C4C1673344A52033448420FD17B337F8
:10555000F6000E0437370020FD1713074708130421
:1055600044023A945D8E26C2699EAA84228506C6AC
:105570004AC0EF00D0732A892285EF00503F93077D
:10558000F00363E9A700B240224492444A850249ED
:10559000410182802685C53DB240224492444A851D
:1055A0000249410182803345A5203345A520931748
:1055B0003500373500209387470213054508411110
:1055C0003E9506C6EF00303EB24041018280411157
:1055D00022C4373400201304440822851306800CAB
:1055E000814506C626C24AC0EF104012F167938774
:1055F00007201CC47D57A147B73500203735002050
:10560000A302E4002307F4009385C50B01478546F8
:105610001306000413054509A3890188EF00B02C87
:105620000547B735002037350020BA869385C50F6A
:10563000130600041305850AEF00F02A373900200D
:105640001305C913EFB00FDBB734002013854414E2
:10565000EFB04FDA1309C9139384441423202403B1
:1056600004D8B240232E0400232A04022244924488
:10567000024941018280B737002093874708945B35
:10568000985395C219CB23AE070023AA070223A87B
:10569000070223A007020545828023AA070223A848
:1056A00007020545828065DB23AE0700DDB783C7AF
:1056B000318941113737002006C61307470813F612
:1056C0001700232007002302070001CE898B3737FC
:1056D000002085C7B2401305870A854541016F0048
:1056E000107D3735002013054509EF00707783C71B
:1056F000318937370020898BF1FF1305870AEF00C6
:105700003076B240373700201305870A85454101BE
:105710006F00F07983C755000947639EE70003C710
:105720006500631AF700B73800209388480883C7DC
:10573000280089C70290014842858280011106CE67
:10574000B881930740022A832380E8009881254886
:10575000BA95D881BA86631CF700636606039C81FC
:10576000BE95D881C29733C80708E308D7FE95468F
:10577000BA876303D70211476397E70003C7550051
:10578000A9476306F704014542C2EFF0FFB412488F
:10579000F2404285056182801A8542C62EC41AC233
:1057A000EFF00FF5B73700201243A2453248938837
:1057B000470819C9BC81A380F8009881BA9542971F
:1057C000DC813348070845BF02900148D1B783C840
:1057D00005008946B737002037370020C6951A855F
:1057E0009387670813077708368642C446C2EFF0EE
:1057F000AFE49248224869D93908C29833C80808EA
:1058000059B71C821307000293F707066393E70258
:1058100003475600373800208346460013084808DF
:10582000834808002207558F81466387E800368544
:105830008280814636858280011106CE5882930887
:105840002002630A170763E0E8026304F704930782
:1058500010026316F70085476385F50A8546F24016
:1058600036850561828093073002E31AF7FE85478B
:105870006382F50AF515FDF193070000E5D37C82FC
:105880002C820145A207DD8D97000000E700000093
:10589000F1B785476387F506B7470010938747A19F
:1058A000D5DFF515C5FDB73500209385C508014541
:1058B000EFE04F9665B78547638EF5048D47E39F0C
:1058C000F5F87C82388237350020A20793761700DE
:1058D00033E6E70093C516001305850A36C6230292
:1058E000C80032C4EF00B05C93070000A5DB22467D
:1058F000B24501451356164897000000E700000026
:10590000B1BFB7370020B2859D461386C708EFF0B8
:105910006FF3A9B7B285EFF0EFEC89B7797122D4B4
:105920003734002026D24AD04ECE06D6130444087F
:105930007C80A6AD36896385B7083C80638B97026F
:1059400002900145B250225492540259F2494561E5
:1059500082809307000081CBB73700201385470969
:10596000EF00500361C90145EFF01F973C80639E33
:1059700097009307000091C7014597000000E700DA
:1059800000000145EFF03FB019C1054565BF37354F
:1059900000201305850AEF00807DE30809FE75F5F8
:1059A0009377F903FDF32C804E85EFF02FD971DD4D
:1059B0002C804E8581460146EFF08FDC054559B7B6
:1059C000B737002093854700B73700201385470974
:1059D00033C60608EF00B02D130700003DDB034778
:1059E00054009306F00FE306D7F6E30409F6B73741
:1059F0000020938747003306F90031A08507E38A2A
:105A0000C7F4034754009483E39AE6FE3EC4B737D5
:105A100000201385470932C6EF00C077A2473246FF
:105A200071FD8345540097000000E70000003246F6
:105A3000A247E9B797000000E70000002DB737350F
:105A4000002041111306C02481451305453506C6C3
:105A5000EF00D04B37380020373700203735002093
:105A60001308482D1307074A9308000493070010F2
:105A70008146014681451305C547A921B240373803
:105A8000002037370020373500201308483113072E
:105A9000C737130585359308000493070010814626
:105AA00005468145410139A93735002041111305CB
:105AB000C54706C6AD29373500201305853585292C
:105AC000B240054541018280411122C43735002092
:105AD0003734002006C61304443513054548230017
:105AE0000400EF00F0373735002013050536EF00CE
:105AF0003037A3040412A3020400B240224441013F
:105B0000828003C755009307F00F6304F700014537
:105B10008280797152CC373A002006D64ECE130AD5
:105B20004A3583495A0083479A12B3E9F9006392D0
:105B3000090E56CA5AC822D436AF03C72A0003C476
:105B40000A0083C74A002300EA005694D9CF3737AA
:105B50000020B737002026D24AD05EC662C466C293
:105B6000B304C400130C4748938CC7471549854BB1
:105B700029A0637794061C803E945C80E39B27FFFA
:105B80006370940662AFEFF0AFB63DC93C809D8371
:105B9000638777096285EF00B02C3C8003478A1247
:105BA000E685A304FA128347540083464400759B9C
:105BB000A207D58F93F7F77F938707E093B7170076
:105BC0008607D98F5A852304FA12152915C918801A
:105BD00083C74A00850993F9F90F3A94E3EFF9F87E
:105BE00092540259B24B224C924C33055441B2505C
:105BF0002254D24A424BF249624A699D45618280F1
:105C00000290225492540259D24A424BB24B224C37
:105C1000924CB250F249624A014545618280373563
:105C2000002013050536EF00B0233C8003474A00EF
:105C3000B7350020A302FA0083475400834644008E
:105C4000759BA207D58F93F7F77F938707E093B7EC
:105C500017008607D98F9385853501452302FA0001
:105C60002D2EB5B70111B737002006CE93874735E3
:105C700003C797122A886307B70483C75700638650
:105C8000B700F2400145056182809307000081CF93
:105C90002AC6B3C50608014536C497000000E700D0
:105CA00000003248A246B7370020938587354285E9
:105CB00036C642C4DD24B737002039CD0545F24051
:105CC0000561828003D747130DEB9307000091CF46
:105CD000B735002033C606089385452D014542C4DB
:105CE00097000000E70000002248B73500204285F9
:105CF0009385C54729260545D9B783A5C7122AC666
:105D00003735002033C606081305454836C4EF0072
:105D1000007A3248A24655BF3246224593858735E0
:105D2000092C054569BF011106CE8DC9854663E280
:105D3000A602984119CF13867189B347C52098C32D
:105D40006306D700F240054505618280EFE0FF85DC
:105D500075F902900145F2400561828085472C006B
:105D600001453EC402C6EFE05F84854719E1029019
:105D7000DDB7A3ABF188C5B71C81858BA9E314817E
:105D80002A8793D6264899C23E85828001112E85A6
:105D90002EC4FD553AC606CE97A0FF0FE780A03B64
:105DA0003247A2461C83858B91EF108313562648F9
:105DB00019EA1083854713664600108B29A0814796
:105DC0003E858280814736853EC497A0FF0FE780DD
:105DD000C03CA247F2403E8505618280411126C247
:105DE0004AC0AAAC4A85FD5522C406C697A0FF0F3B
:105DF000E780603680801354244809EC4A8597A0D8
:105E0000FF0FE7808039B240228522449244024944
:105E1000410182809C80858B89E79C80ED9B9C88DA
:105E2000F1BF0144E1BF8347550003474500688146
:105E3000A207D98F0D89094793F7F77F630AE50217
:105E40008D46630DD50005476312E502F91593B53C
:105E500015009385F53F63EAF50082809306000400
:105E60006386E5020545E3FAF6FE0290014582806D
:105E70006388A500130700040545E368F7FE8280E8
:105E8000130700200545E392E7FE82809306004059
:105E9000D1BF2E9663FAC5001548DC8163870701E0
:105EA0009C81BE95E3EBC5FE8280B8819377F707AE
:105EB000B3A7A7201D83BA97948B9C81BE95E3EE70
:105EC000C5FC8280797122D42A840881858926D2F2
:105ED00079994AD04ECE4D8D06D6BA850888368738
:105EE000B284130584003E8685462EC43EC6428990
:105EF000C689D52AA24599C1B24789EF2322240138
:105F000023113401B250225492540259F2490545EA
:105F1000456182801305C4012AC4EFA0BFCD22458C
:105F2000814799C0AA8701455CC808CCC1BF054517
:105F300082809C8101114AC893D71748FD172A898E
:105F40001385850022CC26CA32C606CEAE8413F451
:105F500007E4312C324609CA01E91304F41F618EAB
:105F600001E69C80858B81CB0145F2406244D2449E
:105F7000424905618280CC804A85EFE03FFC6DD5C7
:105F80009C80858B99C30290C5B7CC804A85814699
:105F90000146EFE0FFFE71F9FDB7011122CC4AC8BE
:105FA00022AD1385850006CED92201C51C80858BC4
:105FB00099C70145F24062444249056182804C80A4
:105FC0004A85EFE0BFF775D530844C401305840057
:105FD000C92C1C80AA86858B01C589CB0290D1BFB4
:105FE000E9FB4C804A85EFE09FF7E1B750404C80D9
:105FF0004A8536C6EFE0DFF875D1324565BF83D6F6
:10600000C500797122D406D69881AE872A8481EAA8
:10601000058B21C70145B2502254456182804ECE86
:1060200026D24AD0098BC16905E7938909FC130977
:1060300000049384870026853EC6B5226366250149
:10604000B2479883058B0DC792540259F249D9B7CC
:10605000938909E013090020E9BFCC813EC6EFE037
:10606000FFED4DD9B2479883058B0DC702905DB700
:10607000CC832285EFE09FEC61D926852D22B247A3
:106080009883058B6365250305CF029092540259CE
:10609000F24949B7B487CC83014691C2D0432285E7
:1060A0003EC6EFE0FFED79D1B247A887ADB749FF13
:1060B000CC832285EFE0BFEA92540259F24999BF9E
:1060C000B48733F7A900CC83B3D6E60A014691C260
:1060D000D043228536C6EFE0BFEA45D93245925417
:1060E0000259F2490DBFA16763E1C708011122CC33
:1060F0002A84484526CA4AC84EC652C406CE3A8AA1
:10610000B6892E89B28411C5FD5597A0FF0FE7808F
:106110008004084811C5FD5597A0FF0FE780A00334
:1061200093961901C5821317FA004844558F231519
:1061300004002313E40023202401231294002314D9
:10614000040009C597A0FF0FE7802005084809C58E
:1061500097A0FF0FE7806004F2406244D2444249B6
:10616000B249224A054505618280014582808356F5
:1061700085000357A50003554500B3C706083346FD
:10618000070863F4E600B327F520918FE99F3355A4
:10619000F50A8280835785000357A5003385E740C1
:1061A000133515008280035685008356A5000357DA
:1061B0004500B3470608B3C506086374D600B32785
:1061C000F7208D8FE99F3335F7007D151D8F798D71
:1061D000699D8280011122CC2A84084926CA06CEF4
:1061E000AE8411C5FD5597A0FF0FE780C0F683551B
:1061F00084008356A4000357440033C60508B3C780
:10620000060863ECD506B306F640E99EA5CE636E9C
:10621000D70463E6E700998FE99FE3FEE7FE0356A4
:1062200064000C40268546064582D19FBE955923C1
:106230008356A4000357440093871600E99F63F038
:10624000D706060785468147998F08482315F4002D
:1062500019C536C697A0FF0FE78020F4B246F2407A
:106260006244D2443685056182806364E602198EF9
:10627000B34706082315F40069BFB326C7209D8ED7
:10628000E99ED1F68357A400E99F0607E3CFE7FA1A
:1062900065BF3A96B34706082315F4009DBF8546AF
:1062A000EDB7011122CC2A8408494AC806CE26CA75
:1062B0002E8901C9FD5532C097A0FF0FE780A0E9E4
:1062C0000246035584008355A40003574400B34697
:1062D0000508B3C705086361B50EB384F640E99CB1
:1062E000EDC06362970C3356960AB344060863E622
:1062F000E700998FE99FE3FEE7FE035864000C4036
:10630000B306F74046081358180133860703E99E81
:10631000B29563F69606B38606034A853EC63AC42E
:1063200042C233C6060832C071212247B247124822
:106330003387E440BA973308F80202460C4033052D
:10634000C90033460808BD210356A4000357440082
:10635000B3079600E99F9316170063F1C704958F62
:1063600008482315F40009C597A0FF0FE780E0E275
:10637000F240624442492685D244056182803386D8
:1063800004034A8505290356A40003574400B307B4
:106390009600E99F93161700E3E3C7FC93161700D6
:1063A000E3C0D7FC6DBF63F6E602BA96B3C7060832
:1063B0002315F400BA8405BFB324D7209D8CE99C33
:1063C0008DF08357A40093161700E99FE3CAD7F80E
:1063D00079B7998EB3C70608E1BF011122CC2A8490
:1063E000484526CA06CEAE8411C5FD5597A0FF0FBD
:1063F000E78060D683568400835584000356A4004A
:1064000003574400E99EB3C705083345060863F403
:10641000C500B327F720898FE99F504063E4E70266
:106420009357F60163400602484419C53EC697A03B
:10643000FF0FE78080D6B247F2406244D2443E85E7
:1064400005618280B68763EFE602998FE99FE3FEDC
:10645000E7FE1317160013561701D19F0840A685B3
:1064600036C63E95812EB2460357440093871600E8
:10647000E99F63FAD70206078147998F2314F40036
:1064800085475DB79317160013D61701B307D602D9
:106490000840A68536C63E95312EB24603574400C5
:1064A0008506B3C706080607E3CAE7FCF9B7630524
:1064B0000610AA884845397106DE3283AE8E01CDBA
:1064C0002EC8FD5546C632CA97A0FF0FE780A0C868
:1064D0005243C24EB24803DE880083A6480083D7E9
:1064E000A80003D74800334E0E08E99F63C306088F
:1064F0006367FE0CB307FE40E99F63F9E70CB3073F
:10650000F740E99F33D6670A3343060833086E0025
:1065100033480808330FE340F2876366EE00998F33
:10652000E99FE3FEE7FE13961600935616013386A5
:10653000D70203A508001D8F699F32956368670A1B
:106540003306D302F68546CC42CA72C81AC69D24C9
:106550003243424E5248E24883D74800860763647C
:10656000C8016344F8003308F840239408011A87EF
:106570008DA0637FE304636EFE0A3306FE40699ECE
:10658000931517001A96330FE3406342B60233881F
:10659000E70033480808330E6840334E0E08636442
:1065A000FE00E34BBEF6B305BE4033CE050833080C
:1065B000C301334808088DB701473A8582803328E4
:1065C000C721B307F840E99FE3EBE7F2014711A0C9
:1065D00025EB03A5C80019C53AC697A0FF0FE780B1
:1065E000C0BB3247F2503A8521618280559FF685C3
:1065F0001AD642D072CC46D47AD23ECE36C676CAAD
:106600003346070832C87D22F247125FB246A258CD
:10661000FA97DD9E4246D24E03A5080046C6B385D2
:10662000CE0033C60608792232530258624EB24871
:1066300025B7931517003386F5407296699E99B772
:10664000139516003306E340935515014D9E33888C
:10665000E700334808083E8E3A83014FB29E6DBD75
:10666000411122C42A84484506C611C5FD5597A08C
:10667000FF0FE78040AE084811C5FD5597A0FF0FFA
:10668000E78060AD4844231504002314040009C5C5
:1066900097A0FF0FE78060B0084809C597A0FF0FDB
:1066A000E780A0AFB24022440545410182804111FC
:1066B00022C42A84484526C206C6AE8411C5FD55AB
:1066C00097A0FF0FE78020A9084811C5FD5597A0A6
:1066D000FF0FE78040A8835564009397F400484477
:1066E000C605C581DD8D2313B40009C597A0FF0F32
:1066F000E780A0AA084809C597A0FF0FE780E0A996
:10670000B240224492440545410182803D432A879C
:106710006373C3029377F700BDEFADE5937606FF91
:106720003D8ABA960CC34CC30CC74CC74107E36BF8
:10673000D7FE11E28280B306C3408A0697020000AA
:1067400096966780A6002307B700A306B700230626
:10675000B700A305B7002305B700A304B7002304BF
:10676000B700A303B7002303B700A302B7002302B7
:10677000B700A301B7002301B700A300B7002300AF
:10678000B700828093F5F50F93968500D58D93968B
:106790000501D58D61B79396270097020000969664
:1067A0008682E78086FA9680C1171D8F3E96E37435
:1067B000C3F8A5B7B3C7A5008D8BB308C500B1E773
:1067C0001336460039E2937735002A87C5E713F67A
:1067D000C8FFB306E6409307000263C3D704AE8642
:1067E000BA876371C70203A806009107910623AE1A
:1067F00007FFE3EAC7FE7D16198E719A910511070E
:10680000B29532976366170182802A87E37E15FF6F
:106810009C8105078505A30FF7FEE39BE8FE8280B8
:10682000944183A2450083AF850003AFC50083AECA
:10683000050103AE450103A3850103A8C50114C3E7
:10684000945113074702232057FE232ED7FE2322FD
:10685000F7FFB306E6402324E7FF2326D7FF2328CC
:10686000C7FF232A67FE232C07FF93854502E3C950
:10687000D7FAB5B79481050793773700A30FD7FEF2
:106880008505B1D79481050793773700A30FD7FE0D
:106890008505EDF32DBF937735002A879DEFB786E9
:1068A0007F7F9386F6F7FD5510431107B377D60027
:1068B000B697D18FD58FE389B7FE8346C7FFB3075D
:1068C000A74085CA8346D7FF95C20345E7FF333506
:1068D000A0003E9579158280F9D21C830507937636
:1068E0003700FDFB098F1305F7FF82801385D7FF63
:1068F00082801385C7FF82800E1B0010AE1A001025
:10690000D81A00103E1B0010F21A0010281A0010AE
:106910003A1B0010161A00108E0B001010100010F9
:106920006C1A0010241B0010843400103205001073
:08693000503F001004010010AB
:10693800506C6179696E6720747261636B3A2025C7
:10694800640A00000A2A2A2A2050414E4943202A74
:106958002A2A0A000A0000004E6F207370696E6CC4
:106968006F636B732061726520617661696C616227
:106978006C6500004E6F2075736572204952517323
:106988002061726520617661696C61626C650000E6
:10699800486172647761726520616C61726D20254F
:1069A8006420616C726561647920636C61696D65EE
:1069B800640000004861726420617373657274003A
:1069C80052656C6561736500626F6F74325F773210
:1069D8003571303830000000302E3100322E322E22
:1069E800300000007069636F320000006C6162362D
:1069F8002D636F64650000004D61722032382032CB
:106A080030323600666E692B00000000666E690041
:106A18006E616E00666E692D0000000055534220BD
:106A2800737464696E202F207374646F757400002A
:106A380052617370626572727920506900000000BB
:106A48005069636F00000000426F61726420434424
:106A5800430000005265736574000000556E68615C
:106A68006E646C65642049525120307825780A009C
:106A7800657020253032582077617320616C72650B
:106A880061647920617661696C61626C65000000FF
:106A980043616E277420636F6E74696E7565207824
:106AA800666572206F6E20696E6163746976652011
:106AB800657020253032580006005250D3F07542D8
:106AC800C869001006005250E182887FD069001022
:106AD800060052503ABCA911E06900100600525055
:106AE800ABB36053E469001006005250BBFF3CB6DC
:106AF800EC69001006005250861C0302F46900106D
:106B0800060052505422A29D006A001005005250FF
:106B1800DE65F468AC9E0010DA2A0010862A0010A0
:106B2800862A0010D22A0010862A0010862A001011
:106B3800862A0010862A0010862A0010862A00104D
:106B4800862A0010CA2A0010862A0010C22A0010BD
:106B5800862A0010862A0010BA2A0010042D001078
:106B6800EC2A0010F82C0010EC2A0010DE2C001083
:106B7800EC2A0010EC2A0010EC2A0010EC2A001075
:106B8800EC2A0010EC2A0010EC2A0010E22A00106F
:106B9800EC2A0010EC2A0010EC2A0010EC2A001055
:106BA800EC2A0010E22A0010882D0010522A00104A
:106BB800522A0010522A0010522A0010522A00109D
:106BC800522A0010522A0010522A0010522A00108D
:106BD800522A0010522A0010522A0010522A00107D
:106BE800522A0010522A0010522A0010522A00106D
:106BF800522A0010522A0010522A0010522A00105D
:106C0800522A0010522A0010522A0010522A00104C
:106C1800522A0010522A0010522A0010522A00103C
:106C2800522A0010522A0010182D00105E2D001054
:106C3800182D0010522A0010522A0010522A001053
:106C4800522A0010522A0010522A0010522A00100C
:106C5800522A0010522A0010522A0010522A0010FC
:106C6800522A0010522A0010522A0010522A0010EC
:106C7800522A00101E2F0010522A0010522A00100B
:106C8800522A0010522A0010522A0010522A0010CC
:106C9800522A0010522A0010522A00101E2F0010EB
:106CA800982D00101E2F0010182D00105E2D0010BA
:106CB800182D001000000000000000000000F03F48
:106CC80000000000000024400000000000005940BF
:106CD8000000000000408F40000000000088C34012
:106CE80000000000006AF8400000000080842E4187
:106CF80000000000D01263410000000084D79741D3
:106D08000000000065CDCD410000000016390010DC
:106D180000000000183900101E3900105239001008
:106D28004E390010000000000A00000000000306B1
:106D3800A6000800020002009C0014000300574946
:106D48004E55534200000000000000000000800083
:106D58000400010028004400650076006900630013
:106D6800650049006E0074006500720066006100ED
:106D780063006500470055004900440000004E00CC
:106D88007B0062006300370033003900380063007D
:106D980031002D0037003300630064002D003400FB
:106DA8006300620037002D003900380062003800A7
:106DB8002D0039003100330061003800660063009F
:106DC800610037006200660036007D0000000000A8
:106DD800050F2100011C100500DF60DDD88945C7BB
:106DE8004C9CD2659D9E648A9F00000306A6000104
:106DF800000000000600525053B4F4A1246A0010A9
:106E080000000000386A0010486A0010103A00209C
:106E1800506A00105C6A00100902540003010080E7
:106E28007D080B00020202000009040000010202B2
:106E380000040524002001052401000104240206A1
:106E48000524060001070581030800100904010054
:106E5800020A00000007050202400000070582023E
:106E68004000000904020000FF00010512011002A1
:106E7800EF0201408A2E090000010102030100000F
:106E88009E480010544800107848001068480010C8
:106E98008848001046480010A247001050470010CC
:106EA80046470010CA4A0010AC4A00102A48001091
:106EB800EE4A00102A4800108E4A00106E4A001050
:106EC8002A480010564A0010164A00102C48001094
:106ED800AC4D00109A4D00108C4D00102C4800103D
:106EE8002C480010724D00109A4D00102C480010CC
:106EF8002C4800102C4800102C4800102C4800107A
:106F08002C4800102C480010084C00100C0C0020D5
:106F18000C0C0020740C0020940C0020F80C0020AD
:106F2800100D0020020C002000000000CE550010BB
:106F380076560010AE560010145700100258001074
:106F48001C59001000000000000000003E5A00100C
:106F5800A85A0010C85A0010025B0010CA39001065
:106F6800645C0010000000000000000065CDCD4109
:106F78000000000080842E41FFFFFFFFFFFFEFFFAE
:106F8800FFFFFFFFFFFFEF7F0000000065CDCDC1D1
:106F9800000000000000E03FFB799F501344D33FFE
:106FA800B3C8608B288AC63F000000000000F83F85
:106FB80061436F63A787D23F71A379094F930A4052
:106FC8001655B5BBB16B0240EF39FAFE422EE63FCB
:106FD8000000000000002C400000000000002440D9
:106FE8000000000000001840000000000000004001
:106FF800000000000000F03F2D431CEBE2361A3F72
:047008000D0A00006D
:10700C00C06A0010CC6A0010D86A0010E46A001044
:10701C00F06A0010FC6A0010086B0010146B001072
:04702C00FC6D0010E7
:107030001C412A87F3760430139637003316C02894
:10704000F19B2FA5C744718D6DFD0F0030038307A1
:10705000470063CE070091C19CC101451C430F004E
:10706000300323800700A18A73A006308280B7070F
:1070700000D09C4305452302F7001C430F0030035A
:1070800023800700A18A73A006308280B70700D052
:107090009C43011122CC26CA4AC84EC606CEBE84E5
:1070A0002AACB28929A80F0030032300070073A07F
:1070B00007306EAD971000F0E780A04131E51C402D
:1070C0007377043093963700B316D028F19B2FA620
:1070D000D744758E6DFE0F0030038306440093770E
:1070E00087001840E3D106FC230294000F00300310
:1070F0002300070073A00730F2406244D2444249A3
:10710000B249054505618280F2406244D244424959
:10711000B2490145056182801C4173770430939622
:107120003700B316D028F19B2FA8D7443378D80066
:10713000E31C08FE0F0030038306450093778700A9
:10714000184163C206020F0030032300070073A03A
:107150000730B70700D00387070081476314D700C3
:107160003E85828025B7B70600D094422302D50021
:107170000F0030032300070073A0073085473E85CA
:107180008280411122C426C206C6A2AC971000F02C
:10719000E78020491307803E3306E402B7070080EA
:1071A000FD173334E40232953336C5002E9422960F
:1071B00063F4C7003E867D552244B240AA852685E9
:1071C00092444101E1B51C41737704309396370036
:1071D000B316D028F19B2FA6D744758E6DFE0F00F5
:1071E0003003FD572302F5001C410F0030032380BC
:1071F0000700218B7320073033201000828041115B
:1072000006C6B707105023A4070023A6070023A82B
:10721000070023AA070023AC070023AE070023A022
:10722000070223A2070223A4070223A6070223A81A
:10723000070223AA070223AC070223AE070223A0FA
:10724000070423A2070423A4070423A6070423A8F2
:10725000070423AA070423AC070423AE070423A0D2
:10726000070623A2070623A4070623A6070623A8CA
:10727000070623AA070623AC07063735002023AEEE
:107280000706130505631306003C8145976000F06F
:10729000E780004BB240B707105093870718A3A7A9
:1072A000F186410182807971B70711505AC803AB4A
:1072B000870506D6630A0B0652CC373A002022D443
:1072C00026D256CA4AD04ECE01448544130A0A5FDC
:1072D000B73A115009A80504619C930704FE86047F
:1072E00095CF638D0902B3779B008549EDD7B3F73E
:1072F00089401379E40F3E991609529923AC9A04F8
:107300004A85EF00500B0DE50504619C337B9B40E3
:10731000930704FEB33960018604E1F722549254C6
:107320000259F249624AD24AB250424B45618280C8
:107330008346290003576901930700704800CE85F2
:10734000A30401002304D1003AC62312F100EF0088
:10735000100C4A85EF00807945BF7971B70711504D
:1073600026D283A4870922D43704020006D6658C6E
:10737000C14765C837070B40B737002010579387C0
:10738000075F83C6B703A3A9C18609470144638782
:10739000E63083C6B70709476386E61E83C6B70B88
:1073A0000947638BE61E83C6B70F0947638AE62049
:1073B00083C6B7130947638DE62483C6B717094709
:1073C0006384E62283C6B71B09476383E62883C626
:1073D000B71F0947638CE61C83C6B723094763833D
:1073E000E62883C6B7270947638AE62083C6B72BFA
:1073F0000947638BE62883C6B72F0947638CE61CD1
:1074000083C6B73309476388E62683C6B73709477B
:10741000638AE62083C6B73B0947638DE62C83C6A3
:10742000B73F09476388E62A11E883C7B18699E721
:10743000B73711503707020023A8E708B7071150E4
:10744000BC4713070030854593F7F77F48083ECCCB
:10745000231AE100EF00A07BB7070200C107370441
:10746000020013F70401631B07109397F40063D61F
:107470000704373500201305055F8347A501131462
:10748000042909470548ADE3A301050113050502D9
:107490006318070593070060231AF100B70710501F
:1074A0009443BA85480836CCDC433ECEEF002076C4
:1074B000B737115037070200B8CB9397340163CA2E
:1074C00007089397140163C807069397040163C5DF
:1074D0000704631D943CB25022549254456182804B
:1074E0008347A5010547CDD3B7271150B8D3B706B9
:1074F0001150FC52F98FE39EE7FE0D6681453AC6B6
:107500002AC4ED2B2245DD233247B73711502245DF
:10751000F8D3B8D305488DBF930700508545480878
:10752000231AF100ED25B73711501317B0281314A3
:10753000F428B8CB79BF9307004085454808231A43
:10754000F100F125B737115041471314E428B8CBA7
:10755000ADBFB707115023A00700553193070010A6
:1075600048088545231AF10002CC5525B73711503C
:10757000370708001314C428B8CBA1B73EC425337D
:107580002244E5B503C7A707E30A07E083C6C70798
:107590006395062C3A8419B503C7A70BE30507E0EA
:1075A00083C6C70B639C06283A84F5BB03C7A71F95
:1075B000E30407E283C6C71F639406243A8429BD07
:1075C00003C7A70FE30607DE83C6C70F639B06202A
:1075D0003A84F9BB03C7A72FE30407E283C6C72F8A
:1075E0006392061E3A8429BD03C7A717E30C07DC84
:1075F00083C6C7176399061A3A84E9B303C7A72756
:10760000E30607DE83C6C727639006183A84F9BBF2
:1076100003C7A713E30307DA83C6C71363970614E8
:107620003A8461BB03C7A737E30607DE83C6C737C3
:107630006394062403C6B73B89466305D60803C78F
:10764000B73FE31DD7DE03C7A73FE30907DE79A0F5
:1076500003C7A71BE30D07D683C6C71B6398060E97
:107660003A84B5B303C7A723E30D07D683C6C72360
:10767000DDEE3A84BDB303C7A733E30807D883C65A
:10768000C733D9E63A8451B303C7A72BE30507D61E
:1076900083C6C72B639506183A84B1BB03C4A703FE
:1076A000E30904CE03C7C703E30507CE373500203F
:1076B00013050561238E07025129B73700209387F0
:1076C000075FC1B983C6A73B95EA83C6B73FE39777
:1076D000C6D63A8403C7A73FE30807D403C7C73F0A
:1076E000E30E07D4374500201305059D238E073E82
:1076F000B129A9B303C7A73BE30307D203C7C73B1D
:10770000631A071883C6B73F0947E399E6D225BF36
:1077100037450020130505913AC4238E07323D21D9
:107720002247B73700209387075F3A84F9B9374576
:107730000020130505813AC4238E07220129224720
:10774000B73700209387075F3A8461B93735002047
:10775000130505793AC4238E071ACD2E2247B73771
:1077600000209387075F3A849DB1373500201305C9
:1077700005713AC4238E0712D12E2247B737002055
:107780009387075F3A8415B93745002013050585AF
:107790003AC4238E07265D2E2247B73700209387F1
:1077A000075F3A84A1B137350020130505753AC447
:1077B000238E0716612E2247B73700209387075F75
:1077C0003A8409B1374500201305058D3AC4238E4C
:1077D000072EAD2E2247B73700209387075F3A84E4
:1077E00005B1373500201305056D3AC4238E070E09
:1077F000B12E2247B73700209387075F3A844DBEEA
:10780000373500201305057D3AC4238E071E3D2E13
:107810002247B73700209387075F3A8475BE374504
:107820000020130505893AC4238E072A052622471E
:10783000B73700209387075F3A8475BE373500203D
:10784000130505693AC4238E070A09262247B7376C
:1078500000209387075F3A84B9B6373500201305B7
:1078600005653AC4238E0706D5242247B737002082
:107870009387075F3A841DB63745002013050595A9
:107880003AC4238E0736D924B7370020224793877E
:10789000075F4DB33745002013050599238E073A3E
:1078A0007524B73700209387075FA9BD377500108F
:1078B000B3459400130545A6970000F0E78020B378
:1078C00083574501035685017881034815003356D7
:1078D000F60A918FAA86E99F134517003337E00017
:1078E000E88A360713650640239AF600598D631B14
:1078F000080803A8060151C283A8C6009397650033
:10790000930EF6FF1947BE986374D70933E3080155
:1079100013733300C2874687631C03063383084111
:107920007D13133333006315030613532600131E10
:1079300023003343032103A8070091071107232ED7
:1079400007FFE31AF3FE6306C60383470300F298BA
:107950003387CE412380F800638DCE0103481300A6
:107960008547A38008016306F7008347230023812E
:10797000F80003A8060183D74601329823A8060120
:107980001315F52899E31315E52891C14205828066
:107990003307C8008347080005088508A38FF8FE51
:1079A000E31AE8FEF9B71C452A889C4391C1C183BC
:1079B0000347180013F5F73F09EF83576801AA97AB
:1079C000231BF800835788016374F500231A08000D
:1079D0008280832608012DC50327C8009A0513035A
:1079E000F5FF1946B307B7006375660685053306CC
:1079F000B7003386C64013363600368739EA33E699
:107A0000F6000D8A39E69378C53FB3851701904398
:107A100091071107232EC7FEE39BF5FE63001503B4
:107A20009C81C696330713419C8A63091301D08158
:107A30008547D08A6304F700BC81BC8A832608018D
:107A400083576801AA962328D800AA97231BF80019
:107A500095BF3386A700988385078506A38FE6FE2A
:107A6000E39BC7FE83260801E1BF1C454111814508
:107A70009C4322C406C62A843D375C409C4313972E
:107A8000170063560700835784016386A700B2403E
:107A900022444101828022852244B2408545410131
:107AA00019B7B7071150BC43898B91E738811D8303
:107AB00011E73E85828081473E8582808347B501FC
:107AC000F91793B717003E858280411106C6D13F52
:107AD00019C9B7070B40885783A73187130505CE0F
:107AE0001D8D1335750CB24041018280230D0500B8
:107AF000232A050023280500828000001C4599C127
:107B00009843F98D1DC613770640D18D1DC3984348
:107B1000137707400DE313F7F5BF98C337071150EC
:107B20003843098B19E7B1479387E7FFE3DE07FE88
:107B30001C458CC38280411106C62C81377500100C
:107B4000130585A7970000F0E780608A5C4101116A
:107B5000814522CC26CA8043AA8406CE9533B70736
:107B60001150B8431316C528BC80098B1DC393F769
:107B7000F70795C31314C4491314E4491314D42903
:107B8000DC40F240268580C36244D24481450561D1
:107B9000B5B79D83E5D383D74401E9DF85452685C5
:107BA00032C6393B32461314D4491314C429131472
:107BB000E429498EF1B7411126C28344A50122C4AC
:107BC00006C62A8485CC55358357440199E7B240CF
:107BD000224426859244410182802285FD3519C9BF
:107BE0008547230EF4008144B24022442685924406
:107BF000410182802285993F8144FDB72C813775F0
:107C00000010130585A997F0FFEFE780407E79719A
:107C100022D426D206D65C8119472A84AE84636FAB
:107C2000F70037770010130747F1B3C7E7209C43ED
:107C3000828783C7F1888507A387F18803A73188E6
:107C40005C4BF3760430139637003316C028F19B53
:107C5000AFA5C744F18DEDFD0F00300314CFA28511
:107C60003A853AC6975000F0E780607A3247544B25
:107C70001C4F0F00300323800600A18B73A0073038
:107C800019E50290B25022549254456182804C8092
:107C900008802254B250268692544561174300F062
:107CA0006700A390B73700209387071C9883799BC0
:107CB000988B9883759B988BA380070098836D9B06
:107CC000988BADBFB777001003C671884AD00147C3
:107CD000138907F3814763F0C70803A7B188939618
:107CE0005700369711CB584F01CB4C4008803EC609
:107CF000029703C67188B2478507E19F9306160075
:107D00003E87E3DAF6FCB73700209387071C9843D9
:107D1000135727484DE3FC83858BB1E3B2502254BF
:107D20000259925445618280B73700209387071C1F
:107D30009843058B21DB988313674700988BFDBD23
:107D4000B73700209387071C9843058B05DF98837E
:107D50006D9B988BE5B5118F16074A9769B714800C
:107D60005C4003A431880D47230AD100A30AE10037
:107D70003ECC5C487377043093963700B316D02816
:107D8000F19B2FA6D744758E6DFE0F00300318CCE3
:107D90004C082285975000F0E780606758481C4CDB
:107DA0000F00300323000700A18B73A007302DE9DB
:107DB00002900259C1BD988383A631886D9B988B30
:107DC0001080154702CA230AC100A30AE100D84A5D
:107DD00002CC02CE7376043093153700B315B02869
:107DE000719B2F25B7446D8D6DFD0F00300390CE34
:107DF0004C08368536C6975000F0E7804061B246A1
:107E0000D04A984E0F00300323000600218B7320C8
:107E10000730B73700209387071C11ED0290E5BDAE
:107E200083455101034541012686973000F0E780E4
:107E3000C077025981BD8345510103454101268622
:107E4000973000F0E7806076B73700209387071CF3
:107E5000D9B532873688AA882E836394061AB73735
:107E60000020938707B163F4C50AC1666377D6081B
:107E70009336061093B616008E06335ED600F29740
:107E80009C83B69793060002638DD7009D8E339333
:107E9000D500B357F5003317D60033E36700B318A6
:107EA000D50013550701B357A302B345070893D66E
:107EB00008013373A3023386F5024203B3E666007A
:107EC00063F8C600BA9663F4C60063FFE602FD17C6
:107ED000918E33D6A602B3F6A602D19DB3C6D808BA
:107EE00063F8B600BA9663F4B60063FAE6107D163E
:107EF000C207D18F3E85C2858280370E0001E146E0
:107F0000E37DC6F7C14695BFF917BA96D1B781464A
:107F100009CAC166637CD6049336061093B6160070
:107F20008E063358D600C2979C8313080002B6977A
:107F3000639507053386C540054813550701B357B8
:107F4000A602B345070893D608013376A602338309
:107F5000F5024206D18E63F86600BA9663F46600B5
:107F600063FCE608FD17B3866640A5B73708000135
:107F7000E146E37806FBC1466DB73308F840331796
:107F80000601B3D6F500B3180501B357F500135534
:107F90000701B395050133D8A602CD8FB345070875
:107FA00013D60701B3F6A60233830503C206558E26
:107FB000637866003A96637466006379E6027D181A
:107FC00033066640B356A6023376A602D59D33C665
:107FD000C7086378B6003A966374B600637BE60020
:107FE000FD1642080D8E3368D80081BF79183A9685
:107FF000C1BFF9163A96F5B7F917BA96ADB7791623
:10800000C5BD63E0D512C16763FDF60213B7061064
:10801000133717000E07B737002033D8E6009387D1
:1080200007B1C2979C8393080002BA976392170323
:10803000B337C50093B71700B3B6B600D58F014864
:1080400055BDB70700016147E3F7F6FC4147E1B7CB
:10805000B388F8403358F600B39616013368D80059
:1080600033D7F500135E0801B357F500B39515013A
:10807000DD8DB357C7033343080833161601337732
:10808000C703B30EF3029316070113D70501558FEB
:108090006378D70142976374D701637E0707FD17A2
:1080A0003307D741B356C7033377C7033303D3022C
:1080B00033C7E50863786700429763746700637F9E
:1080C0000705FD16C207D58F33480608E99E418291
:1080D00093D50701330767403383060333880503CD
:1080E000D19ED19DC29613560301B29663F4060148
:1080F0004166B29513D606012E96636CC700C20680
:1081000033430308331515019A96E37AD5F2E31841
:10811000C7F2FD172DB7F917429759B7F9164297CD
:1081200055B701488147F9B3B288AA872E8863936F
:10813000061C37370020130707B163FDC50AC16667
:108140006373D60A9336061093B616008E06335321
:10815000D6001A9718833697930600023383E640B9
:10816000630CD700339865003357E500B3186600F9
:1081700033680701B317650013D50801B356A80289
:1081800033CE080813D707013378A802B386C60395
:10819000420833670701637DD7004697B33517015F
:1081A0003336D70093B515006D8E3306160332971C
:1081B000158FB356A7023377A702B386C60333C51C
:1081C000E708637DD500469533371501B337D500F1
:1081D00013371700F98FB38717033E95158D335565
:1081E00065008145828037030001E146E37166F650
:1081F000C146B1BF814609CAC1666377D6069336C8
:10820000061093B616008E063358D6004297188390
:108210003697930600023383E640631ED704338704
:10822000C54093D508013356B70233C8080893D622
:1082300007013377B702330606034207558F637D84
:10824000C700469733351701B336C70013351500FD
:10825000E98EB38616033697118FB356B70233777C
:10826000B702B3860603A1BF37080001E146E37DEC
:1082700006F9C14651BFB3186600B3D6E500B3177F
:1082800065003357E50013D5080133D6A60233CE77
:108290000808B3956500D98D13D70501B3F6A6027A
:1082A0003306C603C206558F637EC7004697333830
:1082B0001701B336C70013381800B3F60601B386AA
:1082C00016033697118FB356A7023377A702B386EA
:1082D000C60333C7E508637DD7004697B33517015A
:1082E0003336D70093B515006D8E330616033297DB
:1082F000158F05BF63E6D514416763F5E60413B730
:108300000610133717000E07B738002033D3E600E6
:10831000938808B19A9883C8080013030002BA989A
:10832000639968026374C50063FBB6003308C540F7
:10833000C287B386D54033380501338806413E8570
:10834000C2858280B70800016147E3FF16FB414701
:1083500065BF33031341B3966600335E1601336E77
:10836000DE00B3D71501935E0E01B3D6D703B395E4
:108370006500335815013368B800B3450E0833174C
:10838000660033156500B3F7D703338FD502139614
:10839000070193570801D18F63F8E701F29763F45F
:1083A000E70163F0C70BFD16B387E74133D6D70368
:1083B000B3F7D703D19DB347F80863F8B700F29736
:1083C00063F4B70063F2C7097D16C206D18EC1827D
:1083D000699E33480708B385B74093570701B30E2A
:1083E0000603338806035D9EDD9E429693D70E01F9
:1083F000B29763F407014166B29613D60701B3CE74
:108400000E08C207B296F69763E6D500637CF500C6
:10841000639AD5003387E74033B6E700BA8733075E
:10842000C601998EB307F5403335F500958D898DDA
:10843000B3981501B3D7670033E5F800B3D56500ED
:108440008280F916F2978DB77916F297BDBF37087B
:1084500010007D18B377B80013D745013378D800E2
:1084600013DE46019358D5010E081353D601137736
:10847000F77F8E07137EFE7FFD81FD82B3E7F80054
:10848000336303010E050E063308C7419308F07FDE
:108490006392D5246358000D63140E02B366C300C3
:1084A00091CE1308F7FF631908002A969A9733357F
:1084B000A600AA97054789A8631817012A86B5AAB6
:1084C000E30E17FF131373299306800363C706098E
:1084D000FD46130E000263CD0605330E0E41B316A2
:1084E000C301B3580601331EC601B3E61601333E7D
:1084F000C001B3E6C601335803013386A6003E9897
:10850000B336D600B307D8009396870063D8061811
:1085100005079306F07F630CD71A93561600058A59
:1085200013957749558EFE075D8E93571500BDA2B2
:10853000930608FEB356D30081486308C801930828
:108540000004B3880841B3181301B3E8C800B33876
:108550001001B3E6160101484DB7B366C300B33648
:10856000D000D5BF6300080A3308EE4001EF33E7BF
:10857000A70011C79306F8FF8DDA631A18019A87CE
:10858000428765A8630E1E4393977729C286130717
:1085900080036344D7067D4793080002634AD702ED
:1085A000B388D840339717013358D500B318150155
:1085B00033670701B338100133671701B3D6D7000B
:1085C0003A963337E6009A96B387E60072872DBF56
:1085D000138706FE33D7E7000148638816011308A6
:1085E00000043308D840339807013368A8003338B3
:1085F0000001336707018146E1B733E7A70033374E
:10860000E000D5BF9306170013F8E67F631B08064A
:10861000B3E6A70039EF638B06383367C3006309FD
:1086200007382A969A973335A600AA97139787009A
:10863000635A07269397774905470D829396D7018A
:10864000D18E1306F07F8D836319C700DD8E8147BD
:1086500089C6B7070800814681451377F77FB207BF
:10866000B18352075D8FFE05B367B7003685BE85BF
:108670008280638106343363C300631703242A8630
:108680001DAE638C16332A963335A6009A97AA97A7
:108690001397F7010582598E858336879376760086
:1086A00081CE9376F60011456388A600B306A60036
:1086B00033B5C600AA97368693968700E3DF06F6A1
:1086C00005079306F07F93977749E318D7F681471C
:1086D0000146A5B76352000D63110E08B366C300CF
:1086E000E38E06DC1308F7FF631B08003306C54062
:1086F000B38767403335C500898F0547A1A0E30FD5
:1087000017DB9306800363C40609FD46130E0002BF
:1087100063CA0605330E0E41B316C301B3580601F2
:10872000331EC601B3E61601333EC001B3E6C601EF
:10873000335803013306D540338807413335C5002C
:10874000B307A84093968700E3DA06F4B7088000E1
:10875000FD18B3F81701328875A2E30117D7131378
:10876000732945B7930608FEB356D30081486308C2
:10877000C80193080004B3880841B3181301B3E893
:10878000C800B3381001B3E61601014865B7B366F7
:10879000C300B336D000D5BF630D080A3308EE40DE
:1087A0000DE733E7A70005C31307F8FF19EB3305FF
:1087B000A6403337A600B307F3402A86998FB685C3
:1087C0002DBF63191801B6855DBB630A1E1F939701
:1087D000772942879305800363C8E506FD45930822
:1087E000000263CEE502B388E840B3951701335821
:1087F000E500B3181501B3E50501B3381001B3E581
:10880000150133D7E700B305B640B337B6003307D9
:10881000E3402E86B307F740B685728725B79305E8
:1088200007FEB3D5B7000148630817011308000419
:108830003308E840339807013368A8003338000153
:10884000B3E505010147C1B7B3E5A700B335B000F3
:10885000D5BF130817001378E87F631F080633EEAF
:10886000A7003368C30021EF63170E009A87631ACD
:1088700008028145A9BD630D0812B308C540333E07
:108880001501338867403308C841131E88006351BF
:108890000E023305A6403337A600B307F3402A86FD
:1088A000998FB6853367F600E30307E20147FDB30E
:1088B00033E6080163090610C2874686E5B7631AE6
:1088C0000E00B6856318080E8145B70740000146C3
:1088D000DDA0E30608DACDBF330EC540B33EC501C7
:1088E000B3886740B388D841939E8800728863D567
:1088F0000E063308A640B308F34033360601B388AA
:10890000C840B6856381080693960860E116930710
:108910000002958FB398D800B357F800B3E717015A
:108920003316D80063C0E608998E138816007D4779
:108930001305000263450705330505413397A7007A
:10894000B35606013315A600558F3335A0003366A4
:10895000A700B3D70701B9B733661E0145F68145B5
:1089600081470147D9B993170860938687017D46EF
:10897000E35FD6F8E117B317F800014665B785162F
:10898000B3D6D70001476308A800130700043307D4
:1089900007413397E700518F3337E00033E6E600B5
:1089A000814709B7158F93977749CDB99A87DDBD70
:1089B0002A86CDBD9A87468749B1368709BBB685D9
:1089C0009A8772879DB98145814785B993D84501BA
:1089D0009397C50062B893F8F87FB183FD81638EE9
:1089E00008061307F07F6383E80C1358D5018E0740
:1089F0003368F80013187829131F3500938818C0BE
:108A0000014E13D746019397C6001377F77FB183C2
:108A1000FD8245CF1305F07F6301A7101355D601E2
:108A20008E07C98F9397772913153600130717C040
:108A30000143B388E84013172E00336767007D17A2
:108A4000B94E33C6D50063E7EE0EB73E0020938ED5
:108A50004EAD3347D7211843028733E8A700630E92
:108A6000080485CB13970760930857FF75481303D5
:108A700087FF33081841B3976700335805013368FF
:108A8000F800B31765009308D0C0B388E8403E8F64
:108A900085BF131805609308580171431307080236
:108AA000E35613FD611833180501F1BF33E8A70041
:108AB00063190800014F094EA9B7014F8148054EBF
:108AC00089B72A8F3E880D4E2DBF33E5C70021CDD3
:108AD00085CB13950760930E55FF7543130785FFEC
:108AE0003303D341B397E700335366003363F30096
:108AF000B317E6001307D0C0098F3E859A870DBFD4
:108B000013170660930E5701714313050702E356CE
:108B1000D3FD61173313E600F1BF33E5C70001E968
:108B20008147094339B781470147054319B7328562
:108B30000D4301B763E607016315F8246363AF24AF
:108B40009315F80113571F009316FF0113581800CF
:108B500033EFE500139E870093558501B3E5C5010A
:108B6000135E0E01131385003355C803B3CE0508F9
:108B700093570F013378C8033387AE024208B3E737
:108B8000070163F8E700AE9763E4B70063EEE71E02
:108B90007D15998F33D8C70333F7C703B38F0E03FF
:108BA0003347EF086378F7012E976374F70163701A
:108BB000B71E7D184205B362050193D70201135811
:108BC000030133C50208334F0308B303E50333073A
:108BD000F7413384E7033305A802B30F850013D5AB
:108BE00003017E95B387070363748500C16FFE9709
:108BF000935F0501B3C303084205BE9F1E956366DC
:108C0000F7016319F71963F7A618B383660033B445
:108C1000D300B304B40026979387F2FF9E8663E5E2
:108C2000E5000DE06390E5026366F701639CEF00E9
:108C300063FAA300B30673009387E2FFB3B2660042
:108C4000AE921697B382A6403307F741B3B65600EB
:108C5000158F7D55638CE50C3355C7033377C703F8
:108C6000B38FAE029316070113D70201558F6378B5
:108C7000F7012E976364B7006360F7137D15330720
:108C8000F741B35FC7033377C703B38EFE0333C720
:108C9000E2086378D7012E976374D7016371B71028
:108CA000FD1F93160501B3E6F60133C50608330729
:108CB000D74193DE0601B30FAF02338FEE03B30E3D
:108CC000D8033308A8023305E80113D80F012A9806
:108CD0006374E8014165AA9E135E0801B3CF0F08D3
:108CE0004208769E7E986366C701631FC703630BC5
:108CF000080AB38EE5001385F6FF768763E1BE02AE
:108D000063E6CE016391CE03637B03011385E6FF27
:108D10009316130033B766002E9776973683631445
:108D200003016305C701AA8613E516001387F83F00
:108D3000635FE0089376750081CE9376F5009145E8
:108D40006388B600B306B500B3B5A600AE97368506
:108D50009396770063D60600939787491387084058
:108D60009306E07F63C3E6109396D7010D81558D7E
:108D70008D83B2075207B1835D8F7E06B365C7004E
:108D800062BEFD188146F9B37915AE9719B5791809
:108D90002E970DB596877DB579152E97CDB5F91F10
:108DA0002E9701B7014336859DBF36861A8E094737
:108DB000630DEE0A0D476303EE0A0547E318EEF66E
:108DC00081470145ADA02E86C2877A85CDB735C3D0
:108DD000930690FCE346D7FE8956634ED70485463A
:108DE000998E9388E8413357D500331515013335F3
:108DF000A000B398170133651501498FB3D7D70089
:108E00009376770081CE9376F70091456388B6001C
:108E1000B306B700B3B5E600AE97368793968700E2
:108E200063CA06041395D7010D83598D8D830147BD
:108E300089B785467DB70558B306E840B3D6D70055
:108E40008145630607019388E843B3951701C98DEF
:108E5000B335B00033E7B60081475DB7B707080008
:108E600001451307F07F014629B7814701451307E4
:108E7000F07F01B7814701450547E5BD93D845011E
:108E8000370710007D1713D8460193F8F87F930732
:108E9000F07F3373B7001378F87F758FFD81FD8203
:108EA000638DF800130EF07FC287631FC801336E15
:108EB000C700630B0E00F95731A0336EA300F957BA
:108EC000E3020EFE3E858280014E63960800336EFB
:108ED000A300133E1E0063130804B36EC7006308AB
:108EE0000E00E3810EFE93971600FD17E1BF639914
:108EF0000E02B305B04093E71500E9B7E3C508FFDC
:108F0000E36967FE6374A600E305E3FE6365C500DD
:108F10008147E379E3FA93971500C1BFE3150EFC8F
:108F2000E399B6FCE35C18FDB306D04093E7160066
:108F300051BF93D84501370710007D1713D846015C
:108F400093F8F87F9307F07F3373B7001378F87FB7
:108F5000758FFD81FD82638DF800130EF07FC2874F
:108F6000631FC801336EC700630B0E00894731A031
:108F7000336EA3008947E3020EFE3E858280014ED8
:108F800063960800336EA300133E1E0063130804AB
:108F9000B36EC70063080E00E3810EFE93971600C0
:108FA000FD17E1BF63990E02B305B04093E71500CA
:108FB000E9B7E3C508FFE36967FE6374A600E3054C
:108FC000E3FE6365C5008147E379E3FA93971500F3
:108FD000C1BFE3150EFCE399B6FCE35C18FDB306D4
:108FE000D04093E7160051BF93D745011398C500B1
:108FF00072B893F7F77F1358C800FD81C9CB1307E8
:10900000F07F6381E70E1357D5010E08336807011F
:1090100013187829931E3500138317C0014F13D5F9
:1090200046019397C6001375F57FB183FD8279C918
:109030001307F07F6301E5121357D6018E07D98F0E
:109040009397772913173600130515C0014E330681
:10905000A30013152F003365C501A948130316009B
:1090600063C7A8128948B58D63C4A8107D158546CD
:1090700063E8A612728F89466305DF368D46630E5C
:10908000DF348546631DDF248147814819AEB36E06
:10909000A80063810E06630A08021317086093088C
:1090A00057FFF547130387FFB3871741331868004D
:1090B000B357F500B3E70701331865001303D0C0B9
:1090C000C28E3303E3403E8891BF931705609388B7
:1090D0005701714313870702E35513FDE117B317D7
:1090E000F500E9BFB36EA800639A0E0001483E8305
:1090F000094F35B701480143054F15B7AA8E3E8386
:109100000D4F31BF33E7C70029CF8DCB139E0760CA
:1091100013055EFFF54813078EFFB388A840B39789
:10912000E700B3581601B3E8F800B317E6001305DB
:10913000D0C03E873305C541C68709BF13170660F7
:1091400013055701F148130E0702E3D5A8FC611778
:10915000B318E600E9BF33E7C70001EB8147094ECA
:10916000FDB581470145054EDDB532870D4EC5B5CC
:109170003315A0289378055363910802137F0524C3
:1091800063170F241375850801CDB685E5B53D46F7
:109190006305C5242D46E30AC5FEC2877687E1BD77
:1091A00013DE0E0193560701B3CE0E08B343070832
:1091B00033877E02B30F7E0293580701338FD603A5
:1091C0007E9FFA983305DE0263F4F801416F7A95C9
:1091D000699F13D40801C208B3CF0708BA9813D700
:1091E0000701B382FE03B307FE0313DF0201B30ED0
:1091F000D703BE9E769F330EEE026374FF00C167F5
:109200003E9EB3440808935E0F0193170F01135F4E
:109210000801B3C20208969733897402F29E3E9405
:10922000B3037F02935209013388E603C59E9E96DD
:10923000969663F47600416E7298B382F40313DE5F
:109240000601429E13980601334909084A98B30F54
:10925000FF0393D60201330FE703459F7E97BA962B
:1092600063F4F60141673A9F13970601B3C20208FF
:1092700022951697BA9EB337F500F6972A983E9E28
:1092800033B7EE003335A800B3BED7017295C18263
:109290003367D7013697B336FE00333EC501B3E6D8
:1092A000C601BA961317980033671701FA96333739
:1092B000E00013587801A60693577501336707013C
:1092C0002605498F13957600D58F6358050693566A
:1092D0001700058BD98E1397F701558F8583930659
:1092E000F33F635ED0041376770001CE1376F70068
:1092F00011456308A6003306A7003335E600AA9798
:109300003287139677006356060093978749930632
:1093100003401306E07F6346D60C9398D7010D8374
:10932000B3E8E8008D83B207B183D206FE05DD8E77
:10933000B3E7B6004685BE8572BE32834DB7A5C67B
:10934000130690FCE3C2C6D4095663C0C6060546A0
:10935000B306D6401303E3413356D70033176700F3
:109360003337E0003393670033676700518FB3D71B
:10937000D7009376770081CE9376F7001146638805
:10938000C600B306C70033B6E600B2973687939699
:10939000870063CD06049398D7010D83B3E8E800F6
:1093A0008D83814649B7854675B705583306D84041
:1093B00033D6C7000145638606011303E3433395A3
:1093C0006700498F3337E000518F81475DB7B7079A
:1093D00008009306F07F8145B9B7B70708008148B8
:1093E000CDBF814781489306F07F35BF81478148D3
:1093F000854615BF370810007D18B377B80033785D
:10940000D80013DE46010E081353D60113D74501C9
:109410009358D5018E0733630301137EFE7F130833
:10942000F07F1377F77FFD81B3E7F8000E05FD822B
:109430000E0663160E013368C3006314080093C65A
:1094400016003308C7419308F07F6392B62463582F
:10945000000D63140E02B366C30091CE1308F7FF2C
:10946000631908002A969A973335A600AA970547EC
:1094700089A8631817012A86B5AAE30E17FF1313EC
:1094800073299306800363C70609FD46130E000285
:1094900063CD0605330E0E41B316C301B358060162
:1094A000331EC601B3E61601333EC001B3E6C60162
:1094B000335803013386A6003E98B336D600B3076F
:1094C000D8009396870063D8061805079306F07FA7
:1094D000630CD71A93561600058A13957749558E53
:1094E000FE075D8E93571500BDA2930608FEB35686
:1094F000D30081486308C80193080004B388084179
:10950000B3181301B3E8C800B3381001B3E616016D
:1095100001484DB7B366C300B336D000D5BF630072
:10952000080A3308EE4001EF33E7A70011C793069E
:10953000F8FF8DDA631A18019A87428765A8630ECF
:109540001E4393977729C286130780036344D70687
:109550007D4793080002634AD702B388D840339707
:1095600017013358D500B318150133670701B33815
:10957000100133671701B3D6D7003A963337E600A8
:109580009A96B387E60072872DBF138706FE33D7FE
:10959000E700014863881601130800043308D84027
:1095A000339807013368A800333800013367070197
:1095B0008146E1B733E7A7003337E000D5BF930614
:1095C000170013F8E67F631B0806B3E6A70039EF20
:1095D000638B06383367C300630907382A969A9766
:1095E0003335A600AA9713978700635A07269397E7
:1095F000774905470D829396D701D18E1306F07FE8
:109600008D836319C700DD8E814789C6B7070800BF
:10961000814681451377F77FB207B18352075D8F8B
:10962000FE05B367B7003685BE8582806381063448
:109630003363C300631703242A861DAE638C16337D
:109640002A963335A6009A97AA971397F7010582B1
:10965000598E858336879376760081CE9376F60091
:1096600011456388A600B306A60033B5C600AA97C5
:10967000368693968700E3DF06F605079306F07FAC
:1096800093977749E318D7F681470146A5B7635208
:10969000000D63110E08B366C300E38E06DC1308E9
:1096A000F7FF631B08003306C540B38767403335B7
:1096B000C500898F0547A1A0E30F17DB9306800340
:1096C00063C40609FD46130E000263CA0605330E85
:1096D0000E41B316C301B3580601331EC601B3E6EB
:1096E0001601333EC001B3E6C60133580301330609
:1096F000D540338807413335C500B307A84093965A
:109700008700E3DA06F4B7088000FD18B3F8170104
:10971000328875A2E30117D71313732945B793064F
:1097200008FEB356D30081486308C80193080004BB
:10973000B3880841B3181301B3E8C800B338100167
:10974000B3E61601014865B7B366C300B336D0006F
:10975000D5BF630D080A3308EE400DE733E7A700D5
:1097600005C31307F8FF19EB3305A6403337A600EE
:10977000B307F3402A86998FB6852DBF6319180168
:10978000B6855DBB630A1E1F9397772942879305B1
:10979000800363C8E506FD459308000263CEE50239
:1097A000B388E840B39517013358E500B3181501A5
:1097B000B3E50501B3381001B3E5150133D7E70070
:1097C000B305B640B337B6003307E3402E86B30780
:1097D000F740B685728725B7930507FEB3D5B70066
:1097E000014863081701130800043308E840339860
:1097F00007013368A80033380001B3E505010147CC
:10980000C1B7B3E5A700B335B000D5BF1308170043
:109810001378E87F631F08063368C30033EEA700A0
:1098200021EF63170E009A87631A08028145A9BDCC
:10983000630D0812B308C540333E150133886740F5
:109840003308C841131E880063510E023305A64039
:109850003337A600B307F3402A86998FB68533675E
:10986000F600E30307E20147FDB333E608016309AD
:109870000610C2874686E5B7631A0E00B6856318E0
:10988000080E8145B70740000146DDA0E30608DA6F
:10989000CDBF330EC540B33EC501B3886740B38822
:1098A000D841939E8800728863D50E063308A6407F
:1098B000B308F34033360601B388C840B6856381E8
:1098C000080693960860E11693070002958FB398F7
:1098D000D800B357F800B3E717013316D80063C0B8
:1098E000E608998E138816007D471305000263452C
:1098F0000705330505413397A700B3560601331515
:10990000A600558F3335A0003366A700B3D70701F3
:10991000B9B733661E0145F6814581470147D9B97C
:1099200093170860938687017D46E35FD6F8E117B9
:10993000B317F800014665B78516B3D6D7000147BF
:109940006308A80013070004330707413397E700B3
:10995000518F3337E00033E6E600814709B7158FB2
:1099600093977749CDB99A87DDBD2A86CDBD9A8771
:10997000468749B1368709BBB6859A8772879DB9F4
:109980008145814785B9B7071000FD1733F7B70048
:10999000D181F58F93F5F57FD1821308F07F93F68F
:1099A000F67F63950501498F054519E701456395E4
:1099B0000601D18F3335F000828013D7450193978C
:1099C000C5001377F77F9306E03FB183FD8163D431
:1099D000E6049306D04163D7E600370500807D1585
:1099E0002E958280930630419397472963D1E602F2
:1099F0009306D7BEB397D700930630433387E6402C
:109A00003355E5005D8D89C93305A0408280998E6C
:109A100033D5D700CDBF0145828013D74501939739
:109A2000C5001377F77F9306E03F2A86B183FD8157
:109A300063D2E6049306F0418D8E1385F5FF635CD7
:109A4000D70201458DE9930630419397472963DF9B
:109A5000E6009306D7BEB397D7009306304333870B
:109A6000E6403356E60033E5C7008280998E33D551
:109A7000D70082800145828029C53307A040336723
:109A8000E50A1356F501931607601305E041A9474F
:109A9000158D63C3D702AD47958FD506B357F70031
:109AA0003317D700B207B18352055D8D7E06B367C9
:109AB000C500BE853A858280D516B317D700014709
:109AC000D5B701468147E5BF1DC913170560930649
:109AD000E041A947998E63CFE700AD47998F5507BD
:109AE000B357F5003315E500B207D206B183B3E5ED
:109AF000F60082805517B317E5000145F5B7814799
:109B00008146DDB73A1E0020901D00207A1D0020FE
:109B1000901D00202C1E0020901D00207A1D00208A
:109B20003A1E00203A1E00202C1E00207A1D002024
:109B3000961D0020961D0020961D00202C1E002042
:109B400000010202030303030404040404040404E4
:109B500005050505050505050505050505050505B5
:109B60000606060606060606060606060606060695
:109B70000606060606060606060606060606060685
:109B80000707070707070707070707070707070765
:109B90000707070707070707070707070707070755
:109BA0000707070707070707070707070707070745
:109BB0000707070707070707070707070707070735
:109BC0000808080808080808080808080808080815
:109BD0000808080808080808080808080808080805
:109BE00008080808080808080808080808080808F5
:109BF00008080808080808080808080808080808E5
:109C000008080808080808080808080808080808D4
:109C100008080808080808080808080808080808C4
:109C200008080808080808080808080808080808B4
:109C300008080808080808080808080808080808A4
:109C40007EFF06000000000000EF000000000000A2
:109C50000000000000000100000000000000000003
:109C600000000200000000000000000000000300EF
:109C700000000000000000000000FF0042B89380D8
:109C8000420083A202008282138560FF97E0FFEF0B
:109C9000E78040E142BE000000000000000000003C
:109CA000000000000000000000000000682E0020FE
:109CB0006F00001A00000000000000006F00601933
:109CC0000000000000000000000000006F004018CD
:109CD0000000000000000000000000005D7106C0F0
:109CE00016C21AC41EC62AC82ECA32CC36CE3AD0E4
:109CF0003ED242D446D672D876DA7ADC7EDE73253E
:109D00001034F3250030AAC0AEC2736651BEB2C48F
:109D100073E540BE6341050273600430B73500202F
:109D2000AA9583A505D5E78005007370043073E517
:109D300040BEE35305FE064596452646731015348E
:109D400073900530731056BE824092422243B24354
:109D5000D2456246F246025792572258B258425EA6
:109D6000D25E625FF25F732540BEE35005FA424562
:109D7000616173002030000000000000000000005E
:109D8000242E0020242E0020242E0020242E00200B
:109D9000242E0020242E0020242E0020242E0020FB
:109DA000242E0020242E0020242E0020242E0020EB
:109DB000242E0020242E0020242E0020242E0020DB
:109DC000242E0020242E0020242E0020242E0020CB
:109DD000242E0020242E0020242E0020242E0020BB
:109DE000242E0020242E0020242E0020242E0020AB
:109DF000242E0020242E0020242E0020242E00209B
:109E0000242E0020242E0020242E0020242E00208A
:109E1000242E0020242E0020242E0020242E00207A
:109E2000242E0020242E0020242E0020242E00206A
:109E3000242E0020242E0020242E0020242E00205A
:109E4000242E0020242E0020242E0020242E00204A
:109E50000290029009810290D03B00106E3B0010EE
:109E6000D23A0010403A001000000000000100004B
:109E70001432002010000C00000000000000000060
:109E80000000000000000000000000000110FF00C2
:089E90000000000000000000CA
:109E9800D3DEFFFFFE010000FF0100007C61FFFF31
:049EA800793512AB4B
:0400000510000034B3
:00000001FF
