
C:/Users/russe/Repositories/School/ee-design-1/final_project/lab6-code/build/lab6-code.elf:     file format elf32-littleriscv

Sections:
Idx Name          Size      VMA       LMA       File off  Algn
  0 .text         00006938  10000000  10000000  00001000  2**2
                  CONTENTS, ALLOC, LOAD, READONLY, CODE
  1 .rodata       000006d4  10006938  10006938  00007938  2**3
                  CONTENTS, ALLOC, LOAD, READONLY, DATA
  2 .binary_info  00000024  1000700c  1000700c  0000800c  2**2
                  CONTENTS, ALLOC, LOAD, READONLY, DATA
  3 .uninitialized_data 00000000  20000000  20000000  0000beac  2**0
                  CONTENTS
  4 .data         00002e68  20000000  10007030  00009000  2**6
                  CONTENTS, ALLOC, LOAD, CODE
  5 .tdata        00000000  20002e68  20002e68  0000beac  2**0
                  CONTENTS, ALLOC, LOAD, DATA, THREAD_LOCAL
  6 .tbss         00000000  20002e68  20002e68  00000000  2**0
                  ALLOC, THREAD_LOCAL
  7 .bss          00000c58  20002e68  10009e98  0000ce68  2**3
                  ALLOC
  8 .heap         00000800  20003ac0  20003ac0  0000beac  2**2
                  CONTENTS, READONLY
  9 .scratch_x    00000000  20080000  20080000  0000c6ac  2**0
                  CONTENTS
 10 .scratch_y    00000000  20081000  20081000  0000c6ac  2**0
                  CONTENTS
 11 .stack_dummy  00000800  20081000  20081000  0000c6c0  2**5
                  CONTENTS, READONLY
 12 .flash_end    00000014  10009e98  10009e98  0000be98  2**2
                  CONTENTS, ALLOC, LOAD, READONLY, DATA
 13 .comment      00000021  00000000  00000000  0000cec0  2**0
                  CONTENTS, READONLY
 14 .riscv.attributes 00000093  00000000  00000000  0000cee1  2**0
                  CONTENTS, READONLY
 15 .debug_info   00037425  00000000  00000000  0000cf74  2**0
                  CONTENTS, READONLY, DEBUGGING, OCTETS
 16 .debug_abbrev 0000a668  00000000  00000000  00044399  2**0
                  CONTENTS, READONLY, DEBUGGING, OCTETS
 17 .debug_loclists 0002243c  00000000  00000000  0004ea01  2**0
                  CONTENTS, READONLY, DEBUGGING, OCTETS
 18 .debug_aranges 00001448  00000000  00000000  00070e40  2**3
                  CONTENTS, READONLY, DEBUGGING, OCTETS
 19 .debug_rnglists 00005426  00000000  00000000  00072288  2**0
                  CONTENTS, READONLY, DEBUGGING, OCTETS
 20 .debug_line   00037aff  00000000  00000000  000776ae  2**0
                  CONTENTS, READONLY, DEBUGGING, OCTETS
 21 .debug_str    00008b59  00000000  00000000  000af1ad  2**0
                  CONTENTS, READONLY, DEBUGGING, OCTETS
 22 .debug_line_str 000027a4  00000000  00000000  000b7d06  2**0
                  CONTENTS, READONLY, DEBUGGING, OCTETS
 23 .debug_frame  0000388c  00000000  00000000  000ba4ac  2**2
                  CONTENTS, READONLY, DEBUGGING, OCTETS

C:/Users/russe/Repositories/School/ee-design-1/final_project/lab6-code/build/lab6-code.elf:     file format elf32-littleriscv


Disassembly of section .text:

10000000 <__flash_binary_start>:
10000000:	ebf2                	.insn	2, 0xebf2
10000002:	7188                	.insn	2, 0x7188
10000004:	700c                	.insn	2, 0x700c
10000006:	1000                	addi	s0,sp,32
10000008:	7030                	.insn	2, 0x7030
1000000a:	1000                	addi	s0,sp,32
1000000c:	00a8                	addi	a0,sp,72
1000000e:	1000                	addi	s0,sp,32
10000010:	a390                	.insn	2, 0xa390
10000012:	e71a                	.insn	2, 0xe71a

10000014 <__binary_info_header_end>:
10000014:	ffffded3          	.insn	4, 0xffffded3
10000018:	0142                	slli	sp,sp,0x10
1000001a:	1101                	addi	sp,sp,-32
1000001c:	0344                	addi	s1,sp,388
1000001e:	0000                	unimp
10000020:	0036                	c.slli	zero,0xd
10000022:	1000                	addi	s0,sp,32
10000024:	2000                	.insn	2, 0x2000
10000026:	2008                	.insn	2, 0x2008
10000028:	04ff 0000 9e84 0000 	.insn	10, 0x357900009e84000004ff
10000030:	3579 
10000032:	ab12                	.insn	2, 0xab12

10000034 <__embedded_block_end>:
10000034:	a879                	j	100000d2 <reenter_bootrom>

10000036 <_reset_handler>:
10000036:	10004197          	auipc	gp,0x10004
1000003a:	1eb18193          	addi	gp,gp,491 # 20004221 <__global_pointer$>
1000003e:	10082117          	auipc	sp,0x10082
10000042:	fc210113          	addi	sp,sp,-62 # 20082000 <__StackTop>
10000046:	10003517          	auipc	a0,0x10003
1000004a:	c3b50513          	addi	a0,a0,-965 # 20002c81 <__VECTOR_TABLE+0x1>
1000004e:	30551073          	csrw	mtvec,a0
10000052:	f1402573          	csrr	a0,mhartid
10000056:	ed35                	bnez	a0,100000d2 <reenter_bootrom>
10000058:	00000717          	auipc	a4,0x0
1000005c:	05070713          	addi	a4,a4,80 # 100000a8 <data_cpy_table>
10000060:	430c                	lw	a1,0(a4)
10000062:	c591                	beqz	a1,1000006e <_reset_handler+0x38>
10000064:	4350                	lw	a2,4(a4)
10000066:	4714                	lw	a3,8(a4)
10000068:	0731                	addi	a4,a4,12
1000006a:	281d                	jal	100000a0 <data_cpy>
1000006c:	bfd5                	j	10000060 <_reset_handler+0x2a>
1000006e:	10003597          	auipc	a1,0x10003
10000072:	dfa58593          	addi	a1,a1,-518 # 20002e68 <default_alarm_pool_entries>
10000076:	10004617          	auipc	a2,0x10004
1000007a:	a4a60613          	addi	a2,a2,-1462 # 20003ac0 <__bss_end__>
1000007e:	a021                	j	10000086 <bss_fill_test>

10000080 <bss_fill_loop>:
10000080:	0005a023          	sw	zero,0(a1)
10000084:	0591                	addi	a1,a1,4

10000086 <bss_fill_test>:
10000086:	fec59de3          	bne	a1,a2,10000080 <bss_fill_loop>

1000008a <platform_entry>:
1000008a:	424030ef          	jal	100034ae <runtime_init>
1000008e:	2859                	jal	10000124 <main>
10000090:	418030ef          	jal	100034a8 <exit>
10000094:	9002                	ebreak
10000096:	bffd                	j	10000094 <platform_entry+0xa>

10000098 <data_cpy_loop>:
10000098:	4188                	lw	a0,0(a1)
1000009a:	c208                	sw	a0,0(a2)
1000009c:	0591                	addi	a1,a1,4
1000009e:	0611                	addi	a2,a2,4

100000a0 <data_cpy>:
100000a0:	fed66ce3          	bltu	a2,a3,10000098 <data_cpy_loop>
100000a4:	8082                	ret
100000a6:	0001                	nop

100000a8 <data_cpy_table>:
100000a8:	10007030          	.word	0x10007030
100000ac:	20000000          	.word	0x20000000
100000b0:	20002e68          	.word	0x20002e68
100000b4:	10009e98          	.word	0x10009e98
100000b8:	20080000          	.word	0x20080000
100000bc:	20080000          	.word	0x20080000
100000c0:	10009e98          	.word	0x10009e98
100000c4:	20081000          	.word	0x20081000
100000c8:	20081000          	.word	0x20081000
100000cc:	00000000          	.word	0x00000000
100000d0:	8082                	ret

100000d2 <reenter_bootrom>:
100000d2:	6521                	lui	a0,0x8
100000d4:	dfc50513          	addi	a0,a0,-516 # 7dfc <HeapSize+0x75fc>
100000d8:	8502                	jr	a0

100000da <__do_global_dtors_aux>:
100000da:	b852                	cm.push	{ra,s0},-16
100000dc:	20003437          	lui	s0,0x20003
100000e0:	fe844783          	lbu	a5,-24(s0) # 20002fe8 <completed.1>
100000e4:	ef99                	bnez	a5,10000102 <__do_global_dtors_aux+0x28>
100000e6:	00000793          	li	a5,0
100000ea:	cb89                	beqz	a5,100000fc <__do_global_dtors_aux+0x22>
100000ec:	10007537          	lui	a0,0x10007
100000f0:	93850513          	addi	a0,a0,-1736 # 10006938 <__EH_FRAME_BEGIN__>
100000f4:	00000097          	auipc	ra,0x0
100000f8:	000000e7          	jalr	zero # 0 <next_slot_number-0x5>
100000fc:	4785                	li	a5,1
100000fe:	fef40423          	sb	a5,-24(s0)
10000102:	be52                	cm.popret	{ra,s0},16

10000104 <frame_dummy>:
10000104:	00000793          	li	a5,0
10000108:	cf89                	beqz	a5,10000122 <frame_dummy+0x1e>
1000010a:	200035b7          	lui	a1,0x20003
1000010e:	10007537          	lui	a0,0x10007
10000112:	fec58593          	addi	a1,a1,-20 # 20002fec <object.0>
10000116:	93850513          	addi	a0,a0,-1736 # 10006938 <__EH_FRAME_BEGIN__>
1000011a:	00000317          	auipc	t1,0x0
1000011e:	00000067          	jr	zero # 0 <next_slot_number-0x5>
10000122:	8082                	ret

10000124 <main>:
10000124:	1141                	addi	sp,sp,-16
10000126:	c606                	sw	ra,12(sp)
10000128:	c422                	sw	s0,8(sp)
1000012a:	c226                	sw	s1,4(sp)
1000012c:	20004437          	lui	s0,0x20004
10000130:	614030ef          	jal	10003744 <stdio_init_all>
10000134:	46b5                	li	a3,13
10000136:	4631                	li	a2,12
10000138:	a2440513          	addi	a0,s0,-1500 # 20003a24 <dfplayer>
1000013c:	400705b7          	lui	a1,0x40070
10000140:	22ed                	jal	1000032a <dfplayer_init>
10000142:	0c800513          	li	a0,200
10000146:	248010ef          	jal	1000138e <sleep_ms>
1000014a:	a2440513          	addi	a0,s0,-1500
1000014e:	45f9                	li	a1,30
10000150:	242d                	jal	1000037a <dfplayer_set_volume>
10000152:	0c800513          	li	a0,200
10000156:	238010ef          	jal	1000138e <sleep_ms>
1000015a:	a2440513          	addi	a0,s0,-1500
1000015e:	4585                	li	a1,1
10000160:	100074b7          	lui	s1,0x10007
10000164:	2431                	jal	10000370 <dfplayer_play>
10000166:	a2440413          	addi	s0,s0,-1500
1000016a:	93848493          	addi	s1,s1,-1736 # 10006938 <__EH_FRAME_BEGIN__>
1000016e:	6505                	lui	a0,0x1
10000170:	38850513          	addi	a0,a0,904 # 1388 <HeapSize+0xb88>
10000174:	21a010ef          	jal	1000138e <sleep_ms>
10000178:	8522                	mv	a0,s0
1000017a:	22f5                	jal	10000366 <dfplayer_next>
1000017c:	0c800513          	li	a0,200
10000180:	20e010ef          	jal	1000138e <sleep_ms>
10000184:	8522                	mv	a0,s0
10000186:	2259                	jal	1000030c <dfplayer_get_track_id>
10000188:	d17d                	beqz	a0,1000016e <main+0x4a>
1000018a:	85aa                	mv	a1,a0
1000018c:	8526                	mv	a0,s1
1000018e:	766030ef          	jal	100038f4 <__wrap_printf>
10000192:	bff1                	j	1000016e <main+0x4a>

10000194 <dfplayer_write>:
10000194:	c545                	beqz	a0,1000023c <dfplayer_write+0xa8>
10000196:	20003737          	lui	a4,0x20003
1000019a:	c1070713          	addi	a4,a4,-1008 # 20002c10 <init_cmd_buf>
1000019e:	4314                	lw	a3,0(a4)
100001a0:	00472303          	lw	t1,4(a4)
100001a4:	00865893          	srli	a7,a2,0x8
100001a8:	0086d793          	srli	a5,a3,0x8
100001ac:	0106d813          	srli	a6,a3,0x10
100001b0:	0ff87813          	zext.b	a6,a6
100001b4:	9fe1                	zext.b	a5,a5
100001b6:	97c2                	add	a5,a5,a6
100001b8:	0ff37813          	zext.b	a6,t1
100001bc:	97c2                	add	a5,a5,a6
100001be:	97c6                	add	a5,a5,a7
100001c0:	0ff67813          	zext.b	a6,a2
100001c4:	00875703          	lhu	a4,8(a4)
100001c8:	97c2                	add	a5,a5,a6
100001ca:	97ae                	add	a5,a5,a1
100001cc:	20003837          	lui	a6,0x20003
100001d0:	1141                	addi	sp,sp,-16
100001d2:	40f007b3          	neg	a5,a5
100001d6:	e5c84803          	lbu	a6,-420(a6) # 20002e5c <dfplayer_checksum_tx>
100001da:	c41a                	sw	t1,8(sp)
100001dc:	00e11623          	sh	a4,12(sp)
100001e0:	c236                	sw	a3,4(sp)
100001e2:	4087d713          	srai	a4,a5,0x8
100001e6:	00e105a3          	sb	a4,11(sp)
100001ea:	00b103a3          	sb	a1,7(sp)
100001ee:	00c10523          	sb	a2,10(sp)
100001f2:	00f10623          	sb	a5,12(sp)
100001f6:	011104a3          	sb	a7,9(sp)
100001fa:	4118                	lw	a4,0(a0)
100001fc:	02080063          	beqz	a6,1000021c <dfplayer_write+0x88>
10000200:	0054                	addi	a3,sp,4
10000202:	00e10613          	addi	a2,sp,14
10000206:	4f1c                	lw	a5,24(a4)
10000208:	0207f793          	andi	a5,a5,32
1000020c:	ffed                	bnez	a5,10000206 <dfplayer_write+0x72>
1000020e:	829c                	lbu	a5,0(a3)
10000210:	0685                	addi	a3,a3,1
10000212:	c31c                	sw	a5,0(a4)
10000214:	fec699e3          	bne	a3,a2,10000206 <dfplayer_write+0x72>
10000218:	0141                	addi	sp,sp,16
1000021a:	8082                	ret
1000021c:	57bd                	li	a5,-17
1000021e:	00f105a3          	sb	a5,11(sp)
10000222:	0054                	addi	a3,sp,4
10000224:	0070                	addi	a2,sp,12
10000226:	4f1c                	lw	a5,24(a4)
10000228:	0207f793          	andi	a5,a5,32
1000022c:	ffed                	bnez	a5,10000226 <dfplayer_write+0x92>
1000022e:	829c                	lbu	a5,0(a3)
10000230:	0685                	addi	a3,a3,1
10000232:	c31c                	sw	a5,0(a4)
10000234:	fec699e3          	bne	a3,a2,10000226 <dfplayer_write+0x92>
10000238:	0141                	addi	sp,sp,16
1000023a:	8082                	ret
1000023c:	8082                	ret

1000023e <dfplayer_query>:
1000023e:	c149                	beqz	a0,100002c0 <dfplayer_query+0x82>
10000240:	7179                	addi	sp,sp,-48
10000242:	d606                	sw	ra,44(sp)
10000244:	c62a                	sw	a0,12(sp)
10000246:	37b9                	jal	10000194 <dfplayer_write>
10000248:	47b2                	lw	a5,12(sp)
1000024a:	0854                	addi	a3,sp,20
1000024c:	01e10613          	addi	a2,sp,30
10000250:	4398                	lw	a4,0(a5)
10000252:	4f1c                	lw	a5,24(a4)
10000254:	8bc1                	andi	a5,a5,16
10000256:	fff5                	bnez	a5,10000252 <dfplayer_query+0x14>
10000258:	431c                	lw	a5,0(a4)
1000025a:	0685                	addi	a3,a3,1
1000025c:	fef68fa3          	sb	a5,-1(a3)
10000260:	fec699e3          	bne	a3,a2,10000252 <dfplayer_query+0x14>
10000264:	200037b7          	lui	a5,0x20003
10000268:	c1078793          	addi	a5,a5,-1008 # 20002c10 <init_cmd_buf>
1000026c:	8398                	lbu	a4,0(a5)
1000026e:	01414683          	lbu	a3,20(sp)
10000272:	00e68663          	beq	a3,a4,1000027e <dfplayer_query+0x40>
10000276:	4501                	li	a0,0
10000278:	50b2                	lw	ra,44(sp)
1000027a:	6145                	addi	sp,sp,48
1000027c:	8082                	ret
1000027e:	01614683          	lbu	a3,22(sp)
10000282:	83b8                	lbu	a4,2(a5)
10000284:	fee699e3          	bne	a3,a4,10000276 <dfplayer_query+0x38>
10000288:	0097c783          	lbu	a5,9(a5)
1000028c:	01d14703          	lbu	a4,29(sp)
10000290:	fef713e3          	bne	a4,a5,10000276 <dfplayer_query+0x38>
10000294:	01714783          	lbu	a5,23(sp)
10000298:	04700713          	li	a4,71
1000029c:	04e78563          	beq	a5,a4,100002e6 <dfplayer_query+0xa8>
100002a0:	02f76263          	bltu	a4,a5,100002c4 <dfplayer_query+0x86>
100002a4:	04200713          	li	a4,66
100002a8:	04e78c63          	beq	a5,a4,10000300 <dfplayer_query+0xc2>
100002ac:	04300713          	li	a4,67
100002b0:	00e79663          	bne	a5,a4,100002bc <dfplayer_query+0x7e>
100002b4:	01a14703          	lbu	a4,26(sp)
100002b8:	80e187a3          	sb	a4,-2033(gp) # 20003a30 <dfplayer_volume>
100002bc:	4505                	li	a0,1
100002be:	bf6d                	j	10000278 <dfplayer_query+0x3a>
100002c0:	4501                	li	a0,0
100002c2:	8082                	ret
100002c4:	04c00713          	li	a4,76
100002c8:	fee79ae3          	bne	a5,a4,100002bc <dfplayer_query+0x7e>
100002cc:	01a14783          	lbu	a5,26(sp)
100002d0:	01914683          	lbu	a3,25(sp)
100002d4:	07a2                	slli	a5,a5,0x8
100002d6:	8fd5                	or	a5,a5,a3
100002d8:	6987d793          	rev8	a5,a5
100002dc:	83c1                	srli	a5,a5,0x10
100002de:	80f196a3          	sh	a5,-2035(gp) # 20003a2e <dfplayer_current_track>
100002e2:	4505                	li	a0,1
100002e4:	bf51                	j	10000278 <dfplayer_query+0x3a>
100002e6:	01a14783          	lbu	a5,26(sp)
100002ea:	01914683          	lbu	a3,25(sp)
100002ee:	07a2                	slli	a5,a5,0x8
100002f0:	8fd5                	or	a5,a5,a3
100002f2:	6987d793          	rev8	a5,a5
100002f6:	83c1                	srli	a5,a5,0x10
100002f8:	80f195a3          	sh	a5,-2037(gp) # 20003a2c <dfplayer_num_tracks>
100002fc:	4505                	li	a0,1
100002fe:	bfad                	j	10000278 <dfplayer_query+0x3a>
10000300:	01a14703          	lbu	a4,26(sp)
10000304:	4505                	li	a0,1
10000306:	80e18823          	sb	a4,-2032(gp) # 20003a31 <dfplayer_status>
1000030a:	b7bd                	j	10000278 <dfplayer_query+0x3a>

1000030c <dfplayer_get_track_id>:
1000030c:	cd11                	beqz	a0,10000328 <dfplayer_get_track_id+0x1c>
1000030e:	1141                	addi	sp,sp,-16
10000310:	4601                	li	a2,0
10000312:	04c00593          	li	a1,76
10000316:	c606                	sw	ra,12(sp)
10000318:	800196a3          	sh	zero,-2035(gp) # 20003a2e <dfplayer_current_track>
1000031c:	370d                	jal	1000023e <dfplayer_query>
1000031e:	40b2                	lw	ra,12(sp)
10000320:	80d1d503          	lhu	a0,-2035(gp) # 20003a2e <dfplayer_current_track>
10000324:	0141                	addi	sp,sp,16
10000326:	8082                	ret
10000328:	8082                	ret

1000032a <dfplayer_init>:
1000032a:	cd0d                	beqz	a0,10000364 <dfplayer_init+0x3a>
1000032c:	cd85                	beqz	a1,10000364 <dfplayer_init+0x3a>
1000032e:	1141                	addi	sp,sp,-16
10000330:	c606                	sw	ra,12(sp)
10000332:	c422                	sw	s0,8(sp)
10000334:	c226                	sw	s1,4(sp)
10000336:	87aa                	mv	a5,a0
10000338:	c10c                	sw	a1,0(a0)
1000033a:	84b6                	mv	s1,a3
1000033c:	852e                	mv	a0,a1
1000033e:	46f9                	li	a3,30
10000340:	6589                	lui	a1,0x2
10000342:	00d78223          	sb	a3,4(a5)
10000346:	58058593          	addi	a1,a1,1408 # 2580 <HeapSize+0x1d80>
1000034a:	8432                	mv	s0,a2
1000034c:	33c010ef          	jal	10001688 <uart_init>
10000350:	8522                	mv	a0,s0
10000352:	4589                	li	a1,2
10000354:	281d                	jal	1000038a <gpio_set_function>
10000356:	4422                	lw	s0,8(sp)
10000358:	40b2                	lw	ra,12(sp)
1000035a:	8526                	mv	a0,s1
1000035c:	4492                	lw	s1,4(sp)
1000035e:	4589                	li	a1,2
10000360:	0141                	addi	sp,sp,16
10000362:	a025                	j	1000038a <gpio_set_function>
10000364:	8082                	ret

10000366 <dfplayer_next>:
10000366:	c501                	beqz	a0,1000036e <dfplayer_next+0x8>
10000368:	4601                	li	a2,0
1000036a:	4585                	li	a1,1
1000036c:	b525                	j	10000194 <dfplayer_write>
1000036e:	8082                	ret

10000370 <dfplayer_play>:
10000370:	c501                	beqz	a0,10000378 <dfplayer_play+0x8>
10000372:	862e                	mv	a2,a1
10000374:	458d                	li	a1,3
10000376:	bd39                	j	10000194 <dfplayer_write>
10000378:	8082                	ret

1000037a <dfplayer_set_volume>:
1000037a:	c519                	beqz	a0,10000388 <dfplayer_set_volume+0xe>
1000037c:	00454603          	lbu	a2,4(a0)
10000380:	0ab65633          	minu	a2,a2,a1
10000384:	4599                	li	a1,6
10000386:	b539                	j	10000194 <dfplayer_write>
10000388:	8082                	ret

1000038a <gpio_set_function>:
1000038a:	400387b7          	lui	a5,0x40038
1000038e:	0791                	addi	a5,a5,4 # 40038004 <__StackTop+0x1ffb6004>
10000390:	20f547b3          	sh2add	a5,a0,a5
10000394:	4398                	lw	a4,0(a5)
10000396:	6685                	lui	a3,0x1
10000398:	96be                	add	a3,a3,a5
1000039a:	04074713          	xori	a4,a4,64
1000039e:	0c077713          	andi	a4,a4,192
100003a2:	40028637          	lui	a2,0x40028
100003a6:	c298                	sw	a4,0(a3)
100003a8:	20c56533          	sh3add	a0,a0,a2
100003ac:	670d                	lui	a4,0x3
100003ae:	97ba                	add	a5,a5,a4
100003b0:	c14c                	sw	a1,4(a0)
100003b2:	10000713          	li	a4,256
100003b6:	c398                	sw	a4,0(a5)
100003b8:	8082                	ret

100003ba <panic>:
100003ba:	7139                	addi	sp,sp,-64
100003bc:	10007337          	lui	t1,0x10007
100003c0:	cc22                	sw	s0,24(sp)
100003c2:	842a                	mv	s0,a0
100003c4:	94c30513          	addi	a0,t1,-1716 # 1000694c <__EH_FRAME_BEGIN__+0x14>
100003c8:	ce06                	sw	ra,28(sp)
100003ca:	d22e                	sw	a1,36(sp)
100003cc:	d432                	sw	a2,40(sp)
100003ce:	d636                	sw	a3,44(sp)
100003d0:	d83a                	sw	a4,48(sp)
100003d2:	da3e                	sw	a5,52(sp)
100003d4:	dc42                	sw	a6,56(sp)
100003d6:	de46                	sw	a7,60(sp)
100003d8:	412030ef          	jal	100037ea <__wrap_puts>
100003dc:	cc01                	beqz	s0,100003f4 <panic+0x3a>
100003de:	104c                	addi	a1,sp,36
100003e0:	8522                	mv	a0,s0
100003e2:	c62e                	sw	a1,12(sp)
100003e4:	072030ef          	jal	10003456 <weak_raw_vprintf>
100003e8:	10007537          	lui	a0,0x10007
100003ec:	95c50513          	addi	a0,a0,-1700 # 1000695c <__EH_FRAME_BEGIN__+0x24>
100003f0:	3fa030ef          	jal	100037ea <__wrap_puts>
100003f4:	4505                	li	a0,1
100003f6:	0ae030ef          	jal	100034a4 <_exit>

100003fa <hw_claim_or_assert>:
100003fa:	300476f3          	csrrci	a3,mstatus,8
100003fe:	200037b7          	lui	a5,0x20003
10000402:	1ab78793          	addi	a5,a5,427 # 200031ab <_sw_spin_locks+0xb>
10000406:	00379713          	slli	a4,a5,0x3
1000040a:	28e01733          	bset	a4,zero,a4
1000040e:	9bf1                	andi	a5,a5,-4
10000410:	44e7a82f          	amoor.w.aq	a6,a4,(a5)
10000414:	00e87833          	and	a6,a6,a4
10000418:	fe081ce3          	bnez	a6,10000410 <hw_claim_or_assert+0x16>
1000041c:	0330000f          	fence	rw,rw
10000420:	0035d793          	srli	a5,a1,0x3
10000424:	953e                	add	a0,a0,a5
10000426:	8118                	lbu	a4,0(a0)
10000428:	0075f793          	andi	a5,a1,7
1000042c:	28f017b3          	bset	a5,zero,a5
10000430:	00f77833          	and	a6,a4,a5
10000434:	02081063          	bnez	a6,10000454 <hw_claim_or_assert+0x5a>
10000438:	8f5d                	or	a4,a4,a5
1000043a:	8918                	sb	a4,0(a0)
1000043c:	0330000f          	fence	rw,rw
10000440:	200037b7          	lui	a5,0x20003
10000444:	1a078793          	addi	a5,a5,416 # 200031a0 <_sw_spin_locks>
10000448:	000785a3          	sb	zero,11(a5)
1000044c:	8aa1                	andi	a3,a3,8
1000044e:	3006a073          	csrs	mstatus,a3
10000452:	8082                	ret
10000454:	1141                	addi	sp,sp,-16
10000456:	8532                	mv	a0,a2
10000458:	c606                	sw	ra,12(sp)
1000045a:	3785                	jal	100003ba <panic>

1000045c <hw_claim_unused_from_range>:
1000045c:	30047e73          	csrrci	t3,mstatus,8
10000460:	200037b7          	lui	a5,0x20003
10000464:	1ab78793          	addi	a5,a5,427 # 200031ab <_sw_spin_locks+0xb>
10000468:	00379813          	slli	a6,a5,0x3
1000046c:	29001833          	bset	a6,zero,a6
10000470:	9bf1                	andi	a5,a5,-4
10000472:	4507a8af          	amoor.w.aq	a7,a6,(a5)
10000476:	0108f8b3          	and	a7,a7,a6
1000047a:	fe089ce3          	bnez	a7,10000472 <hw_claim_unused_from_range+0x16>
1000047e:	0330000f          	fence	rw,rw
10000482:	00c6f663          	bgeu	a3,a2,1000048e <hw_claim_unused_from_range+0x32>
10000486:	a815                	j	100004ba <hw_claim_unused_from_range+0x5e>
10000488:	0605                	addi	a2,a2,1 # 40028001 <__StackTop+0x1ffa6001>
1000048a:	02c6e863          	bltu	a3,a2,100004ba <hw_claim_unused_from_range+0x5e>
1000048e:	00365793          	srli	a5,a2,0x3
10000492:	97aa                	add	a5,a5,a0
10000494:	0007c883          	lbu	a7,0(a5)
10000498:	00767813          	andi	a6,a2,7
1000049c:	29001833          	bset	a6,zero,a6
100004a0:	0108f333          	and	t1,a7,a6
100004a4:	fe0312e3          	bnez	t1,10000488 <hw_claim_unused_from_range+0x2c>
100004a8:	0108e8b3          	or	a7,a7,a6
100004ac:	01f65693          	srli	a3,a2,0x1f
100004b0:	8532                	mv	a0,a2
100004b2:	01178023          	sb	a7,0(a5)
100004b6:	8df5                	and	a1,a1,a3
100004b8:	a011                	j	100004bc <hw_claim_unused_from_range+0x60>
100004ba:	557d                	li	a0,-1
100004bc:	0330000f          	fence	rw,rw
100004c0:	200037b7          	lui	a5,0x20003
100004c4:	1a078793          	addi	a5,a5,416 # 200031a0 <_sw_spin_locks>
100004c8:	000785a3          	sb	zero,11(a5)
100004cc:	008e7e13          	andi	t3,t3,8
100004d0:	300e2073          	csrs	mstatus,t3
100004d4:	e191                	bnez	a1,100004d8 <hw_claim_unused_from_range+0x7c>
100004d6:	8082                	ret
100004d8:	1141                	addi	sp,sp,-16
100004da:	853a                	mv	a0,a4
100004dc:	c606                	sw	ra,12(sp)
100004de:	3df1                	jal	100003ba <panic>

100004e0 <next_striped_spin_lock_num>:
100004e0:	20003737          	lui	a4,0x20003
100004e4:	e5d74503          	lbu	a0,-419(a4) # 20002e5d <striped_spin_lock_num>
100004e8:	46dd                	li	a3,23
100004ea:	00150793          	addi	a5,a0,1
100004ee:	9fe1                	zext.b	a5,a5
100004f0:	00f6f363          	bgeu	a3,a5,100004f6 <next_striped_spin_lock_num+0x16>
100004f4:	47c1                	li	a5,16
100004f6:	e4f70ea3          	sb	a5,-419(a4)
100004fa:	8082                	ret

100004fc <spin_lock_claim_unused>:
100004fc:	85aa                	mv	a1,a0
100004fe:	10007737          	lui	a4,0x10007
10000502:	96070713          	addi	a4,a4,-1696 # 10006960 <__EH_FRAME_BEGIN__+0x28>
10000506:	81318513          	addi	a0,gp,-2029 # 20003a34 <claimed>
1000050a:	46fd                	li	a3,31
1000050c:	4661                	li	a2,24
1000050e:	b7b9                	j	1000045c <hw_claim_unused_from_range>

10000510 <spin_locks_reset>:
10000510:	200036b7          	lui	a3,0x20003
10000514:	1a068693          	addi	a3,a3,416 # 200031a0 <_sw_spin_locks>
10000518:	4781                	li	a5,0
1000051a:	02000613          	li	a2,32
1000051e:	0330000f          	fence	rw,rw
10000522:	00f68733          	add	a4,a3,a5
10000526:	00070023          	sb	zero,0(a4)
1000052a:	0785                	addi	a5,a5,1
1000052c:	fec799e3          	bne	a5,a2,1000051e <spin_locks_reset+0xe>
10000530:	8082                	ret

10000532 <runtime_init_per_core_irq_priorities>:
10000532:	4681                	li	a3,0
10000534:	483d                	li	a6,15
10000536:	451d                	li	a0,7
10000538:	03400593          	li	a1,52
1000053c:	0036f793          	andi	a5,a3,3
10000540:	078a                	slli	a5,a5,0x2
10000542:	00f81733          	sll	a4,a6,a5
10000546:	0026d613          	srli	a2,a3,0x2
1000054a:	0742                	slli	a4,a4,0x10
1000054c:	8f51                	or	a4,a4,a2
1000054e:	be373073          	csrc	0xbe3,a4
10000552:	00f517b3          	sll	a5,a0,a5
10000556:	07c2                	slli	a5,a5,0x10
10000558:	8fd1                	or	a5,a5,a2
1000055a:	be37a073          	csrs	0xbe3,a5
1000055e:	0685                	addi	a3,a3,1
10000560:	fcb69ee3          	bne	a3,a1,1000053c <runtime_init_per_core_irq_priorities+0xa>
10000564:	30046073          	csrsi	mstatus,8
10000568:	8082                	ret

1000056a <irq_set_enabled>:
1000056a:	00555793          	srli	a5,a0,0x5
1000056e:	0786                	slli	a5,a5,0x1
10000570:	28a01533          	bset	a0,zero,a0
10000574:	76c1                	lui	a3,0xffff0
10000576:	8ee9                	and	a3,a3,a0
10000578:	00178713          	addi	a4,a5,1
1000057c:	0542                	slli	a0,a0,0x10
1000057e:	8f55                	or	a4,a4,a3
10000580:	8d5d                	or	a0,a0,a5
10000582:	c991                	beqz	a1,10000596 <irq_set_enabled+0x2c>
10000584:	be253073          	csrc	0xbe2,a0
10000588:	be273073          	csrc	0xbe2,a4
1000058c:	be052073          	csrs	0xbe0,a0
10000590:	be072073          	csrs	0xbe0,a4
10000594:	8082                	ret
10000596:	be053073          	csrc	0xbe0,a0
1000059a:	be073073          	csrc	0xbe0,a4
1000059e:	8082                	ret

100005a0 <irq_is_enabled>:
100005a0:	00455793          	srli	a5,a0,0x4
100005a4:	be07a7f3          	csrrs	a5,0xbe0,a5
100005a8:	83c1                	srli	a5,a5,0x10
100005aa:	893d                	andi	a0,a0,15
100005ac:	48a7d533          	bext	a0,a5,a0
100005b0:	8082                	ret

100005b2 <irq_set_pending>:
100005b2:	00f57793          	andi	a5,a0,15
100005b6:	28f017b3          	bset	a5,zero,a5
100005ba:	8111                	srli	a0,a0,0x4
100005bc:	07c2                	slli	a5,a5,0x10
100005be:	8fc9                	or	a5,a5,a0
100005c0:	be27a073          	csrs	0xbe2,a5
100005c4:	8082                	ret

100005c6 <irq_has_shared_handler>:
100005c6:	305027f3          	csrr	a5,mtvec
100005ca:	9bf1                	andi	a5,a5,-4
100005cc:	20f54533          	sh2add	a0,a0,a5
100005d0:	0d052503          	lw	a0,208(a0)
100005d4:	200037b7          	lui	a5,0x20003
100005d8:	c1c78793          	addi	a5,a5,-996 # 20002c1c <irq_handler_chain_slots>
100005dc:	8d1d                	sub	a0,a0,a5
100005de:	03053513          	sltiu	a0,a0,48
100005e2:	8082                	ret

100005e4 <irq_set_exclusive_handler>:
100005e4:	1101                	addi	sp,sp,-32
100005e6:	ce06                	sw	ra,28(sp)
100005e8:	30047773          	csrrci	a4,mstatus,8
100005ec:	200037b7          	lui	a5,0x20003
100005f0:	1a978793          	addi	a5,a5,425 # 200031a9 <_sw_spin_locks+0x9>
100005f4:	00379693          	slli	a3,a5,0x3
100005f8:	28d016b3          	bset	a3,zero,a3
100005fc:	9bf1                	andi	a5,a5,-4
100005fe:	44d7a62f          	amoor.w.aq	a2,a3,(a5)
10000602:	8e75                	and	a2,a2,a3
10000604:	fe6d                	bnez	a2,100005fe <irq_set_exclusive_handler+0x1a>
10000606:	0330000f          	fence	rw,rw
1000060a:	305027f3          	csrr	a5,mtvec
1000060e:	03450513          	addi	a0,a0,52
10000612:	9bf1                	andi	a5,a5,-4
10000614:	20f547b3          	sh2add	a5,a0,a5
10000618:	4394                	lw	a3,0(a5)
1000061a:	02d58063          	beq	a1,a3,1000063a <irq_set_exclusive_handler+0x56>
1000061e:	200037b7          	lui	a5,0x20003
10000622:	e2478793          	addi	a5,a5,-476 # 20002e24 <__unhandled_user_irq>
10000626:	00f68a63          	beq	a3,a5,1000063a <irq_set_exclusive_handler+0x56>
1000062a:	c62e                	sw	a1,12(sp)
1000062c:	c42a                	sw	a0,8(sp)
1000062e:	c23a                	sw	a4,4(sp)
10000630:	43e010ef          	jal	10001a6e <hard_assertion_failure>
10000634:	45b2                	lw	a1,12(sp)
10000636:	4522                	lw	a0,8(sp)
10000638:	4712                	lw	a4,4(sp)
1000063a:	305027f3          	csrr	a5,mtvec
1000063e:	9bf1                	andi	a5,a5,-4
10000640:	20f54533          	sh2add	a0,a0,a5
10000644:	c10c                	sw	a1,0(a0)
10000646:	0330000f          	fence	rw,rw
1000064a:	0330000f          	fence	rw,rw
1000064e:	200037b7          	lui	a5,0x20003
10000652:	1a078793          	addi	a5,a5,416 # 200031a0 <_sw_spin_locks>
10000656:	000784a3          	sb	zero,9(a5)
1000065a:	8b21                	andi	a4,a4,8
1000065c:	30072073          	csrs	mstatus,a4
10000660:	40f2                	lw	ra,28(sp)
10000662:	6105                	addi	sp,sp,32
10000664:	8082                	ret

10000666 <irq_add_shared_handler>:
10000666:	7179                	addi	sp,sp,-48
10000668:	d606                	sw	ra,44(sp)
1000066a:	30047873          	csrrci	a6,mstatus,8
1000066e:	200037b7          	lui	a5,0x20003
10000672:	1a978793          	addi	a5,a5,425 # 200031a9 <_sw_spin_locks+0x9>
10000676:	00379713          	slli	a4,a5,0x3
1000067a:	28e01733          	bset	a4,zero,a4
1000067e:	9bf1                	andi	a5,a5,-4
10000680:	44e7a6af          	amoor.w.aq	a3,a4,(a5)
10000684:	8ef9                	and	a3,a3,a4
10000686:	feed                	bnez	a3,10000680 <irq_add_shared_handler+0x1a>
10000688:	0330000f          	fence	rw,rw
1000068c:	81718303          	lb	t1,-2025(gp) # 20003a38 <irq_handler_chain_free_slot_head>
10000690:	2a034263          	bltz	t1,10000934 <irq_add_shared_handler+0x2ce>
10000694:	200038b7          	lui	a7,0x20003
10000698:	206327b3          	sh1add	a5,t1,t1
1000069c:	c1c88893          	addi	a7,a7,-996 # 20002c1c <irq_handler_chain_slots>
100006a0:	2117ce33          	sh2add	t3,a5,a7
100006a4:	00ae4683          	lbu	a3,10(t3)
100006a8:	00279293          	slli	t0,a5,0x2
100006ac:	00131e93          	slli	t4,t1,0x1
100006b0:	80d18ba3          	sb	a3,-2025(gp) # 20003a38 <irq_handler_chain_free_slot_head>
100006b4:	305027f3          	csrr	a5,mtvec
100006b8:	03450513          	addi	a0,a0,52
100006bc:	9bf1                	andi	a5,a5,-4
100006be:	20f547b3          	sh2add	a5,a0,a5
100006c2:	0007af03          	lw	t5,0(a5)
100006c6:	02f00793          	li	a5,47
100006ca:	411f0733          	sub	a4,t5,a7
100006ce:	1ce7e863          	bltu	a5,a4,1000089e <irq_add_shared_handler+0x238>
100006d2:	00bf4783          	lbu	a5,11(t5)
100006d6:	8ffa                	mv	t6,t5
100006d8:	0ef66f63          	bltu	a2,a5,100007d6 <irq_add_shared_handler+0x170>
100006dc:	00ce05a3          	sb	a2,11(t3)
100006e0:	20003637          	lui	a2,0x20003
100006e4:	c4c60613          	addi	a2,a2,-948 # 20002c4c <irq_handler_chain_first_slot>
100006e8:	41c60633          	sub	a2,a2,t3
100006ec:	00be2223          	sw	a1,4(t3)
100006f0:	001006b7          	lui	a3,0x100
100006f4:	00961593          	slli	a1,a2,0x9
100006f8:	000ffeb7          	lui	t4,0xff
100006fc:	8df5                	and	a1,a1,a3
100006fe:	01d67eb3          	and	t4,a2,t4
10000702:	00828793          	addi	a5,t0,8
10000706:	00f886b3          	add	a3,a7,a5
1000070a:	01d5e7b3          	or	a5,a1,t4
1000070e:	aaaab5b7          	lui	a1,0xaaaab
10000712:	aab58593          	addi	a1,a1,-1365 # aaaaaaab <__StackTop+0x8aa28aab>
10000716:	8709                	srai	a4,a4,0x2
10000718:	9f4d                	mul	a4,a4,a1
1000071a:	01465313          	srli	t1,a2,0x14
1000071e:	037e                	slli	t1,t1,0x1f
10000720:	7fe67613          	andi	a2,a2,2046
10000724:	40df06b3          	sub	a3,t5,a3
10000728:	0067e7b3          	or	a5,a5,t1
1000072c:	0652                	slli	a2,a2,0x14
1000072e:	8e5d                	or	a2,a2,a5
10000730:	6305                	lui	t1,0x1
10000732:	00169793          	slli	a5,a3,0x1
10000736:	0036d893          	srli	a7,a3,0x3
1000073a:	00769593          	slli	a1,a3,0x7
1000073e:	2ef66613          	ori	a2,a2,751
10000742:	0048f893          	andi	a7,a7,4
10000746:	0067f7b3          	and	a5,a5,t1
1000074a:	28b01e93          	bseti	t4,zero,0xb
1000074e:	00ce2023          	sw	a2,0(t3)
10000752:	00ee0523          	sb	a4,10(t3)
10000756:	0117e7b3          	or	a5,a5,a7
1000075a:	01d5f733          	and	a4,a1,t4
1000075e:	00169593          	slli	a1,a3,0x1
10000762:	004f2603          	lw	a2,4(t5)
10000766:	8fd9                	or	a5,a5,a4
10000768:	6005f593          	andi	a1,a1,1536
1000076c:	0026d713          	srli	a4,a3,0x2
10000770:	8fcd                	or	a5,a5,a1
10000772:	10077713          	andi	a4,a4,256
10000776:	00169893          	slli	a7,a3,0x1
1000077a:	8fd9                	or	a5,a5,a4
1000077c:	0016d593          	srli	a1,a3,0x1
10000780:	0808f893          	andi	a7,a7,128
10000784:	00161713          	slli	a4,a2,0x1
10000788:	0117e7b3          	or	a5,a5,a7
1000078c:	0405f593          	andi	a1,a1,64
10000790:	068a                	slli	a3,a3,0x2
10000792:	0386f693          	andi	a3,a3,56
10000796:	00677733          	and	a4,a4,t1
1000079a:	8fcd                	or	a5,a5,a1
1000079c:	9732                	add	a4,a4,a2
1000079e:	8fd5                	or	a5,a5,a3
100007a0:	76e9                	lui	a3,0xffffa
100007a2:	0685                	addi	a3,a3,1 # ffffa001 <__StackTop+0xdff78001>
100007a4:	80077713          	andi	a4,a4,-2048
100007a8:	0652                	slli	a2,a2,0x14
100007aa:	48b71713          	bclri	a4,a4,0xb
100007ae:	8fd5                	or	a5,a5,a3
100007b0:	0e766613          	ori	a2,a2,231
100007b4:	00fe1423          	sh	a5,8(t3)
100007b8:	0b776713          	ori	a4,a4,183
100007bc:	28f61613          	bseti	a2,a2,0xf
100007c0:	00ef2023          	sw	a4,0(t5)
100007c4:	00cf2223          	sw	a2,4(t5)
100007c8:	8f72                	mv	t5,t3
100007ca:	aa2d                	j	10000904 <irq_add_shared_handler+0x29e>
100007cc:	00b7c683          	lbu	a3,11(a5)
100007d0:	16d67f63          	bgeu	a2,a3,1000094e <irq_add_shared_handler+0x2e8>
100007d4:	8fbe                	mv	t6,a5
100007d6:	00af8703          	lb	a4,10(t6)
100007da:	20e727b3          	sh1add	a5,a4,a4
100007de:	2117c7b3          	sh2add	a5,a5,a7
100007e2:	fe0755e3          	bgez	a4,100007cc <irq_add_shared_handler+0x166>
100007e6:	00159393          	slli	t2,a1,0x1
100007ea:	6785                	lui	a5,0x1
100007ec:	00f3f3b3          	and	t2,t2,a5
100007f0:	93ae                	add	t2,t2,a1
100007f2:	8003f393          	andi	t2,t2,-2048
100007f6:	05d2                	slli	a1,a1,0x14
100007f8:	48b39393          	bclri	t2,t2,0xb
100007fc:	0e75e593          	ori	a1,a1,231
10000800:	62b1                	lui	t0,0xc
10000802:	0b73e393          	ori	t2,t2,183
10000806:	28f59593          	bseti	a1,a1,0xf
1000080a:	e4228293          	addi	t0,t0,-446 # be42 <HeapSize+0xb642>
1000080e:	008f8693          	addi	a3,t6,8
10000812:	40de06b3          	sub	a3,t3,a3
10000816:	9e9a                	add	t4,t4,t1
10000818:	211eceb3          	sh2add	t4,t4,a7
1000081c:	00169793          	slli	a5,a3,0x1
10000820:	6885                	lui	a7,0x1
10000822:	0117f7b3          	and	a5,a5,a7
10000826:	0036d893          	srli	a7,a3,0x3
1000082a:	0048f893          	andi	a7,a7,4
1000082e:	006f8523          	sb	t1,10(t6)
10000832:	0117e7b3          	or	a5,a5,a7
10000836:	28b01313          	bseti	t1,zero,0xb
1000083a:	00769893          	slli	a7,a3,0x7
1000083e:	0068f8b3          	and	a7,a7,t1
10000842:	00169313          	slli	t1,a3,0x1
10000846:	0117e7b3          	or	a5,a5,a7
1000084a:	60037313          	andi	t1,t1,1536
1000084e:	0026d893          	srli	a7,a3,0x2
10000852:	0067e7b3          	or	a5,a5,t1
10000856:	1008f893          	andi	a7,a7,256
1000085a:	00169313          	slli	t1,a3,0x1
1000085e:	0117e7b3          	or	a5,a5,a7
10000862:	08037313          	andi	t1,t1,128
10000866:	0016d893          	srli	a7,a3,0x1
1000086a:	0067e7b3          	or	a5,a5,t1
1000086e:	0408f893          	andi	a7,a7,64
10000872:	068a                	slli	a3,a3,0x2
10000874:	0386f693          	andi	a3,a3,56
10000878:	0117e7b3          	or	a5,a5,a7
1000087c:	8fd5                	or	a5,a5,a3
1000087e:	76e9                	lui	a3,0xffffa
10000880:	0685                	addi	a3,a3,1 # ffffa001 <__StackTop+0xdff78001>
10000882:	8fd5                	or	a5,a5,a3
10000884:	00ff9423          	sh	a5,8(t6)
10000888:	007ea023          	sw	t2,0(t4) # ff000 <HeapSize+0xfe800>
1000088c:	00bea223          	sw	a1,4(t4)
10000890:	005e9423          	sh	t0,8(t4)
10000894:	00ee8523          	sb	a4,10(t4)
10000898:	00ce85a3          	sb	a2,11(t4)
1000089c:	a0a5                	j	10000904 <irq_add_shared_handler+0x29e>
1000089e:	200037b7          	lui	a5,0x20003
100008a2:	e2478793          	addi	a5,a5,-476 # 20002e24 <__unhandled_user_irq>
100008a6:	1aff1063          	bne	t5,a5,10000a46 <irq_add_shared_handler+0x3e0>
100008aa:	200037b7          	lui	a5,0x20003
100008ae:	c4c78793          	addi	a5,a5,-948 # 20002c4c <irq_handler_chain_first_slot>
100008b2:	41c787b3          	sub	a5,a5,t3
100008b6:	00979713          	slli	a4,a5,0x9
100008ba:	001006b7          	lui	a3,0x100
100008be:	000fff37          	lui	t5,0xff
100008c2:	01e7ff33          	and	t5,a5,t5
100008c6:	8f75                	and	a4,a4,a3
100008c8:	0147d693          	srli	a3,a5,0x14
100008cc:	01e76733          	or	a4,a4,t5
100008d0:	06fe                	slli	a3,a3,0x1f
100008d2:	7fe7f793          	andi	a5,a5,2046
100008d6:	8f55                	or	a4,a4,a3
100008d8:	07d2                	slli	a5,a5,0x14
100008da:	8fd9                	or	a5,a5,a4
100008dc:	9376                	add	t1,t1,t4
100008de:	7771                	lui	a4,0xffffc
100008e0:	21134333          	sh2add	t1,t1,a7
100008e4:	2ef7e793          	ori	a5,a5,751
100008e8:	e4270713          	addi	a4,a4,-446 # ffffbe42 <__StackTop+0xdff79e42>
100008ec:	56fd                	li	a3,-1
100008ee:	00b32223          	sw	a1,4(t1) # 1004 <HeapSize+0x804>
100008f2:	00c305a3          	sb	a2,11(t1)
100008f6:	8f72                	mv	t5,t3
100008f8:	00f32023          	sw	a5,0(t1)
100008fc:	00e31423          	sh	a4,8(t1)
10000900:	00d30523          	sb	a3,10(t1)
10000904:	305027f3          	csrr	a5,mtvec
10000908:	9bf1                	andi	a5,a5,-4
1000090a:	20f54533          	sh2add	a0,a0,a5
1000090e:	01e52023          	sw	t5,0(a0)
10000912:	0330000f          	fence	rw,rw
10000916:	0330000f          	fence	rw,rw
1000091a:	200037b7          	lui	a5,0x20003
1000091e:	1a078793          	addi	a5,a5,416 # 200031a0 <_sw_spin_locks>
10000922:	000784a3          	sb	zero,9(a5)
10000926:	00887813          	andi	a6,a6,8
1000092a:	30082073          	csrs	mstatus,a6
1000092e:	50b2                	lw	ra,44(sp)
10000930:	6145                	addi	sp,sp,48
10000932:	8082                	ret
10000934:	c832                	sw	a2,16(sp)
10000936:	c62e                	sw	a1,12(sp)
10000938:	c42a                	sw	a0,8(sp)
1000093a:	c242                	sw	a6,4(sp)
1000093c:	132010ef          	jal	10001a6e <hard_assertion_failure>
10000940:	81718303          	lb	t1,-2025(gp) # 20003a38 <irq_handler_chain_free_slot_head>
10000944:	4642                	lw	a2,16(sp)
10000946:	45b2                	lw	a1,12(sp)
10000948:	4522                	lw	a0,8(sp)
1000094a:	4812                	lw	a6,4(sp)
1000094c:	b3a1                	j	10000694 <irq_add_shared_handler+0x2e>
1000094e:	008fd383          	lhu	t2,8(t6)
10000952:	00828793          	addi	a5,t0,8
10000956:	97c6                	add	a5,a5,a7
10000958:	00339293          	slli	t0,t2,0x3
1000095c:	008f8693          	addi	a3,t6,8
10000960:	0202f293          	andi	t0,t0,32
10000964:	40f687b3          	sub	a5,a3,a5
10000968:	9796                	add	a5,a5,t0
1000096a:	0013d293          	srli	t0,t2,0x1
1000096e:	d422                	sw	s0,40(sp)
10000970:	0402f413          	andi	s0,t0,64
10000974:	97a2                	add	a5,a5,s0
10000976:	00139413          	slli	s0,t2,0x1
1000097a:	08047413          	andi	s0,s0,128
1000097e:	97a2                	add	a5,a5,s0
10000980:	00239413          	slli	s0,t2,0x2
10000984:	d04a                	sw	s2,32(sp)
10000986:	3002f293          	andi	t0,t0,768
1000098a:	8922                	mv	s2,s0
1000098c:	9796                	add	a5,a5,t0
1000098e:	0023d413          	srli	s0,t2,0x2
10000992:	0073d293          	srli	t0,t2,0x7
10000996:	40097393          	andi	t2,s2,1024
1000099a:	979e                	add	a5,a5,t2
1000099c:	0102f293          	andi	t0,t0,16
100009a0:	00e47393          	andi	t2,s0,14
100009a4:	0072e2b3          	or	t0,t0,t2
100009a8:	28b01393          	bseti	t2,zero,0xb
100009ac:	9796                	add	a5,a5,t0
100009ae:	007472b3          	and	t0,s0,t2
100009b2:	405787b3          	sub	a5,a5,t0
100009b6:	00779413          	slli	s0,a5,0x7
100009ba:	d226                	sw	s1,36(sp)
100009bc:	00179293          	slli	t0,a5,0x1
100009c0:	007474b3          	and	s1,s0,t2
100009c4:	6405                	lui	s0,0x1
100009c6:	0037d393          	srli	t2,a5,0x3
100009ca:	0082f2b3          	and	t0,t0,s0
100009ce:	0043f393          	andi	t2,t2,4
100009d2:	0072e2b3          	or	t0,t0,t2
100009d6:	00179393          	slli	t2,a5,0x1
100009da:	0092e2b3          	or	t0,t0,s1
100009de:	6003f393          	andi	t2,t2,1536
100009e2:	0027d493          	srli	s1,a5,0x2
100009e6:	0072e2b3          	or	t0,t0,t2
100009ea:	1004f493          	andi	s1,s1,256
100009ee:	00179393          	slli	t2,a5,0x1
100009f2:	0092e2b3          	or	t0,t0,s1
100009f6:	0803f393          	andi	t2,t2,128
100009fa:	0072e2b3          	or	t0,t0,t2
100009fe:	00159393          	slli	t2,a1,0x1
10000a02:	0017d493          	srli	s1,a5,0x1
10000a06:	0083f3b3          	and	t2,t2,s0
10000a0a:	93ae                	add	t2,t2,a1
10000a0c:	0404f413          	andi	s0,s1,64
10000a10:	078a                	slli	a5,a5,0x2
10000a12:	0082e2b3          	or	t0,t0,s0
10000a16:	0387f793          	andi	a5,a5,56
10000a1a:	7469                	lui	s0,0xffffa
10000a1c:	8003f393          	andi	t2,t2,-2048
10000a20:	05d2                	slli	a1,a1,0x14
10000a22:	00f2e7b3          	or	a5,t0,a5
10000a26:	48b39393          	bclri	t2,t2,0xb
10000a2a:	00140293          	addi	t0,s0,1 # ffffa001 <__StackTop+0xdff78001>
10000a2e:	0e75e593          	ori	a1,a1,231
10000a32:	5422                	lw	s0,40(sp)
10000a34:	5492                	lw	s1,36(sp)
10000a36:	5902                	lw	s2,32(sp)
10000a38:	0057e2b3          	or	t0,a5,t0
10000a3c:	0b73e393          	ori	t2,t2,183
10000a40:	28f59593          	bseti	a1,a1,0xf
10000a44:	b3f9                	j	10000812 <irq_add_shared_handler+0x1ac>
10000a46:	ce32                	sw	a2,28(sp)
10000a48:	cc2e                	sw	a1,24(sp)
10000a4a:	ca76                	sw	t4,20(sp)
10000a4c:	c82a                	sw	a0,16(sp)
10000a4e:	c642                	sw	a6,12(sp)
10000a50:	c472                	sw	t3,8(sp)
10000a52:	c21a                	sw	t1,4(sp)
10000a54:	01a010ef          	jal	10001a6e <hard_assertion_failure>
10000a58:	200037b7          	lui	a5,0x20003
10000a5c:	4672                	lw	a2,28(sp)
10000a5e:	45e2                	lw	a1,24(sp)
10000a60:	4ed2                	lw	t4,20(sp)
10000a62:	4542                	lw	a0,16(sp)
10000a64:	4832                	lw	a6,12(sp)
10000a66:	4e22                	lw	t3,8(sp)
10000a68:	4312                	lw	t1,4(sp)
10000a6a:	c1c78893          	addi	a7,a5,-996 # 20002c1c <irq_handler_chain_slots>
10000a6e:	bd35                	j	100008aa <irq_add_shared_handler+0x244>

10000a70 <irq_add_tail_to_free_list>:
10000a70:	be5027f3          	csrr	a5,0xbe5
10000a74:	01079713          	slli	a4,a5,0x10
10000a78:	4581                	li	a1,0
10000a7a:	00074963          	bltz	a4,10000a8c <irq_add_tail_to_free_list+0x1c>
10000a7e:	8391                	srli	a5,a5,0x4
10000a80:	1ff7f793          	andi	a5,a5,511
10000a84:	03478793          	addi	a5,a5,52
10000a88:	00279593          	slli	a1,a5,0x2
10000a8c:	30047673          	csrrci	a2,mstatus,8
10000a90:	200037b7          	lui	a5,0x20003
10000a94:	1a978793          	addi	a5,a5,425 # 200031a9 <_sw_spin_locks+0x9>
10000a98:	00379713          	slli	a4,a5,0x3
10000a9c:	28e01733          	bset	a4,zero,a4
10000aa0:	9bf1                	andi	a5,a5,-4
10000aa2:	44e7a6af          	amoor.w.aq	a3,a4,(a5)
10000aa6:	8ef9                	and	a3,a3,a4
10000aa8:	feed                	bnez	a3,10000aa2 <irq_add_tail_to_free_list+0x32>
10000aaa:	0330000f          	fence	rw,rw
10000aae:	20003737          	lui	a4,0x20003
10000ab2:	c1c70713          	addi	a4,a4,-996 # 20002c1c <irq_handler_chain_slots>
10000ab6:	40e507b3          	sub	a5,a0,a4
10000aba:	aaaab6b7          	lui	a3,0xaaaab
10000abe:	aab68693          	addi	a3,a3,-1365 # aaaaaaab <__StackTop+0x8aa28aab>
10000ac2:	8789                	srai	a5,a5,0x2
10000ac4:	9fd5                	mul	a5,a5,a3
10000ac6:	9fe5                	sext.b	a5,a5
10000ac8:	305026f3          	csrr	a3,mtvec
10000acc:	9af1                	andi	a3,a3,-4
10000ace:	96ae                	add	a3,a3,a1
10000ad0:	4294                	lw	a3,0(a3)
10000ad2:	04a68463          	beq	a3,a0,10000b1a <irq_add_tail_to_free_list+0xaa>
10000ad6:	00a70683          	lb	a3,10(a4)
10000ada:	04f68a63          	beq	a3,a5,10000b2e <irq_add_tail_to_free_list+0xbe>
10000ade:	01670683          	lb	a3,22(a4)
10000ae2:	06f68463          	beq	a3,a5,10000b4a <irq_add_tail_to_free_list+0xda>
10000ae6:	02270683          	lb	a3,34(a4)
10000aea:	06f68263          	beq	a3,a5,10000b4e <irq_add_tail_to_free_list+0xde>
10000aee:	02e70683          	lb	a3,46(a4)
10000af2:	06f68063          	beq	a3,a5,10000b52 <irq_add_tail_to_free_list+0xe2>
10000af6:	8171c683          	lbu	a3,-2025(gp) # 20003a38 <irq_handler_chain_free_slot_head>
10000afa:	80f18ba3          	sb	a5,-2025(gp) # 20003a38 <irq_handler_chain_free_slot_head>
10000afe:	00d50523          	sb	a3,10(a0)
10000b02:	0330000f          	fence	rw,rw
10000b06:	200037b7          	lui	a5,0x20003
10000b0a:	1a078793          	addi	a5,a5,416 # 200031a0 <_sw_spin_locks>
10000b0e:	000784a3          	sb	zero,9(a5)
10000b12:	8a21                	andi	a2,a2,8
10000b14:	30062073          	csrs	mstatus,a2
10000b18:	8082                	ret
10000b1a:	30502773          	csrr	a4,mtvec
10000b1e:	200036b7          	lui	a3,0x20003
10000b22:	9b71                	andi	a4,a4,-4
10000b24:	972e                	add	a4,a4,a1
10000b26:	e2468693          	addi	a3,a3,-476 # 20002e24 <__unhandled_user_irq>
10000b2a:	c314                	sw	a3,0(a4)
10000b2c:	b7e9                	j	10000af6 <irq_add_tail_to_free_list+0x86>
10000b2e:	4681                	li	a3,0
10000b30:	20d6a6b3          	sh1add	a3,a3,a3
10000b34:	20e6c6b3          	sh2add	a3,a3,a4
10000b38:	7771                	lui	a4,0xffffc
10000b3a:	587d                	li	a6,-1
10000b3c:	e4270713          	addi	a4,a4,-446 # ffffbe42 <__StackTop+0xdff79e42>
10000b40:	01068523          	sb	a6,10(a3)
10000b44:	00e69423          	sh	a4,8(a3)
10000b48:	b77d                	j	10000af6 <irq_add_tail_to_free_list+0x86>
10000b4a:	4685                	li	a3,1
10000b4c:	b7d5                	j	10000b30 <irq_add_tail_to_free_list+0xc0>
10000b4e:	4689                	li	a3,2
10000b50:	b7c5                	j	10000b30 <irq_add_tail_to_free_list+0xc0>
10000b52:	468d                	li	a3,3
10000b54:	bff1                	j	10000b30 <irq_add_tail_to_free_list+0xc0>

10000b56 <user_irq_claim_unused>:
10000b56:	85aa                	mv	a1,a0
10000b58:	10007737          	lui	a4,0x10007
10000b5c:	1141                	addi	sp,sp,-16
10000b5e:	97c70713          	addi	a4,a4,-1668 # 1000697c <__EH_FRAME_BEGIN__+0x44>
10000b62:	81818513          	addi	a0,gp,-2024 # 20003a39 <user_irq_claimed>
10000b66:	4695                	li	a3,5
10000b68:	4601                	li	a2,0
10000b6a:	c606                	sw	ra,12(sp)
10000b6c:	38c5                	jal	1000045c <hw_claim_unused_from_range>
10000b6e:	00054663          	bltz	a0,10000b7a <user_irq_claim_unused+0x24>
10000b72:	03300793          	li	a5,51
10000b76:	40a78533          	sub	a0,a5,a0
10000b7a:	40b2                	lw	ra,12(sp)
10000b7c:	0141                	addi	sp,sp,16
10000b7e:	8082                	ret

10000b80 <lock_init>:
10000b80:	200037b7          	lui	a5,0x20003
10000b84:	1a078793          	addi	a5,a5,416 # 200031a0 <_sw_spin_locks>
10000b88:	97ae                	add	a5,a5,a1
10000b8a:	c11c                	sw	a5,0(a0)
10000b8c:	8082                	ret

10000b8e <runtime_init_mutex>:
10000b8e:	1101                	addi	sp,sp,-32
10000b90:	cc22                	sw	s0,24(sp)
10000b92:	ca26                	sw	s1,20(sp)
10000b94:	20003437          	lui	s0,0x20003
10000b98:	200034b7          	lui	s1,0x20003
10000b9c:	ce06                	sw	ra,28(sp)
10000b9e:	e6040413          	addi	s0,s0,-416 # 20002e60 <print_mutex>
10000ba2:	e6848493          	addi	s1,s1,-408 # 20002e68 <default_alarm_pool_entries>
10000ba6:	02947663          	bgeu	s0,s1,10000bd2 <runtime_init_mutex+0x44>
10000baa:	c84a                	sw	s2,16(sp)
10000bac:	c64e                	sw	s3,12(sp)
10000bae:	0ff00913          	li	s2,255
10000bb2:	59fd                	li	s3,-1
10000bb4:	401c                	lw	a5,0(s0)
10000bb6:	c39d                	beqz	a5,10000bdc <runtime_init_mutex+0x4e>
10000bb8:	3225                	jal	100004e0 <next_striped_spin_lock_num>
10000bba:	85aa                	mv	a1,a0
10000bbc:	8522                	mv	a0,s0
10000bbe:	37c9                	jal	10000b80 <lock_init>
10000bc0:	01241223          	sh	s2,4(s0)
10000bc4:	0330000f          	fence	rw,rw
10000bc8:	0421                	addi	s0,s0,8
10000bca:	fe9465e3          	bltu	s0,s1,10000bb4 <runtime_init_mutex+0x26>
10000bce:	4942                	lw	s2,16(sp)
10000bd0:	49b2                	lw	s3,12(sp)
10000bd2:	40f2                	lw	ra,28(sp)
10000bd4:	4462                	lw	s0,24(sp)
10000bd6:	44d2                	lw	s1,20(sp)
10000bd8:	6105                	addi	sp,sp,32
10000bda:	8082                	ret
10000bdc:	3211                	jal	100004e0 <next_striped_spin_lock_num>
10000bde:	85aa                	mv	a1,a0
10000be0:	8522                	mv	a0,s0
10000be2:	3f79                	jal	10000b80 <lock_init>
10000be4:	01340223          	sb	s3,4(s0)
10000be8:	0330000f          	fence	rw,rw
10000bec:	0421                	addi	s0,s0,8
10000bee:	fc9463e3          	bltu	s0,s1,10000bb4 <runtime_init_mutex+0x26>
10000bf2:	bff1                	j	10000bce <runtime_init_mutex+0x40>

10000bf4 <mutex_init>:
10000bf4:	1141                	addi	sp,sp,-16
10000bf6:	c606                	sw	ra,12(sp)
10000bf8:	c422                	sw	s0,8(sp)
10000bfa:	842a                	mv	s0,a0
10000bfc:	8e5ff0ef          	jal	100004e0 <next_striped_spin_lock_num>
10000c00:	85aa                	mv	a1,a0
10000c02:	8522                	mv	a0,s0
10000c04:	3fb5                	jal	10000b80 <lock_init>
10000c06:	57fd                	li	a5,-1
10000c08:	00f40223          	sb	a5,4(s0)
10000c0c:	0330000f          	fence	rw,rw
10000c10:	40b2                	lw	ra,12(sp)
10000c12:	4422                	lw	s0,8(sp)
10000c14:	0141                	addi	sp,sp,16
10000c16:	8082                	ret

10000c18 <critical_section_init>:
10000c18:	1141                	addi	sp,sp,-16
10000c1a:	c422                	sw	s0,8(sp)
10000c1c:	842a                	mv	s0,a0
10000c1e:	4505                	li	a0,1
10000c20:	c606                	sw	ra,12(sp)
10000c22:	8dbff0ef          	jal	100004fc <spin_lock_claim_unused>
10000c26:	200037b7          	lui	a5,0x20003
10000c2a:	1a078793          	addi	a5,a5,416 # 200031a0 <_sw_spin_locks>
10000c2e:	97aa                	add	a5,a5,a0
10000c30:	c01c                	sw	a5,0(s0)
10000c32:	0330000f          	fence	rw,rw
10000c36:	40b2                	lw	ra,12(sp)
10000c38:	4422                	lw	s0,8(sp)
10000c3a:	0141                	addi	sp,sp,16
10000c3c:	8082                	ret

10000c3e <critical_section_init_with_lock_num>:
10000c3e:	200037b7          	lui	a5,0x20003
10000c42:	1a078793          	addi	a5,a5,416 # 200031a0 <_sw_spin_locks>
10000c46:	97ae                	add	a5,a5,a1
10000c48:	c11c                	sw	a5,0(a0)
10000c4a:	0330000f          	fence	rw,rw
10000c4e:	8082                	ret

10000c50 <sleep_until_callback>:
10000c50:	81b1a783          	lw	a5,-2021(gp) # 20003a3c <sleep_notifier>
10000c54:	30047773          	csrrci	a4,mstatus,8
10000c58:	00379613          	slli	a2,a5,0x3
10000c5c:	28c01633          	bset	a2,zero,a2
10000c60:	9bf1                	andi	a5,a5,-4
10000c62:	44c7a5af          	amoor.w.aq	a1,a2,(a5)
10000c66:	8df1                	and	a1,a1,a2
10000c68:	fded                	bnez	a1,10000c62 <sleep_until_callback+0x12>
10000c6a:	0330000f          	fence	rw,rw
10000c6e:	81b1a783          	lw	a5,-2021(gp) # 20003a3c <sleep_notifier>
10000c72:	0330000f          	fence	rw,rw
10000c76:	00078023          	sb	zero,0(a5)
10000c7a:	00877793          	andi	a5,a4,8
10000c7e:	3007a073          	csrs	mstatus,a5
10000c82:	00102033          	sgtz	zero,ra
10000c86:	4501                	li	a0,0
10000c88:	4581                	li	a1,0
10000c8a:	8082                	ret

10000c8c <alarm_pool_irq_handler>:
10000c8c:	7139                	addi	sp,sp,-64
10000c8e:	de06                	sw	ra,60(sp)
10000c90:	dc22                	sw	s0,56(sp)
10000c92:	da26                	sw	s1,52(sp)
10000c94:	d84a                	sw	s2,48(sp)
10000c96:	d64e                	sw	s3,44(sp)
10000c98:	d452                	sw	s4,40(sp)
10000c9a:	d256                	sw	s5,36(sp)
10000c9c:	d05a                	sw	s6,32(sp)
10000c9e:	ce5e                	sw	s7,28(sp)
10000ca0:	cc62                	sw	s8,24(sp)
10000ca2:	ca66                	sw	s9,20(sp)
10000ca4:	c86a                	sw	s10,16(sp)
10000ca6:	be5027f3          	csrr	a5,0xbe5
10000caa:	01079713          	slli	a4,a5,0x10
10000cae:	30074e63          	bltz	a4,10000fca <alarm_pool_irq_handler+0x33e>
10000cb2:	0047d913          	srli	s2,a5,0x4
10000cb6:	1fc97793          	andi	a5,s2,508
10000cba:	00397913          	andi	s2,s2,3
10000cbe:	292019b3          	bset	s3,zero,s2
10000cc2:	400b0bb7          	lui	s7,0x400b0
10000cc6:	32079e63          	bnez	a5,10001002 <alarm_pool_irq_handler+0x376>
10000cca:	20004737          	lui	a4,0x20004
10000cce:	2127c7b3          	sh2add	a5,a5,s2
10000cd2:	9f070713          	addi	a4,a4,-1552 # 200039f0 <pools>
10000cd6:	20e7c7b3          	sh2add	a5,a5,a4
10000cda:	0007aa83          	lw	s5,0(a5)
10000cde:	678d                	lui	a5,0x3
10000ce0:	04478793          	addi	a5,a5,68 # 3044 <HeapSize+0x2844>
10000ce4:	97de                	add	a5,a5,s7
10000ce6:	10001a37          	lui	s4,0x10001
10000cea:	0137a023          	sw	s3,0(a5)
10000cee:	c8ca0a13          	addi	s4,s4,-884 # 10000c8c <alarm_pool_irq_handler>
10000cf2:	547d                	li	s0,-1
10000cf4:	54fd                	li	s1,-1
10000cf6:	008a9b03          	lh	s6,8(s5)
10000cfa:	033bae23          	sw	s3,60(s7) # 400b003c <__StackTop+0x2002e03c>
10000cfe:	080b5763          	bgez	s6,10000d8c <alarm_pool_irq_handler+0x100>
10000d02:	004ad783          	lhu	a5,4(s5)
10000d06:	9fed                	sext.h	a5,a5
10000d08:	1407dc63          	bgez	a5,10000e60 <alarm_pool_irq_handler+0x1d4>
10000d0c:	006ac783          	lbu	a5,6(s5)
10000d10:	1e079463          	bnez	a5,10000ef8 <alarm_pool_irq_handler+0x26c>
10000d14:	008a9b03          	lh	s6,8(s5)
10000d18:	040b4763          	bltz	s6,10000d66 <alarm_pool_irq_handler+0xda>
10000d1c:	014aa703          	lw	a4,20(s5)
10000d20:	216b2b33          	sh1add	s6,s6,s6
10000d24:	57fd                	li	a5,-1
10000d26:	20eb6b33          	sh3add	s6,s6,a4
10000d2a:	008b2c03          	lw	s8,8(s6)
10000d2e:	00cb2b03          	lw	s6,12(s6)
10000d32:	28fc0963          	beq	s8,a5,10000fc4 <alarm_pool_irq_handler+0x338>
10000d36:	217946b3          	sh2add	a3,s2,s7
10000d3a:	028ba703          	lw	a4,40(s7)
10000d3e:	4a9c                	lw	a5,16(a3)
10000d40:	40ec0633          	sub	a2,s8,a4
10000d44:	8f99                	sub	a5,a5,a4
10000d46:	04f66063          	bltu	a2,a5,10000d86 <alarm_pool_irq_handler+0xfa>
10000d4a:	020ba783          	lw	a5,32(s7)
10000d4e:	4927d7b3          	bext	a5,a5,s2
10000d52:	cb95                	beqz	a5,10000d86 <alarm_pool_irq_handler+0xfa>
10000d54:	855e                	mv	a0,s7
10000d56:	089000ef          	jal	100015de <timer_time_us_64>
10000d5a:	0165c663          	blt	a1,s6,10000d66 <alarm_pool_irq_handler+0xda>
10000d5e:	f8bb1ce3          	bne	s6,a1,10000cf6 <alarm_pool_irq_handler+0x6a>
10000d62:	f9857ae3          	bgeu	a0,s8,10000cf6 <alarm_pool_irq_handler+0x6a>
10000d66:	00102033          	sgtz	zero,ra
10000d6a:	50f2                	lw	ra,60(sp)
10000d6c:	5462                	lw	s0,56(sp)
10000d6e:	54d2                	lw	s1,52(sp)
10000d70:	5942                	lw	s2,48(sp)
10000d72:	59b2                	lw	s3,44(sp)
10000d74:	5a22                	lw	s4,40(sp)
10000d76:	5a92                	lw	s5,36(sp)
10000d78:	5b02                	lw	s6,32(sp)
10000d7a:	4bf2                	lw	s7,28(sp)
10000d7c:	4c62                	lw	s8,24(sp)
10000d7e:	4cd2                	lw	s9,20(sp)
10000d80:	4d42                	lw	s10,16(sp)
10000d82:	6121                	addi	sp,sp,64
10000d84:	8082                	ret
10000d86:	0186a823          	sw	s8,16(a3)
10000d8a:	b7e9                	j	10000d54 <alarm_pool_irq_handler+0xc8>
10000d8c:	014aa783          	lw	a5,20(s5)
10000d90:	216b2c33          	sh1add	s8,s6,s6
10000d94:	855e                	mv	a0,s7
10000d96:	20fc6c33          	sh3add	s8,s8,a5
10000d9a:	00cc2c83          	lw	s9,12(s8)
10000d9e:	008c2d03          	lw	s10,8(s8)
10000da2:	03d000ef          	jal	100015de <timer_time_us_64>
10000da6:	f595cee3          	blt	a1,s9,10000d02 <alarm_pool_irq_handler+0x76>
10000daa:	1abc8963          	beq	s9,a1,10000f5c <alarm_pool_irq_handler+0x2d0>
10000dae:	1a0ccb63          	bltz	s9,10000f64 <alarm_pool_irq_handler+0x2d8>
10000db2:	010c2783          	lw	a5,16(s8)
10000db6:	014c2583          	lw	a1,20(s8)
10000dba:	23478b63          	beq	a5,s4,10000ff0 <alarm_pool_irq_handler+0x364>
10000dbe:	008a9703          	lh	a4,8(s5)
10000dc2:	002c5503          	lhu	a0,2(s8)
10000dc6:	0742                	slli	a4,a4,0x10
10000dc8:	8d59                	or	a0,a0,a4
10000dca:	9782                	jalr	a5
10000dcc:	872e                	mv	a4,a1
10000dce:	87aa                	mv	a5,a0
10000dd0:	00e7e6b3          	or	a3,a5,a4
10000dd4:	18068863          	beqz	a3,10000f64 <alarm_pool_irq_handler+0x2d8>
10000dd8:	1e075f63          	bgez	a4,10000fd6 <alarm_pool_irq_handler+0x34a>
10000ddc:	40fd06b3          	sub	a3,s10,a5
10000de0:	00dd3d33          	sltu	s10,s10,a3
10000de4:	40ec87b3          	sub	a5,s9,a4
10000de8:	41a787b3          	sub	a5,a5,s10
10000dec:	000c1703          	lh	a4,0(s8)
10000df0:	00dc2423          	sw	a3,8(s8)
10000df4:	00fc2623          	sw	a5,12(s8)
10000df8:	f00745e3          	bltz	a4,10000d02 <alarm_pool_irq_handler+0x76>
10000dfc:	014aa803          	lw	a6,20(s5)
10000e00:	20e72533          	sh1add	a0,a4,a4
10000e04:	00171613          	slli	a2,a4,0x1
10000e08:	21056533          	sh3add	a0,a0,a6
10000e0c:	454c                	lw	a1,12(a0)
10000e0e:	00852883          	lw	a7,8(a0)
10000e12:	eeb7c8e3          	blt	a5,a1,10000d02 <alarm_pool_irq_handler+0x76>
10000e16:	00f59463          	bne	a1,a5,10000e1e <alarm_pool_irq_handler+0x192>
10000e1a:	ef16e4e3          	bltu	a3,a7,10000d02 <alarm_pool_irq_handler+0x76>
10000e1e:	00ea9423          	sh	a4,8(s5)
10000e22:	008a8513          	addi	a0,s5,8
10000e26:	a031                	j	10000e32 <alarm_pool_irq_handler+0x1a6>
10000e28:	00862883          	lw	a7,8(a2)
10000e2c:	464c                	lw	a1,12(a2)
10000e2e:	00171613          	slli	a2,a4,0x1
10000e32:	963a                	add	a2,a2,a4
10000e34:	00b7cd63          	blt	a5,a1,10000e4e <alarm_pool_irq_handler+0x1c2>
10000e38:	1cf58963          	beq	a1,a5,1000100a <alarm_pool_irq_handler+0x37e>
10000e3c:	21066533          	sh3add	a0,a2,a6
10000e40:	8558                	lh	a4,0(a0)
10000e42:	20e72633          	sh1add	a2,a4,a4
10000e46:	21066633          	sh3add	a2,a2,a6
10000e4a:	fc075fe3          	bgez	a4,10000e28 <alarm_pool_irq_handler+0x19c>
10000e4e:	00ec1023          	sh	a4,0(s8)
10000e52:	01651023          	sh	s6,0(a0)
10000e56:	004ad783          	lhu	a5,4(s5)
10000e5a:	9fed                	sext.h	a5,a5
10000e5c:	ea07c8e3          	bltz	a5,10000d0c <alarm_pool_irq_handler+0x80>
10000e60:	010aa783          	lw	a5,16(s5)
10000e64:	30047773          	csrrci	a4,mstatus,8
10000e68:	00379693          	slli	a3,a5,0x3
10000e6c:	28d016b3          	bset	a3,zero,a3
10000e70:	9bf1                	andi	a5,a5,-4
10000e72:	44d7a62f          	amoor.w.aq	a2,a3,(a5)
10000e76:	8e75                	and	a2,a2,a3
10000e78:	fe6d                	bnez	a2,10000e72 <alarm_pool_irq_handler+0x1e6>
10000e7a:	0330000f          	fence	rw,rw
10000e7e:	004ad883          	lhu	a7,4(s5)
10000e82:	57fd                	li	a5,-1
10000e84:	00fa9223          	sh	a5,4(s5)
10000e88:	60589893          	sext.h	a7,a7
10000e8c:	010aa783          	lw	a5,16(s5)
10000e90:	0330000f          	fence	rw,rw
10000e94:	00078023          	sb	zero,0(a5)
10000e98:	00877793          	andi	a5,a4,8
10000e9c:	3007a073          	csrs	mstatus,a5
10000ea0:	e608c6e3          	bltz	a7,10000d0c <alarm_pool_irq_handler+0x80>
10000ea4:	014aa503          	lw	a0,20(s5)
10000ea8:	008a9703          	lh	a4,8(s5)
10000eac:	2118a833          	sh1add	a6,a7,a7
10000eb0:	20a86833          	sh3add	a6,a6,a0
10000eb4:	008a8593          	addi	a1,s5,8
10000eb8:	02074463          	bltz	a4,10000ee0 <alarm_pool_irq_handler+0x254>
10000ebc:	00882303          	lw	t1,8(a6)
10000ec0:	00c82603          	lw	a2,12(a6)
10000ec4:	a039                	j	10000ed2 <alarm_pool_irq_handler+0x246>
10000ec6:	0ec68363          	beq	a3,a2,10000fac <alarm_pool_irq_handler+0x320>
10000eca:	87d8                	lh	a4,0(a5)
10000ecc:	85be                	mv	a1,a5
10000ece:	00074963          	bltz	a4,10000ee0 <alarm_pool_irq_handler+0x254>
10000ed2:	20e727b3          	sh1add	a5,a4,a4
10000ed6:	20a7e7b3          	sh3add	a5,a5,a0
10000eda:	47d4                	lw	a3,12(a5)
10000edc:	fed655e3          	bge	a2,a3,10000ec6 <alarm_pool_irq_handler+0x23a>
10000ee0:	01159023          	sh	a7,0(a1)
10000ee4:	00081883          	lh	a7,0(a6)
10000ee8:	00e81023          	sh	a4,0(a6)
10000eec:	fa08dee3          	bgez	a7,10000ea8 <alarm_pool_irq_handler+0x21c>
10000ef0:	006ac783          	lbu	a5,6(s5)
10000ef4:	e20780e3          	beqz	a5,10000d14 <alarm_pool_irq_handler+0x88>
10000ef8:	000a8323          	sb	zero,6(s5)
10000efc:	008a9b03          	lh	s6,8(s5)
10000f00:	55fd                	li	a1,-1
10000f02:	875a                	mv	a4,s6
10000f04:	e6bb01e3          	beq	s6,a1,10000d66 <alarm_pool_irq_handler+0xda>
10000f08:	014aa503          	lw	a0,20(s5)
10000f0c:	20e727b3          	sh1add	a5,a4,a4
10000f10:	863a                	mv	a2,a4
10000f12:	20a7e7b3          	sh3add	a5,a5,a0
10000f16:	87b4                	lhu	a3,2(a5)
10000f18:	87d8                	lh	a4,0(a5)
10000f1a:	008a8813          	addi	a6,s5,8
10000f1e:	9eed                	sext.h	a3,a3
10000f20:	0006cf63          	bltz	a3,10000f3e <alarm_pool_irq_handler+0x2b2>
10000f24:	883e                	mv	a6,a5
10000f26:	deb709e3          	beq	a4,a1,10000d18 <alarm_pool_irq_handler+0x8c>
10000f2a:	20e727b3          	sh1add	a5,a4,a4
10000f2e:	20a7e7b3          	sh3add	a5,a5,a0
10000f32:	87b4                	lhu	a3,2(a5)
10000f34:	863a                	mv	a2,a4
10000f36:	87d8                	lh	a4,0(a5)
10000f38:	9eed                	sext.h	a3,a3
10000f3a:	fe06d5e3          	bgez	a3,10000f24 <alarm_pool_irq_handler+0x298>
10000f3e:	c780                	sw	s0,8(a5)
10000f40:	c7c4                	sw	s1,12(a5)
10000f42:	fecb02e3          	beq	s6,a2,10000f26 <alarm_pool_irq_handler+0x29a>
10000f46:	00e81023          	sh	a4,0(a6)
10000f4a:	008ad683          	lhu	a3,8(s5)
10000f4e:	8b32                	mv	s6,a2
10000f50:	8f94                	sh	a3,0(a5)
10000f52:	00ca9423          	sh	a2,8(s5)
10000f56:	fcb71ae3          	bne	a4,a1,10000f2a <alarm_pool_irq_handler+0x29e>
10000f5a:	bb7d                	j	10000d18 <alarm_pool_irq_handler+0x8c>
10000f5c:	dba563e3          	bltu	a0,s10,10000d02 <alarm_pool_irq_handler+0x76>
10000f60:	e40cd9e3          	bgez	s9,10000db2 <alarm_pool_irq_handler+0x126>
10000f64:	000c5703          	lhu	a4,0(s8)
10000f68:	010aa783          	lw	a5,16(s5)
10000f6c:	00ea9423          	sh	a4,8(s5)
10000f70:	30047773          	csrrci	a4,mstatus,8
10000f74:	00379693          	slli	a3,a5,0x3
10000f78:	28d016b3          	bset	a3,zero,a3
10000f7c:	9bf1                	andi	a5,a5,-4
10000f7e:	44d7a62f          	amoor.w.aq	a2,a3,(a5)
10000f82:	8e75                	and	a2,a2,a3
10000f84:	fe6d                	bnez	a2,10000f7e <alarm_pool_irq_handler+0x2f2>
10000f86:	0330000f          	fence	rw,rw
10000f8a:	002ad683          	lhu	a3,2(s5)
10000f8e:	010aa783          	lw	a5,16(s5)
10000f92:	00dc1023          	sh	a3,0(s8)
10000f96:	016a9123          	sh	s6,2(s5)
10000f9a:	0330000f          	fence	rw,rw
10000f9e:	00078023          	sb	zero,0(a5)
10000fa2:	00877793          	andi	a5,a4,8
10000fa6:	3007a073          	csrs	mstatus,a5
10000faa:	bba1                	j	10000d02 <alarm_pool_irq_handler+0x76>
10000fac:	4794                	lw	a3,8(a5)
10000fae:	f0d37ee3          	bgeu	t1,a3,10000eca <alarm_pool_irq_handler+0x23e>
10000fb2:	01159023          	sh	a7,0(a1)
10000fb6:	00081883          	lh	a7,0(a6)
10000fba:	00e81023          	sh	a4,0(a6)
10000fbe:	ee08d5e3          	bgez	a7,10000ea8 <alarm_pool_irq_handler+0x21c>
10000fc2:	b73d                	j	10000ef0 <alarm_pool_irq_handler+0x264>
10000fc4:	d78b19e3          	bne	s6,s8,10000d36 <alarm_pool_irq_handler+0xaa>
10000fc8:	b371                	j	10000d54 <alarm_pool_irq_handler+0xc8>
10000fca:	4985                	li	s3,1
10000fcc:	87ce                	mv	a5,s3
10000fce:	4901                	li	s2,0
10000fd0:	400b8bb7          	lui	s7,0x400b8
10000fd4:	b9dd                	j	10000cca <alarm_pool_irq_handler+0x3e>
10000fd6:	855e                	mv	a0,s7
10000fd8:	c63a                	sw	a4,12(sp)
10000fda:	c43e                	sw	a5,8(sp)
10000fdc:	2509                	jal	100015de <timer_time_us_64>
10000fde:	47a2                	lw	a5,8(sp)
10000fe0:	4732                	lw	a4,12(sp)
10000fe2:	00f506b3          	add	a3,a0,a5
10000fe6:	00a6b7b3          	sltu	a5,a3,a0
10000fea:	95ba                	add	a1,a1,a4
10000fec:	97ae                	add	a5,a5,a1
10000fee:	bbfd                	j	10000dec <alarm_pool_irq_handler+0x160>
10000ff0:	499c                	lw	a5,16(a1)
10000ff2:	852e                	mv	a0,a1
10000ff4:	c42e                	sw	a1,8(sp)
10000ff6:	9782                	jalr	a5
10000ff8:	d535                	beqz	a0,10000f64 <alarm_pool_irq_handler+0x2d8>
10000ffa:	45a2                	lw	a1,8(sp)
10000ffc:	419c                	lw	a5,0(a1)
10000ffe:	41d8                	lw	a4,4(a1)
10001000:	bbc1                	j	10000dd0 <alarm_pool_irq_handler+0x144>
10001002:	4785                	li	a5,1
10001004:	400b8bb7          	lui	s7,0x400b8
10001008:	b1c9                	j	10000cca <alarm_pool_irq_handler+0x3e>
1000100a:	e316f9e3          	bgeu	a3,a7,10000e3c <alarm_pool_irq_handler+0x1b0>
1000100e:	b581                	j	10000e4e <alarm_pool_irq_handler+0x1c2>

10001010 <runtime_init_default_alarm_pool>:
10001010:	200037b7          	lui	a5,0x20003
10001014:	c6878793          	addi	a5,a5,-920 # 20002c68 <default_alarm_pool>
10001018:	4b98                	lw	a4,16(a5)
1000101a:	c709                	beqz	a4,10001024 <runtime_init_default_alarm_pool+0x14>
1000101c:	81b18513          	addi	a0,gp,-2021 # 20003a3c <sleep_notifier>
10001020:	45a9                	li	a1,10
10001022:	beb9                	j	10000b80 <lock_init>
10001024:	1141                	addi	sp,sp,-16
10001026:	458d                	li	a1,3
10001028:	400b0537          	lui	a0,0x400b0
1000102c:	c606                	sw	ra,12(sp)
1000102e:	c422                	sw	s0,8(sp)
10001030:	2b49                	jal	100015c2 <timer_hardware_alarm_claim>
10001032:	20003437          	lui	s0,0x20003
10001036:	c6840793          	addi	a5,s0,-920 # 20002c68 <default_alarm_pool>
1000103a:	400b0837          	lui	a6,0x400b0
1000103e:	0107a623          	sw	a6,12(a5)
10001042:	c9eff0ef          	jal	100004e0 <next_striped_spin_lock_num>
10001046:	c6840793          	addi	a5,s0,-920
1000104a:	85aa                	mv	a1,a0
1000104c:	450d                	li	a0,3
1000104e:	8b88                	sb	a0,0(a5)
10001050:	d0000737          	lui	a4,0xd0000
10001054:	00072303          	lw	t1,0(a4) # d0000000 <__StackTop+0xaff7e000>
10001058:	200036b7          	lui	a3,0x20003
1000105c:	4bd8                	lw	a4,20(a5)
1000105e:	1a068693          	addi	a3,a3,416 # 200031a0 <_sw_spin_locks>
10001062:	00110637          	lui	a2,0x110
10001066:	96ae                	add	a3,a3,a1
10001068:	167d                	addi	a2,a2,-1 # 10ffff <HeapSize+0x10f7ff>
1000106a:	48bd                	li	a7,15
1000106c:	cb94                	sw	a3,16(a5)
1000106e:	006780a3          	sb	t1,1(a5)
10001072:	c790                	sw	a2,8(a5)
10001074:	01179123          	sh	a7,2(a5)
10001078:	55fd                	li	a1,-1
1000107a:	4309                	li	t1,2
1000107c:	4891                	li	a7,4
1000107e:	4615                	li	a2,5
10001080:	4699                	li	a3,6
10001082:	00b79223          	sh	a1,4(a5)
10001086:	04671423          	sh	t1,72(a4)
1000108a:	07171c23          	sh	a7,120(a4)
1000108e:	08c71823          	sh	a2,144(a4)
10001092:	0ad71423          	sh	a3,168(a4)
10001096:	429d                	li	t0,7
10001098:	46a1                	li	a3,8
1000109a:	4fa5                	li	t6,9
1000109c:	4f29                	li	t5,10
1000109e:	4ead                	li	t4,11
100010a0:	4e31                	li	t3,12
100010a2:	4335                	li	t1,13
100010a4:	48b9                	li	a7,14
100010a6:	4605                	li	a2,1
100010a8:	0cd71c23          	sh	a3,216(a4)
100010ac:	06a71023          	sh	a0,96(a4)
100010b0:	0c571023          	sh	t0,192(a4)
100010b4:	0ff71823          	sh	t6,240(a4)
100010b8:	11e71423          	sh	t5,264(a4)
100010bc:	13d71023          	sh	t4,288(a4)
100010c0:	13c71c23          	sh	t3,312(a4)
100010c4:	14671823          	sh	t1,336(a4)
100010c8:	17171423          	sh	a7,360(a4)
100010cc:	8f0c                	sh	a1,0(a4)
100010ce:	02c71823          	sh	a2,48(a4)
100010d2:	00071c23          	sh	zero,24(a4)
100010d6:	400b0837          	lui	a6,0x400b0
100010da:	100015b7          	lui	a1,0x10001
100010de:	02d82023          	sw	a3,32(a6) # 400b0020 <__StackTop+0x2002e020>
100010e2:	20004737          	lui	a4,0x20004
100010e6:	c8c58593          	addi	a1,a1,-884 # 10000c8c <alarm_pool_irq_handler>
100010ea:	9ef72e23          	sw	a5,-1540(a4) # 200039fc <pools+0xc>
100010ee:	cf6ff0ef          	jal	100005e4 <irq_set_exclusive_handler>
100010f2:	4585                	li	a1,1
100010f4:	450d                	li	a0,3
100010f6:	c74ff0ef          	jal	1000056a <irq_set_enabled>
100010fa:	4422                	lw	s0,8(sp)
100010fc:	40b2                	lw	ra,12(sp)
100010fe:	400b27b7          	lui	a5,0x400b2
10001102:	46a1                	li	a3,8
10001104:	c3b4                	sw	a3,64(a5)
10001106:	81b18513          	addi	a0,gp,-2021 # 20003a3c <sleep_notifier>
1000110a:	45a9                	li	a1,10
1000110c:	0141                	addi	sp,sp,16
1000110e:	bc8d                	j	10000b80 <lock_init>

10001110 <alarm_pool_get_default>:
10001110:	20003537          	lui	a0,0x20003
10001114:	c6850513          	addi	a0,a0,-920 # 20002c68 <default_alarm_pool>
10001118:	8082                	ret

1000111a <alarm_pool_add_alarm_at>:
1000111a:	7179                	addi	sp,sp,-48
1000111c:	d606                	sw	ra,44(sp)
1000111e:	882a                	mv	a6,a0
10001120:	832e                	mv	t1,a1
10001122:	e795                	bnez	a5,1000114e <alarm_pool_add_alarm_at+0x34>
10001124:	ce3a                	sw	a4,28(sp)
10001126:	cc36                	sw	a3,24(sp)
10001128:	ca32                	sw	a2,20(sp)
1000112a:	c82e                	sw	a1,16(sp)
1000112c:	c62a                	sw	a0,12(sp)
1000112e:	21c1                	jal	100015ee <time_us_64>
10001130:	4342                	lw	t1,16(sp)
10001132:	4652                	lw	a2,20(sp)
10001134:	4832                	lw	a6,12(sp)
10001136:	40a30533          	sub	a0,t1,a0
1000113a:	00a33533          	sltu	a0,t1,a0
1000113e:	40b605b3          	sub	a1,a2,a1
10001142:	8d89                	sub	a1,a1,a0
10001144:	46e2                	lw	a3,24(sp)
10001146:	4772                	lw	a4,28(sp)
10001148:	4501                	li	a0,0
1000114a:	0c05c363          	bltz	a1,10001210 <alarm_pool_add_alarm_at+0xf6>
1000114e:	01082783          	lw	a5,16(a6)
10001152:	300475f3          	csrrci	a1,mstatus,8
10001156:	00379513          	slli	a0,a5,0x3
1000115a:	28a01533          	bset	a0,zero,a0
1000115e:	9bf1                	andi	a5,a5,-4
10001160:	44a7a8af          	amoor.w.aq	a7,a0,(a5)
10001164:	00a8f8b3          	and	a7,a7,a0
10001168:	fe089ce3          	bnez	a7,10001160 <alarm_pool_add_alarm_at+0x46>
1000116c:	0330000f          	fence	rw,rw
10001170:	00281883          	lh	a7,2(a6)
10001174:	01082503          	lw	a0,16(a6)
10001178:	89a1                	andi	a1,a1,8
1000117a:	0808ce63          	bltz	a7,10001216 <alarm_pool_add_alarm_at+0xfc>
1000117e:	01482e03          	lw	t3,20(a6)
10001182:	2118a7b3          	sh1add	a5,a7,a7
10001186:	21c7e7b3          	sh3add	a5,a5,t3
1000118a:	0007de03          	lhu	t3,0(a5) # 400b2000 <__StackTop+0x20030000>
1000118e:	01c81123          	sh	t3,2(a6)
10001192:	0330000f          	fence	rw,rw
10001196:	00050023          	sb	zero,0(a0)
1000119a:	3005a073          	csrs	mstatus,a1
1000119e:	87ac                	lhu	a1,2(a5)
100011a0:	4e05                	li	t3,1
100011a2:	01089513          	slli	a0,a7,0x10
100011a6:	95f2                	add	a1,a1,t3
100011a8:	05c6                	slli	a1,a1,0x11
100011aa:	81c5                	srli	a1,a1,0x11
100011ac:	0bc5f5b3          	maxu	a1,a1,t3
100011b0:	cbd8                	sw	a4,20(a5)
100011b2:	cb94                	sw	a3,16(a5)
100011b4:	0067a423          	sw	t1,8(a5)
100011b8:	c7d0                	sw	a2,12(a5)
100011ba:	8fac                	sh	a1,2(a5)
100011bc:	8d4d                	or	a0,a0,a1
100011be:	01082703          	lw	a4,16(a6)
100011c2:	300476f3          	csrrci	a3,mstatus,8
100011c6:	00371613          	slli	a2,a4,0x3
100011ca:	28c01633          	bset	a2,zero,a2
100011ce:	9b71                	andi	a4,a4,-4
100011d0:	44c725af          	amoor.w.aq	a1,a2,(a4)
100011d4:	8df1                	and	a1,a1,a2
100011d6:	fded                	bnez	a1,100011d0 <alarm_pool_add_alarm_at+0xb6>
100011d8:	0330000f          	fence	rw,rw
100011dc:	00485603          	lhu	a2,4(a6)
100011e0:	01082703          	lw	a4,16(a6)
100011e4:	8f90                	sh	a2,0(a5)
100011e6:	01181223          	sh	a7,4(a6)
100011ea:	0330000f          	fence	rw,rw
100011ee:	00070023          	sb	zero,0(a4)
100011f2:	0086f793          	andi	a5,a3,8
100011f6:	3007a073          	csrs	mstatus,a5
100011fa:	00084703          	lbu	a4,0(a6)
100011fe:	00c82783          	lw	a5,12(a6)
10001202:	6689                	lui	a3,0x2
10001204:	04468693          	addi	a3,a3,68 # 2044 <HeapSize+0x1844>
10001208:	28e01733          	bset	a4,zero,a4
1000120c:	97b6                	add	a5,a5,a3
1000120e:	c398                	sw	a4,0(a5)
10001210:	50b2                	lw	ra,44(sp)
10001212:	6145                	addi	sp,sp,48
10001214:	8082                	ret
10001216:	0330000f          	fence	rw,rw
1000121a:	00050023          	sb	zero,0(a0)
1000121e:	3005a073          	csrs	mstatus,a1
10001222:	50b2                	lw	ra,44(sp)
10001224:	557d                	li	a0,-1
10001226:	6145                	addi	sp,sp,48
10001228:	8082                	ret

1000122a <alarm_pool_add_alarm_at_force_in_context>:
1000122a:	83b2                	mv	t2,a2
1000122c:	87aa                	mv	a5,a0
1000122e:	4910                	lw	a2,16(a0)
10001230:	832e                	mv	t1,a1
10001232:	300475f3          	csrrci	a1,mstatus,8
10001236:	00361513          	slli	a0,a2,0x3
1000123a:	28a01533          	bset	a0,zero,a0
1000123e:	9a71                	andi	a2,a2,-4
10001240:	44a6282f          	amoor.w.aq	a6,a0,(a2)
10001244:	00a87833          	and	a6,a6,a0
10001248:	fe081ce3          	bnez	a6,10001240 <alarm_pool_add_alarm_at_force_in_context+0x16>
1000124c:	0330000f          	fence	rw,rw
10001250:	00279883          	lh	a7,2(a5)
10001254:	0085f613          	andi	a2,a1,8
10001258:	4b8c                	lw	a1,16(a5)
1000125a:	0808cc63          	bltz	a7,100012f2 <alarm_pool_add_alarm_at_force_in_context+0xc8>
1000125e:	4bc8                	lw	a0,20(a5)
10001260:	2118a833          	sh1add	a6,a7,a7
10001264:	20a86833          	sh3add	a6,a6,a0
10001268:	00085503          	lhu	a0,0(a6)
1000126c:	8fa8                	sh	a0,2(a5)
1000126e:	0330000f          	fence	rw,rw
10001272:	00058023          	sb	zero,0(a1)
10001276:	30062073          	csrs	mstatus,a2
1000127a:	00285603          	lhu	a2,2(a6)
1000127e:	4585                	li	a1,1
10001280:	01089513          	slli	a0,a7,0x10
10001284:	962e                	add	a2,a2,a1
10001286:	0646                	slli	a2,a2,0x11
10001288:	8245                	srli	a2,a2,0x11
1000128a:	0ab67633          	maxu	a2,a2,a1
1000128e:	00e82a23          	sw	a4,20(a6)
10001292:	00d82823          	sw	a3,16(a6)
10001296:	00682423          	sw	t1,8(a6)
1000129a:	00782623          	sw	t2,12(a6)
1000129e:	00c81123          	sh	a2,2(a6)
100012a2:	8d51                	or	a0,a0,a2
100012a4:	4b98                	lw	a4,16(a5)
100012a6:	300476f3          	csrrci	a3,mstatus,8
100012aa:	00371613          	slli	a2,a4,0x3
100012ae:	28c01633          	bset	a2,zero,a2
100012b2:	9b71                	andi	a4,a4,-4
100012b4:	44c725af          	amoor.w.aq	a1,a2,(a4)
100012b8:	8df1                	and	a1,a1,a2
100012ba:	fded                	bnez	a1,100012b4 <alarm_pool_add_alarm_at_force_in_context+0x8a>
100012bc:	0330000f          	fence	rw,rw
100012c0:	0047d603          	lhu	a2,4(a5)
100012c4:	4b98                	lw	a4,16(a5)
100012c6:	00c81023          	sh	a2,0(a6)
100012ca:	01179223          	sh	a7,4(a5)
100012ce:	0330000f          	fence	rw,rw
100012d2:	00070023          	sb	zero,0(a4)
100012d6:	0086f713          	andi	a4,a3,8
100012da:	30072073          	csrs	mstatus,a4
100012de:	8398                	lbu	a4,0(a5)
100012e0:	47dc                	lw	a5,12(a5)
100012e2:	6689                	lui	a3,0x2
100012e4:	04468693          	addi	a3,a3,68 # 2044 <HeapSize+0x1844>
100012e8:	28e01733          	bset	a4,zero,a4
100012ec:	97b6                	add	a5,a5,a3
100012ee:	c398                	sw	a4,0(a5)
100012f0:	8082                	ret
100012f2:	0330000f          	fence	rw,rw
100012f6:	00058023          	sb	zero,0(a1)
100012fa:	30062073          	csrs	mstatus,a2
100012fe:	557d                	li	a0,-1
10001300:	8082                	ret

10001302 <alarm_pool_cancel_alarm>:
10001302:	00a55703          	lhu	a4,10(a0)
10001306:	4105d793          	srai	a5,a1,0x10
1000130a:	04e7d663          	bge	a5,a4,10001356 <alarm_pool_cancel_alarm+0x54>
1000130e:	4954                	lw	a3,20(a0)
10001310:	20f7a7b3          	sh1add	a5,a5,a5
10001314:	4918                	lw	a4,16(a0)
10001316:	20d7e7b3          	sh3add	a5,a5,a3
1000131a:	300476f3          	csrrci	a3,mstatus,8
1000131e:	00371613          	slli	a2,a4,0x3
10001322:	28c01633          	bset	a2,zero,a2
10001326:	9b71                	andi	a4,a4,-4
10001328:	44c7282f          	amoor.w.aq	a6,a2,(a4)
1000132c:	00c87833          	and	a6,a6,a2
10001330:	fe081ce3          	bnez	a6,10001328 <alarm_pool_cancel_alarm+0x26>
10001334:	0330000f          	fence	rw,rw
10001338:	87b0                	lhu	a2,2(a5)
1000133a:	9de9                	zext.h	a1,a1
1000133c:	0086f713          	andi	a4,a3,8
10001340:	080646b3          	zext.h	a3,a2
10001344:	00b60b63          	beq	a2,a1,1000135a <alarm_pool_cancel_alarm+0x58>
10001348:	491c                	lw	a5,16(a0)
1000134a:	0330000f          	fence	rw,rw
1000134e:	00078023          	sb	zero,0(a5)
10001352:	30072073          	csrs	mstatus,a4
10001356:	4501                	li	a0,0
10001358:	8082                	ret
1000135a:	7661                	lui	a2,0xffff8
1000135c:	8ed1                	or	a3,a3,a2
1000135e:	8fb4                	sh	a3,2(a5)
10001360:	4785                	li	a5,1
10001362:	00f50323          	sb	a5,6(a0)
10001366:	4914                	lw	a3,16(a0)
10001368:	0330000f          	fence	rw,rw
1000136c:	00068023          	sb	zero,0(a3)
10001370:	30072073          	csrs	mstatus,a4
10001374:	8114                	lbu	a3,0(a0)
10001376:	4558                	lw	a4,12(a0)
10001378:	6609                	lui	a2,0x2
1000137a:	04460613          	addi	a2,a2,68 # 2044 <HeapSize+0x1844>
1000137e:	28d016b3          	bset	a3,zero,a3
10001382:	9732                	add	a4,a4,a2
10001384:	853e                	mv	a0,a5
10001386:	c314                	sw	a3,0(a4)
10001388:	8082                	ret

1000138a <alarm_pool_core_num>:
1000138a:	8148                	lbu	a0,1(a0)
1000138c:	8082                	ret

1000138e <sleep_ms>:
1000138e:	1101                	addi	sp,sp,-32
10001390:	cc22                	sw	s0,24(sp)
10001392:	ca26                	sw	s1,20(sp)
10001394:	c64e                	sw	s3,12(sp)
10001396:	84aa                	mv	s1,a0
10001398:	ce06                	sw	ra,28(sp)
1000139a:	c84a                	sw	s2,16(sp)
1000139c:	2c89                	jal	100015ee <time_us_64>
1000139e:	3e800713          	li	a4,1000
100013a2:	02e48433          	mul	s0,s1,a4
100013a6:	800007b7          	lui	a5,0x80000
100013aa:	17fd                	addi	a5,a5,-1 # 7fffffff <__StackTop+0x5ff7dfff>
100013ac:	02e4b4b3          	mulhu	s1,s1,a4
100013b0:	00a409b3          	add	s3,s0,a0
100013b4:	0089b433          	sltu	s0,s3,s0
100013b8:	94ae                	add	s1,s1,a1
100013ba:	9426                	add	s0,s0,s1
100013bc:	0087f463          	bgeu	a5,s0,100013c4 <sleep_ms+0x36>
100013c0:	843e                	mv	s0,a5
100013c2:	59fd                	li	s3,-1
100013c4:	ffa98493          	addi	s1,s3,-6
100013c8:	0134b933          	sltu	s2,s1,s3
100013cc:	fff40793          	addi	a5,s0,-1
100013d0:	993e                	add	s2,s2,a5
100013d2:	03246963          	bltu	s0,s2,10001404 <sleep_ms+0x76>
100013d6:	02890563          	beq	s2,s0,10001400 <sleep_ms+0x72>
100013da:	2c11                	jal	100015ee <time_us_64>
100013dc:	40a48533          	sub	a0,s1,a0
100013e0:	40b905b3          	sub	a1,s2,a1
100013e4:	00a4b7b3          	sltu	a5,s1,a0
100013e8:	8d9d                	sub	a1,a1,a5
100013ea:	02b04963          	bgtz	a1,1000141c <sleep_ms+0x8e>
100013ee:	c5d5                	beqz	a1,1000149a <sleep_ms+0x10c>
100013f0:	ade2                	cm.mva01s	s3,s0
100013f2:	4462                	lw	s0,24(sp)
100013f4:	40f2                	lw	ra,28(sp)
100013f6:	44d2                	lw	s1,20(sp)
100013f8:	4942                	lw	s2,16(sp)
100013fa:	49b2                	lw	s3,12(sp)
100013fc:	6105                	addi	sp,sp,32
100013fe:	a4a5                	j	10001666 <busy_wait_until>
10001400:	fc99fde3          	bgeu	s3,s1,100013da <sleep_ms+0x4c>
10001404:	22ed                	jal	100015ee <time_us_64>
10001406:	4481                	li	s1,0
10001408:	4901                	li	s2,0
1000140a:	40a48533          	sub	a0,s1,a0
1000140e:	40b905b3          	sub	a1,s2,a1
10001412:	00a4b7b3          	sltu	a5,s1,a0
10001416:	8d9d                	sub	a1,a1,a5
10001418:	fcb05be3          	blez	a1,100013ee <sleep_ms+0x60>
1000141c:	2ac9                	jal	100015ee <time_us_64>
1000141e:	40a48533          	sub	a0,s1,a0
10001422:	00a4b533          	sltu	a0,s1,a0
10001426:	40b905b3          	sub	a1,s2,a1
1000142a:	8d89                	sub	a1,a1,a0
1000142c:	0205c163          	bltz	a1,1000144e <sleep_ms+0xc0>
10001430:	100016b7          	lui	a3,0x10001
10001434:	20003537          	lui	a0,0x20003
10001438:	c5068693          	addi	a3,a3,-944 # 10000c50 <sleep_until_callback>
1000143c:	c6850513          	addi	a0,a0,-920 # 20002c68 <default_alarm_pool>
10001440:	4701                	li	a4,0
10001442:	85a6                	mv	a1,s1
10001444:	864a                	mv	a2,s2
10001446:	33d5                	jal	1000122a <alarm_pool_add_alarm_at_force_in_context>
10001448:	57fd                	li	a5,-1
1000144a:	faf503e3          	beq	a0,a5,100013f0 <sleep_ms+0x62>
1000144e:	400b06b7          	lui	a3,0x400b0
10001452:	52dc                	lw	a5,36(a3)
10001454:	0127e763          	bltu	a5,s2,10001462 <sleep_ms+0xd4>
10001458:	5698                	lw	a4,40(a3)
1000145a:	f8f91be3          	bne	s2,a5,100013f0 <sleep_ms+0x62>
1000145e:	f89779e3          	bgeu	a4,s1,100013f0 <sleep_ms+0x62>
10001462:	81b1a783          	lw	a5,-2021(gp) # 20003a3c <sleep_notifier>
10001466:	30047773          	csrrci	a4,mstatus,8
1000146a:	00379593          	slli	a1,a5,0x3
1000146e:	28b015b3          	bset	a1,zero,a1
10001472:	9bf1                	andi	a5,a5,-4
10001474:	44b7a52f          	amoor.w.aq	a0,a1,(a5)
10001478:	8d6d                	and	a0,a0,a1
1000147a:	fd6d                	bnez	a0,10001474 <sleep_ms+0xe6>
1000147c:	0330000f          	fence	rw,rw
10001480:	81b1a783          	lw	a5,-2021(gp) # 20003a3c <sleep_notifier>
10001484:	0330000f          	fence	rw,rw
10001488:	00078023          	sb	zero,0(a5)
1000148c:	00877793          	andi	a5,a4,8
10001490:	3007a073          	csrs	mstatus,a5
10001494:	00002033          	sltz	zero,zero
10001498:	bf6d                	j	10001452 <sleep_ms+0xc4>
1000149a:	d939                	beqz	a0,100013f0 <sleep_ms+0x62>
1000149c:	b741                	j	1000141c <sleep_ms+0x8e>

1000149e <best_effort_wfe_or_timeout>:
1000149e:	be5027f3          	csrr	a5,0xbe5
100014a2:	01079713          	slli	a4,a5,0x10
100014a6:	06075863          	bgez	a4,10001516 <best_effort_wfe_or_timeout+0x78>
100014aa:	200037b7          	lui	a5,0x20003
100014ae:	1101                	addi	sp,sp,-32
100014b0:	c6878793          	addi	a5,a5,-920 # 20002c68 <default_alarm_pool>
100014b4:	47d8                	lw	a4,12(a5)
100014b6:	cc22                	sw	s0,24(sp)
100014b8:	ca26                	sw	s1,20(sp)
100014ba:	ce06                	sw	ra,28(sp)
100014bc:	839c                	lbu	a5,0(a5)
100014be:	aca2                	cm.mvsa01	s1,s0
100014c0:	853a                	mv	a0,a4
100014c2:	c63e                	sw	a5,12(sp)
100014c4:	c43a                	sw	a4,8(sp)
100014c6:	2a21                	jal	100015de <timer_time_us_64>
100014c8:	4722                	lw	a4,8(sp)
100014ca:	47b2                	lw	a5,12(sp)
100014cc:	40b405b3          	sub	a1,s0,a1
100014d0:	20e7c7b3          	sh2add	a5,a5,a4
100014d4:	4b9c                	lw	a5,16(a5)
100014d6:	40a48733          	sub	a4,s1,a0
100014da:	00e4b6b3          	sltu	a3,s1,a4
100014de:	8d95                	sub	a1,a1,a3
100014e0:	8f89                	sub	a5,a5,a0
100014e2:	0405cd63          	bltz	a1,1000153c <best_effort_wfe_or_timeout+0x9e>
100014e6:	c9a9                	beqz	a1,10001538 <best_effort_wfe_or_timeout+0x9a>
100014e8:	00002033          	sltz	zero,zero
100014ec:	400b06b7          	lui	a3,0x400b0
100014f0:	52d8                	lw	a4,36(a3)
100014f2:	4781                	li	a5,0
100014f4:	00876b63          	bltu	a4,s0,1000150a <best_effort_wfe_or_timeout+0x6c>
100014f8:	569c                	lw	a5,40(a3)
100014fa:	8f01                	sub	a4,a4,s0
100014fc:	00e03733          	snez	a4,a4
10001500:	0097b7b3          	sltu	a5,a5,s1
10001504:	0017b793          	seqz	a5,a5
10001508:	8fd9                	or	a5,a5,a4
1000150a:	40f2                	lw	ra,28(sp)
1000150c:	4462                	lw	s0,24(sp)
1000150e:	44d2                	lw	s1,20(sp)
10001510:	853e                	mv	a0,a5
10001512:	6105                	addi	sp,sp,32
10001514:	8082                	ret
10001516:	400b06b7          	lui	a3,0x400b0
1000151a:	52d8                	lw	a4,36(a3)
1000151c:	4781                	li	a5,0
1000151e:	00b76b63          	bltu	a4,a1,10001534 <best_effort_wfe_or_timeout+0x96>
10001522:	569c                	lw	a5,40(a3)
10001524:	8f0d                	sub	a4,a4,a1
10001526:	00e03733          	snez	a4,a4
1000152a:	00a7b7b3          	sltu	a5,a5,a0
1000152e:	0017b793          	seqz	a5,a5
10001532:	8fd9                	or	a5,a5,a4
10001534:	853e                	mv	a0,a5
10001536:	8082                	ret
10001538:	faf778e3          	bgeu	a4,a5,100014e8 <best_effort_wfe_or_timeout+0x4a>
1000153c:	284d                	jal	100015ee <time_us_64>
1000153e:	40a48533          	sub	a0,s1,a0
10001542:	00a4b533          	sltu	a0,s1,a0
10001546:	40b405b3          	sub	a1,s0,a1
1000154a:	8d89                	sub	a1,a1,a0
1000154c:	0405c763          	bltz	a1,1000159a <best_effort_wfe_or_timeout+0xfc>
10001550:	100016b7          	lui	a3,0x10001
10001554:	200037b7          	lui	a5,0x20003
10001558:	c5068693          	addi	a3,a3,-944 # 10000c50 <sleep_until_callback>
1000155c:	4701                	li	a4,0
1000155e:	85a6                	mv	a1,s1
10001560:	8622                	mv	a2,s0
10001562:	c6878513          	addi	a0,a5,-920 # 20002c68 <default_alarm_pool>
10001566:	31d1                	jal	1000122a <alarm_pool_add_alarm_at_force_in_context>
10001568:	02a05963          	blez	a0,1000159a <best_effort_wfe_or_timeout+0xfc>
1000156c:	400b0737          	lui	a4,0x400b0
10001570:	535c                	lw	a5,36(a4)
10001572:	0287eb63          	bltu	a5,s0,100015a8 <best_effort_wfe_or_timeout+0x10a>
10001576:	5718                	lw	a4,40(a4)
10001578:	00879463          	bne	a5,s0,10001580 <best_effort_wfe_or_timeout+0xe2>
1000157c:	02976663          	bltu	a4,s1,100015a8 <best_effort_wfe_or_timeout+0x10a>
10001580:	200037b7          	lui	a5,0x20003
10001584:	85aa                	mv	a1,a0
10001586:	c6878513          	addi	a0,a5,-920 # 20002c68 <default_alarm_pool>
1000158a:	3ba5                	jal	10001302 <alarm_pool_cancel_alarm>
1000158c:	400b06b7          	lui	a3,0x400b0
10001590:	52d8                	lw	a4,36(a3)
10001592:	4781                	li	a5,0
10001594:	f6876be3          	bltu	a4,s0,1000150a <best_effort_wfe_or_timeout+0x6c>
10001598:	b785                	j	100014f8 <best_effort_wfe_or_timeout+0x5a>
1000159a:	400b0737          	lui	a4,0x400b0
1000159e:	535c                	lw	a5,36(a4)
100015a0:	0087f763          	bgeu	a5,s0,100015ae <best_effort_wfe_or_timeout+0x110>
100015a4:	4781                	li	a5,0
100015a6:	b795                	j	1000150a <best_effort_wfe_or_timeout+0x6c>
100015a8:	00002033          	sltz	zero,zero
100015ac:	bfd1                	j	10001580 <best_effort_wfe_or_timeout+0xe2>
100015ae:	5718                	lw	a4,40(a4)
100015b0:	8f81                	sub	a5,a5,s0
100015b2:	00f037b3          	snez	a5,a5
100015b6:	00973733          	sltu	a4,a4,s1
100015ba:	00173713          	seqz	a4,a4
100015be:	8fd9                	or	a5,a5,a4
100015c0:	b7a9                	j	1000150a <best_effort_wfe_or_timeout+0x6c>

100015c2 <timer_hardware_alarm_claim>:
100015c2:	bff487b7          	lui	a5,0xbff48
100015c6:	97aa                	add	a5,a5,a0
100015c8:	0017b793          	seqz	a5,a5
100015cc:	81f18513          	addi	a0,gp,-2017 # 20003a40 <claimed>
100015d0:	10007637          	lui	a2,0x10007
100015d4:	953e                	add	a0,a0,a5
100015d6:	99860613          	addi	a2,a2,-1640 # 10006998 <__EH_FRAME_BEGIN__+0x60>
100015da:	e21fe06f          	j	100003fa <hw_claim_or_assert>

100015de <timer_time_us_64>:
100015de:	514c                	lw	a1,36(a0)
100015e0:	87aa                	mv	a5,a0
100015e2:	5788                	lw	a0,40(a5)
100015e4:	872e                	mv	a4,a1
100015e6:	53cc                	lw	a1,36(a5)
100015e8:	feb71de3          	bne	a4,a1,100015e2 <timer_time_us_64+0x4>
100015ec:	8082                	ret

100015ee <time_us_64>:
100015ee:	400b07b7          	lui	a5,0x400b0
100015f2:	53cc                	lw	a1,36(a5)
100015f4:	5788                	lw	a0,40(a5)
100015f6:	872e                	mv	a4,a1
100015f8:	53cc                	lw	a1,36(a5)
100015fa:	fee59de3          	bne	a1,a4,100015f4 <time_us_64+0x6>
100015fe:	8082                	ret

10001600 <busy_wait_us>:
10001600:	400b0737          	lui	a4,0x400b0
10001604:	535c                	lw	a5,36(a4)
10001606:	02872803          	lw	a6,40(a4) # 400b0028 <__StackTop+0x2002e028>
1000160a:	86be                	mv	a3,a5
1000160c:	535c                	lw	a5,36(a4)
1000160e:	fed79ce3          	bne	a5,a3,10001606 <busy_wait_us+0x6>
10001612:	01050633          	add	a2,a0,a6
10001616:	95be                	add	a1,a1,a5
10001618:	00a63533          	sltu	a0,a2,a0
1000161c:	952e                	add	a0,a0,a1
1000161e:	02f56c63          	bltu	a0,a5,10001656 <busy_wait_us+0x56>
10001622:	02a78863          	beq	a5,a0,10001652 <busy_wait_us+0x52>
10001626:	400b07b7          	lui	a5,0x400b0
1000162a:	53dc                	lw	a5,36(a5)
1000162c:	00a7f763          	bgeu	a5,a0,1000163a <busy_wait_us+0x3a>
10001630:	400b0737          	lui	a4,0x400b0
10001634:	535c                	lw	a5,36(a4)
10001636:	fea7efe3          	bltu	a5,a0,10001634 <busy_wait_us+0x34>
1000163a:	00a79b63          	bne	a5,a0,10001650 <busy_wait_us+0x50>
1000163e:	400b0737          	lui	a4,0x400b0
10001642:	a021                	j	1000164a <busy_wait_us+0x4a>
10001644:	5354                	lw	a3,36(a4)
10001646:	00f69563          	bne	a3,a5,10001650 <busy_wait_us+0x50>
1000164a:	5714                	lw	a3,40(a4)
1000164c:	fec6ece3          	bltu	a3,a2,10001644 <busy_wait_us+0x44>
10001650:	8082                	ret
10001652:	fd067ae3          	bgeu	a2,a6,10001626 <busy_wait_us+0x26>
10001656:	400b07b7          	lui	a5,0x400b0
1000165a:	53dc                	lw	a5,36(a5)
1000165c:	557d                	li	a0,-1
1000165e:	862a                	mv	a2,a0
10001660:	fca798e3          	bne	a5,a0,10001630 <busy_wait_us+0x30>
10001664:	bfe9                	j	1000163e <busy_wait_us+0x3e>

10001666 <busy_wait_until>:
10001666:	400b0737          	lui	a4,0x400b0
1000166a:	535c                	lw	a5,36(a4)
1000166c:	feb7efe3          	bltu	a5,a1,1000166a <busy_wait_until+0x4>
10001670:	00f59b63          	bne	a1,a5,10001686 <busy_wait_until+0x20>
10001674:	400b07b7          	lui	a5,0x400b0
10001678:	a021                	j	10001680 <busy_wait_until+0x1a>
1000167a:	53d8                	lw	a4,36(a5)
1000167c:	00e59563          	bne	a1,a4,10001686 <busy_wait_until+0x20>
10001680:	5798                	lw	a4,40(a5)
10001682:	fea76ce3          	bltu	a4,a0,1000167a <busy_wait_until+0x14>
10001686:	8082                	ret

10001688 <uart_init>:
10001688:	1101                	addi	sp,sp,-32
1000168a:	cc22                	sw	s0,24(sp)
1000168c:	842a                	mv	s0,a0
1000168e:	4519                	li	a0,6
10001690:	ca26                	sw	s1,20(sp)
10001692:	ce06                	sw	ra,28(sp)
10001694:	84ae                	mv	s1,a1
10001696:	2aed                	jal	10001890 <clock_get_hz>
10001698:	cd49                	beqz	a0,10001732 <uart_init+0xaa>
1000169a:	400787b7          	lui	a5,0x40078
1000169e:	04000737          	lui	a4,0x4000
100016a2:	0ef40c63          	beq	s0,a5,1000179a <uart_init+0x112>
100016a6:	400227b7          	lui	a5,0x40022
100016aa:	c398                	sw	a4,0(a5)
100016ac:	400206b7          	lui	a3,0x40020
100016b0:	400237b7          	lui	a5,0x40023
100016b4:	c398                	sw	a4,0(a5)
100016b6:	06a1                	addi	a3,a3,8 # 40020008 <__StackTop+0x1ff9e008>
100016b8:	429c                	lw	a5,0(a3)
100016ba:	40f777b3          	andn	a5,a4,a5
100016be:	ffed                	bnez	a5,100016b8 <uart_init+0x30>
100016c0:	bff887b7          	lui	a5,0xbff88
100016c4:	97a2                	add	a5,a5,s0
100016c6:	82318713          	addi	a4,gp,-2013 # 20003a44 <uart_char_to_line_feed>
100016ca:	0017b793          	seqz	a5,a5
100016ce:	20e7a7b3          	sh1add	a5,a5,a4
100016d2:	4519                	li	a0,6
100016d4:	10000713          	li	a4,256
100016d8:	8f98                	sh	a4,0(a5)
100016da:	2a5d                	jal	10001890 <clock_get_hz>
100016dc:	00351793          	slli	a5,a0,0x3
100016e0:	0297d7b3          	divu	a5,a5,s1
100016e4:	0785                	addi	a5,a5,1 # bff88001 <__StackTop+0x9ff06001>
100016e6:	0077d713          	srli	a4,a5,0x7
100016ea:	eb29                	bnez	a4,1000173c <uart_init+0xb4>
100016ec:	04000493          	li	s1,64
100016f0:	4685                	li	a3,1
100016f2:	d054                	sw	a3,36(s0)
100016f4:	d418                	sw	a4,40(s0)
100016f6:	5818                	lw	a4,48(s0)
100016f8:	00177793          	andi	a5,a4,1
100016fc:	e3ad                	bnez	a5,1000175e <uart_init+0xd6>
100016fe:	6785                	lui	a5,0x1
10001700:	02c78793          	addi	a5,a5,44 # 102c <HeapSize+0x82c>
10001704:	97a2                	add	a5,a5,s0
10001706:	5454                	lw	a3,44(s0)
10001708:	0007a023          	sw	zero,0(a5)
1000170c:	d818                	sw	a4,48(s0)
1000170e:	4519                	li	a0,6
10001710:	c43e                	sw	a5,8(sp)
10001712:	2abd                	jal	10001890 <clock_get_hz>
10001714:	050a                	slli	a0,a0,0x2
10001716:	02955533          	divu	a0,a0,s1
1000171a:	5458                	lw	a4,44(s0)
1000171c:	47a2                	lw	a5,8(sp)
1000171e:	30100613          	li	a2,769
10001722:	07074713          	xori	a4,a4,112
10001726:	07e77713          	andi	a4,a4,126
1000172a:	c398                	sw	a4,0(a5)
1000172c:	468d                	li	a3,3
1000172e:	d810                	sw	a2,48(s0)
10001730:	c434                	sw	a3,72(s0)
10001732:	40f2                	lw	ra,28(sp)
10001734:	4462                	lw	s0,24(sp)
10001736:	44d2                	lw	s1,20(sp)
10001738:	6105                	addi	sp,sp,32
1000173a:	8082                	ret
1000173c:	6641                	lui	a2,0x10
1000173e:	1679                	addi	a2,a2,-2 # fffe <HeapSize+0xf7fe>
10001740:	66c1                	lui	a3,0x10
10001742:	04e67f63          	bgeu	a2,a4,100017a0 <uart_init+0x118>
10001746:	16fd                	addi	a3,a3,-1 # ffff <HeapSize+0xf7ff>
10001748:	4701                	li	a4,0
1000174a:	d054                	sw	a3,36(s0)
1000174c:	d418                	sw	a4,40(s0)
1000174e:	5818                	lw	a4,48(s0)
10001750:	004004b7          	lui	s1,0x400
10001754:	fc048493          	addi	s1,s1,-64 # 3fffc0 <HeapSize+0x3ff7c0>
10001758:	00177793          	andi	a5,a4,1
1000175c:	d3cd                	beqz	a5,100016fe <uart_init+0x76>
1000175e:	678d                	lui	a5,0x3
10001760:	03078793          	addi	a5,a5,48 # 3030 <HeapSize+0x2830>
10001764:	97a2                	add	a5,a5,s0
10001766:	30100693          	li	a3,769
1000176a:	c394                	sw	a3,0(a5)
1000176c:	505c                	lw	a5,36(s0)
1000176e:	5414                	lw	a3,40(s0)
10001770:	4519                	li	a0,6
10001772:	079a                	slli	a5,a5,0x6
10001774:	97b6                	add	a5,a5,a3
10001776:	c63a                	sw	a4,12(sp)
10001778:	c43e                	sw	a5,8(sp)
1000177a:	2a19                	jal	10001890 <clock_get_hz>
1000177c:	8f2b86b7          	lui	a3,0x8f2b8
10001780:	b7568693          	addi	a3,a3,-1163 # 8f2b7b75 <__StackTop+0x6f235b75>
10001784:	02d53533          	mulhu	a0,a0,a3
10001788:	47a2                	lw	a5,8(sp)
1000178a:	4581                	li	a1,0
1000178c:	07aa                	slli	a5,a5,0xa
1000178e:	812d                	srli	a0,a0,0xb
10001790:	02a7d533          	divu	a0,a5,a0
10001794:	35b5                	jal	10001600 <busy_wait_us>
10001796:	4732                	lw	a4,12(sp)
10001798:	b79d                	j	100016fe <uart_init+0x76>
1000179a:	08000737          	lui	a4,0x8000
1000179e:	b721                	j	100016a6 <uart_init+0x1e>
100017a0:	8385                	srli	a5,a5,0x1
100017a2:	00671693          	slli	a3,a4,0x6
100017a6:	03f7f793          	andi	a5,a5,63
100017aa:	00f684b3          	add	s1,a3,a5
100017ae:	86ba                	mv	a3,a4
100017b0:	873e                	mv	a4,a5
100017b2:	b781                	j	100016f2 <uart_init+0x6a>

100017b4 <clock_configure_undivided>:
100017b4:	400107b7          	lui	a5,0x40010
100017b8:	20a52733          	sh1add	a4,a0,a0
100017bc:	20f74733          	sh2add	a4,a4,a5
100017c0:	00472803          	lw	a6,4(a4) # 8000004 <HeapSize+0x7fff804>
100017c4:	67c1                	lui	a5,0x10
100017c6:	00f87363          	bgeu	a6,a5,100017cc <clock_configure_undivided+0x18>
100017ca:	c35c                	sw	a5,4(a4)
100017cc:	fff58793          	addi	a5,a1,-1
100017d0:	ffc50893          	addi	a7,a0,-4
100017d4:	e781                	bnez	a5,100017dc <clock_configure_undivided+0x28>
100017d6:	0028b793          	sltiu	a5,a7,2
100017da:	e7b5                	bnez	a5,10001846 <clock_configure_undivided+0x92>
100017dc:	20003837          	lui	a6,0x20003
100017e0:	5a080813          	addi	a6,a6,1440 # 200035a0 <configured_freq>
100017e4:	210547b3          	sh2add	a5,a0,a6
100017e8:	0007a303          	lw	t1,0(a5) # 10000 <HeapSize+0xf800>
100017ec:	678d                	lui	a5,0x3
100017ee:	97ba                	add	a5,a5,a4
100017f0:	28b01e13          	bseti	t3,zero,0xb
100017f4:	01c7a023          	sw	t3,0(a5) # 3000 <HeapSize+0x2800>
100017f8:	050a                	slli	a0,a0,0x2
100017fa:	02031963          	bnez	t1,1000182c <clock_configure_undivided+0x78>
100017fe:	00072303          	lw	t1,0(a4)
10001802:	0616                	slli	a2,a2,0x5
10001804:	6785                	lui	a5,0x1
10001806:	00664633          	xor	a2,a2,t1
1000180a:	0e067613          	andi	a2,a2,224
1000180e:	97ba                	add	a5,a5,a4
10001810:	c390                	sw	a2,0(a5)
10001812:	4605                	li	a2,1
10001814:	07167063          	bgeu	a2,a7,10001874 <clock_configure_undivided+0xc0>
10001818:	6789                	lui	a5,0x2
1000181a:	97ba                	add	a5,a5,a4
1000181c:	28b01613          	bseti	a2,zero,0xb
10001820:	c390                	sw	a2,0(a5)
10001822:	9542                	add	a0,a0,a6
10001824:	67c1                	lui	a5,0x10
10001826:	c114                	sw	a3,0(a0)
10001828:	c35c                	sw	a5,4(a4)
1000182a:	8082                	ret
1000182c:	01482783          	lw	a5,20(a6)
10001830:	0267d7b3          	divu	a5,a5,t1
10001834:	0785                	addi	a5,a5,1 # 10001 <HeapSize+0xf801>
10001836:	20f7a7b3          	sh1add	a5,a5,a5
1000183a:	0001                	nop
1000183c:	ffe78793          	addi	a5,a5,-2
10001840:	fe07dee3          	bgez	a5,1000183c <clock_configure_undivided+0x88>
10001844:	bf6d                	j	100017fe <clock_configure_undivided+0x4a>
10001846:	678d                	lui	a5,0x3
10001848:	97ba                	add	a5,a5,a4
1000184a:	480d                	li	a6,3
1000184c:	0107a023          	sw	a6,0(a5) # 3000 <HeapSize+0x2800>
10001850:	471c                	lw	a5,8(a4)
10001852:	8b85                	andi	a5,a5,1
10001854:	dff5                	beqz	a5,10001850 <clock_configure_undivided+0x9c>
10001856:	00072803          	lw	a6,0(a4)
1000185a:	0616                	slli	a2,a2,0x5
1000185c:	6785                	lui	a5,0x1
1000185e:	01064633          	xor	a2,a2,a6
10001862:	0e067613          	andi	a2,a2,224
10001866:	97ba                	add	a5,a5,a4
10001868:	20003837          	lui	a6,0x20003
1000186c:	050a                	slli	a0,a0,0x2
1000186e:	c390                	sw	a2,0(a5)
10001870:	5a080813          	addi	a6,a6,1440 # 200035a0 <configured_freq>
10001874:	00072883          	lw	a7,0(a4)
10001878:	28b01633          	bset	a2,zero,a1
1000187c:	0115c8b3          	xor	a7,a1,a7
10001880:	0038f893          	andi	a7,a7,3
10001884:	0117a023          	sw	a7,0(a5) # 1000 <HeapSize+0x800>
10001888:	471c                	lw	a5,8(a4)
1000188a:	8ff1                	and	a5,a5,a2
1000188c:	dff5                	beqz	a5,10001888 <clock_configure_undivided+0xd4>
1000188e:	b769                	j	10001818 <clock_configure_undivided+0x64>

10001890 <clock_get_hz>:
10001890:	200037b7          	lui	a5,0x20003
10001894:	5a078793          	addi	a5,a5,1440 # 200035a0 <configured_freq>
10001898:	20f54533          	sh2add	a0,a0,a5
1000189c:	4108                	lw	a0,0(a0)
1000189e:	8082                	ret

100018a0 <pll_init>:
100018a0:	00b727b7          	lui	a5,0xb72
100018a4:	b0078793          	addi	a5,a5,-1280 # b71b00 <HeapSize+0xb71300>
100018a8:	02b7d7b3          	divu	a5,a5,a1
100018ac:	00052883          	lw	a7,0(a0)
100018b0:	06c2                	slli	a3,a3,0x10
100018b2:	0732                	slli	a4,a4,0xc
100018b4:	00e6e833          	or	a6,a3,a4
100018b8:	02f65633          	divu	a2,a2,a5
100018bc:	0408c463          	bltz	a7,10001904 <pll_init+0x64>
100018c0:	400587b7          	lui	a5,0x40058
100018c4:	6711                	lui	a4,0x4
100018c6:	06f50063          	beq	a0,a5,10001926 <pll_init+0x86>
100018ca:	400227b7          	lui	a5,0x40022
100018ce:	c398                	sw	a4,0(a5)
100018d0:	400206b7          	lui	a3,0x40020
100018d4:	400237b7          	lui	a5,0x40023
100018d8:	c398                	sw	a4,0(a5)
100018da:	06a1                	addi	a3,a3,8 # 40020008 <__StackTop+0x1ff9e008>
100018dc:	429c                	lw	a5,0(a3)
100018de:	40f777b3          	andn	a5,a4,a5
100018e2:	ffed                	bnez	a5,100018dc <pll_init+0x3c>
100018e4:	670d                	lui	a4,0x3
100018e6:	c10c                	sw	a1,0(a0)
100018e8:	0711                	addi	a4,a4,4 # 3004 <HeapSize+0x2804>
100018ea:	c510                	sw	a2,8(a0)
100018ec:	972a                	add	a4,a4,a0
100018ee:	02100793          	li	a5,33
100018f2:	c31c                	sw	a5,0(a4)
100018f4:	411c                	lw	a5,0(a0)
100018f6:	fe07dfe3          	bgez	a5,100018f4 <pll_init+0x54>
100018fa:	01052623          	sw	a6,12(a0)
100018fe:	47a1                	li	a5,8
10001900:	c31c                	sw	a5,0(a4)
10001902:	8082                	ret
10001904:	411c                	lw	a5,0(a0)
10001906:	03f7f793          	andi	a5,a5,63
1000190a:	fab79be3          	bne	a5,a1,100018c0 <pll_init+0x20>
1000190e:	451c                	lw	a5,8(a0)
10001910:	07d2                	slli	a5,a5,0x14
10001912:	83d1                	srli	a5,a5,0x14
10001914:	fac796e3          	bne	a5,a2,100018c0 <pll_init+0x20>
10001918:	455c                	lw	a5,12(a0)
1000191a:	00077737          	lui	a4,0x77
1000191e:	8ff9                	and	a5,a5,a4
10001920:	fb0790e3          	bne	a5,a6,100018c0 <pll_init+0x20>
10001924:	8082                	ret
10001926:	6721                	lui	a4,0x8
10001928:	b74d                	j	100018ca <pll_init+0x2a>

1000192a <watchdog_reboot>:
1000192a:	400db7b7          	lui	a5,0x400db
1000192e:	40000737          	lui	a4,0x40000
10001932:	c398                	sw	a4,0(a5)
10001934:	c529                	beqz	a0,1000197e <watchdog_reboot+0x54>
10001936:	b007c6b7          	lui	a3,0xb007c
1000193a:	4ff847b7          	lui	a5,0x4ff84
1000193e:	400d8737          	lui	a4,0x400d8
10001942:	0d368693          	addi	a3,a3,211 # b007c0d3 <__StackTop+0x8fffa0d3>
10001946:	f2d78793          	addi	a5,a5,-211 # 4ff83f2d <__StackTop+0x2ff01f2d>
1000194a:	cf54                	sw	a3,28(a4)
1000194c:	8fa9                	xor	a5,a5,a0
1000194e:	d31c                	sw	a5,32(a4)
10001950:	d34c                	sw	a1,36(a4)
10001952:	d708                	sw	a0,40(a4)
10001954:	400db6b7          	lui	a3,0x400db
10001958:	400007b7          	lui	a5,0x40000
1000195c:	02000737          	lui	a4,0x2000
10001960:	c29c                	sw	a5,0(a3)
10001962:	174d                	addi	a4,a4,-13 # 1fffff3 <HeapSize+0x1fff7f3>
10001964:	4001a7b7          	lui	a5,0x4001a
10001968:	c798                	sw	a4,8(a5)
1000196a:	070007b7          	lui	a5,0x7000
1000196e:	c29c                	sw	a5,0(a3)
10001970:	ee01                	bnez	a2,10001988 <watchdog_reboot+0x5e>
10001972:	400da7b7          	lui	a5,0x400da
10001976:	80000737          	lui	a4,0x80000
1000197a:	c398                	sw	a4,0(a5)
1000197c:	8082                	ret
1000197e:	400d87b7          	lui	a5,0x400d8
10001982:	0007ae23          	sw	zero,28(a5) # 400d801c <__StackTop+0x2005601c>
10001986:	b7f9                	j	10001954 <watchdog_reboot+0x2a>
10001988:	20c64633          	sh2add	a2,a2,a2
1000198c:	20c64633          	sh2add	a2,a2,a2
10001990:	20c64633          	sh2add	a2,a2,a2
10001994:	060e                	slli	a2,a2,0x3
10001996:	010007b7          	lui	a5,0x1000
1000199a:	00f67e63          	bgeu	a2,a5,100019b6 <watchdog_reboot+0x8c>
1000199e:	87b2                	mv	a5,a2
100019a0:	82f1a3a3          	sw	a5,-2009(gp) # 20003a48 <load_value>
100019a4:	400d87b7          	lui	a5,0x400d8
100019a8:	c3d0                	sw	a2,4(a5)
100019aa:	40000737          	lui	a4,0x40000
100019ae:	400da7b7          	lui	a5,0x400da
100019b2:	c398                	sw	a4,0(a5)
100019b4:	8082                	ret
100019b6:	17fd                	addi	a5,a5,-1 # 400d9fff <__StackTop+0x20057fff>
100019b8:	863e                	mv	a2,a5
100019ba:	b7dd                	j	100019a0 <watchdog_reboot+0x76>

100019bc <tick_start>:
100019bc:	401087b7          	lui	a5,0x40108
100019c0:	20a52533          	sh1add	a0,a0,a0
100019c4:	20f54533          	sh2add	a0,a0,a5
100019c8:	c14c                	sw	a1,4(a0)
100019ca:	4785                	li	a5,1
100019cc:	c11c                	sw	a5,0(a0)
100019ce:	8082                	ret

100019d0 <rom_func_lookup>:
100019d0:	67a1                	lui	a5,0x8
100019d2:	dfa78793          	addi	a5,a5,-518 # 7dfa <HeapSize+0x75fa>
100019d6:	879c                	lhu	a5,0(a5)
100019d8:	4585                	li	a1,1
100019da:	8782                	jr	a5

100019dc <rom_reset_usb_boot_extra>:
100019dc:	1141                	addi	sp,sp,-16
100019de:	c422                	sw	s0,8(sp)
100019e0:	c226                	sw	s1,4(sp)
100019e2:	c606                	sw	ra,12(sp)
100019e4:	aca2                	cm.mvsa01	s1,s0
100019e6:	00054563          	bltz	a0,100019f0 <rom_reset_usb_boot_extra+0x14>
100019ea:	c21d                	beqz	a2,10001a10 <rom_reset_usb_boot_extra+0x34>
100019ec:	03046413          	ori	s0,s0,48
100019f0:	67a1                	lui	a5,0x8
100019f2:	dfa78793          	addi	a5,a5,-518 # 7dfa <HeapSize+0x75fa>
100019f6:	879c                	lhu	a5,0(a5)
100019f8:	6511                	lui	a0,0x4
100019fa:	4585                	li	a1,1
100019fc:	25250513          	addi	a0,a0,594 # 4252 <HeapSize+0x3a52>
10001a00:	9782                	jalr	a5
10001a02:	87aa                	mv	a5,a0
10001a04:	86a6                	mv	a3,s1
10001a06:	8622                	mv	a2,s0
10001a08:	45a9                	li	a1,10
10001a0a:	10200513          	li	a0,258
10001a0e:	9782                	jalr	a5
10001a10:	02046413          	ori	s0,s0,32
10001a14:	bff1                	j	100019f0 <rom_reset_usb_boot_extra+0x14>

10001a16 <runtime_init_bootrom_locking_enable>:
10001a16:	400e17b7          	lui	a5,0x400e1
10001a1a:	82878793          	addi	a5,a5,-2008 # 400e0828 <__StackTop+0x2005e828>
10001a1e:	4398                	lw	a4,0(a5)
10001a20:	df7d                	beqz	a4,10001a1e <runtime_init_bootrom_locking_enable+0x8>
10001a22:	0330000f          	fence	rw,rw
10001a26:	8082                	ret

10001a28 <runtime_init_boot_locks_reset>:
10001a28:	400e17b7          	lui	a5,0x400e1
10001a2c:	400e1737          	lui	a4,0x400e1
10001a30:	80c78793          	addi	a5,a5,-2036 # 400e080c <__StackTop+0x2005e80c>
10001a34:	82c70713          	addi	a4,a4,-2004 # 400e082c <__StackTop+0x2005e82c>
10001a38:	0330000f          	fence	rw,rw
10001a3c:	0007a023          	sw	zero,0(a5)
10001a40:	0791                	addi	a5,a5,4
10001a42:	fee79be3          	bne	a5,a4,10001a38 <runtime_init_boot_locks_reset+0x10>
10001a46:	8082                	ret

10001a48 <xosc_init>:
10001a48:	6785                	lui	a5,0x1
10001a4a:	aa078793          	addi	a5,a5,-1376 # aa0 <HeapSize+0x2a0>
10001a4e:	40048737          	lui	a4,0x40048
10001a52:	c31c                	sw	a5,0(a4)
10001a54:	11a00793          	li	a5,282
10001a58:	c75c                	sw	a5,12(a4)
10001a5a:	00fab6b7          	lui	a3,0xfab
10001a5e:	4004a7b7          	lui	a5,0x4004a
10001a62:	c394                	sw	a3,0(a5)
10001a64:	435c                	lw	a5,4(a4)
10001a66:	fe07dfe3          	bgez	a5,10001a64 <xosc_init+0x1c>
10001a6a:	8082                	ret

10001a6c <first_per_core_initializer>:
10001a6c:	8082                	ret

10001a6e <hard_assertion_failure>:
10001a6e:	10007537          	lui	a0,0x10007
10001a72:	1141                	addi	sp,sp,-16
10001a74:	9bc50513          	addi	a0,a0,-1604 # 100069bc <__EH_FRAME_BEGIN__+0x84>
10001a78:	c606                	sw	ra,12(sp)
10001a7a:	941fe0ef          	jal	100003ba <panic>

10001a7e <runtime_run_initializers>:
10001a7e:	1141                	addi	sp,sp,-16
10001a80:	c422                	sw	s0,8(sp)
10001a82:	c226                	sw	s1,4(sp)
10001a84:	10007437          	lui	s0,0x10007
10001a88:	100074b7          	lui	s1,0x10007
10001a8c:	c606                	sw	ra,12(sp)
10001a8e:	8f840413          	addi	s0,s0,-1800 # 100068f8 <__pre_init_runtime_init_bootrom_reset>
10001a92:	93048493          	addi	s1,s1,-1744 # 10006930 <__init_array_start>
10001a96:	00947763          	bgeu	s0,s1,10001aa4 <runtime_run_initializers+0x26>
10001a9a:	401c                	lw	a5,0(s0)
10001a9c:	0411                	addi	s0,s0,4
10001a9e:	9782                	jalr	a5
10001aa0:	fe946de3          	bltu	s0,s1,10001a9a <runtime_run_initializers+0x1c>
10001aa4:	40b2                	lw	ra,12(sp)
10001aa6:	4422                	lw	s0,8(sp)
10001aa8:	4492                	lw	s1,4(sp)
10001aaa:	0141                	addi	sp,sp,16
10001aac:	8082                	ret

10001aae <runtime_init_early_resets>:
10001aae:	efef47b7          	lui	a5,0xefef4
10001ab2:	b7f78793          	addi	a5,a5,-1153 # efef3b7f <__StackTop+0xcfe71b7f>
10001ab6:	400226b7          	lui	a3,0x40022
10001aba:	03f40737          	lui	a4,0x3f40
10001abe:	c29c                	sw	a5,0(a3)
10001ac0:	1759                	addi	a4,a4,-10 # 3f3fff6 <HeapSize+0x3f3f7f6>
10001ac2:	400237b7          	lui	a5,0x40023
10001ac6:	400206b7          	lui	a3,0x40020
10001aca:	c398                	sw	a4,0(a5)
10001acc:	06a1                	addi	a3,a3,8 # 40020008 <__StackTop+0x1ff9e008>
10001ace:	429c                	lw	a5,0(a3)
10001ad0:	40f777b3          	andn	a5,a4,a5
10001ad4:	ffed                	bnez	a5,10001ace <runtime_init_early_resets+0x20>
10001ad6:	8082                	ret

10001ad8 <runtime_init_usb_power_down>:
10001ad8:	501107b7          	lui	a5,0x50110
10001adc:	47f8                	lw	a4,76(a5)
10001ade:	67a1                	lui	a5,0x8
10001ae0:	00f70363          	beq	a4,a5,10001ae6 <runtime_init_usb_power_down+0xe>
10001ae4:	8082                	ret
10001ae6:	501127b7          	lui	a5,0x50112
10001aea:	00040737          	lui	a4,0x40
10001aee:	c7f8                	sw	a4,76(a5)
10001af0:	8082                	ret

10001af2 <runtime_init_post_clock_resets>:
10001af2:	20000737          	lui	a4,0x20000
10001af6:	177d                	addi	a4,a4,-1 # 1fffffff <__flash_binary_end+0xfff6153>
10001af8:	400237b7          	lui	a5,0x40023
10001afc:	400206b7          	lui	a3,0x40020
10001b00:	c398                	sw	a4,0(a5)
10001b02:	06a1                	addi	a3,a3,8 # 40020008 <__StackTop+0x1ff9e008>
10001b04:	429c                	lw	a5,0(a3)
10001b06:	40f777b3          	andn	a5,a4,a5
10001b0a:	ffed                	bnez	a5,10001b04 <runtime_init_post_clock_resets+0x12>
10001b0c:	8082                	ret

10001b0e <runtime_init_bootrom_reset>:
10001b0e:	6515                	lui	a0,0x5
10001b10:	1141                	addi	sp,sp,-16
10001b12:	25350513          	addi	a0,a0,595 # 5253 <HeapSize+0x4a53>
10001b16:	c606                	sw	ra,12(sp)
10001b18:	3d65                	jal	100019d0 <rom_func_lookup>
10001b1a:	40b2                	lw	ra,12(sp)
10001b1c:	87aa                	mv	a5,a0
10001b1e:	4511                	li	a0,4
10001b20:	0141                	addi	sp,sp,16
10001b22:	8782                	jr	a5

10001b24 <runtime_init_per_core_bootrom_reset>:
10001b24:	6515                	lui	a0,0x5
10001b26:	1141                	addi	sp,sp,-16
10001b28:	25350513          	addi	a0,a0,595 # 5253 <HeapSize+0x4a53>
10001b2c:	c606                	sw	ra,12(sp)
10001b2e:	354d                	jal	100019d0 <rom_func_lookup>
10001b30:	40b2                	lw	ra,12(sp)
10001b32:	87aa                	mv	a5,a0
10001b34:	4505                	li	a0,1
10001b36:	0141                	addi	sp,sp,16
10001b38:	8782                	jr	a5

10001b3a <runtime_init_spin_locks_reset>:
10001b3a:	9d7fe06f          	j	10000510 <spin_locks_reset>

10001b3e <runtime_init_clocks>:
10001b3e:	1141                	addi	sp,sp,-16
10001b40:	c422                	sw	s0,8(sp)
10001b42:	c606                	sw	ra,12(sp)
10001b44:	c226                	sw	s1,4(sp)
10001b46:	c04a                	sw	s2,0(sp)
10001b48:	40010437          	lui	s0,0x40010
10001b4c:	08042223          	sw	zero,132(s0) # 40010084 <__StackTop+0x1ff8e084>
10001b50:	3de5                	jal	10001a48 <xosc_init>
10001b52:	400137b7          	lui	a5,0x40013
10001b56:	4705                	li	a4,1
10001b58:	dfd8                	sw	a4,60(a5)
10001b5a:	407c                	lw	a5,68(s0)
10001b5c:	fee79fe3          	bne	a5,a4,10001b5a <runtime_init_clocks+0x1c>
10001b60:	470d                	li	a4,3
10001b62:	400137b7          	lui	a5,0x40013
10001b66:	db98                	sw	a4,48(a5)
10001b68:	4405                	li	s0,1
10001b6a:	40010737          	lui	a4,0x40010
10001b6e:	5f1c                	lw	a5,56(a4)
10001b70:	fe879fe3          	bne	a5,s0,10001b6e <runtime_init_clocks+0x30>
10001b74:	59683637          	lui	a2,0x59683
10001b78:	85a2                	mv	a1,s0
10001b7a:	f0060613          	addi	a2,a2,-256 # 59682f00 <__StackTop+0x39600f00>
10001b7e:	4709                	li	a4,2
10001b80:	4695                	li	a3,5
10001b82:	40050537          	lui	a0,0x40050
10001b86:	3b29                	jal	100018a0 <pll_init>
10001b88:	4715                	li	a4,5
10001b8a:	47869637          	lui	a2,0x47869
10001b8e:	86ba                	mv	a3,a4
10001b90:	85a2                	mv	a1,s0
10001b92:	c0060613          	addi	a2,a2,-1024 # 47868c00 <__StackTop+0x277e6c00>
10001b96:	40058537          	lui	a0,0x40058
10001b9a:	3319                	jal	100018a0 <pll_init>
10001b9c:	00b726b7          	lui	a3,0xb72
10001ba0:	b0068693          	addi	a3,a3,-1280 # b71b00 <HeapSize+0xb71300>
10001ba4:	4601                	li	a2,0
10001ba6:	4589                	li	a1,2
10001ba8:	4511                	li	a0,4
10001baa:	3129                	jal	100017b4 <clock_configure_undivided>
10001bac:	08f0d6b7          	lui	a3,0x8f0d
10001bb0:	85a2                	mv	a1,s0
10001bb2:	18068693          	addi	a3,a3,384 # 8f0d180 <HeapSize+0x8f0c980>
10001bb6:	4601                	li	a2,0
10001bb8:	4515                	li	a0,5
10001bba:	3eed                	jal	100017b4 <clock_configure_undivided>
10001bbc:	02dc76b7          	lui	a3,0x2dc7
10001bc0:	c0068693          	addi	a3,a3,-1024 # 2dc6c00 <HeapSize+0x2dc6400>
10001bc4:	4601                	li	a2,0
10001bc6:	4581                	li	a1,0
10001bc8:	4521                	li	a0,8
10001bca:	36ed                	jal	100017b4 <clock_configure_undivided>
10001bcc:	02dc76b7          	lui	a3,0x2dc7
10001bd0:	c0068693          	addi	a3,a3,-1024 # 2dc6c00 <HeapSize+0x2dc6400>
10001bd4:	4601                	li	a2,0
10001bd6:	4581                	li	a1,0
10001bd8:	4525                	li	a0,9
10001bda:	3ee9                	jal	100017b4 <clock_configure_undivided>
10001bdc:	08f0d6b7          	lui	a3,0x8f0d
10001be0:	18068693          	addi	a3,a3,384 # 8f0d180 <HeapSize+0x8f0c980>
10001be4:	4601                	li	a2,0
10001be6:	4581                	li	a1,0
10001be8:	4519                	li	a0,6
10001bea:	36e9                	jal	100017b4 <clock_configure_undivided>
10001bec:	08f0d6b7          	lui	a3,0x8f0d
10001bf0:	18068693          	addi	a3,a3,384 # 8f0d180 <HeapSize+0x8f0c980>
10001bf4:	4601                	li	a2,0
10001bf6:	4581                	li	a1,0
10001bf8:	451d                	li	a0,7
10001bfa:	3e6d                	jal	100017b4 <clock_configure_undivided>
10001bfc:	4511                	li	a0,4
10001bfe:	3949                	jal	10001890 <clock_get_hz>
10001c00:	431be7b7          	lui	a5,0x431be
10001c04:	e8378793          	addi	a5,a5,-381 # 431bde83 <__StackTop+0x2313be83>
10001c08:	02f534b3          	mulhu	s1,a0,a5
10001c0c:	4401                	li	s0,0
10001c0e:	4919                	li	s2,6
10001c10:	80c9                	srli	s1,s1,0x12
10001c12:	ac66                	cm.mva01s	s0,s1
10001c14:	0405                	addi	s0,s0,1
10001c16:	335d                	jal	100019bc <tick_start>
10001c18:	ff241de3          	bne	s0,s2,10001c12 <runtime_init_clocks+0xd4>
10001c1c:	40b2                	lw	ra,12(sp)
10001c1e:	4422                	lw	s0,8(sp)
10001c20:	4492                	lw	s1,4(sp)
10001c22:	4902                	lw	s2,0(sp)
10001c24:	0141                	addi	sp,sp,16
10001c26:	8082                	ret

10001c28 <_out_null>:
10001c28:	8082                	ret

10001c2a <_out_rev>:
10001c2a:	7179                	addi	sp,sp,-48
10001c2c:	d04a                	sw	s2,32(sp)
10001c2e:	ce4e                	sw	s3,28(sp)
10001c30:	cc52                	sw	s4,24(sp)
10001c32:	ca56                	sw	s5,20(sp)
10001c34:	c85a                	sw	s6,16(sp)
10001c36:	c462                	sw	s8,8(sp)
10001c38:	c266                	sw	s9,4(sp)
10001c3a:	c06a                	sw	s10,0(sp)
10001c3c:	8cc6                	mv	s9,a7
10001c3e:	d606                	sw	ra,44(sp)
10001c40:	d422                	sw	s0,40(sp)
10001c42:	d226                	sw	s1,36(sp)
10001c44:	0038f893          	andi	a7,a7,3
10001c48:	ad32                	cm.mvsa01	s2,s4
10001c4a:	89b2                	mv	s3,a2
10001c4c:	8ab6                	mv	s5,a3
10001c4e:	8b3a                	mv	s6,a4
10001c50:	8d3e                	mv	s10,a5
10001c52:	8c42                	mv	s8,a6
10001c54:	06088563          	beqz	a7,10001cbe <_out_rev+0x94>
10001c58:	c7d1                	beqz	a5,10001ce4 <_out_rev+0xba>
10001c5a:	c65e                	sw	s7,12(sp)
10001c5c:	84b2                	mv	s1,a2
10001c5e:	01ab0433          	add	s0,s6,s10
10001c62:	00848bb3          	add	s7,s1,s0
10001c66:	fff44503          	lbu	a0,-1(s0)
10001c6a:	408b8633          	sub	a2,s7,s0
10001c6e:	86d6                	mv	a3,s5
10001c70:	85d2                	mv	a1,s4
10001c72:	147d                	addi	s0,s0,-1
10001c74:	9902                	jalr	s2
10001c76:	fe8b18e3          	bne	s6,s0,10001c66 <_out_rev+0x3c>
10001c7a:	4bb2                	lw	s7,12(sp)
10001c7c:	94ea                	add	s1,s1,s10
10001c7e:	002cfc93          	andi	s9,s9,2
10001c82:	020c8063          	beqz	s9,10001ca2 <_out_rev+0x78>
10001c86:	413489b3          	sub	s3,s1,s3
10001c8a:	0189fc63          	bgeu	s3,s8,10001ca2 <_out_rev+0x78>
10001c8e:	8626                	mv	a2,s1
10001c90:	86d6                	mv	a3,s5
10001c92:	85d2                	mv	a1,s4
10001c94:	02000513          	li	a0,32
10001c98:	0985                	addi	s3,s3,1
10001c9a:	0485                	addi	s1,s1,1
10001c9c:	9902                	jalr	s2
10001c9e:	ff89e8e3          	bltu	s3,s8,10001c8e <_out_rev+0x64>
10001ca2:	50b2                	lw	ra,44(sp)
10001ca4:	5422                	lw	s0,40(sp)
10001ca6:	5902                	lw	s2,32(sp)
10001ca8:	49f2                	lw	s3,28(sp)
10001caa:	4a62                	lw	s4,24(sp)
10001cac:	4ad2                	lw	s5,20(sp)
10001cae:	4b42                	lw	s6,16(sp)
10001cb0:	4c22                	lw	s8,8(sp)
10001cb2:	4c92                	lw	s9,4(sp)
10001cb4:	4d02                	lw	s10,0(sp)
10001cb6:	8526                	mv	a0,s1
10001cb8:	5492                	lw	s1,36(sp)
10001cba:	6145                	addi	sp,sp,48
10001cbc:	8082                	ret
10001cbe:	0307f563          	bgeu	a5,a6,10001ce8 <_out_rev+0xbe>
10001cc2:	40f804b3          	sub	s1,a6,a5
10001cc6:	94b2                	add	s1,s1,a2
10001cc8:	8432                	mv	s0,a2
10001cca:	8622                	mv	a2,s0
10001ccc:	86d6                	mv	a3,s5
10001cce:	0405                	addi	s0,s0,1
10001cd0:	85d2                	mv	a1,s4
10001cd2:	02000513          	li	a0,32
10001cd6:	9902                	jalr	s2
10001cd8:	fe9419e3          	bne	s0,s1,10001cca <_out_rev+0xa0>
10001cdc:	fc0d03e3          	beqz	s10,10001ca2 <_out_rev+0x78>
10001ce0:	c65e                	sw	s7,12(sp)
10001ce2:	bfb5                	j	10001c5e <_out_rev+0x34>
10001ce4:	84b2                	mv	s1,a2
10001ce6:	bf61                	j	10001c7e <_out_rev+0x54>
10001ce8:	84b2                	mv	s1,a2
10001cea:	bfcd                	j	10001cdc <_out_rev+0xb2>

10001cec <_ntoa_format>:
10001cec:	4ea2                	lw	t4,8(sp)
10001cee:	833e                	mv	t1,a5
10001cf0:	8fc2                	mv	t6,a6
10001cf2:	002ef793          	andi	a5,t4,2
10001cf6:	4e02                	lw	t3,0(sp)
10001cf8:	4812                	lw	a6,4(sp)
10001cfa:	e7e9                	bnez	a5,10001dc4 <_ntoa_format+0xd8>
10001cfc:	fe030793          	addi	a5,t1,-32
10001d00:	00f037b3          	snez	a5,a5
10001d04:	01c33f33          	sltu	t5,t1,t3
10001d08:	01e7ff33          	and	t5,a5,t5
10001d0c:	001ef293          	andi	t0,t4,1
10001d10:	0e080e63          	beqz	a6,10001e0c <_ntoa_format+0x120>
10001d14:	0e028c63          	beqz	t0,10001e0c <_ntoa_format+0x120>
10001d18:	000f9663          	bnez	t6,10001d24 <_ntoa_format+0x38>
10001d1c:	00cef393          	andi	t2,t4,12
10001d20:	00038363          	beqz	t2,10001d26 <_ntoa_format+0x3a>
10001d24:	187d                	addi	a6,a6,-1
10001d26:	060f0f63          	beqz	t5,10001da4 <_ntoa_format+0xb8>
10001d2a:	03000f13          	li	t5,48
10001d2e:	0305                	addi	t1,t1,1
10001d30:	006707b3          	add	a5,a4,t1
10001d34:	ffe78fa3          	sb	t5,-1(a5)
10001d38:	fe030793          	addi	a5,t1,-32
10001d3c:	00f037b3          	snez	a5,a5
10001d40:	01c37363          	bgeu	t1,t3,10001d46 <_ntoa_format+0x5a>
10001d44:	f7ed                	bnez	a5,10001d2e <_ntoa_format+0x42>
10001d46:	04029f63          	bnez	t0,10001da4 <_ntoa_format+0xb8>
10001d4a:	010ef793          	andi	a5,t4,16
10001d4e:	c3b9                	beqz	a5,10001d94 <_ntoa_format+0xa8>
10001d50:	400ef793          	andi	a5,t4,1024
10001d54:	e789                	bnez	a5,10001d5e <_ntoa_format+0x72>
10001d56:	0c6e0863          	beq	t3,t1,10001e26 <_ntoa_format+0x13a>
10001d5a:	0d030663          	beq	t1,a6,10001e26 <_ntoa_format+0x13a>
10001d5e:	47c1                	li	a5,16
10001d60:	0ef88863          	beq	a7,a5,10001e50 <_ntoa_format+0x164>
10001d64:	18f9                	addi	a7,a7,-2 # ffe <HeapSize+0x7fe>
10001d66:	0e089363          	bnez	a7,10001e4c <_ntoa_format+0x160>
10001d6a:	fe030793          	addi	a5,t1,-32
10001d6e:	cff9                	beqz	a5,10001e4c <_ntoa_format+0x160>
10001d70:	00130793          	addi	a5,t1,1
10001d74:	933a                	add	t1,t1,a4
10001d76:	06200893          	li	a7,98
10001d7a:	01130023          	sb	a7,0(t1)
10001d7e:	02000893          	li	a7,32
10001d82:	01178d63          	beq	a5,a7,10001d9c <_ntoa_format+0xb0>
10001d86:	00178313          	addi	t1,a5,1
10001d8a:	97ba                	add	a5,a5,a4
10001d8c:	03000893          	li	a7,48
10001d90:	01178023          	sb	a7,0(a5)
10001d94:	02000793          	li	a5,32
10001d98:	04f31c63          	bne	t1,a5,10001df0 <_ntoa_format+0x104>
10001d9c:	02000793          	li	a5,32
10001da0:	88f6                	mv	a7,t4
10001da2:	b561                	j	10001c2a <_out_rev>
10001da4:	03037063          	bgeu	t1,a6,10001dc4 <_ntoa_format+0xd8>
10001da8:	cf91                	beqz	a5,10001dc4 <_ntoa_format+0xd8>
10001daa:	03000f13          	li	t5,48
10001dae:	a011                	j	10001db2 <_ntoa_format+0xc6>
10001db0:	cb91                	beqz	a5,10001dc4 <_ntoa_format+0xd8>
10001db2:	0305                	addi	t1,t1,1
10001db4:	006707b3          	add	a5,a4,t1
10001db8:	ffe78fa3          	sb	t5,-1(a5)
10001dbc:	fe030793          	addi	a5,t1,-32
10001dc0:	ff0368e3          	bltu	t1,a6,10001db0 <_ntoa_format+0xc4>
10001dc4:	010ef793          	andi	a5,t4,16
10001dc8:	d7f1                	beqz	a5,10001d94 <_ntoa_format+0xa8>
10001dca:	400ef793          	andi	a5,t4,1024
10001dce:	fbc1                	bnez	a5,10001d5e <_ntoa_format+0x72>
10001dd0:	f80313e3          	bnez	t1,10001d56 <_ntoa_format+0x6a>
10001dd4:	47c1                	li	a5,16
10001dd6:	0ef88563          	beq	a7,a5,10001ec0 <_ntoa_format+0x1d4>
10001dda:	4789                	li	a5,2
10001ddc:	0cf89163          	bne	a7,a5,10001e9e <_ntoa_format+0x1b2>
10001de0:	06200793          	li	a5,98
10001de4:	03000893          	li	a7,48
10001de8:	8b1c                	sb	a5,0(a4)
10001dea:	011700a3          	sb	a7,1(a4) # 40010001 <__StackTop+0x1ff8e001>
10001dee:	4309                	li	t1,2
10001df0:	020f9163          	bnez	t6,10001e12 <_ntoa_format+0x126>
10001df4:	004ef793          	andi	a5,t4,4
10001df8:	cbbd                	beqz	a5,10001e6e <_ntoa_format+0x182>
10001dfa:	006708b3          	add	a7,a4,t1
10001dfe:	02b00e13          	li	t3,43
10001e02:	00130793          	addi	a5,t1,1
10001e06:	01c88023          	sb	t3,0(a7)
10001e0a:	bf59                	j	10001da0 <_ntoa_format+0xb4>
10001e0c:	f00f1fe3          	bnez	t5,10001d2a <_ntoa_format+0x3e>
10001e10:	bf55                	j	10001dc4 <_ntoa_format+0xd8>
10001e12:	006708b3          	add	a7,a4,t1
10001e16:	02d00e13          	li	t3,45
10001e1a:	01c88023          	sb	t3,0(a7)
10001e1e:	00130793          	addi	a5,t1,1
10001e22:	88f6                	mv	a7,t4
10001e24:	b519                	j	10001c2a <_out_rev>
10001e26:	fff30793          	addi	a5,t1,-1
10001e2a:	c3c9                	beqz	a5,10001eac <_ntoa_format+0x1c0>
10001e2c:	ff088e13          	addi	t3,a7,-16
10001e30:	060e1e63          	bnez	t3,10001eac <_ntoa_format+0x1c0>
10001e34:	ffe30893          	addi	a7,t1,-2
10001e38:	020efe13          	andi	t3,t4,32
10001e3c:	98ba                	add	a7,a7,a4
10001e3e:	080e1963          	bnez	t3,10001ed0 <_ntoa_format+0x1e4>
10001e42:	07800e13          	li	t3,120
10001e46:	01c88023          	sb	t3,0(a7)
10001e4a:	b781                	j	10001d8a <_ntoa_format+0x9e>
10001e4c:	879a                	mv	a5,t1
10001e4e:	bf05                	j	10001d7e <_ntoa_format+0x92>
10001e50:	020ef793          	andi	a5,t4,32
10001e54:	cb8d                	beqz	a5,10001e86 <_ntoa_format+0x19a>
10001e56:	02000793          	li	a5,32
10001e5a:	f4f301e3          	beq	t1,a5,10001d9c <_ntoa_format+0xb0>
10001e5e:	00130793          	addi	a5,t1,1
10001e62:	933a                	add	t1,t1,a4
10001e64:	05800893          	li	a7,88
10001e68:	01130023          	sb	a7,0(t1)
10001e6c:	bf09                	j	10001d7e <_ntoa_format+0x92>
10001e6e:	008ef893          	andi	a7,t4,8
10001e72:	879a                	mv	a5,t1
10001e74:	f20886e3          	beqz	a7,10001da0 <_ntoa_format+0xb4>
10001e78:	933a                	add	t1,t1,a4
10001e7a:	02000893          	li	a7,32
10001e7e:	0785                	addi	a5,a5,1
10001e80:	01130023          	sb	a7,0(t1)
10001e84:	bf31                	j	10001da0 <_ntoa_format+0xb4>
10001e86:	02000793          	li	a5,32
10001e8a:	f0f309e3          	beq	t1,a5,10001d9c <_ntoa_format+0xb0>
10001e8e:	00130793          	addi	a5,t1,1
10001e92:	933a                	add	t1,t1,a4
10001e94:	07800893          	li	a7,120
10001e98:	01130023          	sb	a7,0(t1)
10001e9c:	b5cd                	j	10001d7e <_ntoa_format+0x92>
10001e9e:	03000793          	li	a5,48
10001ea2:	8b1c                	sb	a5,0(a4)
10001ea4:	4305                	li	t1,1
10001ea6:	f40f87e3          	beqz	t6,10001df4 <_ntoa_format+0x108>
10001eaa:	b7a5                	j	10001e12 <_ntoa_format+0x126>
10001eac:	4e41                	li	t3,16
10001eae:	03c88663          	beq	a7,t3,10001eda <_ntoa_format+0x1ee>
10001eb2:	4e09                	li	t3,2
10001eb4:	edc89be3          	bne	a7,t3,10001d8a <_ntoa_format+0x9e>
10001eb8:	889a                	mv	a7,t1
10001eba:	833e                	mv	t1,a5
10001ebc:	87c6                	mv	a5,a7
10001ebe:	bd5d                	j	10001d74 <_ntoa_format+0x88>
10001ec0:	485ed793          	bexti	a5,t4,0x5
10001ec4:	40f007b3          	neg	a5,a5
10001ec8:	9b81                	andi	a5,a5,-32
10001eca:	07878793          	addi	a5,a5,120
10001ece:	bf19                	j	10001de4 <_ntoa_format+0xf8>
10001ed0:	05800e13          	li	t3,88
10001ed4:	01c88023          	sb	t3,0(a7)
10001ed8:	bd4d                	j	10001d8a <_ntoa_format+0x9e>
10001eda:	020ef893          	andi	a7,t4,32
10001ede:	00088663          	beqz	a7,10001eea <_ntoa_format+0x1fe>
10001ee2:	889a                	mv	a7,t1
10001ee4:	833e                	mv	t1,a5
10001ee6:	87c6                	mv	a5,a7
10001ee8:	bfad                	j	10001e62 <_ntoa_format+0x176>
10001eea:	889a                	mv	a7,t1
10001eec:	833e                	mv	t1,a5
10001eee:	87c6                	mv	a5,a7
10001ef0:	b74d                	j	10001e92 <_ntoa_format+0x1a6>

10001ef2 <_out_char>:
10001ef2:	e111                	bnez	a0,10001ef6 <_out_char+0x4>
10001ef4:	8082                	ret
10001ef6:	0510106f          	j	10003746 <__wrap_putchar>

10001efa <_out_fct>:
10001efa:	c501                	beqz	a0,10001f02 <_out_fct+0x8>
10001efc:	419c                	lw	a5,0(a1)
10001efe:	41cc                	lw	a1,4(a1)
10001f00:	8782                	jr	a5
10001f02:	8082                	ret

10001f04 <_ftoa>:
10001f04:	7119                	addi	sp,sp,-128
10001f06:	d8ca                	sw	s2,112(sp)
10001f08:	d4d2                	sw	s4,104(sp)
10001f0a:	d2d6                	sw	s5,100(sp)
10001f0c:	cede                	sw	s7,92(sp)
10001f0e:	ad32                	cm.mvsa01	s2,s4
10001f10:	8bb2                	mv	s7,a2
10001f12:	8ab6                	mv	s5,a3
10001f14:	853a                	mv	a0,a4
10001f16:	85be                	mv	a1,a5
10001f18:	863a                	mv	a2,a4
10001f1a:	86be                	mv	a3,a5
10001f1c:	dca2                	sw	s0,120(sp)
10001f1e:	daa6                	sw	s1,116(sp)
10001f20:	d6ce                	sw	s3,108(sp)
10001f22:	d0da                	sw	s6,96(sp)
10001f24:	cce2                	sw	s8,88(sp)
10001f26:	de86                	sw	ra,124(sp)
10001f28:	4b0a                	lw	s6,128(sp)
10001f2a:	84ba                	mv	s1,a4
10001f2c:	843e                	mv	s0,a5
10001f2e:	8c42                	mv	s8,a6
10001f30:	89c6                	mv	s3,a7
10001f32:	10001097          	auipc	ra,0x10001
10001f36:	a24080e7          	jalr	-1500(ra) # 20002956 <__unorddf2>
10001f3a:	48051e63          	bnez	a0,100023d6 <_ftoa+0x4d2>
10001f3e:	100077b7          	lui	a5,0x10007
10001f42:	f807a603          	lw	a2,-128(a5) # 10006f80 <_usbd_driver+0x50>
10001f46:	f847a683          	lw	a3,-124(a5)
10001f4a:	ace2                	cm.mva01s	s1,s0
10001f4c:	10000097          	auipc	ra,0x10000
10001f50:	fb6080e7          	jalr	-74(ra) # 20001f02 <__ledf2>
10001f54:	22054763          	bltz	a0,10002182 <_ftoa+0x27e>
10001f58:	100077b7          	lui	a5,0x10007
10001f5c:	f887a603          	lw	a2,-120(a5) # 10006f88 <_usbd_driver+0x58>
10001f60:	f8c7a683          	lw	a3,-116(a5)
10001f64:	ace2                	cm.mva01s	s1,s0
10001f66:	10000097          	auipc	ra,0x10000
10001f6a:	ee6080e7          	jalr	-282(ra) # 20001e4c <__gedf2>
10001f6e:	18a04063          	bgtz	a0,100020ee <_ftoa+0x1ea>
10001f72:	100077b7          	lui	a5,0x10007
10001f76:	f707a603          	lw	a2,-144(a5) # 10006f70 <_usbd_driver+0x40>
10001f7a:	f747a683          	lw	a3,-140(a5)
10001f7e:	ace2                	cm.mva01s	s1,s0
10001f80:	10000097          	auipc	ra,0x10000
10001f84:	ecc080e7          	jalr	-308(ra) # 20001e4c <__gedf2>
10001f88:	12a04f63          	bgtz	a0,100020c6 <_ftoa+0x1c2>
10001f8c:	100077b7          	lui	a5,0x10007
10001f90:	f907a603          	lw	a2,-112(a5) # 10006f90 <_usbd_driver+0x60>
10001f94:	f947a683          	lw	a3,-108(a5)
10001f98:	ace2                	cm.mva01s	s1,s0
10001f9a:	10000097          	auipc	ra,0x10000
10001f9e:	f68080e7          	jalr	-152(ra) # 20001f02 <__ledf2>
10001fa2:	12054263          	bltz	a0,100020c6 <_ftoa+0x1c2>
10001fa6:	ace2                	cm.mva01s	s1,s0
10001fa8:	4601                	li	a2,0
10001faa:	4681                	li	a3,0
10001fac:	c6ee                	sw	s11,76(sp)
10001fae:	cae6                	sw	s9,84(sp)
10001fb0:	c8ea                	sw	s10,80(sp)
10001fb2:	10000097          	auipc	ra,0x10000
10001fb6:	f50080e7          	jalr	-176(ra) # 20001f02 <__ledf2>
10001fba:	4d81                	li	s11,0
10001fbc:	1a054463          	bltz	a0,10002164 <_ftoa+0x260>
10001fc0:	400b7793          	andi	a5,s6,1024
10001fc4:	14079e63          	bnez	a5,10002120 <_ftoa+0x21c>
10001fc8:	10007737          	lui	a4,0x10007
10001fcc:	f7872683          	lw	a3,-136(a4) # 10006f78 <_usbd_driver+0x48>
10001fd0:	f7c72703          	lw	a4,-132(a4)
10001fd4:	4c19                	li	s8,6
10001fd6:	8cb6                	mv	s9,a3
10001fd8:	8d3a                	mv	s10,a4
10001fda:	1018                	addi	a4,sp,32
10001fdc:	ace2                	cm.mva01s	s1,s0
10001fde:	ce3a                	sw	a4,28(sp)
10001fe0:	cc3e                	sw	a5,24(sp)
10001fe2:	10001097          	auipc	ra,0x10001
10001fe6:	9a8080e7          	jalr	-1624(ra) # 2000298a <__fixdfsi>
10001fea:	ca2a                	sw	a0,20(sp)
10001fec:	10001097          	auipc	ra,0x10001
10001ff0:	a5c080e7          	jalr	-1444(ra) # 20002a48 <__floatsidf>
10001ff4:	862a                	mv	a2,a0
10001ff6:	86ae                	mv	a3,a1
10001ff8:	ace2                	cm.mva01s	s1,s0
10001ffa:	10000097          	auipc	ra,0x10000
10001ffe:	3ca080e7          	jalr	970(ra) # 200023c4 <__subdf3>
10002002:	8666                	mv	a2,s9
10002004:	86ea                	mv	a3,s10
10002006:	10000097          	auipc	ra,0x10000
1000200a:	fb2080e7          	jalr	-78(ra) # 20001fb8 <__muldf3>
1000200e:	c62e                	sw	a1,12(sp)
10002010:	c42a                	sw	a0,8(sp)
10002012:	10001097          	auipc	ra,0x10001
10002016:	9d8080e7          	jalr	-1576(ra) # 200029ea <__fixunsdfsi>
1000201a:	c82a                	sw	a0,16(sp)
1000201c:	10001097          	auipc	ra,0x10001
10002020:	a7c080e7          	jalr	-1412(ra) # 20002a98 <__floatunsidf>
10002024:	862a                	mv	a2,a0
10002026:	86ae                	mv	a3,a1
10002028:	4522                	lw	a0,8(sp)
1000202a:	45b2                	lw	a1,12(sp)
1000202c:	10000097          	auipc	ra,0x10000
10002030:	398080e7          	jalr	920(ra) # 200023c4 <__subdf3>
10002034:	100077b7          	lui	a5,0x10007
10002038:	f987a603          	lw	a2,-104(a5) # 10006f98 <_usbd_driver+0x68>
1000203c:	f9c7a683          	lw	a3,-100(a5)
10002040:	c42a                	sw	a0,8(sp)
10002042:	c62e                	sw	a1,12(sp)
10002044:	10000097          	auipc	ra,0x10000
10002048:	e08080e7          	jalr	-504(ra) # 20001e4c <__gedf2>
1000204c:	48c2                	lw	a7,16(sp)
1000204e:	4852                	lw	a6,20(sp)
10002050:	47e2                	lw	a5,24(sp)
10002052:	4772                	lw	a4,28(sp)
10002054:	24a05c63          	blez	a0,100022ac <_ftoa+0x3a8>
10002058:	0885                	addi	a7,a7,1
1000205a:	8546                	mv	a0,a7
1000205c:	cc3a                	sw	a4,24(sp)
1000205e:	ca3e                	sw	a5,20(sp)
10002060:	c842                	sw	a6,16(sp)
10002062:	c446                	sw	a7,8(sp)
10002064:	10001097          	auipc	ra,0x10001
10002068:	a34080e7          	jalr	-1484(ra) # 20002a98 <__floatunsidf>
1000206c:	8666                	mv	a2,s9
1000206e:	86ea                	mv	a3,s10
10002070:	10000097          	auipc	ra,0x10000
10002074:	ddc080e7          	jalr	-548(ra) # 20001e4c <__gedf2>
10002078:	48a2                	lw	a7,8(sp)
1000207a:	4842                	lw	a6,16(sp)
1000207c:	47d2                	lw	a5,20(sp)
1000207e:	4762                	lw	a4,24(sp)
10002080:	00054463          	bltz	a0,10002088 <_ftoa+0x184>
10002084:	0805                	addi	a6,a6,1
10002086:	4881                	li	a7,0
10002088:	160c0663          	beqz	s8,100021f4 <_ftoa+0x2f0>
1000208c:	ccccd537          	lui	a0,0xccccd
10002090:	ccd50513          	addi	a0,a0,-819 # cccccccd <__StackTop+0xacc4accd>
10002094:	02000313          	li	t1,32
10002098:	4e25                	li	t3,9
1000209a:	2a678963          	beq	a5,t1,1000234c <_ftoa+0x448>
1000209e:	02a8b633          	mulhu	a2,a7,a0
100020a2:	0785                	addi	a5,a5,1
100020a4:	00f705b3          	add	a1,a4,a5
100020a8:	1c7d                	addi	s8,s8,-1
100020aa:	820d                	srli	a2,a2,0x3
100020ac:	20c646b3          	sh2add	a3,a2,a2
100020b0:	0686                	slli	a3,a3,0x1
100020b2:	40d886b3          	sub	a3,a7,a3
100020b6:	03068693          	addi	a3,a3,48
100020ba:	fed58fa3          	sb	a3,-1(a1)
100020be:	271e7763          	bgeu	t3,a7,1000232c <_ftoa+0x428>
100020c2:	88b2                	mv	a7,a2
100020c4:	bfd9                	j	1000209a <_ftoa+0x196>
100020c6:	87a2                	mv	a5,s0
100020c8:	5466                	lw	s0,120(sp)
100020ca:	c15a                	sw	s6,128(sp)
100020cc:	50f6                	lw	ra,124(sp)
100020ce:	5b06                	lw	s6,96(sp)
100020d0:	ad72                	cm.mva01s	s2,s4
100020d2:	8726                	mv	a4,s1
100020d4:	5946                	lw	s2,112(sp)
100020d6:	54d6                	lw	s1,116(sp)
100020d8:	5a26                	lw	s4,104(sp)
100020da:	88ce                	mv	a7,s3
100020dc:	8862                	mv	a6,s8
100020de:	59b6                	lw	s3,108(sp)
100020e0:	4c66                	lw	s8,88(sp)
100020e2:	86d6                	mv	a3,s5
100020e4:	865e                	mv	a2,s7
100020e6:	5a96                	lw	s5,100(sp)
100020e8:	4bf6                	lw	s7,92(sp)
100020ea:	6109                	addi	sp,sp,128
100020ec:	a671                	j	10002478 <_etoa>
100020ee:	004b7793          	andi	a5,s6,4
100020f2:	e3bd                	bnez	a5,10002158 <_ftoa+0x254>
100020f4:	10007737          	lui	a4,0x10007
100020f8:	a1470713          	addi	a4,a4,-1516 # 10006a14 <__EH_FRAME_BEGIN__+0xdc>
100020fc:	478d                	li	a5,3
100020fe:	5466                	lw	s0,120(sp)
10002100:	50f6                	lw	ra,124(sp)
10002102:	54d6                	lw	s1,116(sp)
10002104:	4c66                	lw	s8,88(sp)
10002106:	ad72                	cm.mva01s	s2,s4
10002108:	88da                	mv	a7,s6
1000210a:	5946                	lw	s2,112(sp)
1000210c:	5a26                	lw	s4,104(sp)
1000210e:	5b06                	lw	s6,96(sp)
10002110:	884e                	mv	a6,s3
10002112:	86d6                	mv	a3,s5
10002114:	59b6                	lw	s3,108(sp)
10002116:	5a96                	lw	s5,100(sp)
10002118:	865e                	mv	a2,s7
1000211a:	4bf6                	lw	s7,92(sp)
1000211c:	6109                	addi	sp,sp,128
1000211e:	b631                	j	10001c2a <_out_rev>
10002120:	46a5                	li	a3,9
10002122:	4781                	li	a5,0
10002124:	1018                	addi	a4,sp,32
10002126:	03000593          	li	a1,48
1000212a:	3386fc63          	bgeu	a3,s8,10002462 <_ftoa+0x55e>
1000212e:	0785                	addi	a5,a5,1
10002130:	00f706b3          	add	a3,a4,a5
10002134:	feb68fa3          	sb	a1,-1(a3)
10002138:	1c7d                	addi	s8,s8,-1
1000213a:	fe078693          	addi	a3,a5,-32
1000213e:	ff7c0613          	addi	a2,s8,-9
10002142:	c291                	beqz	a3,10002146 <_ftoa+0x242>
10002144:	f66d                	bnez	a2,1000212e <_ftoa+0x22a>
10002146:	100076b7          	lui	a3,0x10007
1000214a:	f706a603          	lw	a2,-144(a3) # 10006f70 <_usbd_driver+0x40>
1000214e:	f746a683          	lw	a3,-140(a3)
10002152:	8cb2                	mv	s9,a2
10002154:	8d36                	mv	s10,a3
10002156:	b559                	j	10001fdc <_ftoa+0xd8>
10002158:	10007737          	lui	a4,0x10007
1000215c:	a0c70713          	addi	a4,a4,-1524 # 10006a0c <__EH_FRAME_BEGIN__+0xd4>
10002160:	4791                	li	a5,4
10002162:	bf71                	j	100020fe <_ftoa+0x1fa>
10002164:	8626                	mv	a2,s1
10002166:	86a2                	mv	a3,s0
10002168:	4501                	li	a0,0
1000216a:	4581                	li	a1,0
1000216c:	10000097          	auipc	ra,0x10000
10002170:	258080e7          	jalr	600(ra) # 200023c4 <__subdf3>
10002174:	400b7793          	andi	a5,s6,1024
10002178:	aca2                	cm.mvsa01	s1,s0
1000217a:	4d85                	li	s11,1
1000217c:	e40786e3          	beqz	a5,10001fc8 <_ftoa+0xc4>
10002180:	b745                	j	10002120 <_ftoa+0x21c>
10002182:	cae6                	sw	s9,84(sp)
10002184:	003b7793          	andi	a5,s6,3
10002188:	002b7c93          	andi	s9,s6,2
1000218c:	84de                	mv	s1,s7
1000218e:	1e078363          	beqz	a5,10002374 <_ftoa+0x470>
10002192:	10007c37          	lui	s8,0x10007
10002196:	a1cc0c13          	addi	s8,s8,-1508 # 10006a1c <__EH_FRAME_BEGIN__+0xe4>
1000219a:	8462                	mv	s0,s8
1000219c:	00940b33          	add	s6,s0,s1
100021a0:	1c71                	addi	s8,s8,-4
100021a2:	8068                	lbu	a0,3(s0)
100021a4:	408b0633          	sub	a2,s6,s0
100021a8:	86d6                	mv	a3,s5
100021aa:	85d2                	mv	a1,s4
100021ac:	147d                	addi	s0,s0,-1
100021ae:	9902                	jalr	s2
100021b0:	ff8419e3          	bne	s0,s8,100021a2 <_ftoa+0x29e>
100021b4:	0491                	addi	s1,s1,4
100021b6:	020c8163          	beqz	s9,100021d8 <_ftoa+0x2d4>
100021ba:	417487b3          	sub	a5,s1,s7
100021be:	0137fd63          	bgeu	a5,s3,100021d8 <_ftoa+0x2d4>
100021c2:	8626                	mv	a2,s1
100021c4:	86d6                	mv	a3,s5
100021c6:	85d2                	mv	a1,s4
100021c8:	02000513          	li	a0,32
100021cc:	0485                	addi	s1,s1,1
100021ce:	9902                	jalr	s2
100021d0:	417487b3          	sub	a5,s1,s7
100021d4:	ff37e7e3          	bltu	a5,s3,100021c2 <_ftoa+0x2be>
100021d8:	50f6                	lw	ra,124(sp)
100021da:	5466                	lw	s0,120(sp)
100021dc:	4cd6                	lw	s9,84(sp)
100021de:	5946                	lw	s2,112(sp)
100021e0:	59b6                	lw	s3,108(sp)
100021e2:	5a26                	lw	s4,104(sp)
100021e4:	5a96                	lw	s5,100(sp)
100021e6:	5b06                	lw	s6,96(sp)
100021e8:	4bf6                	lw	s7,92(sp)
100021ea:	4c66                	lw	s8,88(sp)
100021ec:	8526                	mv	a0,s1
100021ee:	54d6                	lw	s1,116(sp)
100021f0:	6109                	addi	sp,sp,128
100021f2:	8082                	ret
100021f4:	8542                	mv	a0,a6
100021f6:	ca3a                	sw	a4,20(sp)
100021f8:	c442                	sw	a6,8(sp)
100021fa:	c83e                	sw	a5,16(sp)
100021fc:	10001097          	auipc	ra,0x10001
10002200:	84c080e7          	jalr	-1972(ra) # 20002a48 <__floatsidf>
10002204:	862a                	mv	a2,a0
10002206:	86ae                	mv	a3,a1
10002208:	ace2                	cm.mva01s	s1,s0
1000220a:	10000097          	auipc	ra,0x10000
1000220e:	1ba080e7          	jalr	442(ra) # 200023c4 <__subdf3>
10002212:	100077b7          	lui	a5,0x10007
10002216:	f987a403          	lw	s0,-104(a5) # 10006f98 <_usbd_driver+0x68>
1000221a:	f9c7a483          	lw	s1,-100(a5)
1000221e:	8c2a                	mv	s8,a0
10002220:	8622                	mv	a2,s0
10002222:	86a6                	mv	a3,s1
10002224:	8cae                	mv	s9,a1
10002226:	10000097          	auipc	ra,0x10000
1000222a:	cdc080e7          	jalr	-804(ra) # 20001f02 <__ledf2>
1000222e:	4822                	lw	a6,8(sp)
10002230:	47c2                	lw	a5,16(sp)
10002232:	4752                	lw	a4,20(sp)
10002234:	00054f63          	bltz	a0,10002252 <_ftoa+0x34e>
10002238:	8622                	mv	a2,s0
1000223a:	86a6                	mv	a3,s1
1000223c:	8562                	mv	a0,s8
1000223e:	85e6                	mv	a1,s9
10002240:	10000097          	auipc	ra,0x10000
10002244:	c0c080e7          	jalr	-1012(ra) # 20001e4c <__gedf2>
10002248:	4822                	lw	a6,8(sp)
1000224a:	47c2                	lw	a5,16(sp)
1000224c:	4752                	lw	a4,20(sp)
1000224e:	10a05f63          	blez	a0,1000236c <_ftoa+0x468>
10002252:	66666537          	lui	a0,0x66666
10002256:	66750513          	addi	a0,a0,1639 # 66666667 <__StackTop+0x465e4667>
1000225a:	02000893          	li	a7,32
1000225e:	a01d                	j	10002284 <_ftoa+0x380>
10002260:	02a81633          	mulh	a2,a6,a0
10002264:	0785                	addi	a5,a5,1
10002266:	00f705b3          	add	a1,a4,a5
1000226a:	8609                	srai	a2,a2,0x2
1000226c:	8e15                	sub	a2,a2,a3
1000226e:	20c646b3          	sh2add	a3,a2,a2
10002272:	0686                	slli	a3,a3,0x1
10002274:	40d806b3          	sub	a3,a6,a3
10002278:	03068693          	addi	a3,a3,48
1000227c:	fed58fa3          	sb	a3,-1(a1)
10002280:	8832                	mv	a6,a2
10002282:	ce39                	beqz	a2,100022e0 <_ftoa+0x3dc>
10002284:	41f85693          	srai	a3,a6,0x1f
10002288:	fd179ce3          	bne	a5,a7,10002260 <_ftoa+0x35c>
1000228c:	003b7693          	andi	a3,s6,3
10002290:	4605                	li	a2,1
10002292:	10c68363          	beq	a3,a2,10002398 <_ftoa+0x494>
10002296:	88da                	mv	a7,s6
10002298:	884e                	mv	a6,s3
1000229a:	86d6                	mv	a3,s5
1000229c:	865e                	mv	a2,s7
1000229e:	ad72                	cm.mva01s	s2,s4
100022a0:	98bff0ef          	jal	10001c2a <_out_rev>
100022a4:	84aa                	mv	s1,a0
100022a6:	4d46                	lw	s10,80(sp)
100022a8:	4db6                	lw	s11,76(sp)
100022aa:	b73d                	j	100021d8 <_ftoa+0x2d4>
100022ac:	cc3e                	sw	a5,24(sp)
100022ae:	100077b7          	lui	a5,0x10007
100022b2:	f987a603          	lw	a2,-104(a5) # 10006f98 <_usbd_driver+0x68>
100022b6:	f9c7a683          	lw	a3,-100(a5)
100022ba:	4522                	lw	a0,8(sp)
100022bc:	45b2                	lw	a1,12(sp)
100022be:	ce3a                	sw	a4,28(sp)
100022c0:	ca46                	sw	a7,20(sp)
100022c2:	c842                	sw	a6,16(sp)
100022c4:	10000097          	auipc	ra,0x10000
100022c8:	c3e080e7          	jalr	-962(ra) # 20001f02 <__ledf2>
100022cc:	4842                	lw	a6,16(sp)
100022ce:	48d2                	lw	a7,20(sp)
100022d0:	47e2                	lw	a5,24(sp)
100022d2:	4772                	lw	a4,28(sp)
100022d4:	da054ae3          	bltz	a0,10002088 <_ftoa+0x184>
100022d8:	08089463          	bnez	a7,10002360 <_ftoa+0x45c>
100022dc:	0885                	addi	a7,a7,1
100022de:	b36d                	j	10002088 <_ftoa+0x184>
100022e0:	003b7693          	andi	a3,s6,3
100022e4:	4605                	li	a2,1
100022e6:	14c68a63          	beq	a3,a2,1000243a <_ftoa+0x536>
100022ea:	02000693          	li	a3,32
100022ee:	fad784e3          	beq	a5,a3,10002296 <_ftoa+0x392>
100022f2:	02d00613          	li	a2,45
100022f6:	020d9563          	bnez	s11,10002320 <_ftoa+0x41c>
100022fa:	004b7693          	andi	a3,s6,4
100022fe:	ee99                	bnez	a3,1000231c <_ftoa+0x418>
10002300:	008b7693          	andi	a3,s6,8
10002304:	dac9                	beqz	a3,10002296 <_ftoa+0x392>
10002306:	02000613          	li	a2,32
1000230a:	00c786b3          	add	a3,a5,a2
1000230e:	00c105b3          	add	a1,sp,a2
10002312:	96ae                	add	a3,a3,a1
10002314:	fec68023          	sb	a2,-32(a3)
10002318:	0785                	addi	a5,a5,1
1000231a:	bfb5                	j	10002296 <_ftoa+0x392>
1000231c:	02b00613          	li	a2,43
10002320:	002786b3          	add	a3,a5,sp
10002324:	02c68023          	sb	a2,32(a3)
10002328:	0785                	addi	a5,a5,1
1000232a:	b7b5                	j	10002296 <_ftoa+0x392>
1000232c:	02678063          	beq	a5,t1,1000234c <_ftoa+0x448>
10002330:	9c3e                	add	s8,s8,a5
10002332:	03000593          	li	a1,48
10002336:	02000613          	li	a2,32
1000233a:	00fc0c63          	beq	s8,a5,10002352 <_ftoa+0x44e>
1000233e:	0785                	addi	a5,a5,1
10002340:	00f706b3          	add	a3,a4,a5
10002344:	feb68fa3          	sb	a1,-1(a3)
10002348:	fec799e3          	bne	a5,a2,1000233a <_ftoa+0x436>
1000234c:	02000793          	li	a5,32
10002350:	b709                	j	10002252 <_ftoa+0x34e>
10002352:	9c0a                	add	s8,s8,sp
10002354:	02e00693          	li	a3,46
10002358:	0785                	addi	a5,a5,1
1000235a:	02dc0023          	sb	a3,32(s8)
1000235e:	bdd5                	j	10002252 <_ftoa+0x34e>
10002360:	0018f693          	andi	a3,a7,1
10002364:	d20682e3          	beqz	a3,10002088 <_ftoa+0x184>
10002368:	0885                	addi	a7,a7,1
1000236a:	bb39                	j	10002088 <_ftoa+0x184>
1000236c:	0805                	addi	a6,a6,1
1000236e:	ffe87813          	andi	a6,a6,-2
10002372:	b5c5                	j	10002252 <_ftoa+0x34e>
10002374:	4791                	li	a5,4
10002376:	e137fee3          	bgeu	a5,s3,10002192 <_ftoa+0x28e>
1000237a:	ffcb8413          	addi	s0,s7,-4 # 400b7ffc <__StackTop+0x20035ffc>
1000237e:	013404b3          	add	s1,s0,s3
10002382:	845e                	mv	s0,s7
10002384:	8622                	mv	a2,s0
10002386:	86d6                	mv	a3,s5
10002388:	0405                	addi	s0,s0,1
1000238a:	85d2                	mv	a1,s4
1000238c:	02000513          	li	a0,32
10002390:	9902                	jalr	s2
10002392:	fe9419e3          	bne	s0,s1,10002384 <_ftoa+0x480>
10002396:	bbf5                	j	10002192 <_ftoa+0x28e>
10002398:	ee098fe3          	beqz	s3,10002296 <_ftoa+0x392>
1000239c:	080d9863          	bnez	s11,1000242c <_ftoa+0x528>
100023a0:	00cb7693          	andi	a3,s6,12
100023a4:	e6c1                	bnez	a3,1000242c <_ftoa+0x528>
100023a6:	0337f363          	bgeu	a5,s3,100023cc <_ftoa+0x4c8>
100023aa:	fe078693          	addi	a3,a5,-32
100023ae:	ce99                	beqz	a3,100023cc <_ftoa+0x4c8>
100023b0:	03000613          	li	a2,48
100023b4:	a011                	j	100023b8 <_ftoa+0x4b4>
100023b6:	da95                	beqz	a3,100022ea <_ftoa+0x3e6>
100023b8:	0785                	addi	a5,a5,1
100023ba:	00f706b3          	add	a3,a4,a5
100023be:	fec68fa3          	sb	a2,-1(a3)
100023c2:	fe078693          	addi	a3,a5,-32
100023c6:	ff37e8e3          	bltu	a5,s3,100023b6 <_ftoa+0x4b2>
100023ca:	b705                	j	100022ea <_ftoa+0x3e6>
100023cc:	02000693          	li	a3,32
100023d0:	f2d795e3          	bne	a5,a3,100022fa <_ftoa+0x3f6>
100023d4:	b5c9                	j	10002296 <_ftoa+0x392>
100023d6:	cae6                	sw	s9,84(sp)
100023d8:	003b7793          	andi	a5,s6,3
100023dc:	002b7c93          	andi	s9,s6,2
100023e0:	845e                	mv	s0,s7
100023e2:	cfb9                	beqz	a5,10002440 <_ftoa+0x53c>
100023e4:	100074b7          	lui	s1,0x10007
100023e8:	a1848493          	addi	s1,s1,-1512 # 10006a18 <__EH_FRAME_BEGIN__+0xe0>
100023ec:	ffd48b13          	addi	s6,s1,-3
100023f0:	8c22                	mv	s8,s0
100023f2:	80a8                	lbu	a0,2(s1)
100023f4:	8662                	mv	a2,s8
100023f6:	86d6                	mv	a3,s5
100023f8:	85d2                	mv	a1,s4
100023fa:	14fd                	addi	s1,s1,-1
100023fc:	0c05                	addi	s8,s8,1
100023fe:	9902                	jalr	s2
10002400:	fe9b19e3          	bne	s6,s1,100023f2 <_ftoa+0x4ee>
10002404:	00340493          	addi	s1,s0,3
10002408:	dc0c88e3          	beqz	s9,100021d8 <_ftoa+0x2d4>
1000240c:	417487b3          	sub	a5,s1,s7
10002410:	dd37f4e3          	bgeu	a5,s3,100021d8 <_ftoa+0x2d4>
10002414:	8626                	mv	a2,s1
10002416:	86d6                	mv	a3,s5
10002418:	85d2                	mv	a1,s4
1000241a:	02000513          	li	a0,32
1000241e:	0485                	addi	s1,s1,1
10002420:	9902                	jalr	s2
10002422:	417487b3          	sub	a5,s1,s7
10002426:	ff37e7e3          	bltu	a5,s3,10002414 <_ftoa+0x510>
1000242a:	b37d                	j	100021d8 <_ftoa+0x2d4>
1000242c:	19fd                	addi	s3,s3,-1
1000242e:	eb37fee3          	bgeu	a5,s3,100022ea <_ftoa+0x3e6>
10002432:	fe078693          	addi	a3,a5,-32
10002436:	fead                	bnez	a3,100023b0 <_ftoa+0x4ac>
10002438:	bd4d                	j	100022ea <_ftoa+0x3e6>
1000243a:	ea0988e3          	beqz	s3,100022ea <_ftoa+0x3e6>
1000243e:	bfb9                	j	1000239c <_ftoa+0x498>
10002440:	478d                	li	a5,3
10002442:	fb37f1e3          	bgeu	a5,s3,100023e4 <_ftoa+0x4e0>
10002446:	ffdb8413          	addi	s0,s7,-3
1000244a:	944e                	add	s0,s0,s3
1000244c:	84de                	mv	s1,s7
1000244e:	8626                	mv	a2,s1
10002450:	86d6                	mv	a3,s5
10002452:	0485                	addi	s1,s1,1
10002454:	85d2                	mv	a1,s4
10002456:	02000513          	li	a0,32
1000245a:	9902                	jalr	s2
1000245c:	fe8499e3          	bne	s1,s0,1000244e <_ftoa+0x54a>
10002460:	b751                	j	100023e4 <_ftoa+0x4e0>
10002462:	100076b7          	lui	a3,0x10007
10002466:	cc068693          	addi	a3,a3,-832 # 10006cc0 <pow10.0>
1000246a:	20dc66b3          	sh3add	a3,s8,a3
1000246e:	4290                	lw	a2,0(a3)
10002470:	42d4                	lw	a3,4(a3)
10002472:	8cb2                	mv	s9,a2
10002474:	8d36                	mv	s10,a3
10002476:	b69d                	j	10001fdc <_ftoa+0xd8>

10002478 <_etoa>:
10002478:	7175                	addi	sp,sp,-144
1000247a:	c14a                	sw	s2,128(sp)
1000247c:	d8da                	sw	s6,112(sp)
1000247e:	d6de                	sw	s7,108(sp)
10002480:	d2e6                	sw	s9,100(sp)
10002482:	ad3a                	cm.mvsa01	s2,s6
10002484:	8cb2                	mv	s9,a2
10002486:	8bb6                	mv	s7,a3
10002488:	853a                	mv	a0,a4
1000248a:	85be                	mv	a1,a5
1000248c:	863a                	mv	a2,a4
1000248e:	86be                	mv	a3,a5
10002490:	c522                	sw	s0,136(sp)
10002492:	c326                	sw	s1,132(sp)
10002494:	dece                	sw	s3,124(sp)
10002496:	dcd2                	sw	s4,120(sp)
10002498:	d4e2                	sw	s8,104(sp)
1000249a:	c706                	sw	ra,140(sp)
1000249c:	49ca                	lw	s3,144(sp)
1000249e:	84ba                	mv	s1,a4
100024a0:	843e                	mv	s0,a5
100024a2:	8a42                	mv	s4,a6
100024a4:	8c46                	mv	s8,a7
100024a6:	10000097          	auipc	ra,0x10000
100024aa:	4b0080e7          	jalr	1200(ra) # 20002956 <__unorddf2>
100024ae:	ed2d                	bnez	a0,10002528 <_etoa+0xb0>
100024b0:	100077b7          	lui	a5,0x10007
100024b4:	f887a603          	lw	a2,-120(a5) # 10006f88 <_usbd_driver+0x58>
100024b8:	f8c7a683          	lw	a3,-116(a5)
100024bc:	ace2                	cm.mva01s	s1,s0
100024be:	10000097          	auipc	ra,0x10000
100024c2:	98e080e7          	jalr	-1650(ra) # 20001e4c <__gedf2>
100024c6:	06a04163          	bgtz	a0,10002528 <_etoa+0xb0>
100024ca:	100077b7          	lui	a5,0x10007
100024ce:	f807a603          	lw	a2,-128(a5) # 10006f80 <_usbd_driver+0x50>
100024d2:	f847a683          	lw	a3,-124(a5)
100024d6:	ace2                	cm.mva01s	s1,s0
100024d8:	10000097          	auipc	ra,0x10000
100024dc:	a2a080e7          	jalr	-1494(ra) # 20001f02 <__ledf2>
100024e0:	04054463          	bltz	a0,10002528 <_etoa+0xb0>
100024e4:	ace2                	cm.mva01s	s1,s0
100024e6:	4601                	li	a2,0
100024e8:	4681                	li	a3,0
100024ea:	dad6                	sw	s5,116(sp)
100024ec:	d0ea                	sw	s10,96(sp)
100024ee:	ceee                	sw	s11,92(sp)
100024f0:	10000097          	auipc	ra,0x10000
100024f4:	a12080e7          	jalr	-1518(ra) # 20001f02 <__ledf2>
100024f8:	d026                	sw	s1,32(sp)
100024fa:	69f41a93          	binvi	s5,s0,0x1f
100024fe:	00054363          	bltz	a0,10002504 <_etoa+0x8c>
10002502:	8aa2                	mv	s5,s0
10002504:	28b01793          	bseti	a5,zero,0xb
10002508:	00f9f7b3          	and	a5,s3,a5
1000250c:	4009f713          	andi	a4,s3,1024
10002510:	ca3e                	sw	a5,20(sp)
10002512:	c83a                	sw	a4,16(sp)
10002514:	0154e7b3          	or	a5,s1,s5
10002518:	ef0d                	bnez	a4,10002552 <_etoa+0xda>
1000251a:	e3c9                	bnez	a5,1000259c <_etoa+0x124>
1000251c:	47d2                	lw	a5,20(sp)
1000251e:	4a19                	li	s4,6
10002520:	46078c63          	beqz	a5,10002998 <_etoa+0x520>
10002524:	4815                	li	a6,5
10002526:	a83d                	j	10002564 <_etoa+0xec>
10002528:	8726                	mv	a4,s1
1000252a:	87a2                	mv	a5,s0
1000252c:	c94e                	sw	s3,144(sp)
1000252e:	88e2                	mv	a7,s8
10002530:	8852                	mv	a6,s4
10002532:	86de                	mv	a3,s7
10002534:	8666                	mv	a2,s9
10002536:	ad7a                	cm.mva01s	s2,s6
10002538:	442a                	lw	s0,136(sp)
1000253a:	40ba                	lw	ra,140(sp)
1000253c:	449a                	lw	s1,132(sp)
1000253e:	490a                	lw	s2,128(sp)
10002540:	59f6                	lw	s3,124(sp)
10002542:	5a66                	lw	s4,120(sp)
10002544:	5b46                	lw	s6,112(sp)
10002546:	5bb6                	lw	s7,108(sp)
10002548:	5c26                	lw	s8,104(sp)
1000254a:	5c96                	lw	s9,100(sp)
1000254c:	6149                	addi	sp,sp,144
1000254e:	9b7ff06f          	j	10001f04 <_ftoa>
10002552:	e7b1                	bnez	a5,1000259e <_etoa+0x126>
10002554:	47d2                	lw	a5,20(sp)
10002556:	44078163          	beqz	a5,10002998 <_etoa+0x520>
1000255a:	c802                	sw	zero,16(sp)
1000255c:	47c2                	lw	a5,16(sp)
1000255e:	4801                	li	a6,0
10002560:	4947c563          	blt	a5,s4,100029ea <_etoa+0x572>
10002564:	ace2                	cm.mva01s	s1,s0
10002566:	4601                	li	a2,0
10002568:	4681                	li	a3,0
1000256a:	c842                	sw	a6,16(sp)
1000256c:	10000097          	auipc	ra,0x10000
10002570:	996080e7          	jalr	-1642(ra) # 20001f02 <__ledf2>
10002574:	4842                	lw	a6,16(sp)
10002576:	8726                	mv	a4,s1
10002578:	87d6                	mv	a5,s5
1000257a:	00055463          	bgez	a0,10002582 <_etoa+0x10a>
1000257e:	69fa9793          	binvi	a5,s5,0x1f
10002582:	48b99993          	bclri	s3,s3,0xb
10002586:	4009e993          	ori	s3,s3,1024
1000258a:	5ad6                	lw	s5,116(sp)
1000258c:	5d06                	lw	s10,96(sp)
1000258e:	4df6                	lw	s11,92(sp)
10002590:	c94e                	sw	s3,144(sp)
10002592:	88e2                	mv	a7,s8
10002594:	86de                	mv	a3,s7
10002596:	8666                	mv	a2,s9
10002598:	ad7a                	cm.mva01s	s2,s6
1000259a:	bf79                	j	10002538 <_etoa+0xc0>
1000259c:	4a19                	li	s4,6
1000259e:	014ad513          	srli	a0,s5,0x14
100025a2:	7ff57513          	andi	a0,a0,2047
100025a6:	c0150513          	addi	a0,a0,-1023
100025aa:	10000097          	auipc	ra,0x10000
100025ae:	49e080e7          	jalr	1182(ra) # 20002a48 <__floatsidf>
100025b2:	100077b7          	lui	a5,0x10007
100025b6:	fa07a603          	lw	a2,-96(a5) # 10006fa0 <_usbd_driver+0x70>
100025ba:	fa47a683          	lw	a3,-92(a5)
100025be:	10000097          	auipc	ra,0x10000
100025c2:	9fa080e7          	jalr	-1542(ra) # 20001fb8 <__muldf3>
100025c6:	100077b7          	lui	a5,0x10007
100025ca:	fa87a603          	lw	a2,-88(a5) # 10006fa8 <_usbd_driver+0x78>
100025ce:	fac7a683          	lw	a3,-84(a5)
100025d2:	0ffff097          	auipc	ra,0xffff
100025d6:	e4c080e7          	jalr	-436(ra) # 2000141e <__adddf3>
100025da:	00ca9793          	slli	a5,s5,0xc
100025de:	3ff00737          	lui	a4,0x3ff00
100025e2:	83b1                	srli	a5,a5,0xc
100025e4:	8fd9                	or	a5,a5,a4
100025e6:	8dae                	mv	s11,a1
100025e8:	85be                	mv	a1,a5
100025ea:	100077b7          	lui	a5,0x10007
100025ee:	fb07a603          	lw	a2,-80(a5) # 10006fb0 <_usbd_driver+0x80>
100025f2:	fb47a683          	lw	a3,-76(a5)
100025f6:	8d2a                	mv	s10,a0
100025f8:	8526                	mv	a0,s1
100025fa:	10000097          	auipc	ra,0x10000
100025fe:	dca080e7          	jalr	-566(ra) # 200023c4 <__subdf3>
10002602:	100077b7          	lui	a5,0x10007
10002606:	fb87a603          	lw	a2,-72(a5) # 10006fb8 <_usbd_driver+0x88>
1000260a:	fbc7a683          	lw	a3,-68(a5)
1000260e:	10000097          	auipc	ra,0x10000
10002612:	9aa080e7          	jalr	-1622(ra) # 20001fb8 <__muldf3>
10002616:	862a                	mv	a2,a0
10002618:	86ae                	mv	a3,a1
1000261a:	856a                	mv	a0,s10
1000261c:	85ee                	mv	a1,s11
1000261e:	0ffff097          	auipc	ra,0xffff
10002622:	e00080e7          	jalr	-512(ra) # 2000141e <__adddf3>
10002626:	10000097          	auipc	ra,0x10000
1000262a:	364080e7          	jalr	868(ra) # 2000298a <__fixdfsi>
1000262e:	c82a                	sw	a0,16(sp)
10002630:	10000097          	auipc	ra,0x10000
10002634:	418080e7          	jalr	1048(ra) # 20002a48 <__floatsidf>
10002638:	100077b7          	lui	a5,0x10007
1000263c:	fc07a603          	lw	a2,-64(a5) # 10006fc0 <_usbd_driver+0x90>
10002640:	fc47a683          	lw	a3,-60(a5)
10002644:	cc2a                	sw	a0,24(sp)
10002646:	ce2e                	sw	a1,28(sp)
10002648:	10000097          	auipc	ra,0x10000
1000264c:	970080e7          	jalr	-1680(ra) # 20001fb8 <__muldf3>
10002650:	100077b7          	lui	a5,0x10007
10002654:	f987a603          	lw	a2,-104(a5) # 10006f98 <_usbd_driver+0x68>
10002658:	f9c7a683          	lw	a3,-100(a5)
1000265c:	0ffff097          	auipc	ra,0xffff
10002660:	dc2080e7          	jalr	-574(ra) # 2000141e <__adddf3>
10002664:	10000097          	auipc	ra,0x10000
10002668:	326080e7          	jalr	806(ra) # 2000298a <__fixdfsi>
1000266c:	100077b7          	lui	a5,0x10007
10002670:	fc87a603          	lw	a2,-56(a5) # 10006fc8 <_usbd_driver+0x98>
10002674:	fcc7a683          	lw	a3,-52(a5)
10002678:	8d2a                	mv	s10,a0
1000267a:	45f2                	lw	a1,28(sp)
1000267c:	4562                	lw	a0,24(sp)
1000267e:	10000097          	auipc	ra,0x10000
10002682:	93a080e7          	jalr	-1734(ra) # 20001fb8 <__muldf3>
10002686:	cc2a                	sw	a0,24(sp)
10002688:	856a                	mv	a0,s10
1000268a:	d26a                	sw	s10,36(sp)
1000268c:	ce2e                	sw	a1,28(sp)
1000268e:	10000097          	auipc	ra,0x10000
10002692:	3ba080e7          	jalr	954(ra) # 20002a48 <__floatsidf>
10002696:	100077b7          	lui	a5,0x10007
1000269a:	fd07a603          	lw	a2,-48(a5) # 10006fd0 <_usbd_driver+0xa0>
1000269e:	fd47a683          	lw	a3,-44(a5)
100026a2:	10000097          	auipc	ra,0x10000
100026a6:	916080e7          	jalr	-1770(ra) # 20001fb8 <__muldf3>
100026aa:	862a                	mv	a2,a0
100026ac:	86ae                	mv	a3,a1
100026ae:	4562                	lw	a0,24(sp)
100026b0:	45f2                	lw	a1,28(sp)
100026b2:	10000097          	auipc	ra,0x10000
100026b6:	d12080e7          	jalr	-750(ra) # 200023c4 <__subdf3>
100026ba:	862a                	mv	a2,a0
100026bc:	86ae                	mv	a3,a1
100026be:	8d2a                	mv	s10,a0
100026c0:	8dae                	mv	s11,a1
100026c2:	10000097          	auipc	ra,0x10000
100026c6:	8f6080e7          	jalr	-1802(ra) # 20001fb8 <__muldf3>
100026ca:	cc2a                	sw	a0,24(sp)
100026cc:	ce2e                	sw	a1,28(sp)
100026ce:	866a                	mv	a2,s10
100026d0:	86ee                	mv	a3,s11
100026d2:	856a                	mv	a0,s10
100026d4:	85ee                	mv	a1,s11
100026d6:	0ffff097          	auipc	ra,0xffff
100026da:	d48080e7          	jalr	-696(ra) # 2000141e <__adddf3>
100026de:	100077b7          	lui	a5,0x10007
100026e2:	fd87a603          	lw	a2,-40(a5) # 10006fd8 <_usbd_driver+0xa8>
100026e6:	fdc7a683          	lw	a3,-36(a5)
100026ea:	d42a                	sw	a0,40(sp)
100026ec:	d62e                	sw	a1,44(sp)
100026ee:	4562                	lw	a0,24(sp)
100026f0:	45f2                	lw	a1,28(sp)
100026f2:	0ffff097          	auipc	ra,0xffff
100026f6:	2aa080e7          	jalr	682(ra) # 2000199c <__divdf3>
100026fa:	10007837          	lui	a6,0x10007
100026fe:	fe082603          	lw	a2,-32(a6) # 10006fe0 <_usbd_driver+0xb0>
10002702:	fe482683          	lw	a3,-28(a6)
10002706:	0ffff097          	auipc	ra,0xffff
1000270a:	d18080e7          	jalr	-744(ra) # 2000141e <__adddf3>
1000270e:	862a                	mv	a2,a0
10002710:	86ae                	mv	a3,a1
10002712:	4562                	lw	a0,24(sp)
10002714:	45f2                	lw	a1,28(sp)
10002716:	0ffff097          	auipc	ra,0xffff
1000271a:	286080e7          	jalr	646(ra) # 2000199c <__divdf3>
1000271e:	100077b7          	lui	a5,0x10007
10002722:	fe87a603          	lw	a2,-24(a5) # 10006fe8 <_usbd_driver+0xb8>
10002726:	fec7a683          	lw	a3,-20(a5)
1000272a:	0ffff097          	auipc	ra,0xffff
1000272e:	cf4080e7          	jalr	-780(ra) # 2000141e <__adddf3>
10002732:	862a                	mv	a2,a0
10002734:	86ae                	mv	a3,a1
10002736:	4562                	lw	a0,24(sp)
10002738:	45f2                	lw	a1,28(sp)
1000273a:	0ffff097          	auipc	ra,0xffff
1000273e:	262080e7          	jalr	610(ra) # 2000199c <__divdf3>
10002742:	100077b7          	lui	a5,0x10007
10002746:	cc2a                	sw	a0,24(sp)
10002748:	ce2e                	sw	a1,28(sp)
1000274a:	ff07a503          	lw	a0,-16(a5) # 10006ff0 <_usbd_driver+0xc0>
1000274e:	ff47a583          	lw	a1,-12(a5)
10002752:	866a                	mv	a2,s10
10002754:	86ee                	mv	a3,s11
10002756:	10000097          	auipc	ra,0x10000
1000275a:	c6e080e7          	jalr	-914(ra) # 200023c4 <__subdf3>
1000275e:	862a                	mv	a2,a0
10002760:	86ae                	mv	a3,a1
10002762:	4562                	lw	a0,24(sp)
10002764:	45f2                	lw	a1,28(sp)
10002766:	0ffff097          	auipc	ra,0xffff
1000276a:	cb8080e7          	jalr	-840(ra) # 2000141e <__adddf3>
1000276e:	862a                	mv	a2,a0
10002770:	86ae                	mv	a3,a1
10002772:	5522                	lw	a0,40(sp)
10002774:	55b2                	lw	a1,44(sp)
10002776:	0ffff097          	auipc	ra,0xffff
1000277a:	226080e7          	jalr	550(ra) # 2000199c <__divdf3>
1000277e:	100077b7          	lui	a5,0x10007
10002782:	ff87a603          	lw	a2,-8(a5) # 10006ff8 <_usbd_driver+0xc8>
10002786:	ffc7a683          	lw	a3,-4(a5)
1000278a:	0ffff097          	auipc	ra,0xffff
1000278e:	c94080e7          	jalr	-876(ra) # 2000141e <__adddf3>
10002792:	5792                	lw	a5,36(sp)
10002794:	4601                	li	a2,0
10002796:	3ff78793          	addi	a5,a5,1023
1000279a:	01479693          	slli	a3,a5,0x14
1000279e:	10000097          	auipc	ra,0x10000
100027a2:	81a080e7          	jalr	-2022(ra) # 20001fb8 <__muldf3>
100027a6:	862a                	mv	a2,a0
100027a8:	d22a                	sw	a0,36(sp)
100027aa:	86ae                	mv	a3,a1
100027ac:	cc2e                	sw	a1,24(sp)
100027ae:	acf6                	cm.mva01s	s1,s5
100027b0:	0ffff097          	auipc	ra,0xffff
100027b4:	752080e7          	jalr	1874(ra) # 20001f02 <__ledf2>
100027b8:	47e2                	lw	a5,24(sp)
100027ba:	5712                	lw	a4,36(sp)
100027bc:	02055363          	bgez	a0,100027e2 <_etoa+0x36a>
100027c0:	10007837          	lui	a6,0x10007
100027c4:	85be                	mv	a1,a5
100027c6:	47c2                	lw	a5,16(sp)
100027c8:	fe082603          	lw	a2,-32(a6) # 10006fe0 <_usbd_driver+0xb0>
100027cc:	fe482683          	lw	a3,-28(a6)
100027d0:	17fd                	addi	a5,a5,-1
100027d2:	853a                	mv	a0,a4
100027d4:	c83e                	sw	a5,16(sp)
100027d6:	0ffff097          	auipc	ra,0xffff
100027da:	1c6080e7          	jalr	454(ra) # 2000199c <__divdf3>
100027de:	872a                	mv	a4,a0
100027e0:	87ae                	mv	a5,a1
100027e2:	46c2                	lw	a3,16(sp)
100027e4:	0c600593          	li	a1,198
100027e8:	863a                	mv	a2,a4
100027ea:	06368693          	addi	a3,a3,99
100027ee:	853e                	mv	a0,a5
100027f0:	0029fd13          	andi	s10,s3,2
100027f4:	12d5e563          	bltu	a1,a3,1000291e <_etoa+0x4a6>
100027f8:	46d2                	lw	a3,20(sp)
100027fa:	4d91                	li	s11,4
100027fc:	12069e63          	bnez	a3,10002938 <_etoa+0x4c0>
10002800:	4691                	li	a3,4
10002802:	8db6                	mv	s11,a3
10002804:	0186f763          	bgeu	a3,s8,10002812 <_etoa+0x39a>
10002808:	1e0d1563          	bnez	s10,100029f2 <_etoa+0x57a>
1000280c:	ffcc0693          	addi	a3,s8,-4
10002810:	ca36                	sw	a3,20(sp)
10002812:	46c2                	lw	a3,16(sp)
10002814:	ca91                	beqz	a3,10002828 <_etoa+0x3b0>
10002816:	acf6                	cm.mva01s	s1,s5
10002818:	863a                	mv	a2,a4
1000281a:	86be                	mv	a3,a5
1000281c:	0ffff097          	auipc	ra,0xffff
10002820:	180080e7          	jalr	384(ra) # 2000199c <__divdf3>
10002824:	d02a                	sw	a0,32(sp)
10002826:	8aae                	mv	s5,a1
10002828:	ace2                	cm.mva01s	s1,s0
1000282a:	4601                	li	a2,0
1000282c:	4681                	li	a3,0
1000282e:	0ffff097          	auipc	ra,0xffff
10002832:	6d4080e7          	jalr	1748(ra) # 20001f02 <__ledf2>
10002836:	1a054063          	bltz	a0,100029d6 <_etoa+0x55e>
1000283a:	5702                	lw	a4,32(sp)
1000283c:	87d6                	mv	a5,s5
1000283e:	48d2                	lw	a7,20(sp)
10002840:	48b99693          	bclri	a3,s3,0xb
10002844:	4859d993          	bexti	s3,s3,0x5
10002848:	8852                	mv	a6,s4
1000284a:	c036                	sw	a3,0(sp)
1000284c:	8666                	mv	a2,s9
1000284e:	86de                	mv	a3,s7
10002850:	ad7a                	cm.mva01s	s2,s6
10002852:	19fd                	addi	s3,s3,-1
10002854:	eb0ff0ef          	jal	10001f04 <_ftoa>
10002858:	0209f993          	andi	s3,s3,32
1000285c:	862a                	mv	a2,a0
1000285e:	86de                	mv	a3,s7
10002860:	04598513          	addi	a0,s3,69
10002864:	85da                	mv	a1,s6
10002866:	00160413          	addi	s0,a2,1
1000286a:	9902                	jalr	s2
1000286c:	47c2                	lw	a5,16(sp)
1000286e:	ccccde37          	lui	t3,0xccccd
10002872:	fffd8e93          	addi	t4,s11,-1
10002876:	40f006b3          	neg	a3,a5
1000287a:	47c2                	lw	a5,16(sp)
1000287c:	1818                	addi	a4,sp,48
1000287e:	ccde0e13          	addi	t3,t3,-819 # cccccccd <__StackTop+0xacc4accd>
10002882:	0ad7e6b3          	max	a3,a5,a3
10002886:	01f7d813          	srli	a6,a5,0x1f
1000288a:	4781                	li	a5,0
1000288c:	03c6b633          	mulhu	a2,a3,t3
10002890:	0785                	addi	a5,a5,1
10002892:	00a6b593          	sltiu	a1,a3,10
10002896:	00f708b3          	add	a7,a4,a5
1000289a:	fe078313          	addi	t1,a5,-32
1000289e:	820d                	srli	a2,a2,0x3
100028a0:	20c64533          	sh2add	a0,a2,a2
100028a4:	0506                	slli	a0,a0,0x1
100028a6:	8e89                	sub	a3,a3,a0
100028a8:	03068693          	addi	a3,a3,48
100028ac:	fed88fa3          	sb	a3,-1(a7)
100028b0:	86b2                	mv	a3,a2
100028b2:	e199                	bnez	a1,100028b8 <_etoa+0x440>
100028b4:	fc031ce3          	bnez	t1,1000288c <_etoa+0x414>
100028b8:	4695                	li	a3,5
100028ba:	c436                	sw	a3,8(sp)
100028bc:	c276                	sw	t4,4(sp)
100028be:	c002                	sw	zero,0(sp)
100028c0:	8622                	mv	a2,s0
100028c2:	48a9                	li	a7,10
100028c4:	86de                	mv	a3,s7
100028c6:	ad7a                	cm.mva01s	s2,s6
100028c8:	c24ff0ef          	jal	10001cec <_ntoa_format>
100028cc:	84aa                	mv	s1,a0
100028ce:	020d0863          	beqz	s10,100028fe <_etoa+0x486>
100028d2:	41950433          	sub	s0,a0,s9
100028d6:	03847463          	bgeu	s0,s8,100028fe <_etoa+0x486>
100028da:	008c8633          	add	a2,s9,s0
100028de:	86de                	mv	a3,s7
100028e0:	85da                	mv	a1,s6
100028e2:	02000513          	li	a0,32
100028e6:	0405                	addi	s0,s0,1
100028e8:	9902                	jalr	s2
100028ea:	ff8468e3          	bltu	s0,s8,100028da <_etoa+0x462>
100028ee:	41948733          	sub	a4,s1,s9
100028f2:	0705                	addi	a4,a4,1 # 3ff00001 <__StackTop+0x1fe7e001>
100028f4:	4781                	li	a5,0
100028f6:	0cec7b63          	bgeu	s8,a4,100029cc <_etoa+0x554>
100028fa:	0485                	addi	s1,s1,1
100028fc:	94be                	add	s1,s1,a5
100028fe:	40ba                	lw	ra,140(sp)
10002900:	442a                	lw	s0,136(sp)
10002902:	5ad6                	lw	s5,116(sp)
10002904:	5d06                	lw	s10,96(sp)
10002906:	4df6                	lw	s11,92(sp)
10002908:	490a                	lw	s2,128(sp)
1000290a:	59f6                	lw	s3,124(sp)
1000290c:	5a66                	lw	s4,120(sp)
1000290e:	5b46                	lw	s6,112(sp)
10002910:	5bb6                	lw	s7,108(sp)
10002912:	5c26                	lw	s8,104(sp)
10002914:	5c96                	lw	s9,100(sp)
10002916:	8526                	mv	a0,s1
10002918:	449a                	lw	s1,132(sp)
1000291a:	6149                	addi	sp,sp,144
1000291c:	8082                	ret
1000291e:	46d2                	lw	a3,20(sp)
10002920:	ea99                	bnez	a3,10002936 <_etoa+0x4be>
10002922:	4695                	li	a3,5
10002924:	8db6                	mv	s11,a3
10002926:	ef86f8e3          	bgeu	a3,s8,10002816 <_etoa+0x39e>
1000292a:	0c0d1663          	bnez	s10,100029f6 <_etoa+0x57e>
1000292e:	ffbc0693          	addi	a3,s8,-5
10002932:	ca36                	sw	a3,20(sp)
10002934:	b5cd                	j	10002816 <_etoa+0x39e>
10002936:	4d95                	li	s11,5
10002938:	8e49                	or	a2,a2,a0
1000293a:	c20601e3          	beqz	a2,1000255c <_etoa+0xe4>
1000293e:	100076b7          	lui	a3,0x10007
10002942:	0006a603          	lw	a2,0(a3) # 10007000 <_usbd_driver+0xd0>
10002946:	0046a683          	lw	a3,4(a3)
1000294a:	acf6                	cm.mva01s	s1,s5
1000294c:	ca3a                	sw	a4,20(sp)
1000294e:	cc3e                	sw	a5,24(sp)
10002950:	0ffff097          	auipc	ra,0xffff
10002954:	4fc080e7          	jalr	1276(ra) # 20001e4c <__gedf2>
10002958:	4752                	lw	a4,20(sp)
1000295a:	47e2                	lw	a5,24(sp)
1000295c:	02054163          	bltz	a0,1000297e <_etoa+0x506>
10002960:	100076b7          	lui	a3,0x10007
10002964:	f786a603          	lw	a2,-136(a3) # 10006f78 <_usbd_driver+0x48>
10002968:	f7c6a683          	lw	a3,-132(a3)
1000296c:	acf6                	cm.mva01s	s1,s5
1000296e:	0ffff097          	auipc	ra,0xffff
10002972:	594080e7          	jalr	1428(ra) # 20001f02 <__ledf2>
10002976:	be0543e3          	bltz	a0,1000255c <_etoa+0xe4>
1000297a:	4752                	lw	a4,20(sp)
1000297c:	47e2                	lw	a5,24(sp)
1000297e:	020a0b63          	beqz	s4,100029b4 <_etoa+0x53c>
10002982:	4009f693          	andi	a3,s3,1024
10002986:	c69d                	beqz	a3,100029b4 <_etoa+0x53c>
10002988:	1a7d                	addi	s4,s4,-1
1000298a:	018df563          	bgeu	s11,s8,10002994 <_etoa+0x51c>
1000298e:	040d0a63          	beqz	s10,100029e2 <_etoa+0x56a>
10002992:	4d09                	li	s10,2
10002994:	ca02                	sw	zero,20(sp)
10002996:	bdb5                	j	10002812 <_etoa+0x39a>
10002998:	0029f793          	andi	a5,s3,2
1000299c:	8d3e                	mv	s10,a5
1000299e:	e395                	bnez	a5,100029c2 <_etoa+0x54a>
100029a0:	004c3793          	sltiu	a5,s8,4
100029a4:	17fd                	addi	a5,a5,-1
100029a6:	ffcc0713          	addi	a4,s8,-4
100029aa:	8ff9                	and	a5,a5,a4
100029ac:	ca3e                	sw	a5,20(sp)
100029ae:	c802                	sw	zero,16(sp)
100029b0:	4d91                	li	s11,4
100029b2:	bd9d                	j	10002828 <_etoa+0x3b0>
100029b4:	ff8df0e3          	bgeu	s11,s8,10002994 <_etoa+0x51c>
100029b8:	020d0563          	beqz	s10,100029e2 <_etoa+0x56a>
100029bc:	ca02                	sw	zero,20(sp)
100029be:	4d09                	li	s10,2
100029c0:	bd89                	j	10002812 <_etoa+0x39a>
100029c2:	ca02                	sw	zero,20(sp)
100029c4:	c802                	sw	zero,16(sp)
100029c6:	4d09                	li	s10,2
100029c8:	4d91                	li	s11,4
100029ca:	bdb9                	j	10002828 <_etoa+0x3b0>
100029cc:	fffc8793          	addi	a5,s9,-1
100029d0:	97e2                	add	a5,a5,s8
100029d2:	8f85                	sub	a5,a5,s1
100029d4:	b71d                	j	100028fa <_etoa+0x482>
100029d6:	5602                	lw	a2,32(sp)
100029d8:	69fa9693          	binvi	a3,s5,0x1f
100029dc:	87b6                	mv	a5,a3
100029de:	8732                	mv	a4,a2
100029e0:	bdb9                	j	1000283e <_etoa+0x3c6>
100029e2:	41bc06b3          	sub	a3,s8,s11
100029e6:	ca36                	sw	a3,20(sp)
100029e8:	b52d                	j	10002812 <_etoa+0x39a>
100029ea:	40fa0833          	sub	a6,s4,a5
100029ee:	187d                	addi	a6,a6,-1
100029f0:	be95                	j	10002564 <_etoa+0xec>
100029f2:	4d09                	li	s10,2
100029f4:	bd39                	j	10002812 <_etoa+0x39a>
100029f6:	4d09                	li	s10,2
100029f8:	bd39                	j	10002816 <_etoa+0x39e>

100029fa <_vsnprintf>:
100029fa:	100037b7          	lui	a5,0x10003
100029fe:	7135                	addi	sp,sp,-160
10002a00:	9fa78793          	addi	a5,a5,-1542 # 100029fa <_vsnprintf>
10002a04:	cb26                	sw	s1,148(sp)
10002a06:	c94a                	sw	s2,144(sp)
10002a08:	c74e                	sw	s3,140(sp)
10002a0a:	c552                	sw	s4,136(sp)
10002a0c:	dae6                	sw	s9,116(sp)
10002a0e:	cf06                	sw	ra,156(sp)
10002a10:	cd22                	sw	s0,152(sp)
10002a12:	d8ea                	sw	s10,112(sp)
10002a14:	82f1a5a3          	sw	a5,-2005(gp) # 20003a4c <lazy_vsnprintf>
10002a18:	8a2e                	mv	s4,a1
10002a1a:	8cb6                	mv	s9,a3
10002a1c:	893a                	mv	s2,a4
10002a1e:	89b2                	mv	s3,a2
10002a20:	84aa                	mv	s1,a0
10002a22:	3a058863          	beqz	a1,10002dd2 <_vsnprintf+0x3d8>
10002a26:	000cc503          	lbu	a0,0(s9)
10002a2a:	4d01                	li	s10,0
10002a2c:	3a050c63          	beqz	a0,10002de4 <_vsnprintf+0x3ea>
10002a30:	c356                	sw	s5,132(sp)
10002a32:	dede                	sw	s7,124(sp)
10002a34:	10007ab7          	lui	s5,0x10007
10002a38:	10007bb7          	lui	s7,0x10007
10002a3c:	c15a                	sw	s6,128(sp)
10002a3e:	dce2                	sw	s8,120(sp)
10002a40:	d6ee                	sw	s11,108(sp)
10002a42:	b20a8a93          	addi	s5,s5,-1248 # 10006b20 <__bi_26+0xc>
10002a46:	b64b8b93          	addi	s7,s7,-1180 # 10006b64 <__bi_26+0x50>
10002a4a:	02500b13          	li	s6,37
10002a4e:	4441                	li	s0,16
10002a50:	a811                	j	10002a64 <_vsnprintf+0x6a>
10002a52:	866a                	mv	a2,s10
10002a54:	86ce                	mv	a3,s3
10002a56:	85d2                	mv	a1,s4
10002a58:	9482                	jalr	s1
10002a5a:	0d05                	addi	s10,s10,1
10002a5c:	000cc503          	lbu	a0,0(s9)
10002a60:	10050463          	beqz	a0,10002b68 <_vsnprintf+0x16e>
10002a64:	0c85                	addi	s9,s9,1
10002a66:	ff6516e3          	bne	a0,s6,10002a52 <_vsnprintf+0x58>
10002a6a:	4681                	li	a3,0
10002a6c:	000cc503          	lbu	a0,0(s9)
10002a70:	001c8713          	addi	a4,s9,1
10002a74:	fe050793          	addi	a5,a0,-32
10002a78:	9fe1                	zext.b	a5,a5
10002a7a:	00f46663          	bltu	s0,a5,10002a86 <_vsnprintf+0x8c>
10002a7e:	2157c7b3          	sh2add	a5,a5,s5
10002a82:	439c                	lw	a5,0(a5)
10002a84:	8782                	jr	a5
10002a86:	fd050793          	addi	a5,a0,-48
10002a8a:	9fe1                	zext.b	a5,a5
10002a8c:	4625                	li	a2,9
10002a8e:	08f67763          	bgeu	a2,a5,10002b1c <_vsnprintf+0x122>
10002a92:	02a00793          	li	a5,42
10002a96:	4d81                	li	s11,0
10002a98:	1af50563          	beq	a0,a5,10002c42 <_vsnprintf+0x248>
10002a9c:	02e00793          	li	a5,46
10002aa0:	4801                	li	a6,0
10002aa2:	0af50163          	beq	a0,a5,10002b44 <_vsnprintf+0x14a>
10002aa6:	f9850793          	addi	a5,a0,-104
10002aaa:	9fe1                	zext.b	a5,a5
10002aac:	4649                	li	a2,18
10002aae:	02f66f63          	bltu	a2,a5,10002aec <_vsnprintf+0xf2>
10002ab2:	2177c7b3          	sh2add	a5,a5,s7
10002ab6:	439c                	lw	a5,0(a5)
10002ab8:	8782                	jr	a5
10002aba:	0016e693          	ori	a3,a3,1
10002abe:	8cba                	mv	s9,a4
10002ac0:	b775                	j	10002a6c <_vsnprintf+0x72>
10002ac2:	0026e693          	ori	a3,a3,2
10002ac6:	8cba                	mv	s9,a4
10002ac8:	b755                	j	10002a6c <_vsnprintf+0x72>
10002aca:	0046e693          	ori	a3,a3,4
10002ace:	8cba                	mv	s9,a4
10002ad0:	bf71                	j	10002a6c <_vsnprintf+0x72>
10002ad2:	0106e693          	ori	a3,a3,16
10002ad6:	8cba                	mv	s9,a4
10002ad8:	bf51                	j	10002a6c <_vsnprintf+0x72>
10002ada:	0086e693          	ori	a3,a3,8
10002ade:	8cba                	mv	s9,a4
10002ae0:	b771                	j	10002a6c <_vsnprintf+0x72>
10002ae2:	001cc503          	lbu	a0,1(s9)
10002ae6:	1006e693          	ori	a3,a3,256
10002aea:	0705                	addi	a4,a4,1
10002aec:	06700793          	li	a5,103
10002af0:	8cba                	mv	s9,a4
10002af2:	0aa7e563          	bltu	a5,a0,10002b9c <_vsnprintf+0x1a2>
10002af6:	02400793          	li	a5,36
10002afa:	f4a7fce3          	bgeu	a5,a0,10002a52 <_vsnprintf+0x58>
10002afe:	fdb50793          	addi	a5,a0,-37
10002b02:	9fe1                	zext.b	a5,a5
10002b04:	04200713          	li	a4,66
10002b08:	f4f765e3          	bltu	a4,a5,10002a52 <_vsnprintf+0x58>
10002b0c:	10007737          	lui	a4,0x10007
10002b10:	bb070713          	addi	a4,a4,-1104 # 10006bb0 <__bi_26+0x9c>
10002b14:	20e7c7b3          	sh2add	a5,a5,a4
10002b18:	439c                	lw	a5,0(a5)
10002b1a:	8782                	jr	a5
10002b1c:	4d81                	li	s11,0
10002b1e:	21bdcdb3          	sh2add	s11,s11,s11
10002b22:	20adadb3          	sh1add	s11,s11,a0
10002b26:	8308                	lbu	a0,0(a4)
10002b28:	8cba                	mv	s9,a4
10002b2a:	fd0d8d93          	addi	s11,s11,-48
10002b2e:	fd050793          	addi	a5,a0,-48
10002b32:	9fe1                	zext.b	a5,a5
10002b34:	0705                	addi	a4,a4,1
10002b36:	fef674e3          	bgeu	a2,a5,10002b1e <_vsnprintf+0x124>
10002b3a:	02e00793          	li	a5,46
10002b3e:	4801                	li	a6,0
10002b40:	f6f513e3          	bne	a0,a5,10002aa6 <_vsnprintf+0xac>
10002b44:	001cc503          	lbu	a0,1(s9)
10002b48:	45a5                	li	a1,9
10002b4a:	4006e693          	ori	a3,a3,1024
10002b4e:	fd050793          	addi	a5,a0,-48
10002b52:	9fe1                	zext.b	a5,a5
10002b54:	863a                	mv	a2,a4
10002b56:	0cf5f563          	bgeu	a1,a5,10002c20 <_vsnprintf+0x226>
10002b5a:	02a00793          	li	a5,42
10002b5e:	2af50663          	beq	a0,a5,10002e0a <_vsnprintf+0x410>
10002b62:	8cba                	mv	s9,a4
10002b64:	0705                	addi	a4,a4,1
10002b66:	b781                	j	10002aa6 <_vsnprintf+0xac>
10002b68:	4a9a                	lw	s5,132(sp)
10002b6a:	4b0a                	lw	s6,128(sp)
10002b6c:	5bf6                	lw	s7,124(sp)
10002b6e:	5c66                	lw	s8,120(sp)
10002b70:	5db6                	lw	s11,108(sp)
10002b72:	846a                	mv	s0,s10
10002b74:	013d6463          	bltu	s10,s3,10002b7c <_vsnprintf+0x182>
10002b78:	fff98d13          	addi	s10,s3,-1
10002b7c:	86ce                	mv	a3,s3
10002b7e:	866a                	mv	a2,s10
10002b80:	85d2                	mv	a1,s4
10002b82:	4501                	li	a0,0
10002b84:	9482                	jalr	s1
10002b86:	40fa                	lw	ra,156(sp)
10002b88:	8522                	mv	a0,s0
10002b8a:	446a                	lw	s0,152(sp)
10002b8c:	44da                	lw	s1,148(sp)
10002b8e:	494a                	lw	s2,144(sp)
10002b90:	49ba                	lw	s3,140(sp)
10002b92:	4a2a                	lw	s4,136(sp)
10002b94:	5cd6                	lw	s9,116(sp)
10002b96:	5d46                	lw	s10,112(sp)
10002b98:	610d                	addi	sp,sp,160
10002b9a:	8082                	ret
10002b9c:	f9750593          	addi	a1,a0,-105
10002ba0:	0ff5f713          	zext.b	a4,a1
10002ba4:	47bd                	li	a5,15
10002ba6:	eae7e6e3          	bltu	a5,a4,10002a52 <_vsnprintf+0x58>
10002baa:	6625                	lui	a2,0x9
10002bac:	04160613          	addi	a2,a2,65 # 9041 <HeapSize+0x8841>
10002bb0:	28e017b3          	bset	a5,zero,a4
10002bb4:	8ff1                	and	a5,a5,a2
10002bb6:	22079b63          	bnez	a5,10002dec <_vsnprintf+0x3f2>
10002bba:	4629                	li	a2,10
10002bbc:	08c70d63          	beq	a4,a2,10002c56 <_vsnprintf+0x25c>
10002bc0:	461d                	li	a2,7
10002bc2:	e8c718e3          	bne	a4,a2,10002a52 <_vsnprintf+0x58>
10002bc6:	00092703          	lw	a4,0(s2)
10002bca:	0911                	addi	s2,s2,4
10002bcc:	26070263          	beqz	a4,10002e30 <_vsnprintf+0x436>
10002bd0:	0216e893          	ori	a7,a3,33
10002bd4:	86ba                	mv	a3,a4
10002bd6:	0098                	addi	a4,sp,64
10002bd8:	4525                	li	a0,9
10002bda:	a031                	j	10002be6 <_vsnprintf+0x1ec>
10002bdc:	0106b613          	sltiu	a2,a3,16
10002be0:	26061163          	bnez	a2,10002e42 <_vsnprintf+0x448>
10002be4:	8291                	srli	a3,a3,0x4
10002be6:	00f6f613          	andi	a2,a3,15
10002bea:	03760593          	addi	a1,a2,55
10002bee:	00c56463          	bltu	a0,a2,10002bf6 <_vsnprintf+0x1fc>
10002bf2:	03060593          	addi	a1,a2,48
10002bf6:	0785                	addi	a5,a5,1
10002bf8:	00f70633          	add	a2,a4,a5
10002bfc:	feb60fa3          	sb	a1,-1(a2)
10002c00:	fe078613          	addi	a2,a5,-32
10002c04:	fe61                	bnez	a2,10002bdc <_vsnprintf+0x1e2>
10002c06:	46a1                	li	a3,8
10002c08:	c446                	sw	a7,8(sp)
10002c0a:	c042                	sw	a6,0(sp)
10002c0c:	c236                	sw	a3,4(sp)
10002c0e:	866a                	mv	a2,s10
10002c10:	48c1                	li	a7,16
10002c12:	4801                	li	a6,0
10002c14:	86ce                	mv	a3,s3
10002c16:	acf2                	cm.mva01s	s1,s4
10002c18:	8d4ff0ef          	jal	10001cec <_ntoa_format>
10002c1c:	8d2a                	mv	s10,a0
10002c1e:	bd3d                	j	10002a5c <_vsnprintf+0x62>
10002c20:	21084833          	sh2add	a6,a6,a6
10002c24:	0605                	addi	a2,a2,1
10002c26:	20a82833          	sh1add	a6,a6,a0
10002c2a:	8208                	lbu	a0,0(a2)
10002c2c:	fd080813          	addi	a6,a6,-48
10002c30:	fd050793          	addi	a5,a0,-48
10002c34:	9fe1                	zext.b	a5,a5
10002c36:	fef5f5e3          	bgeu	a1,a5,10002c20 <_vsnprintf+0x226>
10002c3a:	8cb2                	mv	s9,a2
10002c3c:	00160713          	addi	a4,a2,1
10002c40:	b59d                	j	10002aa6 <_vsnprintf+0xac>
10002c42:	00092d83          	lw	s11,0(s2)
10002c46:	0911                	addi	s2,s2,4
10002c48:	080dc263          	bltz	s11,10002ccc <_vsnprintf+0x2d2>
10002c4c:	001cc503          	lbu	a0,1(s9)
10002c50:	8cba                	mv	s9,a4
10002c52:	0705                	addi	a4,a4,1
10002c54:	b5a1                	j	10002a9c <_vsnprintf+0xa2>
10002c56:	00490793          	addi	a5,s2,4
10002c5a:	d43e                	sw	a5,40(sp)
10002c5c:	00092c03          	lw	s8,0(s2)
10002c60:	8642                	mv	a2,a6
10002c62:	1a080f63          	beqz	a6,10002e20 <_vsnprintf+0x426>
10002c66:	000c4503          	lbu	a0,0(s8)
10002c6a:	9662                	add	a2,a2,s8
10002c6c:	87e2                	mv	a5,s8
10002c6e:	32050463          	beqz	a0,10002f96 <_vsnprintf+0x59c>
10002c72:	00c78563          	beq	a5,a2,10002c7c <_vsnprintf+0x282>
10002c76:	83d8                	lbu	a4,1(a5)
10002c78:	0785                	addi	a5,a5,1
10002c7a:	ff65                	bnez	a4,10002c72 <_vsnprintf+0x278>
10002c7c:	418787b3          	sub	a5,a5,s8
10002c80:	d23e                	sw	a5,36(sp)
10002c82:	4006f793          	andi	a5,a3,1024
10002c86:	1c078563          	beqz	a5,10002e50 <_vsnprintf+0x456>
10002c8a:	0026f793          	andi	a5,a3,2
10002c8e:	d03e                	sw	a5,32(sp)
10002c90:	5792                	lw	a5,36(sp)
10002c92:	0b07d7b3          	minu	a5,a5,a6
10002c96:	d23e                	sw	a5,36(sp)
10002c98:	5782                	lw	a5,32(sp)
10002c9a:	3a078c63          	beqz	a5,10003052 <_vsnprintf+0x658>
10002c9e:	4789                	li	a5,2
10002ca0:	d03e                	sw	a5,32(sp)
10002ca2:	01a807b3          	add	a5,a6,s10
10002ca6:	ce3e                	sw	a5,28(sp)
10002ca8:	896a                	mv	s2,s10
10002caa:	a821                	j	10002cc2 <_vsnprintf+0x2c8>
10002cac:	864a                	mv	a2,s2
10002cae:	86ce                	mv	a3,s3
10002cb0:	85d2                	mv	a1,s4
10002cb2:	9482                	jalr	s1
10002cb4:	0905                	addi	s2,s2,1
10002cb6:	41a90733          	sub	a4,s2,s10
10002cba:	9762                	add	a4,a4,s8
10002cbc:	8308                	lbu	a0,0(a4)
10002cbe:	1a050b63          	beqz	a0,10002e74 <_vsnprintf+0x47a>
10002cc2:	47f2                	lw	a5,28(sp)
10002cc4:	ff2794e3          	bne	a5,s2,10002cac <_vsnprintf+0x2b2>
10002cc8:	8d3e                	mv	s10,a5
10002cca:	a275                	j	10002e76 <_vsnprintf+0x47c>
10002ccc:	001cc503          	lbu	a0,1(s9)
10002cd0:	0026e693          	ori	a3,a3,2
10002cd4:	8cba                	mv	s9,a4
10002cd6:	41b00db3          	neg	s11,s11
10002cda:	0705                	addi	a4,a4,1
10002cdc:	b3c1                	j	10002a9c <_vsnprintf+0xa2>
10002cde:	001cc503          	lbu	a0,1(s9)
10002ce2:	06c00793          	li	a5,108
10002ce6:	e0f510e3          	bne	a0,a5,10002ae6 <_vsnprintf+0xec>
10002cea:	002cc503          	lbu	a0,2(s9)
10002cee:	3006e693          	ori	a3,a3,768
10002cf2:	003c8713          	addi	a4,s9,3
10002cf6:	bbdd                	j	10002aec <_vsnprintf+0xf2>
10002cf8:	001cc503          	lbu	a0,1(s9)
10002cfc:	2006e693          	ori	a3,a3,512
10002d00:	0705                	addi	a4,a4,1
10002d02:	b3ed                	j	10002aec <_vsnprintf+0xf2>
10002d04:	001cc503          	lbu	a0,1(s9)
10002d08:	06800793          	li	a5,104
10002d0c:	22f50563          	beq	a0,a5,10002f36 <_vsnprintf+0x53c>
10002d10:	0806e693          	ori	a3,a3,128
10002d14:	0705                	addi	a4,a4,1
10002d16:	bbd9                	j	10002aec <_vsnprintf+0xf2>
10002d18:	0fd57793          	andi	a5,a0,253
10002d1c:	0df57713          	andi	a4,a0,223
10002d20:	091d                	addi	s2,s2,7
10002d22:	fbb78793          	addi	a5,a5,-69
10002d26:	fb970713          	addi	a4,a4,-71
10002d2a:	ff897913          	andi	s2,s2,-8
10002d2e:	0017b793          	seqz	a5,a5
10002d32:	00173713          	seqz	a4,a4
10002d36:	00092503          	lw	a0,0(s2)
10002d3a:	00492583          	lw	a1,4(s2)
10002d3e:	072e                	slli	a4,a4,0xb
10002d40:	0796                	slli	a5,a5,0x5
10002d42:	8fd9                	or	a5,a5,a4
10002d44:	8fd5                	or	a5,a5,a3
10002d46:	c03e                	sw	a5,0(sp)
10002d48:	872a                	mv	a4,a0
10002d4a:	87ae                	mv	a5,a1
10002d4c:	866a                	mv	a2,s10
10002d4e:	88ee                	mv	a7,s11
10002d50:	86ce                	mv	a3,s3
10002d52:	acf2                	cm.mva01s	s1,s4
10002d54:	f24ff0ef          	jal	10002478 <_etoa>
10002d58:	0921                	addi	s2,s2,8
10002d5a:	8d2a                	mv	s10,a0
10002d5c:	b301                	j	10002a5c <_vsnprintf+0x62>
10002d5e:	04600793          	li	a5,70
10002d62:	10f50e63          	beq	a0,a5,10002e7e <_vsnprintf+0x484>
10002d66:	091d                	addi	s2,s2,7
10002d68:	ff897913          	andi	s2,s2,-8
10002d6c:	00092703          	lw	a4,0(s2)
10002d70:	00492783          	lw	a5,4(s2)
10002d74:	866a                	mv	a2,s10
10002d76:	c036                	sw	a3,0(sp)
10002d78:	88ee                	mv	a7,s11
10002d7a:	86ce                	mv	a3,s3
10002d7c:	acf2                	cm.mva01s	s1,s4
10002d7e:	986ff0ef          	jal	10001f04 <_ftoa>
10002d82:	0921                	addi	s2,s2,8
10002d84:	8d2a                	mv	s10,a0
10002d86:	b9d9                	j	10002a5c <_vsnprintf+0x62>
10002d88:	866a                	mv	a2,s10
10002d8a:	86ce                	mv	a3,s3
10002d8c:	85d2                	mv	a1,s4
10002d8e:	02500513          	li	a0,37
10002d92:	9482                	jalr	s1
10002d94:	0d05                	addi	s10,s10,1
10002d96:	b1d9                	j	10002a5c <_vsnprintf+0x62>
10002d98:	00490793          	addi	a5,s2,4
10002d9c:	8a89                	andi	a3,a3,2
10002d9e:	d03e                	sw	a5,32(sp)
10002da0:	001d0c13          	addi	s8,s10,1
10002da4:	1a068663          	beqz	a3,10002f50 <_vsnprintf+0x556>
10002da8:	00094503          	lbu	a0,0(s2)
10002dac:	866a                	mv	a2,s10
10002dae:	86ce                	mv	a3,s3
10002db0:	85d2                	mv	a1,s4
10002db2:	9482                	jalr	s1
10002db4:	4785                	li	a5,1
10002db6:	9d6e                	add	s10,s10,s11
10002db8:	21b7f163          	bgeu	a5,s11,10002fba <_vsnprintf+0x5c0>
10002dbc:	8662                	mv	a2,s8
10002dbe:	86ce                	mv	a3,s3
10002dc0:	0c05                	addi	s8,s8,1
10002dc2:	85d2                	mv	a1,s4
10002dc4:	02000513          	li	a0,32
10002dc8:	9482                	jalr	s1
10002dca:	ffac19e3          	bne	s8,s10,10002dbc <_vsnprintf+0x3c2>
10002dce:	5902                	lw	s2,32(sp)
10002dd0:	b171                	j	10002a5c <_vsnprintf+0x62>
10002dd2:	000cc503          	lbu	a0,0(s9)
10002dd6:	100024b7          	lui	s1,0x10002
10002dda:	c2848493          	addi	s1,s1,-984 # 10001c28 <_out_null>
10002dde:	4d01                	li	s10,0
10002de0:	c40518e3          	bnez	a0,10002a30 <_vsnprintf+0x36>
10002de4:	4401                	li	s0,0
10002de6:	d93d6be3          	bltu	s10,s3,10002b7c <_vsnprintf+0x182>
10002dea:	b379                	j	10002b78 <_vsnprintf+0x17e>
10002dec:	06f00793          	li	a5,111
10002df0:	08f50a63          	beq	a0,a5,10002e84 <_vsnprintf+0x48a>
10002df4:	2aa7f763          	bgeu	a5,a0,100030a2 <_vsnprintf+0x6a8>
10002df8:	07800793          	li	a5,120
10002dfc:	18f50663          	beq	a0,a5,10002f88 <_vsnprintf+0x58e>
10002e00:	4629                	li	a2,10
10002e02:	9abd                	andi	a3,a3,-17
10002e04:	8c32                	mv	s8,a2
10002e06:	dc02                	sw	zero,56(sp)
10002e08:	a049                	j	10002e8a <_vsnprintf+0x490>
10002e0a:	00092803          	lw	a6,0(s2)
10002e0e:	002cc503          	lbu	a0,2(s9)
10002e12:	0c89                	addi	s9,s9,2
10002e14:	001c8713          	addi	a4,s9,1
10002e18:	0a086833          	max	a6,a6,zero
10002e1c:	0911                	addi	s2,s2,4
10002e1e:	b161                	j	10002aa6 <_vsnprintf+0xac>
10002e20:	000c4503          	lbu	a0,0(s8)
10002e24:	567d                	li	a2,-1
10002e26:	9662                	add	a2,a2,s8
10002e28:	87e2                	mv	a5,s8
10002e2a:	e40514e3          	bnez	a0,10002c72 <_vsnprintf+0x278>
10002e2e:	a2a5                	j	10002f96 <_vsnprintf+0x59c>
10002e30:	fef6f893          	andi	a7,a3,-17
10002e34:	4006f693          	andi	a3,a3,1024
10002e38:	0218e893          	ori	a7,a7,33
10002e3c:	0098                	addi	a4,sp,64
10002e3e:	d8068ce3          	beqz	a3,10002bd6 <_vsnprintf+0x1dc>
10002e42:	46a1                	li	a3,8
10002e44:	c446                	sw	a7,8(sp)
10002e46:	c042                	sw	a6,0(sp)
10002e48:	c236                	sw	a3,4(sp)
10002e4a:	866a                	mv	a2,s10
10002e4c:	48c1                	li	a7,16
10002e4e:	b3d1                	j	10002c12 <_vsnprintf+0x218>
10002e50:	0026f793          	andi	a5,a3,2
10002e54:	d03e                	sw	a5,32(sp)
10002e56:	24078063          	beqz	a5,10003096 <_vsnprintf+0x69c>
10002e5a:	4789                	li	a5,2
10002e5c:	d03e                	sw	a5,32(sp)
10002e5e:	896a                	mv	s2,s10
10002e60:	864a                	mv	a2,s2
10002e62:	86ce                	mv	a3,s3
10002e64:	85d2                	mv	a1,s4
10002e66:	9482                	jalr	s1
10002e68:	0905                	addi	s2,s2,1
10002e6a:	41a90733          	sub	a4,s2,s10
10002e6e:	9762                	add	a4,a4,s8
10002e70:	8308                	lbu	a0,0(a4)
10002e72:	f57d                	bnez	a0,10002e60 <_vsnprintf+0x466>
10002e74:	8d4a                	mv	s10,s2
10002e76:	5782                	lw	a5,32(sp)
10002e78:	e3c9                	bnez	a5,10002efa <_vsnprintf+0x500>
10002e7a:	5922                	lw	s2,40(sp)
10002e7c:	b6c5                	j	10002a5c <_vsnprintf+0x62>
10002e7e:	0206e693          	ori	a3,a3,32
10002e82:	b5d5                	j	10002d66 <_vsnprintf+0x36c>
10002e84:	4621                	li	a2,8
10002e86:	8c32                	mv	s8,a2
10002e88:	dc02                	sw	zero,56(sp)
10002e8a:	4006ff13          	andi	t5,a3,1024
10002e8e:	ff36f313          	andi	t1,a3,-13
10002e92:	000f0663          	beqz	t5,10002e9e <_vsnprintf+0x4a4>
10002e96:	ff26f313          	andi	t1,a3,-14
10002e9a:	40000f13          	li	t5,1024
10002e9e:	20037693          	andi	a3,t1,512
10002ea2:	10069f63          	bnez	a3,10002fc0 <_vsnprintf+0x5c6>
10002ea6:	10037793          	andi	a5,t1,256
10002eaa:	00490e93          	addi	t4,s2,4
10002eae:	48079b63          	bnez	a5,10003344 <_vsnprintf+0x94a>
10002eb2:	04037713          	andi	a4,t1,64
10002eb6:	ef69                	bnez	a4,10002f90 <_vsnprintf+0x596>
10002eb8:	08037713          	andi	a4,t1,128
10002ebc:	52070963          	beqz	a4,100033ee <_vsnprintf+0x9f4>
10002ec0:	00095603          	lhu	a2,0(s2)
10002ec4:	12061663          	bnez	a2,10002ff0 <_vsnprintf+0x5f6>
10002ec8:	fef37313          	andi	t1,t1,-17
10002ecc:	120f0263          	beqz	t5,10002ff0 <_vsnprintf+0x5f6>
10002ed0:	4781                	li	a5,0
10002ed2:	0098                	addi	a4,sp,64
10002ed4:	ce76                	sw	t4,28(sp)
10002ed6:	c41a                	sw	t1,8(sp)
10002ed8:	c26e                	sw	s11,4(sp)
10002eda:	c042                	sw	a6,0(sp)
10002edc:	88e2                	mv	a7,s8
10002ede:	866a                	mv	a2,s10
10002ee0:	4801                	li	a6,0
10002ee2:	86ce                	mv	a3,s3
10002ee4:	acf2                	cm.mva01s	s1,s4
10002ee6:	e07fe0ef          	jal	10001cec <_ntoa_format>
10002eea:	8d2a                	mv	s10,a0
10002eec:	4972                	lw	s2,28(sp)
10002eee:	b6bd                	j	10002a5c <_vsnprintf+0x62>
10002ef0:	0026f793          	andi	a5,a3,2
10002ef4:	d03e                	sw	a5,32(sp)
10002ef6:	50078c63          	beqz	a5,1000340e <_vsnprintf+0xa14>
10002efa:	896a                	mv	s2,s10
10002efc:	5792                	lw	a5,36(sp)
10002efe:	f7b7fee3          	bgeu	a5,s11,10002e7a <_vsnprintf+0x480>
10002f02:	9dea                	add	s11,s11,s10
10002f04:	40fd8d33          	sub	s10,s11,a5
10002f08:	864a                	mv	a2,s2
10002f0a:	86ce                	mv	a3,s3
10002f0c:	0905                	addi	s2,s2,1
10002f0e:	85d2                	mv	a1,s4
10002f10:	02000513          	li	a0,32
10002f14:	9482                	jalr	s1
10002f16:	ffa919e3          	bne	s2,s10,10002f08 <_vsnprintf+0x50e>
10002f1a:	5922                	lw	s2,40(sp)
10002f1c:	b681                	j	10002a5c <_vsnprintf+0x62>
10002f1e:	05800793          	li	a5,88
10002f22:	02f50163          	beq	a0,a5,10002f44 <_vsnprintf+0x54a>
10002f26:	06200793          	li	a5,98
10002f2a:	4ef51f63          	bne	a0,a5,10003428 <_vsnprintf+0xa2e>
10002f2e:	4609                	li	a2,2
10002f30:	8c32                	mv	s8,a2
10002f32:	dc02                	sw	zero,56(sp)
10002f34:	bf99                	j	10002e8a <_vsnprintf+0x490>
10002f36:	002cc503          	lbu	a0,2(s9)
10002f3a:	0c06e693          	ori	a3,a3,192
10002f3e:	003c8713          	addi	a4,s9,3
10002f42:	b66d                	j	10002aec <_vsnprintf+0xf2>
10002f44:	4641                	li	a2,16
10002f46:	0206e693          	ori	a3,a3,32
10002f4a:	8c32                	mv	s8,a2
10002f4c:	dc02                	sw	zero,56(sp)
10002f4e:	bf35                	j	10002e8a <_vsnprintf+0x490>
10002f50:	4785                	li	a5,1
10002f52:	05b7fe63          	bgeu	a5,s11,10002fae <_vsnprintf+0x5b4>
10002f56:	fffd0c13          	addi	s8,s10,-1
10002f5a:	01bc07b3          	add	a5,s8,s11
10002f5e:	ce3e                	sw	a5,28(sp)
10002f60:	8c6a                	mv	s8,s10
10002f62:	8662                	mv	a2,s8
10002f64:	86ce                	mv	a3,s3
10002f66:	85d2                	mv	a1,s4
10002f68:	02000513          	li	a0,32
10002f6c:	9482                	jalr	s1
10002f6e:	47f2                	lw	a5,28(sp)
10002f70:	0c05                	addi	s8,s8,1
10002f72:	fefc18e3          	bne	s8,a5,10002f62 <_vsnprintf+0x568>
10002f76:	00094503          	lbu	a0,0(s2)
10002f7a:	8662                	mv	a2,s8
10002f7c:	86ce                	mv	a3,s3
10002f7e:	85d2                	mv	a1,s4
10002f80:	9482                	jalr	s1
10002f82:	9d6e                	add	s10,s10,s11
10002f84:	5902                	lw	s2,32(sp)
10002f86:	bcd9                	j	10002a5c <_vsnprintf+0x62>
10002f88:	4641                	li	a2,16
10002f8a:	8c32                	mv	s8,a2
10002f8c:	dc02                	sw	zero,56(sp)
10002f8e:	bdf5                	j	10002e8a <_vsnprintf+0x490>
10002f90:	00094603          	lbu	a2,0(s2)
10002f94:	bf05                	j	10002ec4 <_vsnprintf+0x4ca>
10002f96:	4006f793          	andi	a5,a3,1024
10002f9a:	d23e                	sw	a5,36(sp)
10002f9c:	dbb1                	beqz	a5,10002ef0 <_vsnprintf+0x4f6>
10002f9e:	0026f793          	andi	a5,a3,2
10002fa2:	d23e                	sw	a5,36(sp)
10002fa4:	46078263          	beqz	a5,10003408 <_vsnprintf+0xa0e>
10002fa8:	896a                	mv	s2,s10
10002faa:	d202                	sw	zero,36(sp)
10002fac:	bf81                	j	10002efc <_vsnprintf+0x502>
10002fae:	00094503          	lbu	a0,0(s2)
10002fb2:	866a                	mv	a2,s10
10002fb4:	86ce                	mv	a3,s3
10002fb6:	85d2                	mv	a1,s4
10002fb8:	9482                	jalr	s1
10002fba:	5902                	lw	s2,32(sp)
10002fbc:	8d62                	mv	s10,s8
10002fbe:	bc79                	j	10002a5c <_vsnprintf+0x62>
10002fc0:	091d                	addi	s2,s2,7
10002fc2:	ff897913          	andi	s2,s2,-8
10002fc6:	00092e03          	lw	t3,0(s2)
10002fca:	00492e83          	lw	t4,4(s2)
10002fce:	0921                	addi	s2,s2,8
10002fd0:	01de67b3          	or	a5,t3,t4
10002fd4:	22079963          	bnez	a5,10003206 <_vsnprintf+0x80c>
10002fd8:	fef37313          	andi	t1,t1,-17
10002fdc:	220f0563          	beqz	t5,10003206 <_vsnprintf+0x80c>
10002fe0:	4781                	li	a5,0
10002fe2:	0098                	addi	a4,sp,64
10002fe4:	c41a                	sw	t1,8(sp)
10002fe6:	c26e                	sw	s11,4(sp)
10002fe8:	c042                	sw	a6,0(sp)
10002fea:	88e2                	mv	a7,s8
10002fec:	866a                	mv	a2,s10
10002fee:	b115                	j	10002c12 <_vsnprintf+0x218>
10002ff0:	48535713          	bexti	a4,t1,0x5
10002ff4:	06100e13          	li	t3,97
10002ff8:	c319                	beqz	a4,10002ffe <_vsnprintf+0x604>
10002ffa:	04100e13          	li	t3,65
10002ffe:	1e59                	addi	t3,t3,-10
10003000:	0098                	addi	a4,sp,64
10003002:	45a5                	li	a1,9
10003004:	038676b3          	remu	a3,a2,s8
10003008:	0785                	addi	a5,a5,1
1000300a:	02d5e563          	bltu	a1,a3,10003034 <_vsnprintf+0x63a>
1000300e:	03068693          	addi	a3,a3,48
10003012:	00f70533          	add	a0,a4,a5
10003016:	fed50fa3          	sb	a3,-1(a0)
1000301a:	fe078693          	addi	a3,a5,-32
1000301e:	ea068be3          	beqz	a3,10002ed4 <_vsnprintf+0x4da>
10003022:	eb8669e3          	bltu	a2,s8,10002ed4 <_vsnprintf+0x4da>
10003026:	03865633          	divu	a2,a2,s8
1000302a:	0785                	addi	a5,a5,1
1000302c:	038676b3          	remu	a3,a2,s8
10003030:	fcd5ffe3          	bgeu	a1,a3,1000300e <_vsnprintf+0x614>
10003034:	96f2                	add	a3,a3,t3
10003036:	00f70533          	add	a0,a4,a5
1000303a:	fed50fa3          	sb	a3,-1(a0)
1000303e:	fe078693          	addi	a3,a5,-32
10003042:	e80689e3          	beqz	a3,10002ed4 <_vsnprintf+0x4da>
10003046:	01063693          	sltiu	a3,a2,16
1000304a:	e80695e3          	bnez	a3,10002ed4 <_vsnprintf+0x4da>
1000304e:	8211                	srli	a2,a2,0x4
10003050:	bf55                	j	10003004 <_vsnprintf+0x60a>
10003052:	5792                	lw	a5,36(sp)
10003054:	3db7f263          	bgeu	a5,s11,10003418 <_vsnprintf+0xa1e>
10003058:	40000793          	li	a5,1024
1000305c:	d03e                	sw	a5,32(sp)
1000305e:	5792                	lw	a5,36(sp)
10003060:	01ad8933          	add	s2,s11,s10
10003064:	40f90933          	sub	s2,s2,a5
10003068:	ce42                	sw	a6,28(sp)
1000306a:	866a                	mv	a2,s10
1000306c:	86ce                	mv	a3,s3
1000306e:	85d2                	mv	a1,s4
10003070:	02000513          	li	a0,32
10003074:	9482                	jalr	s1
10003076:	0d05                	addi	s10,s10,1
10003078:	4872                	lw	a6,28(sp)
1000307a:	ff2d17e3          	bne	s10,s2,10003068 <_vsnprintf+0x66e>
1000307e:	000c4503          	lbu	a0,0(s8)
10003082:	de050ce3          	beqz	a0,10002e7a <_vsnprintf+0x480>
10003086:	001d8793          	addi	a5,s11,1
1000308a:	d23e                	sw	a5,36(sp)
1000308c:	5782                	lw	a5,32(sp)
1000308e:	dc0788e3          	beqz	a5,10002e5e <_vsnprintf+0x464>
10003092:	d002                	sw	zero,32(sp)
10003094:	b139                	j	10002ca2 <_vsnprintf+0x2a8>
10003096:	5792                	lw	a5,36(sp)
10003098:	fdb7e3e3          	bltu	a5,s11,1000305e <_vsnprintf+0x664>
1000309c:	0785                	addi	a5,a5,1
1000309e:	d23e                	sw	a5,36(sp)
100030a0:	bb7d                	j	10002e5e <_vsnprintf+0x464>
100030a2:	06900793          	li	a5,105
100030a6:	fef6f313          	andi	t1,a3,-17
100030aa:	36f51a63          	bne	a0,a5,1000341e <_vsnprintf+0xa24>
100030ae:	4006ff13          	andi	t5,a3,1024
100030b2:	000f0463          	beqz	t5,100030ba <_vsnprintf+0x6c0>
100030b6:	fee6f313          	andi	t1,a3,-18
100030ba:	c589                	beqz	a1,100030c4 <_vsnprintf+0x6ca>
100030bc:	f9c50513          	addi	a0,a0,-100
100030c0:	30051c63          	bnez	a0,100033d8 <_vsnprintf+0x9de>
100030c4:	20037593          	andi	a1,t1,512
100030c8:	e9b5                	bnez	a1,1000313c <_vsnprintf+0x742>
100030ca:	10037793          	andi	a5,t1,256
100030ce:	00490c13          	addi	s8,s2,4
100030d2:	22079063          	bnez	a5,100032f2 <_vsnprintf+0x8f8>
100030d6:	04037713          	andi	a4,t1,64
100030da:	1e070f63          	beqz	a4,100032d8 <_vsnprintf+0x8de>
100030de:	00094703          	lbu	a4,0(s2)
100030e2:	86ba                	mv	a3,a4
100030e4:	01f75893          	srli	a7,a4,0x1f
100030e8:	1c070e63          	beqz	a4,100032c4 <_vsnprintf+0x8ca>
100030ec:	ccccdeb7          	lui	t4,0xccccd
100030f0:	ccde8e93          	addi	t4,t4,-819 # cccccccd <__StackTop+0xacc4accd>
100030f4:	0098                	addi	a4,sp,64
100030f6:	a021                	j	100030fe <_vsnprintf+0x704>
100030f8:	fe078613          	addi	a2,a5,-32
100030fc:	c21d                	beqz	a2,10003122 <_vsnprintf+0x728>
100030fe:	03d6b633          	mulhu	a2,a3,t4
10003102:	0785                	addi	a5,a5,1
10003104:	00a6b593          	sltiu	a1,a3,10
10003108:	00f70e33          	add	t3,a4,a5
1000310c:	820d                	srli	a2,a2,0x3
1000310e:	20c64533          	sh2add	a0,a2,a2
10003112:	0506                	slli	a0,a0,0x1
10003114:	8e89                	sub	a3,a3,a0
10003116:	03068693          	addi	a3,a3,48
1000311a:	fede0fa3          	sb	a3,-1(t3)
1000311e:	86b2                	mv	a3,a2
10003120:	dde1                	beqz	a1,100030f8 <_vsnprintf+0x6fe>
10003122:	c042                	sw	a6,0(sp)
10003124:	c41a                	sw	t1,8(sp)
10003126:	c26e                	sw	s11,4(sp)
10003128:	8846                	mv	a6,a7
1000312a:	866a                	mv	a2,s10
1000312c:	48a9                	li	a7,10
1000312e:	86ce                	mv	a3,s3
10003130:	acf2                	cm.mva01s	s1,s4
10003132:	bbbfe0ef          	jal	10001cec <_ntoa_format>
10003136:	8962                	mv	s2,s8
10003138:	8d2a                	mv	s10,a0
1000313a:	b20d                	j	10002a5c <_vsnprintf+0x62>
1000313c:	091d                	addi	s2,s2,7
1000313e:	ff897913          	andi	s2,s2,-8
10003142:	00492383          	lw	t2,4(s2)
10003146:	00092583          	lw	a1,0(s2)
1000314a:	0921                	addi	s2,s2,8
1000314c:	01f3df93          	srli	t6,t2,0x1f
10003150:	0075e7b3          	or	a5,a1,t2
10003154:	26078863          	beqz	a5,100033c4 <_vsnprintf+0x9ca>
10003158:	41f3d793          	srai	a5,t2,0x1f
1000315c:	8dbd                	xor	a1,a1,a5
1000315e:	40f58733          	sub	a4,a1,a5
10003162:	0077c3b3          	xor	t2,a5,t2
10003166:	40f387b3          	sub	a5,t2,a5
1000316a:	ccccd537          	lui	a0,0xccccd
1000316e:	00e5b3b3          	sltu	t2,a1,a4
10003172:	ccccdf37          	lui	t5,0xccccd
10003176:	407783b3          	sub	t2,a5,t2
1000317a:	85ba                	mv	a1,a4
1000317c:	ccd50513          	addi	a0,a0,-819 # cccccccd <__StackTop+0xacc4accd>
10003180:	cccf0f13          	addi	t5,t5,-820 # cccccccc <__StackTop+0xacc4accc>
10003184:	4781                	li	a5,0
10003186:	0098                	addi	a4,sp,64
10003188:	42a5                	li	t0,9
1000318a:	007586b3          	add	a3,a1,t2
1000318e:	00b6b633          	sltu	a2,a3,a1
10003192:	96b2                	add	a3,a3,a2
10003194:	02a6b633          	mulhu	a2,a3,a0
10003198:	889e                	mv	a7,t2
1000319a:	0785                	addi	a5,a5,1
1000319c:	00f70e33          	add	t3,a4,a5
100031a0:	8eae                	mv	t4,a1
100031a2:	00265c13          	srli	s8,a2,0x2
100031a6:	9a71                	andi	a2,a2,-4
100031a8:	9662                	add	a2,a2,s8
100031aa:	8e91                	sub	a3,a3,a2
100031ac:	40d586b3          	sub	a3,a1,a3
100031b0:	00d5b633          	sltu	a2,a1,a3
100031b4:	40c38633          	sub	a2,t2,a2
100031b8:	9e49                	mul	a2,a2,a0
100031ba:	03e683b3          	mul	t2,a3,t5
100031be:	961e                	add	a2,a2,t2
100031c0:	02a6b3b3          	mulhu	t2,a3,a0
100031c4:	9ec9                	mul	a3,a3,a0
100031c6:	961e                	add	a2,a2,t2
100031c8:	01f61c13          	slli	s8,a2,0x1f
100031cc:	00165393          	srli	t2,a2,0x1
100031d0:	8285                	srli	a3,a3,0x1
100031d2:	96e2                	add	a3,a3,s8
100031d4:	20d6c633          	sh2add	a2,a3,a3
100031d8:	0606                	slli	a2,a2,0x1
100031da:	40c58633          	sub	a2,a1,a2
100031de:	03060613          	addi	a2,a2,48
100031e2:	fece0fa3          	sb	a2,-1(t3)
100031e6:	85b6                	mv	a1,a3
100031e8:	00089b63          	bnez	a7,100031fe <_vsnprintf+0x804>
100031ec:	01d2e963          	bltu	t0,t4,100031fe <_vsnprintf+0x804>
100031f0:	c042                	sw	a6,0(sp)
100031f2:	c41a                	sw	t1,8(sp)
100031f4:	c26e                	sw	s11,4(sp)
100031f6:	887e                	mv	a6,t6
100031f8:	866a                	mv	a2,s10
100031fa:	48a9                	li	a7,10
100031fc:	bc21                	j	10002c14 <_vsnprintf+0x21a>
100031fe:	fe078693          	addi	a3,a5,-32
10003202:	f6c1                	bnez	a3,1000318a <_vsnprintf+0x790>
10003204:	b7f5                	j	100031f0 <_vsnprintf+0x7f6>
10003206:	48535793          	bexti	a5,t1,0x5
1000320a:	06100713          	li	a4,97
1000320e:	c399                	beqz	a5,10003214 <_vsnprintf+0x81a>
10003210:	04100713          	li	a4,65
10003214:	ff670793          	addi	a5,a4,-10
10003218:	de3e                	sw	a5,60(sp)
1000321a:	0098                	addi	a4,sp,64
1000321c:	4781                	li	a5,0
1000321e:	4681                	li	a3,0
10003220:	8572                	mv	a0,t3
10003222:	85f6                	mv	a1,t4
10003224:	da3a                	sw	a4,52(sp)
10003226:	d81a                	sw	t1,48(sp)
10003228:	d63e                	sw	a5,44(sp)
1000322a:	d442                	sw	a6,40(sp)
1000322c:	d232                	sw	a2,36(sp)
1000322e:	d072                	sw	t3,32(sp)
10003230:	ce76                	sw	t4,28(sp)
10003232:	0fffe097          	auipc	ra,0xfffe
10003236:	ec6080e7          	jalr	-314(ra) # 200010f8 <__umoddi3>
1000323a:	57b2                	lw	a5,44(sp)
1000323c:	0ff57693          	zext.b	a3,a0
10003240:	45a5                	li	a1,9
10003242:	4ef2                	lw	t4,28(sp)
10003244:	5e02                	lw	t3,32(sp)
10003246:	5612                	lw	a2,36(sp)
10003248:	5822                	lw	a6,40(sp)
1000324a:	5342                	lw	t1,48(sp)
1000324c:	5752                	lw	a4,52(sp)
1000324e:	0785                	addi	a5,a5,1
10003250:	04d5e363          	bltu	a1,a3,10003296 <_vsnprintf+0x89c>
10003254:	03068693          	addi	a3,a3,48
10003258:	00f705b3          	add	a1,a4,a5
1000325c:	fed58fa3          	sb	a3,-1(a1)
10003260:	fe078693          	addi	a3,a5,-32
10003264:	d80680e3          	beqz	a3,10002fe4 <_vsnprintf+0x5ea>
10003268:	56e2                	lw	a3,56(sp)
1000326a:	15d68a63          	beq	a3,t4,100033be <_vsnprintf+0x9c4>
1000326e:	8572                	mv	a0,t3
10003270:	85f6                	mv	a1,t4
10003272:	4681                	li	a3,0
10003274:	d63a                	sw	a4,44(sp)
10003276:	d41a                	sw	t1,40(sp)
10003278:	d23e                	sw	a5,36(sp)
1000327a:	d042                	sw	a6,32(sp)
1000327c:	ce32                	sw	a2,28(sp)
1000327e:	0fffe097          	auipc	ra,0xfffe
10003282:	ba4080e7          	jalr	-1116(ra) # 20000e22 <__udivdi3>
10003286:	4672                	lw	a2,28(sp)
10003288:	5802                	lw	a6,32(sp)
1000328a:	5792                	lw	a5,36(sp)
1000328c:	5322                	lw	t1,40(sp)
1000328e:	5732                	lw	a4,44(sp)
10003290:	8e2a                	mv	t3,a0
10003292:	8eae                	mv	t4,a1
10003294:	b769                	j	1000321e <_vsnprintf+0x824>
10003296:	55f2                	lw	a1,60(sp)
10003298:	96ae                	add	a3,a3,a1
1000329a:	00f705b3          	add	a1,a4,a5
1000329e:	fed58fa3          	sb	a3,-1(a1)
100032a2:	000e9563          	bnez	t4,100032ac <_vsnprintf+0x8b2>
100032a6:	46bd                	li	a3,15
100032a8:	d3c6fee3          	bgeu	a3,t3,10002fe4 <_vsnprintf+0x5ea>
100032ac:	fe078693          	addi	a3,a5,-32
100032b0:	d2068ae3          	beqz	a3,10002fe4 <_vsnprintf+0x5ea>
100032b4:	01ce9693          	slli	a3,t4,0x1c
100032b8:	004e5e13          	srli	t3,t3,0x4
100032bc:	9e36                	add	t3,t3,a3
100032be:	004ede93          	srli	t4,t4,0x4
100032c2:	bfb1                	j	1000321e <_vsnprintf+0x824>
100032c4:	0098                	addi	a4,sp,64
100032c6:	e40f1ee3          	bnez	t5,10003122 <_vsnprintf+0x728>
100032ca:	03000793          	li	a5,48
100032ce:	04f10023          	sb	a5,64(sp)
100032d2:	0098                	addi	a4,sp,64
100032d4:	4785                	li	a5,1
100032d6:	b5b1                	j	10003122 <_vsnprintf+0x728>
100032d8:	08037713          	andi	a4,t1,128
100032dc:	10070263          	beqz	a4,100033e0 <_vsnprintf+0x9e6>
100032e0:	00091703          	lh	a4,0(s2)
100032e4:	40f75613          	srai	a2,a4,0xf
100032e8:	00c746b3          	xor	a3,a4,a2
100032ec:	8e91                	sub	a3,a3,a2
100032ee:	9ee9                	zext.h	a3,a3
100032f0:	bbd5                	j	100030e4 <_vsnprintf+0x6ea>
100032f2:	00092683          	lw	a3,0(s2)
100032f6:	01f6d893          	srli	a7,a3,0x1f
100032fa:	ceed                	beqz	a3,100033f4 <_vsnprintf+0x9fa>
100032fc:	40d007b3          	neg	a5,a3
10003300:	ccccdeb7          	lui	t4,0xccccd
10003304:	0af6e6b3          	max	a3,a3,a5
10003308:	ccde8e93          	addi	t4,t4,-819 # cccccccd <__StackTop+0xacc4accd>
1000330c:	0098                	addi	a4,sp,64
1000330e:	03d6b633          	mulhu	a2,a3,t4
10003312:	0585                	addi	a1,a1,1
10003314:	00a6b793          	sltiu	a5,a3,10
10003318:	00b70e33          	add	t3,a4,a1
1000331c:	820d                	srli	a2,a2,0x3
1000331e:	20c64533          	sh2add	a0,a2,a2
10003322:	0506                	slli	a0,a0,0x1
10003324:	8e89                	sub	a3,a3,a0
10003326:	03068693          	addi	a3,a3,48
1000332a:	fede0fa3          	sb	a3,-1(t3)
1000332e:	86b2                	mv	a3,a2
10003330:	e781                	bnez	a5,10003338 <_vsnprintf+0x93e>
10003332:	fe058793          	addi	a5,a1,-32
10003336:	ffe1                	bnez	a5,1000330e <_vsnprintf+0x914>
10003338:	c042                	sw	a6,0(sp)
1000333a:	c41a                	sw	t1,8(sp)
1000333c:	c26e                	sw	s11,4(sp)
1000333e:	8846                	mv	a6,a7
10003340:	87ae                	mv	a5,a1
10003342:	b3e5                	j	1000312a <_vsnprintf+0x730>
10003344:	00092603          	lw	a2,0(s2)
10003348:	e611                	bnez	a2,10003354 <_vsnprintf+0x95a>
1000334a:	fef37313          	andi	t1,t1,-17
1000334e:	0098                	addi	a4,sp,64
10003350:	060f1063          	bnez	t5,100033b0 <_vsnprintf+0x9b6>
10003354:	48535793          	bexti	a5,t1,0x5
10003358:	06100e13          	li	t3,97
1000335c:	c399                	beqz	a5,10003362 <_vsnprintf+0x968>
1000335e:	04100e13          	li	t3,65
10003362:	1e59                	addi	t3,t3,-10
10003364:	0098                	addi	a4,sp,64
10003366:	45a5                	li	a1,9
10003368:	038677b3          	remu	a5,a2,s8
1000336c:	0685                	addi	a3,a3,1
1000336e:	02f5e463          	bltu	a1,a5,10003396 <_vsnprintf+0x99c>
10003372:	03078793          	addi	a5,a5,48
10003376:	00d70533          	add	a0,a4,a3
1000337a:	fef50fa3          	sb	a5,-1(a0)
1000337e:	fe068793          	addi	a5,a3,-32
10003382:	c79d                	beqz	a5,100033b0 <_vsnprintf+0x9b6>
10003384:	03866663          	bltu	a2,s8,100033b0 <_vsnprintf+0x9b6>
10003388:	03865633          	divu	a2,a2,s8
1000338c:	0685                	addi	a3,a3,1
1000338e:	038677b3          	remu	a5,a2,s8
10003392:	fef5f0e3          	bgeu	a1,a5,10003372 <_vsnprintf+0x978>
10003396:	97f2                	add	a5,a5,t3
10003398:	00d70533          	add	a0,a4,a3
1000339c:	fef50fa3          	sb	a5,-1(a0)
100033a0:	01063793          	sltiu	a5,a2,16
100033a4:	e791                	bnez	a5,100033b0 <_vsnprintf+0x9b6>
100033a6:	fe068793          	addi	a5,a3,-32
100033aa:	c399                	beqz	a5,100033b0 <_vsnprintf+0x9b6>
100033ac:	8211                	srli	a2,a2,0x4
100033ae:	bf6d                	j	10003368 <_vsnprintf+0x96e>
100033b0:	ce76                	sw	t4,28(sp)
100033b2:	c41a                	sw	t1,8(sp)
100033b4:	c26e                	sw	s11,4(sp)
100033b6:	c042                	sw	a6,0(sp)
100033b8:	88e2                	mv	a7,s8
100033ba:	87b6                	mv	a5,a3
100033bc:	b60d                	j	10002ede <_vsnprintf+0x4e4>
100033be:	c2ce63e3          	bltu	t3,a2,10002fe4 <_vsnprintf+0x5ea>
100033c2:	b575                	j	1000326e <_vsnprintf+0x874>
100033c4:	0098                	addi	a4,sp,64
100033c6:	e20f15e3          	bnez	t5,100031f0 <_vsnprintf+0x7f6>
100033ca:	03000793          	li	a5,48
100033ce:	04f10023          	sb	a5,64(sp)
100033d2:	0098                	addi	a4,sp,64
100033d4:	4785                	li	a5,1
100033d6:	bd29                	j	100031f0 <_vsnprintf+0x7f6>
100033d8:	4629                	li	a2,10
100033da:	8c32                	mv	s8,a2
100033dc:	dc02                	sw	zero,56(sp)
100033de:	b4c1                	j	10002e9e <_vsnprintf+0x4a4>
100033e0:	00092703          	lw	a4,0(s2)
100033e4:	40e006b3          	neg	a3,a4
100033e8:	0ad766b3          	max	a3,a4,a3
100033ec:	b9e5                	j	100030e4 <_vsnprintf+0x6ea>
100033ee:	00092603          	lw	a2,0(s2)
100033f2:	bcc9                	j	10002ec4 <_vsnprintf+0x4ca>
100033f4:	0098                	addi	a4,sp,64
100033f6:	f40f11e3          	bnez	t5,10003338 <_vsnprintf+0x93e>
100033fa:	03000793          	li	a5,48
100033fe:	04f10023          	sb	a5,64(sp)
10003402:	0098                	addi	a4,sp,64
10003404:	4585                	li	a1,1
10003406:	bf0d                	j	10003338 <_vsnprintf+0x93e>
10003408:	40000793          	li	a5,1024
1000340c:	d03e                	sw	a5,32(sp)
1000340e:	c40d98e3          	bnez	s11,1000305e <_vsnprintf+0x664>
10003412:	5922                	lw	s2,40(sp)
10003414:	e48ff06f          	j	10002a5c <_vsnprintf+0x62>
10003418:	0785                	addi	a5,a5,1
1000341a:	d23e                	sw	a5,36(sp)
1000341c:	b059                	j	10002ca2 <_vsnprintf+0x2a8>
1000341e:	4629                	li	a2,10
10003420:	869a                	mv	a3,t1
10003422:	8c32                	mv	s8,a2
10003424:	dc02                	sw	zero,56(sp)
10003426:	b495                	j	10002e8a <_vsnprintf+0x490>
10003428:	fef6f313          	andi	t1,a3,-17
1000342c:	f9750593          	addi	a1,a0,-105
10003430:	b9bd                	j	100030ae <_vsnprintf+0x6b4>

10003432 <vfctprintf>:
10003432:	1101                	addi	sp,sp,-32
10003434:	100028b7          	lui	a7,0x10002
10003438:	87ae                	mv	a5,a1
1000343a:	c42a                	sw	a0,8(sp)
1000343c:	8736                	mv	a4,a3
1000343e:	002c                	addi	a1,sp,8
10003440:	86b2                	mv	a3,a2
10003442:	efa88513          	addi	a0,a7,-262 # 10001efa <_out_fct>
10003446:	567d                	li	a2,-1
10003448:	ce06                	sw	ra,28(sp)
1000344a:	c63e                	sw	a5,12(sp)
1000344c:	daeff0ef          	jal	100029fa <_vsnprintf>
10003450:	40f2                	lw	ra,28(sp)
10003452:	6105                	addi	sp,sp,32
10003454:	8082                	ret

10003456 <weak_raw_vprintf>:
10003456:	82b1a783          	lw	a5,-2005(gp) # 20003a4c <lazy_vsnprintf>
1000345a:	1101                	addi	sp,sp,-32
1000345c:	ce06                	sw	ra,28(sp)
1000345e:	cf91                	beqz	a5,1000347a <weak_raw_vprintf+0x24>
10003460:	86aa                	mv	a3,a0
10003462:	10002537          	lui	a0,0x10002
10003466:	872e                	mv	a4,a1
10003468:	ef250513          	addi	a0,a0,-270 # 10001ef2 <_out_char>
1000346c:	006c                	addi	a1,sp,12
1000346e:	567d                	li	a2,-1
10003470:	9782                	jalr	a5
10003472:	40f2                	lw	ra,28(sp)
10003474:	4505                	li	a0,1
10003476:	6105                	addi	sp,sp,32
10003478:	8082                	ret
1000347a:	2e85                	jal	100037ea <__wrap_puts>
1000347c:	40f2                	lw	ra,28(sp)
1000347e:	4501                	li	a0,0
10003480:	6105                	addi	sp,sp,32
10003482:	8082                	ret

10003484 <runtime_init_per_core_h3_irq_registers>:
10003484:	450d                	li	a0,3
10003486:	be251073          	csrw	0xbe2,a0
1000348a:	157d                	addi	a0,a0,-1
1000348c:	fe055de3          	bgez	a0,10003486 <runtime_init_per_core_h3_irq_registers+0x2>
10003490:	6505                	lui	a0,0x1
10003492:	80050513          	addi	a0,a0,-2048 # 800 <HeapSize>
10003496:	30451073          	csrw	mie,a0
1000349a:	30046073          	csrsi	mstatus,8
1000349e:	34001073          	csrw	mscratch,zero
100034a2:	8082                	ret

100034a4 <_exit>:
100034a4:	9002                	ebreak
100034a6:	bffd                	j	100034a4 <_exit>

100034a8 <exit>:
100034a8:	1141                	addi	sp,sp,-16
100034aa:	c606                	sw	ra,12(sp)
100034ac:	3fe5                	jal	100034a4 <_exit>

100034ae <runtime_init>:
100034ae:	1141                	addi	sp,sp,-16
100034b0:	c422                	sw	s0,8(sp)
100034b2:	c226                	sw	s1,4(sp)
100034b4:	10007437          	lui	s0,0x10007
100034b8:	100074b7          	lui	s1,0x10007
100034bc:	93040413          	addi	s0,s0,-1744 # 10006930 <__init_array_start>
100034c0:	93848493          	addi	s1,s1,-1736 # 10006938 <__EH_FRAME_BEGIN__>
100034c4:	c606                	sw	ra,12(sp)
100034c6:	db8fe0ef          	jal	10001a7e <runtime_run_initializers>
100034ca:	00947763          	bgeu	s0,s1,100034d8 <runtime_init+0x2a>
100034ce:	401c                	lw	a5,0(s0)
100034d0:	0411                	addi	s0,s0,4
100034d2:	9782                	jalr	a5
100034d4:	fe946de3          	bltu	s0,s1,100034ce <runtime_init+0x20>
100034d8:	40b2                	lw	ra,12(sp)
100034da:	4422                	lw	s0,8(sp)
100034dc:	4492                	lw	s1,4(sp)
100034de:	0141                	addi	sp,sp,16
100034e0:	8082                	ret

100034e2 <stdio_out_chars_no_crlf>:
100034e2:	411c                	lw	a5,0(a0)
100034e4:	852e                	mv	a0,a1
100034e6:	85b2                	mv	a1,a2
100034e8:	8782                	jr	a5

100034ea <stdio_out_chars_crlf>:
100034ea:	01554783          	lbu	a5,21(a0)
100034ee:	1101                	addi	sp,sp,-32
100034f0:	c84a                	sw	s2,16(sp)
100034f2:	ce06                	sw	ra,28(sp)
100034f4:	892e                	mv	s2,a1
100034f6:	c3d1                	beqz	a5,1000357a <stdio_out_chars_crlf+0x90>
100034f8:	06c05263          	blez	a2,1000355c <stdio_out_chars_crlf+0x72>
100034fc:	cc22                	sw	s0,24(sp)
100034fe:	ca26                	sw	s1,20(sp)
10003500:	819c                	lbu	a5,0(a1)
10003502:	8432                	mv	s0,a2
10003504:	84aa                	mv	s1,a0
10003506:	17d9                	addi	a5,a5,-10
10003508:	e781                	bnez	a5,10003510 <stdio_out_chars_crlf+0x26>
1000350a:	01454783          	lbu	a5,20(a0)
1000350e:	cbb9                	beqz	a5,10003564 <stdio_out_chars_crlf+0x7a>
10003510:	4785                	li	a5,1
10003512:	4601                	li	a2,0
10003514:	02f40363          	beq	s0,a5,1000353a <stdio_out_chars_crlf+0x50>
10003518:	00190693          	addi	a3,s2,1
1000351c:	4785                	li	a5,1
1000351e:	8298                	lbu	a4,0(a3)
10003520:	883e                	mv	a6,a5
10003522:	0785                	addi	a5,a5,1
10003524:	1759                	addi	a4,a4,-10
10003526:	e709                	bnez	a4,10003530 <stdio_out_chars_crlf+0x46>
10003528:	fff6c703          	lbu	a4,-1(a3)
1000352c:	174d                	addi	a4,a4,-13
1000352e:	ef29                	bnez	a4,10003588 <stdio_out_chars_crlf+0x9e>
10003530:	0685                	addi	a3,a3,1
10003532:	fef416e3          	bne	s0,a5,1000351e <stdio_out_chars_crlf+0x34>
10003536:	00865863          	bge	a2,s0,10003546 <stdio_out_chars_crlf+0x5c>
1000353a:	409c                	lw	a5,0(s1)
1000353c:	40c405b3          	sub	a1,s0,a2
10003540:	00c90533          	add	a0,s2,a2
10003544:	9782                	jalr	a5
10003546:	008905b3          	add	a1,s2,s0
1000354a:	fff5c783          	lbu	a5,-1(a1)
1000354e:	4462                	lw	s0,24(sp)
10003550:	17cd                	addi	a5,a5,-13
10003552:	0017b793          	seqz	a5,a5
10003556:	00f48a23          	sb	a5,20(s1)
1000355a:	44d2                	lw	s1,20(sp)
1000355c:	40f2                	lw	ra,28(sp)
1000355e:	4942                	lw	s2,16(sp)
10003560:	6105                	addi	sp,sp,32
10003562:	8082                	ret
10003564:	411c                	lw	a5,0(a0)
10003566:	10007537          	lui	a0,0x10007
1000356a:	00850513          	addi	a0,a0,8 # 10007008 <crlf_str.0>
1000356e:	4589                	li	a1,2
10003570:	9782                	jalr	a5
10003572:	4605                	li	a2,1
10003574:	fac412e3          	bne	s0,a2,10003518 <stdio_out_chars_crlf+0x2e>
10003578:	b7f9                	j	10003546 <stdio_out_chars_crlf+0x5c>
1000357a:	411c                	lw	a5,0(a0)
1000357c:	40f2                	lw	ra,28(sp)
1000357e:	854a                	mv	a0,s2
10003580:	4942                	lw	s2,16(sp)
10003582:	85b2                	mv	a1,a2
10003584:	6105                	addi	sp,sp,32
10003586:	8782                	jr	a5
10003588:	40c805b3          	sub	a1,a6,a2
1000358c:	00c90533          	add	a0,s2,a2
10003590:	01065863          	bge	a2,a6,100035a0 <stdio_out_chars_crlf+0xb6>
10003594:	4098                	lw	a4,0(s1)
10003596:	c636                	sw	a3,12(sp)
10003598:	c43e                	sw	a5,8(sp)
1000359a:	9702                	jalr	a4
1000359c:	46b2                	lw	a3,12(sp)
1000359e:	47a2                	lw	a5,8(sp)
100035a0:	4098                	lw	a4,0(s1)
100035a2:	10007537          	lui	a0,0x10007
100035a6:	00850513          	addi	a0,a0,8 # 10007008 <crlf_str.0>
100035aa:	4589                	li	a1,2
100035ac:	c636                	sw	a3,12(sp)
100035ae:	c43e                	sw	a5,8(sp)
100035b0:	9702                	jalr	a4
100035b2:	47a2                	lw	a5,8(sp)
100035b4:	46b2                	lw	a3,12(sp)
100035b6:	863e                	mv	a2,a5
100035b8:	bfa5                	j	10003530 <stdio_out_chars_crlf+0x46>

100035ba <stdio_buffered_printer>:
100035ba:	419c                	lw	a5,0(a1)
100035bc:	08000693          	li	a3,128
100035c0:	872e                	mv	a4,a1
100035c2:	882a                	mv	a6,a0
100035c4:	00d78a63          	beq	a5,a3,100035d8 <stdio_buffered_printer+0x1e>
100035c8:	00178693          	addi	a3,a5,1
100035cc:	c194                	sw	a3,0(a1)
100035ce:	00f58733          	add	a4,a1,a5
100035d2:	00a70223          	sb	a0,4(a4)
100035d6:	8082                	ret
100035d8:	8331a783          	lw	a5,-1997(gp) # 20003a54 <drivers>
100035dc:	1101                	addi	sp,sp,-32
100035de:	cc22                	sw	s0,24(sp)
100035e0:	ce06                	sw	ra,28(sp)
100035e2:	00458413          	addi	s0,a1,4
100035e6:	ef91                	bnez	a5,10003602 <stdio_buffered_printer+0x48>
100035e8:	4685                	li	a3,1
100035ea:	4781                	li	a5,0
100035ec:	c314                	sw	a3,0(a4)
100035ee:	973e                	add	a4,a4,a5
100035f0:	01070223          	sb	a6,4(a4)
100035f4:	40f2                	lw	ra,28(sp)
100035f6:	4462                	lw	s0,24(sp)
100035f8:	6105                	addi	sp,sp,32
100035fa:	8082                	ret
100035fc:	ca99                	beqz	a3,10003612 <stdio_buffered_printer+0x58>
100035fe:	4b9c                	lw	a5,16(a5)
10003600:	d7e5                	beqz	a5,100035e8 <stdio_buffered_printer+0x2e>
10003602:	4394                	lw	a3,0(a5)
10003604:	85a2                	mv	a1,s0
10003606:	853e                	mv	a0,a5
10003608:	dafd                	beqz	a3,100035fe <stdio_buffered_printer+0x44>
1000360a:	82f1a683          	lw	a3,-2001(gp) # 20003a50 <filter>
1000360e:	fef697e3          	bne	a3,a5,100035fc <stdio_buffered_printer+0x42>
10003612:	4310                	lw	a2,0(a4)
10003614:	c642                	sw	a6,12(sp)
10003616:	c43e                	sw	a5,8(sp)
10003618:	c23a                	sw	a4,4(sp)
1000361a:	3dc1                	jal	100034ea <stdio_out_chars_crlf>
1000361c:	4832                	lw	a6,12(sp)
1000361e:	47a2                	lw	a5,8(sp)
10003620:	4712                	lw	a4,4(sp)
10003622:	bff1                	j	100035fe <stdio_buffered_printer+0x44>

10003624 <stdio_put_string>:
10003624:	7139                	addi	sp,sp,-64
10003626:	dc22                	sw	s0,56(sp)
10003628:	da26                	sw	s1,52(sp)
1000362a:	d84a                	sw	s2,48(sp)
1000362c:	d256                	sw	s5,36(sp)
1000362e:	de06                	sw	ra,60(sp)
10003630:	8ab2                	mv	s5,a2
10003632:	d64e                	sw	s3,44(sp)
10003634:	d452                	sw	s4,40(sp)
10003636:	ce5e                	sw	s7,28(sp)
10003638:	ad26                	cm.mvsa01	s2,s1
1000363a:	8436                	mv	s0,a3
1000363c:	fb3fd0ef          	jal	100015ee <time_us_64>
10003640:	000f47b7          	lui	a5,0xf4
10003644:	24078793          	addi	a5,a5,576 # f4240 <HeapSize+0xf3a40>
10003648:	97aa                	add	a5,a5,a0
1000364a:	00a7b633          	sltu	a2,a5,a0
1000364e:	80000737          	lui	a4,0x80000
10003652:	962e                	add	a2,a2,a1
10003654:	177d                	addi	a4,a4,-1 # 7fffffff <__StackTop+0x5ff7dfff>
10003656:	85be                	mv	a1,a5
10003658:	00c77463          	bgeu	a4,a2,10003660 <stdio_put_string+0x3c>
1000365c:	863a                	mv	a2,a4
1000365e:	55fd                	li	a1,-1
10003660:	20003a37          	lui	s4,0x20003
10003664:	e60a0513          	addi	a0,s4,-416 # 20002e60 <print_mutex>
10003668:	0fffd097          	auipc	ra,0xfffd
1000366c:	a80080e7          	jalr	-1408(ra) # 200000e8 <mutex_try_enter_block_until>
10003670:	57fd                	li	a5,-1
10003672:	8baa                	mv	s7,a0
10003674:	08f48f63          	beq	s1,a5,10003712 <stdio_put_string+0xee>
10003678:	c431                	beqz	s0,100036c4 <stdio_put_string+0xa0>
1000367a:	100039b7          	lui	s3,0x10003
1000367e:	4ea98993          	addi	s3,s3,1258 # 100034ea <stdio_out_chars_crlf>
10003682:	8331a403          	lw	s0,-1997(gp) # 20003a54 <drivers>
10003686:	c015                	beqz	s0,100036aa <stdio_put_string+0x86>
10003688:	040a9363          	bnez	s5,100036ce <stdio_put_string+0xaa>
1000368c:	a029                	j	10003696 <stdio_put_string+0x72>
1000368e:	00878b63          	beq	a5,s0,100036a4 <stdio_put_string+0x80>
10003692:	4800                	lw	s0,16(s0)
10003694:	c819                	beqz	s0,100036aa <stdio_put_string+0x86>
10003696:	401c                	lw	a5,0(s0)
10003698:	8626                	mv	a2,s1
1000369a:	ac6a                	cm.mva01s	s0,s2
1000369c:	dbfd                	beqz	a5,10003692 <stdio_put_string+0x6e>
1000369e:	82f1a783          	lw	a5,-2001(gp) # 20003a50 <filter>
100036a2:	f7f5                	bnez	a5,1000368e <stdio_put_string+0x6a>
100036a4:	9982                	jalr	s3
100036a6:	4800                	lw	s0,16(s0)
100036a8:	f47d                	bnez	s0,10003696 <stdio_put_string+0x72>
100036aa:	040b9d63          	bnez	s7,10003704 <stdio_put_string+0xe0>
100036ae:	50f2                	lw	ra,60(sp)
100036b0:	5462                	lw	s0,56(sp)
100036b2:	5942                	lw	s2,48(sp)
100036b4:	59b2                	lw	s3,44(sp)
100036b6:	5a22                	lw	s4,40(sp)
100036b8:	5a92                	lw	s5,36(sp)
100036ba:	4bf2                	lw	s7,28(sp)
100036bc:	8526                	mv	a0,s1
100036be:	54d2                	lw	s1,52(sp)
100036c0:	6121                	addi	sp,sp,64
100036c2:	8082                	ret
100036c4:	100039b7          	lui	s3,0x10003
100036c8:	4e298993          	addi	s3,s3,1250 # 100034e2 <stdio_out_chars_no_crlf>
100036cc:	bf5d                	j	10003682 <stdio_put_string+0x5e>
100036ce:	d05a                	sw	s6,32(sp)
100036d0:	4b29                	li	s6,10
100036d2:	a029                	j	100036dc <stdio_put_string+0xb8>
100036d4:	00878b63          	beq	a5,s0,100036ea <stdio_put_string+0xc6>
100036d8:	4800                	lw	s0,16(s0)
100036da:	c015                	beqz	s0,100036fe <stdio_put_string+0xda>
100036dc:	401c                	lw	a5,0(s0)
100036de:	8626                	mv	a2,s1
100036e0:	ac6a                	cm.mva01s	s0,s2
100036e2:	dbfd                	beqz	a5,100036d8 <stdio_put_string+0xb4>
100036e4:	82f1a783          	lw	a5,-2001(gp) # 20003a50 <filter>
100036e8:	f7f5                	bnez	a5,100036d4 <stdio_put_string+0xb0>
100036ea:	9982                	jalr	s3
100036ec:	8522                	mv	a0,s0
100036ee:	00f10593          	addi	a1,sp,15
100036f2:	4605                	li	a2,1
100036f4:	016107a3          	sb	s6,15(sp)
100036f8:	9982                	jalr	s3
100036fa:	4800                	lw	s0,16(s0)
100036fc:	f065                	bnez	s0,100036dc <stdio_put_string+0xb8>
100036fe:	5b02                	lw	s6,32(sp)
10003700:	fa0b87e3          	beqz	s7,100036ae <stdio_put_string+0x8a>
10003704:	e60a0513          	addi	a0,s4,-416
10003708:	0fffd097          	auipc	ra,0xfffd
1000370c:	a8e080e7          	jalr	-1394(ra) # 20000196 <mutex_exit>
10003710:	bf79                	j	100036ae <stdio_put_string+0x8a>
10003712:	854a                	mv	a0,s2
10003714:	182030ef          	jal	10006896 <strlen>
10003718:	84aa                	mv	s1,a0
1000371a:	bfb9                	j	10003678 <stdio_put_string+0x54>

1000371c <stdio_set_driver_enabled>:
1000371c:	8331a783          	lw	a5,-1997(gp) # 20003a54 <drivers>
10003720:	83318713          	addi	a4,gp,-1997 # 20003a54 <drivers>
10003724:	c799                	beqz	a5,10003732 <stdio_set_driver_enabled+0x16>
10003726:	00a78963          	beq	a5,a0,10003738 <stdio_set_driver_enabled+0x1c>
1000372a:	01078713          	addi	a4,a5,16
1000372e:	4b9c                	lw	a5,16(a5)
10003730:	fbfd                	bnez	a5,10003726 <stdio_set_driver_enabled+0xa>
10003732:	c191                	beqz	a1,10003736 <stdio_set_driver_enabled+0x1a>
10003734:	c308                	sw	a0,0(a4)
10003736:	8082                	ret
10003738:	fdfd                	bnez	a1,10003736 <stdio_set_driver_enabled+0x1a>
1000373a:	4b94                	lw	a3,16(a5)
1000373c:	c314                	sw	a3,0(a4)
1000373e:	0007a823          	sw	zero,16(a5)
10003742:	8082                	ret

10003744 <stdio_init_all>:
10003744:	a561                	j	10003dcc <stdio_usb_init>

10003746 <__wrap_putchar>:
10003746:	7179                	addi	sp,sp,-48
10003748:	d04a                	sw	s2,32(sp)
1000374a:	d606                	sw	ra,44(sp)
1000374c:	d422                	sw	s0,40(sp)
1000374e:	ce4e                	sw	s3,28(sp)
10003750:	cc52                	sw	s4,24(sp)
10003752:	892a                	mv	s2,a0
10003754:	00a107a3          	sb	a0,15(sp)
10003758:	e97fd0ef          	jal	100015ee <time_us_64>
1000375c:	000f47b7          	lui	a5,0xf4
10003760:	24078793          	addi	a5,a5,576 # f4240 <HeapSize+0xf3a40>
10003764:	97aa                	add	a5,a5,a0
10003766:	00a7b633          	sltu	a2,a5,a0
1000376a:	80000737          	lui	a4,0x80000
1000376e:	962e                	add	a2,a2,a1
10003770:	177d                	addi	a4,a4,-1 # 7fffffff <__StackTop+0x5ff7dfff>
10003772:	85be                	mv	a1,a5
10003774:	00c77463          	bgeu	a4,a2,1000377c <__wrap_putchar+0x36>
10003778:	863a                	mv	a2,a4
1000377a:	55fd                	li	a1,-1
1000377c:	200039b7          	lui	s3,0x20003
10003780:	e6098513          	addi	a0,s3,-416 # 20002e60 <print_mutex>
10003784:	0fffd097          	auipc	ra,0xfffd
10003788:	964080e7          	jalr	-1692(ra) # 200000e8 <mutex_try_enter_block_until>
1000378c:	8331a403          	lw	s0,-1997(gp) # 20003a54 <drivers>
10003790:	8a2a                	mv	s4,a0
10003792:	c405                	beqz	s0,100037ba <__wrap_putchar+0x74>
10003794:	d226                	sw	s1,36(sp)
10003796:	a029                	j	100037a0 <__wrap_putchar+0x5a>
10003798:	00f40d63          	beq	s0,a5,100037b2 <__wrap_putchar+0x6c>
1000379c:	4800                	lw	s0,16(s0)
1000379e:	cc09                	beqz	s0,100037b8 <__wrap_putchar+0x72>
100037a0:	401c                	lw	a5,0(s0)
100037a2:	4605                	li	a2,1
100037a4:	00f10593          	addi	a1,sp,15
100037a8:	8522                	mv	a0,s0
100037aa:	dbed                	beqz	a5,1000379c <__wrap_putchar+0x56>
100037ac:	82f1a783          	lw	a5,-2001(gp) # 20003a50 <filter>
100037b0:	f7e5                	bnez	a5,10003798 <__wrap_putchar+0x52>
100037b2:	3b25                	jal	100034ea <stdio_out_chars_crlf>
100037b4:	4800                	lw	s0,16(s0)
100037b6:	f46d                	bnez	s0,100037a0 <__wrap_putchar+0x5a>
100037b8:	5492                	lw	s1,36(sp)
100037ba:	000a1a63          	bnez	s4,100037ce <__wrap_putchar+0x88>
100037be:	50b2                	lw	ra,44(sp)
100037c0:	5422                	lw	s0,40(sp)
100037c2:	49f2                	lw	s3,28(sp)
100037c4:	4a62                	lw	s4,24(sp)
100037c6:	854a                	mv	a0,s2
100037c8:	5902                	lw	s2,32(sp)
100037ca:	6145                	addi	sp,sp,48
100037cc:	8082                	ret
100037ce:	e6098513          	addi	a0,s3,-416
100037d2:	0fffd097          	auipc	ra,0xfffd
100037d6:	9c4080e7          	jalr	-1596(ra) # 20000196 <mutex_exit>
100037da:	50b2                	lw	ra,44(sp)
100037dc:	5422                	lw	s0,40(sp)
100037de:	49f2                	lw	s3,28(sp)
100037e0:	4a62                	lw	s4,24(sp)
100037e2:	854a                	mv	a0,s2
100037e4:	5902                	lw	s2,32(sp)
100037e6:	6145                	addi	sp,sp,48
100037e8:	8082                	ret

100037ea <__wrap_puts>:
100037ea:	1141                	addi	sp,sp,-16
100037ec:	c606                	sw	ra,12(sp)
100037ee:	c422                	sw	s0,8(sp)
100037f0:	c226                	sw	s1,4(sp)
100037f2:	842a                	mv	s0,a0
100037f4:	0a2030ef          	jal	10006896 <strlen>
100037f8:	4685                	li	a3,1
100037fa:	84aa                	mv	s1,a0
100037fc:	ac66                	cm.mva01s	s0,s1
100037fe:	8636                	mv	a2,a3
10003800:	3515                	jal	10003624 <stdio_put_string>
10003802:	8331a403          	lw	s0,-1997(gp) # 20003a54 <drivers>
10003806:	c411                	beqz	s0,10003812 <__wrap_puts+0x28>
10003808:	405c                	lw	a5,4(s0)
1000380a:	cb91                	beqz	a5,1000381e <__wrap_puts+0x34>
1000380c:	9782                	jalr	a5
1000380e:	4800                	lw	s0,16(s0)
10003810:	fc65                	bnez	s0,10003808 <__wrap_puts+0x1e>
10003812:	40b2                	lw	ra,12(sp)
10003814:	4422                	lw	s0,8(sp)
10003816:	8526                	mv	a0,s1
10003818:	4492                	lw	s1,4(sp)
1000381a:	0141                	addi	sp,sp,16
1000381c:	8082                	ret
1000381e:	4800                	lw	s0,16(s0)
10003820:	f465                	bnez	s0,10003808 <__wrap_puts+0x1e>
10003822:	40b2                	lw	ra,12(sp)
10003824:	4422                	lw	s0,8(sp)
10003826:	8526                	mv	a0,s1
10003828:	4492                	lw	s1,4(sp)
1000382a:	0141                	addi	sp,sp,16
1000382c:	8082                	ret

1000382e <__wrap_vprintf>:
1000382e:	7171                	addi	sp,sp,-176
10003830:	d522                	sw	s0,168(sp)
10003832:	d326                	sw	s1,164(sp)
10003834:	d706                	sw	ra,172(sp)
10003836:	d14a                	sw	s2,160(sp)
10003838:	cf4e                	sw	s3,156(sp)
1000383a:	cd52                	sw	s4,152(sp)
1000383c:	cb56                	sw	s5,148(sp)
1000383e:	ac26                	cm.mvsa01	s0,s1
10003840:	daffd0ef          	jal	100015ee <time_us_64>
10003844:	000f47b7          	lui	a5,0xf4
10003848:	24078793          	addi	a5,a5,576 # f4240 <HeapSize+0xf3a40>
1000384c:	97aa                	add	a5,a5,a0
1000384e:	00a7b633          	sltu	a2,a5,a0
10003852:	80000737          	lui	a4,0x80000
10003856:	962e                	add	a2,a2,a1
10003858:	177d                	addi	a4,a4,-1 # 7fffffff <__StackTop+0x5ff7dfff>
1000385a:	85be                	mv	a1,a5
1000385c:	00c77463          	bgeu	a4,a2,10003864 <__wrap_vprintf+0x36>
10003860:	863a                	mv	a2,a4
10003862:	55fd                	li	a1,-1
10003864:	200039b7          	lui	s3,0x20003
10003868:	e6098513          	addi	a0,s3,-416 # 20002e60 <print_mutex>
1000386c:	0fffd097          	auipc	ra,0xfffd
10003870:	87c080e7          	jalr	-1924(ra) # 200000e8 <mutex_try_enter_block_until>
10003874:	8a2a                	mv	s4,a0
10003876:	10003537          	lui	a0,0x10003
1000387a:	8622                	mv	a2,s0
1000387c:	86a6                	mv	a3,s1
1000387e:	006c                	addi	a1,sp,12
10003880:	5ba50513          	addi	a0,a0,1466 # 100035ba <stdio_buffered_printer>
10003884:	c602                	sw	zero,12(sp)
10003886:	3675                	jal	10003432 <vfctprintf>
10003888:	47b2                	lw	a5,12(sp)
1000388a:	8331a403          	lw	s0,-1997(gp) # 20003a54 <drivers>
1000388e:	8aaa                	mv	s5,a0
10003890:	c3a9                	beqz	a5,100038d2 <__wrap_vprintf+0xa4>
10003892:	e015                	bnez	s0,100038b6 <__wrap_vprintf+0x88>
10003894:	c602                	sw	zero,12(sp)
10003896:	040a1863          	bnez	s4,100038e6 <__wrap_vprintf+0xb8>
1000389a:	50ba                	lw	ra,172(sp)
1000389c:	542a                	lw	s0,168(sp)
1000389e:	549a                	lw	s1,164(sp)
100038a0:	590a                	lw	s2,160(sp)
100038a2:	49fa                	lw	s3,156(sp)
100038a4:	4a6a                	lw	s4,152(sp)
100038a6:	8556                	mv	a0,s5
100038a8:	4ada                	lw	s5,148(sp)
100038aa:	614d                	addi	sp,sp,176
100038ac:	8082                	ret
100038ae:	00878b63          	beq	a5,s0,100038c4 <__wrap_vprintf+0x96>
100038b2:	4800                	lw	s0,16(s0)
100038b4:	cc01                	beqz	s0,100038cc <__wrap_vprintf+0x9e>
100038b6:	401c                	lw	a5,0(s0)
100038b8:	080c                	addi	a1,sp,16
100038ba:	8522                	mv	a0,s0
100038bc:	dbfd                	beqz	a5,100038b2 <__wrap_vprintf+0x84>
100038be:	82f1a783          	lw	a5,-2001(gp) # 20003a50 <filter>
100038c2:	f7f5                	bnez	a5,100038ae <__wrap_vprintf+0x80>
100038c4:	4632                	lw	a2,12(sp)
100038c6:	3115                	jal	100034ea <stdio_out_chars_crlf>
100038c8:	4800                	lw	s0,16(s0)
100038ca:	f475                	bnez	s0,100038b6 <__wrap_vprintf+0x88>
100038cc:	8331a403          	lw	s0,-1997(gp) # 20003a54 <drivers>
100038d0:	c602                	sw	zero,12(sp)
100038d2:	d071                	beqz	s0,10003896 <__wrap_vprintf+0x68>
100038d4:	405c                	lw	a5,4(s0)
100038d6:	c791                	beqz	a5,100038e2 <__wrap_vprintf+0xb4>
100038d8:	9782                	jalr	a5
100038da:	4800                	lw	s0,16(s0)
100038dc:	dc4d                	beqz	s0,10003896 <__wrap_vprintf+0x68>
100038de:	405c                	lw	a5,4(s0)
100038e0:	ffe5                	bnez	a5,100038d8 <__wrap_vprintf+0xaa>
100038e2:	4800                	lw	s0,16(s0)
100038e4:	b7fd                	j	100038d2 <__wrap_vprintf+0xa4>
100038e6:	e6098513          	addi	a0,s3,-416
100038ea:	0fffd097          	auipc	ra,0xfffd
100038ee:	8ac080e7          	jalr	-1876(ra) # 20000196 <mutex_exit>
100038f2:	b765                	j	1000389a <__wrap_vprintf+0x6c>

100038f4 <__wrap_printf>:
100038f4:	7139                	addi	sp,sp,-64
100038f6:	02410313          	addi	t1,sp,36
100038fa:	d22e                	sw	a1,36(sp)
100038fc:	859a                	mv	a1,t1
100038fe:	ce06                	sw	ra,28(sp)
10003900:	d432                	sw	a2,40(sp)
10003902:	d636                	sw	a3,44(sp)
10003904:	d83a                	sw	a4,48(sp)
10003906:	da3e                	sw	a5,52(sp)
10003908:	dc42                	sw	a6,56(sp)
1000390a:	de46                	sw	a7,60(sp)
1000390c:	c61a                	sw	t1,12(sp)
1000390e:	3705                	jal	1000382e <__wrap_vprintf>
10003910:	40f2                	lw	ra,28(sp)
10003912:	6121                	addi	sp,sp,64
10003914:	8082                	ret

10003916 <resetd_init>:
10003916:	8082                	ret

10003918 <resetd_reset>:
10003918:	82018ba3          	sb	zero,-1993(gp) # 20003a58 <itf_num>
1000391c:	8082                	ret

1000391e <resetd_open>:
1000391e:	0055c703          	lbu	a4,5(a1)
10003922:	0ff00793          	li	a5,255
10003926:	4501                	li	a0,0
10003928:	00f71d63          	bne	a4,a5,10003942 <resetd_open+0x24>
1000392c:	0065c783          	lbu	a5,6(a1)
10003930:	eb89                	bnez	a5,10003942 <resetd_open+0x24>
10003932:	0075c783          	lbu	a5,7(a1)
10003936:	17fd                	addi	a5,a5,-1
10003938:	e781                	bnez	a5,10003940 <resetd_open+0x22>
1000393a:	00963613          	sltiu	a2,a2,9
1000393e:	c219                	beqz	a2,10003944 <resetd_open+0x26>
10003940:	4501                	li	a0,0
10003942:	8082                	ret
10003944:	81b8                	lbu	a4,2(a1)
10003946:	4525                	li	a0,9
10003948:	82e18ba3          	sb	a4,-1993(gp) # 20003a58 <itf_num>
1000394c:	8082                	ret

1000394e <resetd_xfer_cb>:
1000394e:	4505                	li	a0,1
10003950:	8082                	ret

10003952 <resetd_control_xfer_cb>:
10003952:	4785                	li	a5,1
10003954:	00f58463          	beq	a1,a5,1000395c <resetd_control_xfer_cb+0xa>
10003958:	4505                	li	a0,1
1000395a:	8082                	ret
1000395c:	00564783          	lbu	a5,5(a2)
10003960:	00464683          	lbu	a3,4(a2)
10003964:	8371c703          	lbu	a4,-1993(gp) # 20003a58 <itf_num>
10003968:	07a2                	slli	a5,a5,0x8
1000396a:	8fd5                	or	a5,a5,a3
1000396c:	4501                	li	a0,0
1000396e:	00f70363          	beq	a4,a5,10003974 <resetd_control_xfer_cb+0x22>
10003972:	8082                	ret
10003974:	1141                	addi	sp,sp,-16
10003976:	c606                	sw	ra,12(sp)
10003978:	825c                	lbu	a5,1(a2)
1000397a:	02b78063          	beq	a5,a1,1000399a <resetd_control_xfer_cb+0x48>
1000397e:	4709                	li	a4,2
10003980:	00e78563          	beq	a5,a4,1000398a <resetd_control_xfer_cb+0x38>
10003984:	40b2                	lw	ra,12(sp)
10003986:	0141                	addi	sp,sp,16
10003988:	8082                	ret
1000398a:	4501                	li	a0,0
1000398c:	06400613          	li	a2,100
10003990:	4581                	li	a1,0
10003992:	f99fd0ef          	jal	1000192a <watchdog_reboot>
10003996:	4505                	li	a0,1
10003998:	b7f5                	j	10003984 <resetd_control_xfer_cb+0x32>
1000399a:	826c                	lbu	a1,3(a2)
1000399c:	8238                	lbu	a4,2(a2)
1000399e:	05a2                	slli	a1,a1,0x8
100039a0:	1005f793          	andi	a5,a1,256
100039a4:	8dd9                	or	a1,a1,a4
100039a6:	cb89                	beqz	a5,100039b8 <resetd_control_xfer_cb+0x66>
100039a8:	0095d613          	srli	a2,a1,0x9
100039ac:	8532                	mv	a0,a2
100039ae:	8a05                	andi	a2,a2,1
100039b0:	07f5f593          	andi	a1,a1,127
100039b4:	828fe0ef          	jal	100019dc <rom_reset_usb_boot_extra>
100039b8:	557d                	li	a0,-1
100039ba:	0095d613          	srli	a2,a1,0x9
100039be:	bfc5                	j	100039ae <resetd_control_xfer_cb+0x5c>

100039c0 <tud_descriptor_bos_cb>:
100039c0:	10007537          	lui	a0,0x10007
100039c4:	dd850513          	addi	a0,a0,-552 # 10006dd8 <desc_bos>
100039c8:	8082                	ret

100039ca <tud_vendor_control_xfer_cb>:
100039ca:	4785                	li	a5,1
100039cc:	00f59f63          	bne	a1,a5,100039ea <tud_vendor_control_xfer_cb+0x20>
100039d0:	825c                	lbu	a5,1(a2)
100039d2:	00b79e63          	bne	a5,a1,100039ee <tud_vendor_control_xfer_cb+0x24>
100039d6:	00564703          	lbu	a4,5(a2)
100039da:	00464783          	lbu	a5,4(a2)
100039de:	469d                	li	a3,7
100039e0:	0722                	slli	a4,a4,0x8
100039e2:	8f5d                	or	a4,a4,a5
100039e4:	4781                	li	a5,0
100039e6:	00d70763          	beq	a4,a3,100039f4 <tud_vendor_control_xfer_cb+0x2a>
100039ea:	853e                	mv	a0,a5
100039ec:	8082                	ret
100039ee:	4781                	li	a5,0
100039f0:	853e                	mv	a0,a5
100039f2:	8082                	ret
100039f4:	100077b7          	lui	a5,0x10007
100039f8:	85b2                	mv	a1,a2
100039fa:	0a600693          	li	a3,166
100039fe:	d3078613          	addi	a2,a5,-720 # 10006d30 <desc_ms_os_20>
10003a02:	6420106f          	j	10005044 <tud_control_xfer>

10003a06 <usbd_app_driver_get_cb>:
10003a06:	4705                	li	a4,1
10003a08:	100077b7          	lui	a5,0x10007
10003a0c:	8918                	sb	a4,0(a0)
10003a0e:	d1078513          	addi	a0,a5,-752 # 10006d10 <_resetd_driver>
10003a12:	8082                	ret

10003a14 <tud_cdc_line_coding_cb>:
10003a14:	81d4                	lbu	a3,1(a1)
10003a16:	8190                	lbu	a2,0(a1)
10003a18:	81b8                	lbu	a4,2(a1)
10003a1a:	81fc                	lbu	a5,3(a1)
10003a1c:	06a2                	slli	a3,a3,0x8
10003a1e:	8ed1                	or	a3,a3,a2
10003a20:	0742                	slli	a4,a4,0x10
10003a22:	8f55                	or	a4,a4,a3
10003a24:	07e2                	slli	a5,a5,0x18
10003a26:	8fd9                	or	a5,a5,a4
10003a28:	4b000713          	li	a4,1200
10003a2c:	00e78363          	beq	a5,a4,10003a32 <tud_cdc_line_coding_cb+0x1e>
10003a30:	8082                	ret
10003a32:	1141                	addi	sp,sp,-16
10003a34:	4601                	li	a2,0
10003a36:	4581                	li	a1,0
10003a38:	557d                	li	a0,-1
10003a3a:	c606                	sw	ra,12(sp)
10003a3c:	fa1fd0ef          	jal	100019dc <rom_reset_usb_boot_extra>

10003a40 <stdio_usb_set_chars_available_callback>:
10003a40:	84a1aba3          	sw	a0,-1961(gp) # 20003a78 <chars_available_callback>
10003a44:	84b1a9a3          	sw	a1,-1965(gp) # 20003a74 <chars_available_param>
10003a48:	8082                	ret

10003a4a <usb_irq>:
10003a4a:	8471c503          	lbu	a0,-1977(gp) # 20003a68 <low_priority_irq_num>
10003a4e:	b65fc06f          	j	100005b2 <irq_set_pending>

10003a52 <timer_task>:
10003a52:	84b18713          	addi	a4,gp,-1973 # 20003a6c <one_shot_timer_crit_sec>
10003a56:	431c                	lw	a5,0(a4)
10003a58:	1141                	addi	sp,sp,-16
10003a5a:	c606                	sw	ra,12(sp)
10003a5c:	c422                	sw	s0,8(sp)
10003a5e:	c226                	sw	s1,4(sp)
10003a60:	c04a                	sw	s2,0(sp)
10003a62:	c7a5                	beqz	a5,10003aca <timer_task+0x78>
10003a64:	300476f3          	csrrci	a3,mstatus,8
10003a68:	00379613          	slli	a2,a5,0x3
10003a6c:	28c01633          	bset	a2,zero,a2
10003a70:	9bf1                	andi	a5,a5,-4
10003a72:	44c7a5af          	amoor.w.aq	a1,a2,(a5)
10003a76:	8df1                	and	a1,a1,a2
10003a78:	fded                	bnez	a1,10003a72 <timer_task+0x20>
10003a7a:	0330000f          	fence	rw,rw
10003a7e:	c354                	sw	a3,4(a4)
10003a80:	431c                	lw	a5,0(a4)
10003a82:	84018423          	sb	zero,-1976(gp) # 20003a69 <one_shot_timer_pending>
10003a86:	0330000f          	fence	rw,rw
10003a8a:	00078023          	sb	zero,0(a5)
10003a8e:	8aa1                	andi	a3,a3,8
10003a90:	3006a073          	csrs	mstatus,a3
10003a94:	4401                	li	s0,0
10003a96:	4481                	li	s1,0
10003a98:	8471c503          	lbu	a0,-1977(gp) # 20003a68 <low_priority_irq_num>
10003a9c:	b05fc0ef          	jal	100005a0 <irq_is_enabled>
10003aa0:	e911                	bnez	a0,10003ab4 <timer_task+0x62>
10003aa2:	4401                	li	s0,0
10003aa4:	4481                	li	s1,0
10003aa6:	ac66                	cm.mva01s	s0,s1
10003aa8:	40b2                	lw	ra,12(sp)
10003aaa:	4422                	lw	s0,8(sp)
10003aac:	4492                	lw	s1,4(sp)
10003aae:	4902                	lw	s2,0(sp)
10003ab0:	0141                	addi	sp,sp,16
10003ab2:	8082                	ret
10003ab4:	8471c503          	lbu	a0,-1977(gp) # 20003a68 <low_priority_irq_num>
10003ab8:	afbfc0ef          	jal	100005b2 <irq_set_pending>
10003abc:	ac66                	cm.mva01s	s0,s1
10003abe:	40b2                	lw	ra,12(sp)
10003ac0:	4422                	lw	s0,8(sp)
10003ac2:	4492                	lw	s1,4(sp)
10003ac4:	4902                	lw	s2,0(sp)
10003ac6:	0141                	addi	sp,sp,16
10003ac8:	8082                	ret
10003aca:	3e800413          	li	s0,1000
10003ace:	4481                	li	s1,0
10003ad0:	b7e1                	j	10003a98 <timer_task+0x46>

10003ad2 <stdio_usb_in_chars>:
10003ad2:	1141                	addi	sp,sp,-16
10003ad4:	c226                	sw	s1,4(sp)
10003ad6:	84aa                	mv	s1,a0
10003ad8:	4501                	li	a0,0
10003ada:	c04a                	sw	s2,0(sp)
10003adc:	c606                	sw	ra,12(sp)
10003ade:	892e                	mv	s2,a1
10003ae0:	097010ef          	jal	10005376 <tud_cdc_n_connected>
10003ae4:	c159                	beqz	a0,10003b6a <stdio_usb_in_chars+0x98>
10003ae6:	4501                	li	a0,0
10003ae8:	0cf010ef          	jal	100053b6 <tud_cdc_n_available>
10003aec:	cd3d                	beqz	a0,10003b6a <stdio_usb_in_chars+0x98>
10003aee:	c422                	sw	s0,8(sp)
10003af0:	afffd0ef          	jal	100015ee <time_us_64>
10003af4:	000f47b7          	lui	a5,0xf4
10003af8:	24078793          	addi	a5,a5,576 # f4240 <HeapSize+0xf3a40>
10003afc:	97aa                	add	a5,a5,a0
10003afe:	00a7b633          	sltu	a2,a5,a0
10003b02:	80000737          	lui	a4,0x80000
10003b06:	962e                	add	a2,a2,a1
10003b08:	177d                	addi	a4,a4,-1 # 7fffffff <__StackTop+0x5ff7dfff>
10003b0a:	85be                	mv	a1,a5
10003b0c:	04c76363          	bltu	a4,a2,10003b52 <stdio_usb_in_chars+0x80>
10003b10:	85b18513          	addi	a0,gp,-1957 # 20003a7c <stdio_usb_mutex>
10003b14:	0fffc097          	auipc	ra,0xfffc
10003b18:	5d4080e7          	jalr	1492(ra) # 200000e8 <mutex_try_enter_block_until>
10003b1c:	c531                	beqz	a0,10003b68 <stdio_usb_in_chars+0x96>
10003b1e:	4501                	li	a0,0
10003b20:	057010ef          	jal	10005376 <tud_cdc_n_connected>
10003b24:	c509                	beqz	a0,10003b2e <stdio_usb_in_chars+0x5c>
10003b26:	4501                	li	a0,0
10003b28:	08f010ef          	jal	100053b6 <tud_cdc_n_available>
10003b2c:	e515                	bnez	a0,10003b58 <stdio_usb_in_chars+0x86>
10003b2e:	4581                	li	a1,0
10003b30:	557d                	li	a0,-1
10003b32:	387000ef          	jal	100046b8 <tud_task_ext>
10003b36:	54f5                	li	s1,-3
10003b38:	85b18513          	addi	a0,gp,-1957 # 20003a7c <stdio_usb_mutex>
10003b3c:	0fffc097          	auipc	ra,0xfffc
10003b40:	65a080e7          	jalr	1626(ra) # 20000196 <mutex_exit>
10003b44:	4422                	lw	s0,8(sp)
10003b46:	40b2                	lw	ra,12(sp)
10003b48:	4902                	lw	s2,0(sp)
10003b4a:	8526                	mv	a0,s1
10003b4c:	4492                	lw	s1,4(sp)
10003b4e:	0141                	addi	sp,sp,16
10003b50:	8082                	ret
10003b52:	863a                	mv	a2,a4
10003b54:	55fd                	li	a1,-1
10003b56:	bf6d                	j	10003b10 <stdio_usb_in_chars+0x3e>
10003b58:	85a6                	mv	a1,s1
10003b5a:	864a                	mv	a2,s2
10003b5c:	4501                	li	a0,0
10003b5e:	07f010ef          	jal	100053dc <tud_cdc_n_read>
10003b62:	84aa                	mv	s1,a0
10003b64:	f971                	bnez	a0,10003b38 <stdio_usb_in_chars+0x66>
10003b66:	bfc1                	j	10003b36 <stdio_usb_in_chars+0x64>
10003b68:	4422                	lw	s0,8(sp)
10003b6a:	54f5                	li	s1,-3
10003b6c:	bfe9                	j	10003b46 <stdio_usb_in_chars+0x74>

10003b6e <stdio_usb_out_flush>:
10003b6e:	1141                	addi	sp,sp,-16
10003b70:	c606                	sw	ra,12(sp)
10003b72:	c422                	sw	s0,8(sp)
10003b74:	a7bfd0ef          	jal	100015ee <time_us_64>
10003b78:	000f47b7          	lui	a5,0xf4
10003b7c:	24078793          	addi	a5,a5,576 # f4240 <HeapSize+0xf3a40>
10003b80:	97aa                	add	a5,a5,a0
10003b82:	00a7b633          	sltu	a2,a5,a0
10003b86:	80000737          	lui	a4,0x80000
10003b8a:	962e                	add	a2,a2,a1
10003b8c:	177d                	addi	a4,a4,-1 # 7fffffff <__StackTop+0x5ff7dfff>
10003b8e:	85be                	mv	a1,a5
10003b90:	00c77463          	bgeu	a4,a2,10003b98 <stdio_usb_out_flush+0x2a>
10003b94:	863a                	mv	a2,a4
10003b96:	55fd                	li	a1,-1
10003b98:	85b18513          	addi	a0,gp,-1957 # 20003a7c <stdio_usb_mutex>
10003b9c:	0fffc097          	auipc	ra,0xfffc
10003ba0:	54c080e7          	jalr	1356(ra) # 200000e8 <mutex_try_enter_block_until>
10003ba4:	c115                	beqz	a0,10003bc8 <stdio_usb_out_flush+0x5a>
10003ba6:	557d                	li	a0,-1
10003ba8:	4581                	li	a1,0
10003baa:	30f000ef          	jal	100046b8 <tud_task_ext>
10003bae:	4501                	li	a0,0
10003bb0:	0d7010ef          	jal	10005486 <tud_cdc_n_write_flush>
10003bb4:	f96d                	bnez	a0,10003ba6 <stdio_usb_out_flush+0x38>
10003bb6:	85b18513          	addi	a0,gp,-1957 # 20003a7c <stdio_usb_mutex>
10003bba:	4422                	lw	s0,8(sp)
10003bbc:	40b2                	lw	ra,12(sp)
10003bbe:	0141                	addi	sp,sp,16
10003bc0:	0fffc317          	auipc	t1,0xfffc
10003bc4:	5d630067          	jr	1494(t1) # 20000196 <mutex_exit>
10003bc8:	40b2                	lw	ra,12(sp)
10003bca:	4422                	lw	s0,8(sp)
10003bcc:	0141                	addi	sp,sp,16
10003bce:	8082                	ret

10003bd0 <stdio_usb_out_chars>:
10003bd0:	1101                	addi	sp,sp,-32
10003bd2:	c84a                	sw	s2,16(sp)
10003bd4:	c64e                	sw	s3,12(sp)
10003bd6:	ce06                	sw	ra,28(sp)
10003bd8:	c452                	sw	s4,8(sp)
10003bda:	adaa                	cm.mvsa01	s3,s2
10003bdc:	a13fd0ef          	jal	100015ee <time_us_64>
10003be0:	000f47b7          	lui	a5,0xf4
10003be4:	24078793          	addi	a5,a5,576 # f4240 <HeapSize+0xf3a40>
10003be8:	97aa                	add	a5,a5,a0
10003bea:	00a7b633          	sltu	a2,a5,a0
10003bee:	80000737          	lui	a4,0x80000
10003bf2:	962e                	add	a2,a2,a1
10003bf4:	177d                	addi	a4,a4,-1 # 7fffffff <__StackTop+0x5ff7dfff>
10003bf6:	85be                	mv	a1,a5
10003bf8:	00c77463          	bgeu	a4,a2,10003c00 <stdio_usb_out_chars+0x30>
10003bfc:	863a                	mv	a2,a4
10003bfe:	55fd                	li	a1,-1
10003c00:	85b18513          	addi	a0,gp,-1957 # 20003a7c <stdio_usb_mutex>
10003c04:	0fffc097          	auipc	ra,0xfffc
10003c08:	4e4080e7          	jalr	1252(ra) # 200000e8 <mutex_try_enter_block_until>
10003c0c:	e519                	bnez	a0,10003c1a <stdio_usb_out_chars+0x4a>
10003c0e:	40f2                	lw	ra,28(sp)
10003c10:	4942                	lw	s2,16(sp)
10003c12:	49b2                	lw	s3,12(sp)
10003c14:	4a22                	lw	s4,8(sp)
10003c16:	6105                	addi	sp,sp,32
10003c18:	8082                	ret
10003c1a:	4501                	li	a0,0
10003c1c:	75a010ef          	jal	10005376 <tud_cdc_n_connected>
10003c20:	c945                	beqz	a0,10003cd0 <stdio_usb_out_chars+0x100>
10003c22:	cc22                	sw	s0,24(sp)
10003c24:	c256                	sw	s5,4(sp)
10003c26:	4401                	li	s0,0
10003c28:	05205063          	blez	s2,10003c68 <stdio_usb_out_chars+0x98>
10003c2c:	4501                	li	a0,0
10003c2e:	179010ef          	jal	100055a6 <tud_cdc_n_write_available>
10003c32:	862a                	mv	a2,a0
10003c34:	408907b3          	sub	a5,s2,s0
10003c38:	0af64633          	min	a2,a2,a5
10003c3c:	008985b3          	add	a1,s3,s0
10003c40:	4501                	li	a0,0
10003c42:	c221                	beqz	a2,10003c82 <stdio_usb_out_chars+0xb2>
10003c44:	0fb010ef          	jal	1000553e <tud_cdc_n_write>
10003c48:	4581                	li	a1,0
10003c4a:	942a                	add	s0,s0,a0
10003c4c:	557d                	li	a0,-1
10003c4e:	26b000ef          	jal	100046b8 <tud_task_ext>
10003c52:	4501                	li	a0,0
10003c54:	033010ef          	jal	10005486 <tud_cdc_n_write_flush>
10003c58:	997fd0ef          	jal	100015ee <time_us_64>
10003c5c:	82a1afa3          	sw	a0,-1985(gp) # 20003a60 <last_avail_time.1>
10003c60:	84b1a1a3          	sw	a1,-1981(gp) # 20003a64 <last_avail_time.1+0x4>
10003c64:	fd2444e3          	blt	s0,s2,10003c2c <stdio_usb_out_chars+0x5c>
10003c68:	4462                	lw	s0,24(sp)
10003c6a:	4a92                	lw	s5,4(sp)
10003c6c:	40f2                	lw	ra,28(sp)
10003c6e:	4942                	lw	s2,16(sp)
10003c70:	49b2                	lw	s3,12(sp)
10003c72:	85b18513          	addi	a0,gp,-1957 # 20003a7c <stdio_usb_mutex>
10003c76:	4a22                	lw	s4,8(sp)
10003c78:	6105                	addi	sp,sp,32
10003c7a:	0fffc317          	auipc	t1,0xfffc
10003c7e:	51c30067          	jr	1308(t1) # 20000196 <mutex_exit>
10003c82:	4581                	li	a1,0
10003c84:	557d                	li	a0,-1
10003c86:	233000ef          	jal	100046b8 <tud_task_ext>
10003c8a:	4501                	li	a0,0
10003c8c:	7fa010ef          	jal	10005486 <tud_cdc_n_write_flush>
10003c90:	4501                	li	a0,0
10003c92:	6e4010ef          	jal	10005376 <tud_cdc_n_connected>
10003c96:	87aa                	mv	a5,a0
10003c98:	4501                	li	a0,0
10003c9a:	d7f9                	beqz	a5,10003c68 <stdio_usb_out_chars+0x98>
10003c9c:	10b010ef          	jal	100055a6 <tud_cdc_n_write_available>
10003ca0:	f171                	bnez	a0,10003c64 <stdio_usb_out_chars+0x94>
10003ca2:	94dfd0ef          	jal	100015ee <time_us_64>
10003ca6:	83f1a783          	lw	a5,-1985(gp) # 20003a60 <last_avail_time.1>
10003caa:	0007a737          	lui	a4,0x7a
10003cae:	8431a683          	lw	a3,-1981(gp) # 20003a64 <last_avail_time.1+0x4>
10003cb2:	12070713          	addi	a4,a4,288 # 7a120 <HeapSize+0x79920>
10003cb6:	973e                	add	a4,a4,a5
10003cb8:	00f737b3          	sltu	a5,a4,a5
10003cbc:	97b6                	add	a5,a5,a3
10003cbe:	fab7e5e3          	bltu	a5,a1,10003c68 <stdio_usb_out_chars+0x98>
10003cc2:	faf591e3          	bne	a1,a5,10003c64 <stdio_usb_out_chars+0x94>
10003cc6:	faa761e3          	bltu	a4,a0,10003c68 <stdio_usb_out_chars+0x98>
10003cca:	f72441e3          	blt	s0,s2,10003c2c <stdio_usb_out_chars+0x5c>
10003cce:	bf69                	j	10003c68 <stdio_usb_out_chars+0x98>
10003cd0:	40f2                	lw	ra,28(sp)
10003cd2:	4942                	lw	s2,16(sp)
10003cd4:	49b2                	lw	s3,12(sp)
10003cd6:	4681                	li	a3,0
10003cd8:	4701                	li	a4,0
10003cda:	85b18513          	addi	a0,gp,-1957 # 20003a7c <stdio_usb_mutex>
10003cde:	4a22                	lw	s4,8(sp)
10003ce0:	82d1afa3          	sw	a3,-1985(gp) # 20003a60 <last_avail_time.1>
10003ce4:	84e1a1a3          	sw	a4,-1981(gp) # 20003a64 <last_avail_time.1+0x4>
10003ce8:	6105                	addi	sp,sp,32
10003cea:	0fffc317          	auipc	t1,0xfffc
10003cee:	4ac30067          	jr	1196(t1) # 20000196 <mutex_exit>

10003cf2 <low_priority_worker_irq>:
10003cf2:	1141                	addi	sp,sp,-16
10003cf4:	c422                	sw	s0,8(sp)
10003cf6:	85b18513          	addi	a0,gp,-1957 # 20003a7c <stdio_usb_mutex>
10003cfa:	4581                	li	a1,0
10003cfc:	c606                	sw	ra,12(sp)
10003cfe:	0fffc097          	auipc	ra,0xfffc
10003d02:	302080e7          	jalr	770(ra) # 20000000 <mutex_try_enter>
10003d06:	e531                	bnez	a0,10003d52 <low_priority_worker_irq+0x60>
10003d08:	84b18713          	addi	a4,gp,-1973 # 20003a6c <one_shot_timer_crit_sec>
10003d0c:	431c                	lw	a5,0(a4)
10003d0e:	cf95                	beqz	a5,10003d4a <low_priority_worker_irq+0x58>
10003d10:	300476f3          	csrrci	a3,mstatus,8
10003d14:	00379613          	slli	a2,a5,0x3
10003d18:	28c01633          	bset	a2,zero,a2
10003d1c:	9bf1                	andi	a5,a5,-4
10003d1e:	44c7a5af          	amoor.w.aq	a1,a2,(a5)
10003d22:	8df1                	and	a1,a1,a2
10003d24:	fded                	bnez	a1,10003d1e <low_priority_worker_irq+0x2c>
10003d26:	0330000f          	fence	rw,rw
10003d2a:	8481c783          	lbu	a5,-1976(gp) # 20003a69 <one_shot_timer_pending>
10003d2e:	4585                	li	a1,1
10003d30:	c354                	sw	a3,4(a4)
10003d32:	9fe1                	zext.b	a5,a5
10003d34:	4318                	lw	a4,0(a4)
10003d36:	84b18423          	sb	a1,-1976(gp) # 20003a69 <one_shot_timer_pending>
10003d3a:	0330000f          	fence	rw,rw
10003d3e:	00070023          	sb	zero,0(a4)
10003d42:	8aa1                	andi	a3,a3,8
10003d44:	3006a073          	csrs	mstatus,a3
10003d48:	c7a1                	beqz	a5,10003d90 <low_priority_worker_irq+0x9e>
10003d4a:	40b2                	lw	ra,12(sp)
10003d4c:	4422                	lw	s0,8(sp)
10003d4e:	0141                	addi	sp,sp,16
10003d50:	8082                	ret
10003d52:	4581                	li	a1,0
10003d54:	557d                	li	a0,-1
10003d56:	c226                	sw	s1,4(sp)
10003d58:	161000ef          	jal	100046b8 <tud_task_ext>
10003d5c:	4501                	li	a0,0
10003d5e:	658010ef          	jal	100053b6 <tud_cdc_n_available>
10003d62:	84aa                	mv	s1,a0
10003d64:	85b18513          	addi	a0,gp,-1957 # 20003a7c <stdio_usb_mutex>
10003d68:	0fffc097          	auipc	ra,0xfffc
10003d6c:	42e080e7          	jalr	1070(ra) # 20000196 <mutex_exit>
10003d70:	c899                	beqz	s1,10003d86 <low_priority_worker_irq+0x94>
10003d72:	8571a783          	lw	a5,-1961(gp) # 20003a78 <chars_available_callback>
10003d76:	cb81                	beqz	a5,10003d86 <low_priority_worker_irq+0x94>
10003d78:	4422                	lw	s0,8(sp)
10003d7a:	4492                	lw	s1,4(sp)
10003d7c:	40b2                	lw	ra,12(sp)
10003d7e:	8531a503          	lw	a0,-1965(gp) # 20003a74 <chars_available_param>
10003d82:	0141                	addi	sp,sp,16
10003d84:	8782                	jr	a5
10003d86:	40b2                	lw	ra,12(sp)
10003d88:	4422                	lw	s0,8(sp)
10003d8a:	4492                	lw	s1,4(sp)
10003d8c:	0141                	addi	sp,sp,16
10003d8e:	8082                	ret
10003d90:	b80fd0ef          	jal	10001110 <alarm_pool_get_default>
10003d94:	842a                	mv	s0,a0
10003d96:	859fd0ef          	jal	100015ee <time_us_64>
10003d9a:	3e850793          	addi	a5,a0,1000
10003d9e:	00a7b633          	sltu	a2,a5,a0
10003da2:	80000737          	lui	a4,0x80000
10003da6:	962e                	add	a2,a2,a1
10003da8:	177d                	addi	a4,a4,-1 # 7fffffff <__StackTop+0x5ff7dfff>
10003daa:	85be                	mv	a1,a5
10003dac:	00c77463          	bgeu	a4,a2,10003db4 <low_priority_worker_irq+0xc2>
10003db0:	863a                	mv	a2,a4
10003db2:	55fd                	li	a1,-1
10003db4:	8522                	mv	a0,s0
10003db6:	4422                	lw	s0,8(sp)
10003db8:	40b2                	lw	ra,12(sp)
10003dba:	100046b7          	lui	a3,0x10004
10003dbe:	a5268693          	addi	a3,a3,-1454 # 10003a52 <timer_task>
10003dc2:	4785                	li	a5,1
10003dc4:	4701                	li	a4,0
10003dc6:	0141                	addi	sp,sp,16
10003dc8:	b52fd06f          	j	1000111a <alarm_pool_add_alarm_at>

10003dcc <stdio_usb_init>:
10003dcc:	1141                	addi	sp,sp,-16
10003dce:	d00007b7          	lui	a5,0xd0000
10003dd2:	c422                	sw	s0,8(sp)
10003dd4:	4380                	lw	s0,0(a5)
10003dd6:	c606                	sw	ra,12(sp)
10003dd8:	b38fd0ef          	jal	10001110 <alarm_pool_get_default>
10003ddc:	daefd0ef          	jal	1000138a <alarm_pool_core_num>
10003de0:	00850763          	beq	a0,s0,10003dee <stdio_usb_init+0x22>
10003de4:	40b2                	lw	ra,12(sp)
10003de6:	4422                	lw	s0,8(sp)
10003de8:	4501                	li	a0,0
10003dea:	0141                	addi	sp,sp,16
10003dec:	8082                	ret
10003dee:	100077b7          	lui	a5,0x10007
10003df2:	02c7c783          	lbu	a5,44(a5) # 1000702c <__bi_ptr202.2>
10003df6:	4581                	li	a1,0
10003df8:	4501                	li	a0,0
10003dfa:	72d010ef          	jal	10005d26 <tusb_rhport_init>
10003dfe:	85b18513          	addi	a0,gp,-1957 # 20003a7c <stdio_usb_mutex>
10003e02:	411c                	lw	a5,0(a0)
10003e04:	c7dd                	beqz	a5,10003eb2 <stdio_usb_init+0xe6>
10003e06:	4505                	li	a0,1
10003e08:	d4ffc0ef          	jal	10000b56 <user_irq_claim_unused>
10003e0c:	100045b7          	lui	a1,0x10004
10003e10:	87aa                	mv	a5,a0
10003e12:	9d61                	zext.b	a0,a0
10003e14:	cf258593          	addi	a1,a1,-782 # 10003cf2 <low_priority_worker_irq>
10003e18:	84f183a3          	sb	a5,-1977(gp) # 20003a68 <low_priority_irq_num>
10003e1c:	fc8fc0ef          	jal	100005e4 <irq_set_exclusive_handler>
10003e20:	8471c503          	lbu	a0,-1977(gp) # 20003a68 <low_priority_irq_num>
10003e24:	4585                	li	a1,1
10003e26:	f44fc0ef          	jal	1000056a <irq_set_enabled>
10003e2a:	4539                	li	a0,14
10003e2c:	f9afc0ef          	jal	100005c6 <irq_has_shared_handler>
10003e30:	e125                	bnez	a0,10003e90 <stdio_usb_init+0xc4>
10003e32:	84b18793          	addi	a5,gp,-1973 # 20003a6c <one_shot_timer_crit_sec>
10003e36:	0007a023          	sw	zero,0(a5)
10003e3a:	0007a223          	sw	zero,4(a5)
10003e3e:	ad2fd0ef          	jal	10001110 <alarm_pool_get_default>
10003e42:	842a                	mv	s0,a0
10003e44:	faafd0ef          	jal	100015ee <time_us_64>
10003e48:	3e850793          	addi	a5,a0,1000
10003e4c:	00a7b633          	sltu	a2,a5,a0
10003e50:	80000737          	lui	a4,0x80000
10003e54:	962e                	add	a2,a2,a1
10003e56:	177d                	addi	a4,a4,-1 # 7fffffff <__StackTop+0x5ff7dfff>
10003e58:	85be                	mv	a1,a5
10003e5a:	00c77463          	bgeu	a4,a2,10003e62 <stdio_usb_init+0x96>
10003e5e:	863a                	mv	a2,a4
10003e60:	55fd                	li	a1,-1
10003e62:	100046b7          	lui	a3,0x10004
10003e66:	8522                	mv	a0,s0
10003e68:	a5268693          	addi	a3,a3,-1454 # 10003a52 <timer_task>
10003e6c:	4785                	li	a5,1
10003e6e:	4701                	li	a4,0
10003e70:	aaafd0ef          	jal	1000111a <alarm_pool_add_alarm_at>
10003e74:	f60548e3          	bltz	a0,10003de4 <stdio_usb_init+0x18>
10003e78:	20003537          	lui	a0,0x20003
10003e7c:	e2850513          	addi	a0,a0,-472 # 20002e28 <stdio_usb>
10003e80:	4585                	li	a1,1
10003e82:	89bff0ef          	jal	1000371c <stdio_set_driver_enabled>
10003e86:	40b2                	lw	ra,12(sp)
10003e88:	4422                	lw	s0,8(sp)
10003e8a:	4505                	li	a0,1
10003e8c:	0141                	addi	sp,sp,16
10003e8e:	8082                	ret
10003e90:	4505                	li	a0,1
10003e92:	e6afc0ef          	jal	100004fc <spin_lock_claim_unused>
10003e96:	85aa                	mv	a1,a0
10003e98:	84b18513          	addi	a0,gp,-1973 # 20003a6c <one_shot_timer_crit_sec>
10003e9c:	da3fc0ef          	jal	10000c3e <critical_section_init_with_lock_num>
10003ea0:	100045b7          	lui	a1,0x10004
10003ea4:	a4a58593          	addi	a1,a1,-1462 # 10003a4a <usb_irq>
10003ea8:	4601                	li	a2,0
10003eaa:	4539                	li	a0,14
10003eac:	fbafc0ef          	jal	10000666 <irq_add_shared_handler>
10003eb0:	b7e1                	j	10003e78 <stdio_usb_init+0xac>
10003eb2:	d43fc0ef          	jal	10000bf4 <mutex_init>
10003eb6:	bf81                	j	10003e06 <stdio_usb_init+0x3a>

10003eb8 <tud_descriptor_device_cb>:
10003eb8:	10007537          	lui	a0,0x10007
10003ebc:	e7450513          	addi	a0,a0,-396 # 10006e74 <usbd_desc_device>
10003ec0:	8082                	ret

10003ec2 <tud_descriptor_configuration_cb>:
10003ec2:	10007537          	lui	a0,0x10007
10003ec6:	e2050513          	addi	a0,a0,-480 # 10006e20 <usbd_desc_cfg>
10003eca:	8082                	ret

10003ecc <tud_descriptor_string_cb>:
10003ecc:	200047b7          	lui	a5,0x20004
10003ed0:	a107c683          	lbu	a3,-1520(a5) # 20003a10 <usbd_serial_str>
10003ed4:	1101                	addi	sp,sp,-32
10003ed6:	ce06                	sw	ra,28(sp)
10003ed8:	872a                	mv	a4,a0
10003eda:	ceb9                	beqz	a3,10003f38 <tud_descriptor_string_cb+0x6c>
10003edc:	ef11                	bnez	a4,10003ef8 <tud_descriptor_string_cb+0x2c>
10003ede:	20003537          	lui	a0,0x20003
10003ee2:	40900793          	li	a5,1033
10003ee6:	5c850513          	addi	a0,a0,1480 # 200035c8 <desc_str.0>
10003eea:	8d3c                	sh	a5,2(a0)
10003eec:	30400793          	li	a5,772
10003ef0:	8d1c                	sh	a5,0(a0)
10003ef2:	40f2                	lw	ra,28(sp)
10003ef4:	6105                	addi	sp,sp,32
10003ef6:	8082                	ret
10003ef8:	4795                	li	a5,5
10003efa:	04e7e963          	bltu	a5,a4,10003f4c <tud_descriptor_string_cb+0x80>
10003efe:	100077b7          	lui	a5,0x10007
10003f02:	e0878793          	addi	a5,a5,-504 # 10006e08 <usbd_desc_str>
10003f06:	20003537          	lui	a0,0x20003
10003f0a:	20f74733          	sh2add	a4,a4,a5
10003f0e:	5c850513          	addi	a0,a0,1480 # 200035c8 <desc_str.0>
10003f12:	4318                	lw	a4,0(a4)
10003f14:	00250613          	addi	a2,a0,2
10003f18:	4781                	li	a5,0
10003f1a:	45cd                	li	a1,19
10003f1c:	a031                	j	10003f28 <tud_descriptor_string_cb+0x5c>
10003f1e:	8e14                	sh	a3,0(a2)
10003f20:	0705                	addi	a4,a4,1
10003f22:	0609                	addi	a2,a2,2
10003f24:	02b78163          	beq	a5,a1,10003f46 <tud_descriptor_string_cb+0x7a>
10003f28:	8314                	lbu	a3,0(a4)
10003f2a:	0785                	addi	a5,a5,1
10003f2c:	9fe1                	zext.b	a5,a5
10003f2e:	fae5                	bnez	a3,10003f1e <tud_descriptor_string_cb+0x52>
10003f30:	0786                	slli	a5,a5,0x1
10003f32:	3007e793          	ori	a5,a5,768
10003f36:	bf6d                	j	10003ef0 <tud_descriptor_string_cb+0x24>
10003f38:	c62a                	sw	a0,12(sp)
10003f3a:	45c5                	li	a1,17
10003f3c:	a1078513          	addi	a0,a5,-1520
10003f40:	2091                	jal	10003f84 <pico_get_unique_board_id_string>
10003f42:	4732                	lw	a4,12(sp)
10003f44:	bf61                	j	10003edc <tud_descriptor_string_cb+0x10>
10003f46:	32800793          	li	a5,808
10003f4a:	b75d                	j	10003ef0 <tud_descriptor_string_cb+0x24>
10003f4c:	4501                	li	a0,0
10003f4e:	b755                	j	10003ef2 <tud_descriptor_string_cb+0x26>

10003f50 <_retrieve_unique_id_on_boot>:
10003f50:	6515                	lui	a0,0x5
10003f52:	7139                	addi	sp,sp,-64
10003f54:	34750513          	addi	a0,a0,839 # 5347 <HeapSize+0x4b47>
10003f58:	de06                	sw	ra,60(sp)
10003f5a:	a77fd0ef          	jal	100019d0 <rom_func_lookup>
10003f5e:	87aa                	mv	a5,a0
10003f60:	4605                	li	a2,1
10003f62:	0068                	addi	a0,sp,12
10003f64:	45a5                	li	a1,9
10003f66:	9782                	jalr	a5
10003f68:	47d2                	lw	a5,20(sp)
10003f6a:	4762                	lw	a4,24(sp)
10003f6c:	86318613          	addi	a2,gp,-1949 # 20003a84 <retrieved_id>
10003f70:	6987d793          	rev8	a5,a5
10003f74:	c25c                	sw	a5,4(a2)
10003f76:	50f2                	lw	ra,60(sp)
10003f78:	69875713          	rev8	a4,a4
10003f7c:	86e1a1a3          	sw	a4,-1949(gp) # 20003a84 <retrieved_id>
10003f80:	6121                	addi	sp,sp,64
10003f82:	8082                	ret

10003f84 <pico_get_unique_board_id_string>:
10003f84:	4785                	li	a5,1
10003f86:	18f58d63          	beq	a1,a5,10004120 <pico_get_unique_board_id_string+0x19c>
10003f8a:	86318793          	addi	a5,gp,-1949 # 20003a84 <retrieved_id>
10003f8e:	8398                	lbu	a4,0(a5)
10003f90:	4825                	li	a6,9
10003f92:	15fd                	addi	a1,a1,-1
10003f94:	40475693          	srai	a3,a4,0x4
10003f98:	03068613          	addi	a2,a3,48
10003f9c:	18d84563          	blt	a6,a3,10004126 <pico_get_unique_board_id_string+0x1a2>
10003fa0:	8910                	sb	a2,0(a0)
10003fa2:	4685                	li	a3,1
10003fa4:	1cd58963          	beq	a1,a3,10004176 <pico_get_unique_board_id_string+0x1f2>
10003fa8:	8b3d                	andi	a4,a4,15
10003faa:	4625                	li	a2,9
10003fac:	03070693          	addi	a3,a4,48
10003fb0:	16e66e63          	bltu	a2,a4,1000412c <pico_get_unique_board_id_string+0x1a8>
10003fb4:	8954                	sb	a3,1(a0)
10003fb6:	4709                	li	a4,2
10003fb8:	1ae58f63          	beq	a1,a4,10004176 <pico_get_unique_board_id_string+0x1f2>
10003fbc:	83d8                	lbu	a4,1(a5)
10003fbe:	4825                	li	a6,9
10003fc0:	40475693          	srai	a3,a4,0x4
10003fc4:	03068613          	addi	a2,a3,48
10003fc8:	16d84563          	blt	a6,a3,10004132 <pico_get_unique_board_id_string+0x1ae>
10003fcc:	8930                	sb	a2,2(a0)
10003fce:	468d                	li	a3,3
10003fd0:	1ad58363          	beq	a1,a3,10004176 <pico_get_unique_board_id_string+0x1f2>
10003fd4:	8b3d                	andi	a4,a4,15
10003fd6:	4625                	li	a2,9
10003fd8:	03070693          	addi	a3,a4,48
10003fdc:	14e66e63          	bltu	a2,a4,10004138 <pico_get_unique_board_id_string+0x1b4>
10003fe0:	8974                	sb	a3,3(a0)
10003fe2:	4711                	li	a4,4
10003fe4:	18e58963          	beq	a1,a4,10004176 <pico_get_unique_board_id_string+0x1f2>
10003fe8:	83b8                	lbu	a4,2(a5)
10003fea:	4825                	li	a6,9
10003fec:	40475693          	srai	a3,a4,0x4
10003ff0:	03068613          	addi	a2,a3,48
10003ff4:	14d84563          	blt	a6,a3,1000413e <pico_get_unique_board_id_string+0x1ba>
10003ff8:	00c50223          	sb	a2,4(a0)
10003ffc:	4695                	li	a3,5
10003ffe:	16d58c63          	beq	a1,a3,10004176 <pico_get_unique_board_id_string+0x1f2>
10004002:	8b3d                	andi	a4,a4,15
10004004:	4625                	li	a2,9
10004006:	03070693          	addi	a3,a4,48
1000400a:	12e66d63          	bltu	a2,a4,10004144 <pico_get_unique_board_id_string+0x1c0>
1000400e:	00d502a3          	sb	a3,5(a0)
10004012:	4719                	li	a4,6
10004014:	16e58163          	beq	a1,a4,10004176 <pico_get_unique_board_id_string+0x1f2>
10004018:	83f8                	lbu	a4,3(a5)
1000401a:	4825                	li	a6,9
1000401c:	40475693          	srai	a3,a4,0x4
10004020:	03068613          	addi	a2,a3,48
10004024:	12d84363          	blt	a6,a3,1000414a <pico_get_unique_board_id_string+0x1c6>
10004028:	00c50323          	sb	a2,6(a0)
1000402c:	469d                	li	a3,7
1000402e:	14d58463          	beq	a1,a3,10004176 <pico_get_unique_board_id_string+0x1f2>
10004032:	8b3d                	andi	a4,a4,15
10004034:	4625                	li	a2,9
10004036:	03070693          	addi	a3,a4,48
1000403a:	10e66b63          	bltu	a2,a4,10004150 <pico_get_unique_board_id_string+0x1cc>
1000403e:	00d503a3          	sb	a3,7(a0)
10004042:	4721                	li	a4,8
10004044:	12e58963          	beq	a1,a4,10004176 <pico_get_unique_board_id_string+0x1f2>
10004048:	0047c703          	lbu	a4,4(a5)
1000404c:	4825                	li	a6,9
1000404e:	40475693          	srai	a3,a4,0x4
10004052:	03068613          	addi	a2,a3,48
10004056:	10d84063          	blt	a6,a3,10004156 <pico_get_unique_board_id_string+0x1d2>
1000405a:	00c50423          	sb	a2,8(a0)
1000405e:	46a5                	li	a3,9
10004060:	10d58b63          	beq	a1,a3,10004176 <pico_get_unique_board_id_string+0x1f2>
10004064:	8b3d                	andi	a4,a4,15
10004066:	03070613          	addi	a2,a4,48
1000406a:	0ee6e963          	bltu	a3,a4,1000415c <pico_get_unique_board_id_string+0x1d8>
1000406e:	00c504a3          	sb	a2,9(a0)
10004072:	4729                	li	a4,10
10004074:	10e58163          	beq	a1,a4,10004176 <pico_get_unique_board_id_string+0x1f2>
10004078:	0057c703          	lbu	a4,5(a5)
1000407c:	4825                	li	a6,9
1000407e:	40475693          	srai	a3,a4,0x4
10004082:	03068613          	addi	a2,a3,48
10004086:	0cd84e63          	blt	a6,a3,10004162 <pico_get_unique_board_id_string+0x1de>
1000408a:	00c50523          	sb	a2,10(a0)
1000408e:	46ad                	li	a3,11
10004090:	0ed58363          	beq	a1,a3,10004176 <pico_get_unique_board_id_string+0x1f2>
10004094:	8b3d                	andi	a4,a4,15
10004096:	4625                	li	a2,9
10004098:	03070693          	addi	a3,a4,48
1000409c:	0ce66663          	bltu	a2,a4,10004168 <pico_get_unique_board_id_string+0x1e4>
100040a0:	00d505a3          	sb	a3,11(a0)
100040a4:	4731                	li	a4,12
100040a6:	0ce58863          	beq	a1,a4,10004176 <pico_get_unique_board_id_string+0x1f2>
100040aa:	0067c703          	lbu	a4,6(a5)
100040ae:	4825                	li	a6,9
100040b0:	40475693          	srai	a3,a4,0x4
100040b4:	03068613          	addi	a2,a3,48
100040b8:	00d85463          	bge	a6,a3,100040c0 <pico_get_unique_board_id_string+0x13c>
100040bc:	03768613          	addi	a2,a3,55
100040c0:	00c50623          	sb	a2,12(a0)
100040c4:	46b5                	li	a3,13
100040c6:	0ad58863          	beq	a1,a3,10004176 <pico_get_unique_board_id_string+0x1f2>
100040ca:	8b3d                	andi	a4,a4,15
100040cc:	4625                	li	a2,9
100040ce:	03070693          	addi	a3,a4,48
100040d2:	00e67463          	bgeu	a2,a4,100040da <pico_get_unique_board_id_string+0x156>
100040d6:	03770693          	addi	a3,a4,55
100040da:	00d506a3          	sb	a3,13(a0)
100040de:	4739                	li	a4,14
100040e0:	08e58b63          	beq	a1,a4,10004176 <pico_get_unique_board_id_string+0x1f2>
100040e4:	0077c783          	lbu	a5,7(a5)
100040e8:	4625                	li	a2,9
100040ea:	4047d713          	srai	a4,a5,0x4
100040ee:	03070693          	addi	a3,a4,48
100040f2:	00e65463          	bge	a2,a4,100040fa <pico_get_unique_board_id_string+0x176>
100040f6:	03770693          	addi	a3,a4,55
100040fa:	00d50723          	sb	a3,14(a0)
100040fe:	473d                	li	a4,15
10004100:	06e58b63          	beq	a1,a4,10004176 <pico_get_unique_board_id_string+0x1f2>
10004104:	8ff9                	and	a5,a5,a4
10004106:	46a5                	li	a3,9
10004108:	03778713          	addi	a4,a5,55
1000410c:	00f6e463          	bltu	a3,a5,10004114 <pico_get_unique_board_id_string+0x190>
10004110:	03078713          	addi	a4,a5,48
10004114:	00e507a3          	sb	a4,15(a0)
10004118:	47c1                	li	a5,16
1000411a:	04f58e63          	beq	a1,a5,10004176 <pico_get_unique_board_id_string+0x1f2>
1000411e:	0541                	addi	a0,a0,16
10004120:	00050023          	sb	zero,0(a0)
10004124:	8082                	ret
10004126:	03768613          	addi	a2,a3,55
1000412a:	bd9d                	j	10003fa0 <pico_get_unique_board_id_string+0x1c>
1000412c:	03770693          	addi	a3,a4,55
10004130:	b551                	j	10003fb4 <pico_get_unique_board_id_string+0x30>
10004132:	03768613          	addi	a2,a3,55
10004136:	bd59                	j	10003fcc <pico_get_unique_board_id_string+0x48>
10004138:	03770693          	addi	a3,a4,55
1000413c:	b555                	j	10003fe0 <pico_get_unique_board_id_string+0x5c>
1000413e:	03768613          	addi	a2,a3,55
10004142:	bd5d                	j	10003ff8 <pico_get_unique_board_id_string+0x74>
10004144:	03770693          	addi	a3,a4,55
10004148:	b5d9                	j	1000400e <pico_get_unique_board_id_string+0x8a>
1000414a:	03768613          	addi	a2,a3,55
1000414e:	bde9                	j	10004028 <pico_get_unique_board_id_string+0xa4>
10004150:	03770693          	addi	a3,a4,55
10004154:	b5ed                	j	1000403e <pico_get_unique_board_id_string+0xba>
10004156:	03768613          	addi	a2,a3,55
1000415a:	b701                	j	1000405a <pico_get_unique_board_id_string+0xd6>
1000415c:	03770613          	addi	a2,a4,55
10004160:	b739                	j	1000406e <pico_get_unique_board_id_string+0xea>
10004162:	03768613          	addi	a2,a3,55
10004166:	b715                	j	1000408a <pico_get_unique_board_id_string+0x106>
10004168:	03770693          	addi	a3,a4,55
1000416c:	00d505a3          	sb	a3,11(a0)
10004170:	4731                	li	a4,12
10004172:	f2e59ce3          	bne	a1,a4,100040aa <pico_get_unique_board_id_string+0x126>
10004176:	952e                	add	a0,a0,a1
10004178:	00050023          	sb	zero,0(a0)
1000417c:	8082                	ret

1000417e <dcd_init>:
1000417e:	1141                	addi	sp,sp,-16
10004180:	c606                	sw	ra,12(sp)
10004182:	c422                	sw	s0,8(sp)
10004184:	247d                	jal	10004432 <rp2040_usb_init>
10004186:	50110437          	lui	s0,0x50110
1000418a:	47b1                	li	a5,12
1000418c:	200005b7          	lui	a1,0x20000
10004190:	dc3c                	sw	a5,120(s0)
10004192:	32a58593          	addi	a1,a1,810 # 2000032a <dcd_rp2040_irq>
10004196:	0ff00613          	li	a2,255
1000419a:	4539                	li	a0,14
1000419c:	ccafc0ef          	jal	10000666 <irq_add_shared_handler>
100041a0:	200037b7          	lui	a5,0x20003
100041a4:	04000613          	li	a2,64
100041a8:	5f078513          	addi	a0,a5,1520 # 200035f0 <hw_endpoints>
100041ac:	4581                	li	a1,0
100041ae:	55e020ef          	jal	1000670c <memset>
100041b2:	87aa                	mv	a5,a0
100041b4:	4505                	li	a0,1
100041b6:	8bc8                	sb	a0,1(a5)
100041b8:	501005b7          	lui	a1,0x50100
100041bc:	0805a223          	sw	zero,132(a1) # 50100084 <__StackTop+0x3007e084>
100041c0:	872e                	mv	a4,a1
100041c2:	08000813          	li	a6,128
100041c6:	08072023          	sw	zero,128(a4)
100041ca:	10070693          	addi	a3,a4,256
100041ce:	04000613          	li	a2,64
100041d2:	9742                	add	a4,a4,a6
100041d4:	08458593          	addi	a1,a1,132
100041d8:	d798                	sw	a4,40(a5)
100041da:	00c79c23          	sh	a2,24(a5)
100041de:	0007a223          	sw	zero,4(a5)
100041e2:	020780a3          	sb	zero,33(a5)
100041e6:	02c79c23          	sh	a2,56(a5)
100041ea:	02078da3          	sb	zero,59(a5)
100041ee:	0207a223          	sw	zero,36(a5)
100041f2:	03079123          	sh	a6,34(a5)
100041f6:	c78c                	sw	a1,8(a5)
100041f8:	c7d4                	sw	a3,12(a5)
100041fa:	d7d4                	sw	a3,44(a5)
100041fc:	0fffc097          	auipc	ra,0xfffc
10004200:	fd2080e7          	jalr	-46(ra) # 200001ce <reset_non_control_endpoints>
10004204:	4505                	li	a0,1
10004206:	c028                	sw	a0,64(s0)
10004208:	20000737          	lui	a4,0x20000
1000420c:	67f5                	lui	a5,0x1d
1000420e:	c478                	sw	a4,76(s0)
10004210:	07c1                	addi	a5,a5,16 # 1d010 <HeapSize+0x1c810>
10004212:	08f42823          	sw	a5,144(s0) # 50110090 <__StackTop+0x3008e090>
10004216:	40b2                	lw	ra,12(sp)
10004218:	4422                	lw	s0,8(sp)
1000421a:	501127b7          	lui	a5,0x50112
1000421e:	6741                	lui	a4,0x10
10004220:	c7f8                	sw	a4,76(a5)
10004222:	0141                	addi	sp,sp,16
10004224:	8082                	ret

10004226 <dcd_int_enable>:
10004226:	4585                	li	a1,1
10004228:	4539                	li	a0,14
1000422a:	b40fc06f          	j	1000056a <irq_set_enabled>

1000422e <dcd_set_address>:
1000422e:	20003537          	lui	a0,0x20003
10004232:	61050513          	addi	a0,a0,1552 # 20003610 <hw_endpoints+0x20>
10004236:	4601                	li	a2,0
10004238:	4581                	li	a1,0
1000423a:	ac15                	j	1000446e <hw_endpoint_xfer_start>

1000423c <dcd_sof_enable>:
1000423c:	86b185a3          	sb	a1,-1941(gp) # 20003a8c <_sof_enable>
10004240:	c599                	beqz	a1,1000424e <dcd_sof_enable+0x12>
10004242:	501127b7          	lui	a5,0x50112
10004246:	00020737          	lui	a4,0x20
1000424a:	08e7a823          	sw	a4,144(a5) # 50112090 <__StackTop+0x30090090>
1000424e:	8082                	ret

10004250 <dcd_edpt0_status_complete>:
10004250:	819c                	lbu	a5,0(a1)
10004252:	07f7f793          	andi	a5,a5,127
10004256:	c391                	beqz	a5,1000425a <dcd_edpt0_status_complete+0xa>
10004258:	8082                	ret
1000425a:	81d8                	lbu	a4,1(a1)
1000425c:	4795                	li	a5,5
1000425e:	fef71de3          	bne	a4,a5,10004258 <dcd_edpt0_status_complete+0x8>
10004262:	81b8                	lbu	a4,2(a1)
10004264:	501107b7          	lui	a5,0x50110
10004268:	c398                	sw	a4,0(a5)
1000426a:	8082                	ret

1000426c <dcd_edpt_open>:
1000426c:	81f0                	lbu	a2,3(a1)
1000426e:	4805                	li	a6,1
10004270:	8a0d                	andi	a2,a2,3
10004272:	0f060f63          	beq	a2,a6,10004370 <dcd_edpt_open+0x104>
10004276:	81a8                	lbu	a0,2(a1)
10004278:	0055c703          	lbu	a4,5(a1)
1000427c:	0045c583          	lbu	a1,4(a1)
10004280:	00755693          	srli	a3,a0,0x7
10004284:	07f57893          	andi	a7,a0,127
10004288:	20d8a7b3          	sh1add	a5,a7,a3
1000428c:	20003337          	lui	t1,0x20003
10004290:	0722                	slli	a4,a4,0x8
10004292:	8f4d                	or	a4,a4,a1
10004294:	0796                	slli	a5,a5,0x5
10004296:	5f030313          	addi	t1,t1,1520 # 200035f0 <hw_endpoints>
1000429a:	979a                	add	a5,a5,t1
1000429c:	7ff77713          	andi	a4,a4,2047
100042a0:	0106c5b3          	xor	a1,a3,a6
100042a4:	8ba8                	sb	a0,2(a5)
100042a6:	000781a3          	sb	zero,3(a5) # 50110003 <__StackTop+0x3008e003>
100042aa:	00c78da3          	sb	a2,27(a5)
100042ae:	00e79c23          	sh	a4,24(a5)
100042b2:	8bcc                	sb	a1,1(a5)
100042b4:	09068563          	beq	a3,a6,1000433e <dcd_edpt_open+0xd2>
100042b8:	501005b7          	lui	a1,0x50100
100042bc:	08458593          	addi	a1,a1,132 # 50100084 <__StackTop+0x3007e084>
100042c0:	00689513          	slli	a0,a7,0x6
100042c4:	20b8e5b3          	sh3add	a1,a7,a1
100042c8:	951a                	add	a0,a0,t1
100042ca:	c50c                	sw	a1,8(a0)
100042cc:	0005a023          	sw	zero,0(a1)
100042d0:	08088563          	beqz	a7,1000435a <dcd_edpt_open+0xee>
100042d4:	501007b7          	lui	a5,0x50100
100042d8:	0791                	addi	a5,a5,4 # 50100004 <__StackTop+0x3007e004>
100042da:	20f8e7b3          	sh3add	a5,a7,a5
100042de:	c15c                	sw	a5,4(a0)
100042e0:	1101                	addi	sp,sp,-32
100042e2:	03f70713          	addi	a4,a4,63 # 2003f <HeapSize+0x1f83f>
100042e6:	8319                	srli	a4,a4,0x6
100042e8:	ce06                	sw	ra,28(sp)
100042ea:	4789                	li	a5,2
100042ec:	00771593          	slli	a1,a4,0x7
100042f0:	00f60463          	beq	a2,a5,100042f8 <dcd_edpt_open+0x8c>
100042f4:	00671593          	slli	a1,a4,0x6
100042f8:	86f1a603          	lw	a2,-1937(gp) # 20003a90 <next_buffer_ptr>
100042fc:	20d8a7b3          	sh1add	a5,a7,a3
10004300:	0796                	slli	a5,a5,0x5
10004302:	00b60733          	add	a4,a2,a1
10004306:	979a                	add	a5,a5,t1
10004308:	86e1a7a3          	sw	a4,-1937(gp) # 20003a90 <next_buffer_ptr>
1000430c:	c7d0                	sw	a2,12(a5)
1000430e:	501015b7          	lui	a1,0x50101
10004312:	06b77a63          	bgeu	a4,a1,10004386 <dcd_edpt_open+0x11a>
10004316:	20d8a7b3          	sh1add	a5,a7,a3
1000431a:	0796                	slli	a5,a5,0x5
1000431c:	979a                	add	a5,a5,t1
1000431e:	01b7c703          	lbu	a4,27(a5)
10004322:	501005b7          	lui	a1,0x50100
10004326:	43d4                	lw	a3,4(a5)
10004328:	8e2d                	xor	a2,a2,a1
1000432a:	01a71793          	slli	a5,a4,0x1a
1000432e:	40f2                	lw	ra,28(sp)
10004330:	8fd1                	or	a5,a5,a2
10004332:	29f79793          	bseti	a5,a5,0x1f
10004336:	c29c                	sw	a5,0(a3)
10004338:	4505                	li	a0,1
1000433a:	6105                	addi	sp,sp,32
1000433c:	8082                	ret
1000433e:	501007b7          	lui	a5,0x50100
10004342:	08078793          	addi	a5,a5,128 # 50100080 <__StackTop+0x3007e080>
10004346:	00689593          	slli	a1,a7,0x6
1000434a:	20f8e7b3          	sh3add	a5,a7,a5
1000434e:	959a                	add	a1,a1,t1
10004350:	d59c                	sw	a5,40(a1)
10004352:	0007a023          	sw	zero,0(a5)
10004356:	00089f63          	bnez	a7,10004374 <dcd_edpt_open+0x108>
1000435a:	0696                	slli	a3,a3,0x5
1000435c:	501007b7          	lui	a5,0x50100
10004360:	969a                	add	a3,a3,t1
10004362:	10078793          	addi	a5,a5,256 # 50100100 <__StackTop+0x3007e100>
10004366:	0006a223          	sw	zero,4(a3)
1000436a:	c6dc                	sw	a5,12(a3)
1000436c:	4505                	li	a0,1
1000436e:	8082                	ret
10004370:	4501                	li	a0,0
10004372:	8082                	ret
10004374:	50100537          	lui	a0,0x50100
10004378:	0521                	addi	a0,a0,8 # 50100008 <__StackTop+0x3007e008>
1000437a:	fff88793          	addi	a5,a7,-1
1000437e:	20a7e7b3          	sh3add	a5,a5,a0
10004382:	d1dc                	sw	a5,36(a1)
10004384:	bfb1                	j	100042e0 <dcd_edpt_open+0x74>
10004386:	c63e                	sw	a5,12(sp)
10004388:	c436                	sw	a3,8(sp)
1000438a:	c246                	sw	a7,4(sp)
1000438c:	ee2fd0ef          	jal	10001a6e <hard_assertion_failure>
10004390:	47b2                	lw	a5,12(sp)
10004392:	46a2                	lw	a3,8(sp)
10004394:	4892                	lw	a7,4(sp)
10004396:	47d0                	lw	a2,12(a5)
10004398:	200037b7          	lui	a5,0x20003
1000439c:	5f078313          	addi	t1,a5,1520 # 200035f0 <hw_endpoints>
100043a0:	bf9d                	j	10004316 <dcd_edpt_open+0xaa>

100043a2 <dcd_edpt_close_all>:
100043a2:	0fffc317          	auipc	t1,0xfffc
100043a6:	e2c30067          	jr	-468(t1) # 200001ce <reset_non_control_endpoints>

100043aa <dcd_edpt_xfer>:
100043aa:	07f5f793          	andi	a5,a1,127
100043ae:	819d                	srli	a1,a1,0x7
100043b0:	20b7a7b3          	sh1add	a5,a5,a1
100043b4:	20003537          	lui	a0,0x20003
100043b8:	0796                	slli	a5,a5,0x5
100043ba:	5f050513          	addi	a0,a0,1520 # 200035f0 <hw_endpoints>
100043be:	1141                	addi	sp,sp,-16
100043c0:	85b2                	mv	a1,a2
100043c2:	953e                	add	a0,a0,a5
100043c4:	8636                	mv	a2,a3
100043c6:	c606                	sw	ra,12(sp)
100043c8:	205d                	jal	1000446e <hw_endpoint_xfer_start>
100043ca:	40b2                	lw	ra,12(sp)
100043cc:	4505                	li	a0,1
100043ce:	0141                	addi	sp,sp,16
100043d0:	8082                	ret

100043d2 <dcd_edpt_stall>:
100043d2:	07f5f513          	andi	a0,a1,127
100043d6:	e519                	bnez	a0,100043e4 <dcd_edpt_stall+0x12>
100043d8:	0015b793          	seqz	a5,a1
100043dc:	0785                	addi	a5,a5,1
100043de:	50112737          	lui	a4,0x50112
100043e2:	d73c                	sw	a5,104(a4)
100043e4:	819d                	srli	a1,a1,0x7
100043e6:	20b52533          	sh1add	a0,a0,a1
100043ea:	200037b7          	lui	a5,0x20003
100043ee:	0516                	slli	a0,a0,0x5
100043f0:	5f078793          	addi	a5,a5,1520 # 200035f0 <hw_endpoints>
100043f4:	953e                	add	a0,a0,a5
100043f6:	28b01613          	bseti	a2,zero,0xb
100043fa:	4581                	li	a1,0
100043fc:	0fffc317          	auipc	t1,0xfffc
10004400:	6d030067          	jr	1744(t1) # 20000acc <_hw_endpoint_buffer_control_update32>

10004404 <dcd_edpt_clear_stall>:
10004404:	07f5f793          	andi	a5,a1,127
10004408:	e391                	bnez	a5,1000440c <dcd_edpt_clear_stall+0x8>
1000440a:	8082                	ret
1000440c:	819d                	srli	a1,a1,0x7
1000440e:	20b7a7b3          	sh1add	a5,a5,a1
10004412:	20003537          	lui	a0,0x20003
10004416:	0796                	slli	a5,a5,0x5
10004418:	5f050513          	addi	a0,a0,1520 # 200035f0 <hw_endpoints>
1000441c:	75fd                	lui	a1,0xfffff
1000441e:	953e                	add	a0,a0,a5
10004420:	7ff58593          	addi	a1,a1,2047 # fffff7ff <__StackTop+0xdff7d7ff>
10004424:	4601                	li	a2,0
10004426:	000501a3          	sb	zero,3(a0)
1000442a:	0fffc317          	auipc	t1,0xfffc
1000442e:	6a230067          	jr	1698(t1) # 20000acc <_hw_endpoint_buffer_control_update32>

10004432 <rp2040_usb_init>:
10004432:	1141                	addi	sp,sp,-16
10004434:	c606                	sw	ra,12(sp)
10004436:	400227b7          	lui	a5,0x40022
1000443a:	100006b7          	lui	a3,0x10000
1000443e:	c394                	sw	a3,0(a5)
10004440:	40020737          	lui	a4,0x40020
10004444:	400237b7          	lui	a5,0x40023
10004448:	c394                	sw	a3,0(a5)
1000444a:	0721                	addi	a4,a4,8 # 40020008 <__StackTop+0x1ff9e008>
1000444c:	431c                	lw	a5,0(a4)
1000444e:	40f6f7b3          	andn	a5,a3,a5
10004452:	ffed                	bnez	a5,1000444c <rp2040_usb_init+0x1a>
10004454:	6605                	lui	a2,0x1
10004456:	4581                	li	a1,0
10004458:	50100537          	lui	a0,0x50100
1000445c:	2b0020ef          	jal	1000670c <memset>
10004460:	40b2                	lw	ra,12(sp)
10004462:	501107b7          	lui	a5,0x50110
10004466:	4725                	li	a4,9
10004468:	dbf8                	sw	a4,116(a5)
1000446a:	0141                	addi	sp,sp,16
1000446c:	8082                	ret

1000446e <hw_endpoint_xfer_start>:
1000446e:	1141                	addi	sp,sp,-16
10004470:	c422                	sw	s0,8(sp)
10004472:	c606                	sw	ra,12(sp)
10004474:	4785                	li	a5,1
10004476:	00c51a23          	sh	a2,20(a0) # 50100014 <__StackTop+0x3007e014>
1000447a:	00051b23          	sh	zero,22(a0)
1000447e:	c90c                	sw	a1,16(a0)
10004480:	00f50d23          	sb	a5,26(a0)
10004484:	842a                	mv	s0,a0
10004486:	0fffc097          	auipc	ra,0xfffc
1000448a:	5ec080e7          	jalr	1516(ra) # 20000a72 <e15_is_bulkin_ep>
1000448e:	c519                	beqz	a0,1000449c <hw_endpoint_xfer_start+0x2e>
10004490:	501127b7          	lui	a5,0x50112
10004494:	00020737          	lui	a4,0x20
10004498:	08e7a823          	sw	a4,144(a5) # 50112090 <__StackTop+0x30090090>
1000449c:	8522                	mv	a0,s0
1000449e:	0fffc097          	auipc	ra,0xfffc
100044a2:	5fc080e7          	jalr	1532(ra) # 20000a9a <e15_is_critical_frame_period>
100044a6:	c901                	beqz	a0,100044b6 <hw_endpoint_xfer_start+0x48>
100044a8:	4785                	li	a5,1
100044aa:	00f40e23          	sb	a5,28(s0)
100044ae:	40b2                	lw	ra,12(sp)
100044b0:	4422                	lw	s0,8(sp)
100044b2:	0141                	addi	sp,sp,16
100044b4:	8082                	ret
100044b6:	8522                	mv	a0,s0
100044b8:	4422                	lw	s0,8(sp)
100044ba:	40b2                	lw	ra,12(sp)
100044bc:	0141                	addi	sp,sp,16
100044be:	0fffc317          	auipc	t1,0xfffc
100044c2:	65e30067          	jr	1630(t1) # 20000b1c <hw_endpoint_start_next_buffer>

100044c6 <configuration_reset>:
100044c6:	1101                	addi	sp,sp,-32
100044c8:	ca26                	sw	s1,20(sp)
100044ca:	c64e                	sw	s3,12(sp)
100044cc:	100079b7          	lui	s3,0x10007
100044d0:	cc22                	sw	s0,24(sp)
100044d2:	c84a                	sw	s2,16(sp)
100044d4:	c452                	sw	s4,8(sp)
100044d6:	8871c703          	lbu	a4,-1913(gp) # 20003aa8 <_app_driver_count>
100044da:	ce06                	sw	ra,28(sp)
100044dc:	892a                	mv	s2,a0
100044de:	f3098993          	addi	s3,s3,-208 # 10006f30 <_usbd_driver>
100044e2:	4401                	li	s0,0
100044e4:	4781                	li	a5,0
100044e6:	a00d                	j	10004508 <configuration_reset+0x42>
100044e8:	88b1a783          	lw	a5,-1909(gp) # 20003aac <_app_driver>
100044ec:	97b6                	add	a5,a5,a3
100044ee:	cbbd                	beqz	a5,10004564 <configuration_reset+0x9e>
100044f0:	47dc                	lw	a5,12(a5)
100044f2:	854a                	mv	a0,s2
100044f4:	0405                	addi	s0,s0,1
100044f6:	9782                	jalr	a5
100044f8:	8871c703          	lbu	a4,-1913(gp) # 20003aa8 <_app_driver_count>
100044fc:	9c61                	zext.b	s0,s0
100044fe:	87a2                	mv	a5,s0
10004500:	00170693          	addi	a3,a4,1 # 20001 <HeapSize+0x1f801>
10004504:	0086ca63          	blt	a3,s0,10004518 <configuration_reset+0x52>
10004508:	8f99                	sub	a5,a5,a4
1000450a:	00541693          	slli	a3,s0,0x5
1000450e:	0796                	slli	a5,a5,0x5
10004510:	fce46ce3          	bltu	s0,a4,100044e8 <configuration_reset+0x22>
10004514:	97ce                	add	a5,a5,s3
10004516:	bfe9                	j	100044f0 <configuration_reset+0x2a>
10004518:	20003537          	lui	a0,0x20003
1000451c:	1c050513          	addi	a0,a0,448 # 200031c0 <_usbd_dev>
10004520:	05400613          	li	a2,84
10004524:	4581                	li	a1,0
10004526:	1e6020ef          	jal	1000670c <memset>
1000452a:	200036b7          	lui	a3,0x20003
1000452e:	57fd                	li	a5,-1
10004530:	1c468693          	addi	a3,a3,452 # 200031c4 <_usbd_dev+0x4>
10004534:	20003737          	lui	a4,0x20003
10004538:	c6dc                	sw	a5,12(a3)
1000453a:	c69c                	sw	a5,8(a3)
1000453c:	1d470713          	addi	a4,a4,468 # 200031d4 <_usbd_dev+0x14>
10004540:	c2dc                	sw	a5,4(a3)
10004542:	c29c                	sw	a5,0(a3)
10004544:	c31c                	sw	a5,0(a4)
10004546:	c35c                	sw	a5,4(a4)
10004548:	c71c                	sw	a5,8(a4)
1000454a:	c75c                	sw	a5,12(a4)
1000454c:	cb1c                	sw	a5,16(a4)
1000454e:	cb5c                	sw	a5,20(a4)
10004550:	cf1c                	sw	a5,24(a4)
10004552:	cf5c                	sw	a5,28(a4)
10004554:	40f2                	lw	ra,28(sp)
10004556:	4462                	lw	s0,24(sp)
10004558:	44d2                	lw	s1,20(sp)
1000455a:	4942                	lw	s2,16(sp)
1000455c:	49b2                	lw	s3,12(sp)
1000455e:	4a22                	lw	s4,8(sp)
10004560:	6105                	addi	sp,sp,32
10004562:	8082                	ret
10004564:	9002                	ebreak
10004566:	40f2                	lw	ra,28(sp)
10004568:	4462                	lw	s0,24(sp)
1000456a:	44d2                	lw	s1,20(sp)
1000456c:	4942                	lw	s2,16(sp)
1000456e:	49b2                	lw	s3,12(sp)
10004570:	4a22                	lw	s4,8(sp)
10004572:	6105                	addi	sp,sp,32
10004574:	8082                	ret

10004576 <tud_event_hook_cb>:
10004576:	8082                	ret

10004578 <tud_sof_cb>:
10004578:	8082                	ret

1000457a <tud_descriptor_device_qualifier_cb>:
1000457a:	4501                	li	a0,0
1000457c:	8082                	ret

1000457e <tud_descriptor_other_speed_configuration_cb>:
1000457e:	4501                	li	a0,0
10004580:	8082                	ret

10004582 <tud_mount_cb>:
10004582:	8082                	ret

10004584 <tud_umount_cb>:
10004584:	8082                	ret

10004586 <tud_suspend_cb>:
10004586:	8082                	ret

10004588 <tud_resume_cb>:
10004588:	8082                	ret

1000458a <tud_mounted>:
1000458a:	200037b7          	lui	a5,0x20003
1000458e:	1c078793          	addi	a5,a5,448 # 200031c0 <_usbd_dev>
10004592:	83c8                	lbu	a0,1(a5)
10004594:	00a03533          	snez	a0,a0
10004598:	8082                	ret

1000459a <tud_suspended>:
1000459a:	200037b7          	lui	a5,0x20003
1000459e:	1c078793          	addi	a5,a5,448 # 200031c0 <_usbd_dev>
100045a2:	4388                	lw	a0,0(a5)
100045a4:	48255513          	bexti	a0,a0,0x2
100045a8:	8082                	ret

100045aa <tud_rhport_init>:
100045aa:	1101                	addi	sp,sp,-32
100045ac:	c452                	sw	s4,8(sp)
100045ae:	20003a37          	lui	s4,0x20003
100045b2:	e5ea4703          	lbu	a4,-418(s4) # 20002e5e <_usbd_rhport>
100045b6:	ce06                	sw	ra,28(sp)
100045b8:	0ff00793          	li	a5,255
100045bc:	0ef71663          	bne	a4,a5,100046a8 <tud_rhport_init+0xfe>
100045c0:	0e058963          	beqz	a1,100046b2 <tud_rhport_init+0x108>
100045c4:	c256                	sw	s5,4(sp)
100045c6:	c05a                	sw	s6,0(sp)
100045c8:	aeba                	cm.mvsa01	s5,s6
100045ca:	20003537          	lui	a0,0x20003
100045ce:	05400613          	li	a2,84
100045d2:	4581                	li	a1,0
100045d4:	1c050513          	addi	a0,a0,448 # 200031c0 <_usbd_dev>
100045d8:	cc22                	sw	s0,24(sp)
100045da:	ca26                	sw	s1,20(sp)
100045dc:	c84a                	sw	s2,16(sp)
100045de:	c64e                	sw	s3,12(sp)
100045e0:	12c020ef          	jal	1000670c <memset>
100045e4:	87b18513          	addi	a0,gp,-1925 # 20003a9c <_ubsd_mutexdef>
100045e8:	880187a3          	sb	zero,-1905(gp) # 20003ab0 <_usbd_queued_setup>
100045ec:	e08fc0ef          	jal	10000bf4 <mutex_init>
100045f0:	20003537          	lui	a0,0x20003
100045f4:	87b18413          	addi	s0,gp,-1925 # 20003a9c <_ubsd_mutexdef>
100045f8:	e5450513          	addi	a0,a0,-428 # 20002e54 <_usbd_qdef+0x14>
100045fc:	8681aba3          	sw	s0,-1929(gp) # 20003a98 <_usbd_mutex>
10004600:	e18fc0ef          	jal	10000c18 <critical_section_init>
10004604:	20003437          	lui	s0,0x20003
10004608:	e4040513          	addi	a0,s0,-448 # 20002e40 <_usbd_qdef>
1000460c:	054020ef          	jal	10006660 <tu_fifo_clear>
10004610:	e4040413          	addi	s0,s0,-448
10004614:	100047b7          	lui	a5,0x10004
10004618:	8881a1a3          	sw	s0,-1917(gp) # 20003aa4 <_usbd_q>
1000461c:	a0678793          	addi	a5,a5,-1530 # 10003a06 <usbd_app_driver_get_cb>
10004620:	c799                	beqz	a5,1000462e <tud_rhport_init+0x84>
10004622:	88718513          	addi	a0,gp,-1913 # 20003aa8 <_app_driver_count>
10004626:	be0ff0ef          	jal	10003a06 <usbd_app_driver_get_cb>
1000462a:	88a1a5a3          	sw	a0,-1909(gp) # 20003aac <_app_driver>
1000462e:	10007937          	lui	s2,0x10007
10004632:	8871c703          	lbu	a4,-1913(gp) # 20003aa8 <_app_driver_count>
10004636:	f3090913          	addi	s2,s2,-208 # 10006f30 <_usbd_driver>
1000463a:	4401                	li	s0,0
1000463c:	4781                	li	a5,0
1000463e:	a00d                	j	10004660 <tud_rhport_init+0xb6>
10004640:	88b1a783          	lw	a5,-1909(gp) # 20003aac <_app_driver>
10004644:	97b6                	add	a5,a5,a3
10004646:	c795                	beqz	a5,10004672 <tud_rhport_init+0xc8>
10004648:	43dc                	lw	a5,4(a5)
1000464a:	c785                	beqz	a5,10004672 <tud_rhport_init+0xc8>
1000464c:	9782                	jalr	a5
1000464e:	8871c703          	lbu	a4,-1913(gp) # 20003aa8 <_app_driver_count>
10004652:	0405                	addi	s0,s0,1
10004654:	9c61                	zext.b	s0,s0
10004656:	00170693          	addi	a3,a4,1
1000465a:	87a2                	mv	a5,s0
1000465c:	0286c763          	blt	a3,s0,1000468a <tud_rhport_init+0xe0>
10004660:	8f99                	sub	a5,a5,a4
10004662:	00541693          	slli	a3,s0,0x5
10004666:	0796                	slli	a5,a5,0x5
10004668:	fce46ce3          	bltu	s0,a4,10004640 <tud_rhport_init+0x96>
1000466c:	97ca                	add	a5,a5,s2
1000466e:	43dc                	lw	a5,4(a5)
10004670:	fff1                	bnez	a5,1000464c <tud_rhport_init+0xa2>
10004672:	9002                	ebreak
10004674:	4462                	lw	s0,24(sp)
10004676:	44d2                	lw	s1,20(sp)
10004678:	4942                	lw	s2,16(sp)
1000467a:	49b2                	lw	s3,12(sp)
1000467c:	4a92                	lw	s5,4(sp)
1000467e:	4b02                	lw	s6,0(sp)
10004680:	4501                	li	a0,0
10004682:	40f2                	lw	ra,28(sp)
10004684:	4a22                	lw	s4,8(sp)
10004686:	6105                	addi	sp,sp,32
10004688:	8082                	ret
1000468a:	aefa                	cm.mva01s	s5,s6
1000468c:	e55a0f23          	sb	s5,-418(s4)
10004690:	aefff0ef          	jal	1000417e <dcd_init>
10004694:	dd79                	beqz	a0,10004672 <tud_rhport_init+0xc8>
10004696:	8556                	mv	a0,s5
10004698:	b8fff0ef          	jal	10004226 <dcd_int_enable>
1000469c:	4462                	lw	s0,24(sp)
1000469e:	44d2                	lw	s1,20(sp)
100046a0:	4942                	lw	s2,16(sp)
100046a2:	49b2                	lw	s3,12(sp)
100046a4:	4a92                	lw	s5,4(sp)
100046a6:	4b02                	lw	s6,0(sp)
100046a8:	40f2                	lw	ra,28(sp)
100046aa:	4a22                	lw	s4,8(sp)
100046ac:	4505                	li	a0,1
100046ae:	6105                	addi	sp,sp,32
100046b0:	8082                	ret
100046b2:	9002                	ebreak
100046b4:	4501                	li	a0,0
100046b6:	b7f1                	j	10004682 <tud_rhport_init+0xd8>

100046b8 <tud_task_ext>:
100046b8:	7159                	addi	sp,sp,-112
100046ba:	c8da                	sw	s6,80(sp)
100046bc:	20003b37          	lui	s6,0x20003
100046c0:	e5eb4703          	lbu	a4,-418(s6) # 20002e5e <_usbd_rhport>
100046c4:	d686                	sw	ra,108(sp)
100046c6:	0ff00793          	li	a5,255
100046ca:	1ef70863          	beq	a4,a5,100048ba <tud_task_ext+0x202>
100046ce:	d4a2                	sw	s0,104(sp)
100046d0:	cece                	sw	s3,92(sp)
100046d2:	10007437          	lui	s0,0x10007
100046d6:	200039b7          	lui	s3,0x20003
100046da:	d2a6                	sw	s1,100(sp)
100046dc:	d0ca                	sw	s2,96(sp)
100046de:	ccd2                	sw	s4,88(sp)
100046e0:	cad6                	sw	s5,84(sp)
100046e2:	c6de                	sw	s7,76(sp)
100046e4:	e8840413          	addi	s0,s0,-376 # 10006e88 <usbd_desc_device+0x14>
100046e8:	1c098993          	addi	s3,s3,448 # 200031c0 <_usbd_dev>
100046ec:	4921                	li	s2,8
100046ee:	8831ab83          	lw	s7,-1917(gp) # 20003aa4 <_usbd_q>
100046f2:	014ba783          	lw	a5,20(s7)
100046f6:	30047773          	csrrci	a4,mstatus,8
100046fa:	00379693          	slli	a3,a5,0x3
100046fe:	28d016b3          	bset	a3,zero,a3
10004702:	9bf1                	andi	a5,a5,-4
10004704:	44d7a62f          	amoor.w.aq	a2,a3,(a5)
10004708:	8e75                	and	a2,a2,a3
1000470a:	fe6d                	bnez	a2,10004704 <tud_task_ext+0x4c>
1000470c:	0330000f          	fence	rw,rw
10004710:	00ebac23          	sw	a4,24(s7)
10004714:	104c                	addi	a1,sp,36
10004716:	855e                	mv	a0,s7
10004718:	2bd010ef          	jal	100061d4 <tu_fifo_read>
1000471c:	014ba703          	lw	a4,20(s7)
10004720:	018ba783          	lw	a5,24(s7)
10004724:	0330000f          	fence	rw,rw
10004728:	00070023          	sb	zero,0(a4)
1000472c:	8ba1                	andi	a5,a5,8
1000472e:	3007a073          	csrs	mstatus,a5
10004732:	16050d63          	beqz	a0,100048ac <tud_task_ext+0x1f4>
10004736:	02514783          	lbu	a5,37(sp)
1000473a:	16f96263          	bltu	s2,a5,1000489e <tud_task_ext+0x1e6>
1000473e:	2087c7b3          	sh2add	a5,a5,s0
10004742:	439c                	lw	a5,0(a5)
10004744:	8782                	jr	a5
10004746:	57a2                	lw	a5,40(sp)
10004748:	d3dd                	beqz	a5,100046ee <tud_task_ext+0x36>
1000474a:	5532                	lw	a0,44(sp)
1000474c:	9782                	jalr	a5
1000474e:	b745                	j	100046ee <tud_task_ext+0x36>
10004750:	02814583          	lbu	a1,40(sp)
10004754:	07f5f693          	andi	a3,a1,127
10004758:	0075d713          	srli	a4,a1,0x7
1000475c:	2136a7b3          	sh1add	a5,a3,s3
10004760:	97ba                	add	a5,a5,a4
10004762:	0347c703          	lbu	a4,52(a5)
10004766:	9b79                	andi	a4,a4,-2
10004768:	02e78a23          	sb	a4,52(a5)
1000476c:	0347c703          	lbu	a4,52(a5)
10004770:	9b6d                	andi	a4,a4,-5
10004772:	02e78a23          	sb	a4,52(a5)
10004776:	14068663          	beqz	a3,100048c2 <tud_task_ext+0x20a>
1000477a:	0147c783          	lbu	a5,20(a5)
1000477e:	8871c703          	lbu	a4,-1913(gp) # 20003aa8 <_app_driver_count>
10004782:	12e7f063          	bgeu	a5,a4,100048a2 <tud_task_ext+0x1ea>
10004786:	88b1a703          	lw	a4,-1909(gp) # 20003aac <_app_driver>
1000478a:	0796                	slli	a5,a5,0x5
1000478c:	97ba                	add	a5,a5,a4
1000478e:	10078e63          	beqz	a5,100048aa <tud_task_ext+0x1f2>
10004792:	4f9c                	lw	a5,24(a5)
10004794:	56b2                	lw	a3,44(sp)
10004796:	02914603          	lbu	a2,41(sp)
1000479a:	02414503          	lbu	a0,36(sp)
1000479e:	9782                	jalr	a5
100047a0:	b7b9                	j	100046ee <tud_task_ext+0x36>
100047a2:	88f1c783          	lbu	a5,-1905(gp) # 20003ab0 <_usbd_queued_setup>
100047a6:	10078263          	beqz	a5,100048aa <tud_task_ext+0x1f2>
100047aa:	88f1c783          	lbu	a5,-1905(gp) # 20003ab0 <_usbd_queued_setup>
100047ae:	17fd                	addi	a5,a5,-1
100047b0:	88f187a3          	sb	a5,-1905(gp) # 20003ab0 <_usbd_queued_setup>
100047b4:	88f1c783          	lbu	a5,-1905(gp) # 20003ab0 <_usbd_queued_setup>
100047b8:	fb9d                	bnez	a5,100046ee <tud_task_ext+0x36>
100047ba:	200037b7          	lui	a5,0x20003
100047be:	1c078b93          	addi	s7,a5,448 # 200031c0 <_usbd_dev>
100047c2:	000bc783          	lbu	a5,0(s7)
100047c6:	c4e2                	sw	s8,72(sp)
100047c8:	4501                	li	a0,0
100047ca:	0017e793          	ori	a5,a5,1
100047ce:	00fb8023          	sb	a5,0(s7)
100047d2:	034bc783          	lbu	a5,52(s7)
100047d6:	02414c03          	lbu	s8,36(sp)
100047da:	9bf9                	andi	a5,a5,-2
100047dc:	02fb8a23          	sb	a5,52(s7)
100047e0:	034bc783          	lbu	a5,52(s7)
100047e4:	9bed                	andi	a5,a5,-5
100047e6:	02fb8a23          	sb	a5,52(s7)
100047ea:	035bc783          	lbu	a5,53(s7)
100047ee:	9bf9                	andi	a5,a5,-2
100047f0:	02fb8aa3          	sb	a5,53(s7)
100047f4:	035bc783          	lbu	a5,53(s7)
100047f8:	9bed                	andi	a5,a5,-5
100047fa:	02fb8aa3          	sb	a5,53(s7)
100047fe:	149000ef          	jal	10005146 <usbd_control_set_complete_callback>
10004802:	02814783          	lbu	a5,40(sp)
10004806:	06000713          	li	a4,96
1000480a:	8ff9                	and	a5,a5,a4
1000480c:	00e78f63          	beq	a5,a4,1000482a <tud_task_ext+0x172>
10004810:	04000713          	li	a4,64
10004814:	0ee78963          	beq	a5,a4,10004906 <tud_task_ext+0x24e>
10004818:	5722                	lw	a4,40(sp)
1000481a:	4685                	li	a3,1
1000481c:	8b7d                	andi	a4,a4,31
1000481e:	14d70f63          	beq	a4,a3,1000497c <tud_task_ext+0x2c4>
10004822:	4689                	li	a3,2
10004824:	10d70063          	beq	a4,a3,10004924 <tud_task_ext+0x26c>
10004828:	cf4d                	beqz	a4,100048e2 <tud_task_ext+0x22a>
1000482a:	9002                	ebreak
1000482c:	02414503          	lbu	a0,36(sp)
10004830:	4581                	li	a1,0
10004832:	ba1ff0ef          	jal	100043d2 <dcd_edpt_stall>
10004836:	02414503          	lbu	a0,36(sp)
1000483a:	08000593          	li	a1,128
1000483e:	b95ff0ef          	jal	100043d2 <dcd_edpt_stall>
10004842:	4c26                	lw	s8,72(sp)
10004844:	b56d                	j	100046ee <tud_task_ext+0x36>
10004846:	0009a783          	lw	a5,0(s3)
1000484a:	8b85                	andi	a5,a5,1
1000484c:	ea0781e3          	beqz	a5,100046ee <tud_task_ext+0x36>
10004850:	3b25                	jal	10004588 <tud_resume_cb>
10004852:	bd71                	j	100046ee <tud_task_ext+0x36>
10004854:	02414503          	lbu	a0,36(sp)
10004858:	c6fff0ef          	jal	100044c6 <configuration_reset>
1000485c:	0cd000ef          	jal	10005128 <usbd_control_reset>
10004860:	57a2                	lw	a5,40(sp)
10004862:	00f98123          	sb	a5,2(s3)
10004866:	b561                	j	100046ee <tud_task_ext+0x36>
10004868:	0039c783          	lbu	a5,3(s3)
1000486c:	8b85                	andi	a5,a5,1
1000486e:	e80780e3          	beqz	a5,100046ee <tud_task_ext+0x36>
10004872:	5522                	lw	a0,40(sp)
10004874:	3311                	jal	10004578 <tud_sof_cb>
10004876:	bda5                	j	100046ee <tud_task_ext+0x36>
10004878:	02414503          	lbu	a0,36(sp)
1000487c:	c4bff0ef          	jal	100044c6 <configuration_reset>
10004880:	0a9000ef          	jal	10005128 <usbd_control_reset>
10004884:	3301                	jal	10004584 <tud_umount_cb>
10004886:	b5a5                	j	100046ee <tud_task_ext+0x36>
10004888:	0009a783          	lw	a5,0(s3)
1000488c:	8b85                	andi	a5,a5,1
1000488e:	e60780e3          	beqz	a5,100046ee <tud_task_ext+0x36>
10004892:	0009a503          	lw	a0,0(s3)
10004896:	48355513          	bexti	a0,a0,0x3
1000489a:	31f5                	jal	10004586 <tud_suspend_cb>
1000489c:	bd89                	j	100046ee <tud_task_ext+0x36>
1000489e:	9002                	ebreak
100048a0:	b5b9                	j	100046ee <tud_task_ext+0x36>
100048a2:	00170693          	addi	a3,a4,1
100048a6:	02f6d663          	bge	a3,a5,100048d2 <tud_task_ext+0x21a>
100048aa:	9002                	ebreak
100048ac:	5426                	lw	s0,104(sp)
100048ae:	5496                	lw	s1,100(sp)
100048b0:	5906                	lw	s2,96(sp)
100048b2:	49f6                	lw	s3,92(sp)
100048b4:	4a66                	lw	s4,88(sp)
100048b6:	4ad6                	lw	s5,84(sp)
100048b8:	4bb6                	lw	s7,76(sp)
100048ba:	50b6                	lw	ra,108(sp)
100048bc:	4b46                	lw	s6,80(sp)
100048be:	6165                	addi	sp,sp,112
100048c0:	8082                	ret
100048c2:	56b2                	lw	a3,44(sp)
100048c4:	02914603          	lbu	a2,41(sp)
100048c8:	02414503          	lbu	a0,36(sp)
100048cc:	0d3000ef          	jal	1000519e <usbd_control_xfer_cb>
100048d0:	bd39                	j	100046ee <tud_task_ext+0x36>
100048d2:	8f99                	sub	a5,a5,a4
100048d4:	10007737          	lui	a4,0x10007
100048d8:	0796                	slli	a5,a5,0x5
100048da:	f3070713          	addi	a4,a4,-208 # 10006f30 <_usbd_driver>
100048de:	97ba                	add	a5,a5,a4
100048e0:	bd4d                	j	10004792 <tud_task_ext+0xda>
100048e2:	02000713          	li	a4,32
100048e6:	22e78463          	beq	a5,a4,10004b0e <tud_task_ext+0x456>
100048ea:	f3a1                	bnez	a5,1000482a <tud_task_ext+0x172>
100048ec:	02914783          	lbu	a5,41(sp)
100048f0:	4725                	li	a4,9
100048f2:	f2f76ce3          	bltu	a4,a5,1000482a <tud_task_ext+0x172>
100048f6:	10007737          	lui	a4,0x10007
100048fa:	eac70713          	addi	a4,a4,-340 # 10006eac <usbd_desc_device+0x38>
100048fe:	20e7c7b3          	sh2add	a5,a5,a4
10004902:	439c                	lw	a5,0(a5)
10004904:	8782                	jr	a5
10004906:	10004537          	lui	a0,0x10004
1000490a:	9ca50513          	addi	a0,a0,-1590 # 100039ca <tud_vendor_control_xfer_cb>
1000490e:	039000ef          	jal	10005146 <usbd_control_set_complete_callback>
10004912:	8562                	mv	a0,s8
10004914:	1030                	addi	a2,sp,40
10004916:	4585                	li	a1,1
10004918:	8b2ff0ef          	jal	100039ca <tud_vendor_control_xfer_cb>
1000491c:	f00508e3          	beqz	a0,1000482c <tud_task_ext+0x174>
10004920:	4c26                	lw	s8,72(sp)
10004922:	b3f1                	j	100046ee <tud_task_ext+0x36>
10004924:	02c14583          	lbu	a1,44(sp)
10004928:	0705f713          	andi	a4,a1,112
1000492c:	ee071fe3          	bnez	a4,1000482a <tud_task_ext+0x172>
10004930:	07f5f713          	andi	a4,a1,127
10004934:	217726b3          	sh1add	a3,a4,s7
10004938:	0075d813          	srli	a6,a1,0x7
1000493c:	96c2                	add	a3,a3,a6
1000493e:	0146c683          	lbu	a3,20(a3)
10004942:	8871c603          	lbu	a2,-1913(gp) # 20003aa8 <_app_driver_count>
10004946:	0ac6e763          	bltu	a3,a2,100049f4 <tud_task_ext+0x33c>
1000494a:	00160513          	addi	a0,a2,1 # 1001 <HeapSize+0x801>
1000494e:	20d54063          	blt	a0,a3,10004b4e <tud_task_ext+0x496>
10004952:	8e91                	sub	a3,a3,a2
10004954:	10007637          	lui	a2,0x10007
10004958:	0696                	slli	a3,a3,0x5
1000495a:	f3060613          	addi	a2,a2,-208 # 10006f30 <_usbd_driver>
1000495e:	96b2                	add	a3,a3,a2
10004960:	1e078a63          	beqz	a5,10004b54 <tud_task_ext+0x49c>
10004964:	4ac8                	lw	a0,20(a3)
10004966:	c236                	sw	a3,4(sp)
10004968:	7de000ef          	jal	10005146 <usbd_control_set_complete_callback>
1000496c:	4692                	lw	a3,4(sp)
1000496e:	8562                	mv	a0,s8
10004970:	1030                	addi	a2,sp,40
10004972:	4adc                	lw	a5,20(a3)
10004974:	4585                	li	a1,1
10004976:	9782                	jalr	a5
10004978:	f545                	bnez	a0,10004920 <tud_task_ext+0x268>
1000497a:	bd4d                	j	1000482c <tud_task_ext+0x174>
1000497c:	02c14683          	lbu	a3,44(sp)
10004980:	473d                	li	a4,15
10004982:	ead765e3          	bltu	a4,a3,1000482c <tud_task_ext+0x174>
10004986:	00db87b3          	add	a5,s7,a3
1000498a:	0047c783          	lbu	a5,4(a5)
1000498e:	8871c703          	lbu	a4,-1913(gp) # 20003aa8 <_app_driver_count>
10004992:	06e7ea63          	bltu	a5,a4,10004a06 <tud_task_ext+0x34e>
10004996:	00170693          	addi	a3,a4,1
1000499a:	e8f6c9e3          	blt	a3,a5,1000482c <tud_task_ext+0x174>
1000499e:	40e78bb3          	sub	s7,a5,a4
100049a2:	100077b7          	lui	a5,0x10007
100049a6:	0b96                	slli	s7,s7,0x5
100049a8:	f3078793          	addi	a5,a5,-208 # 10006f30 <_usbd_driver>
100049ac:	9bbe                	add	s7,s7,a5
100049ae:	014ba503          	lw	a0,20(s7)
100049b2:	794000ef          	jal	10005146 <usbd_control_set_complete_callback>
100049b6:	014ba783          	lw	a5,20(s7)
100049ba:	1030                	addi	a2,sp,40
100049bc:	8562                	mv	a0,s8
100049be:	4585                	li	a1,1
100049c0:	9782                	jalr	a5
100049c2:	fd39                	bnez	a0,10004920 <tud_task_ext+0x268>
100049c4:	02814783          	lbu	a5,40(sp)
100049c8:	0607f793          	andi	a5,a5,96
100049cc:	e60790e3          	bnez	a5,1000482c <tud_task_ext+0x174>
100049d0:	02914783          	lbu	a5,41(sp)
100049d4:	4b85                	li	s7,1
100049d6:	17d9                	addi	a5,a5,-10
100049d8:	e4fbeae3          	bltu	s7,a5,1000482c <tud_task_ext+0x174>
100049dc:	76a000ef          	jal	10005146 <usbd_control_set_complete_callback>
100049e0:	02914703          	lbu	a4,41(sp)
100049e4:	47a9                	li	a5,10
100049e6:	24f70263          	beq	a4,a5,10004c2a <tud_task_ext+0x572>
100049ea:	8562                	mv	a0,s8
100049ec:	102c                	addi	a1,sp,40
100049ee:	2bdd                	jal	10004fe4 <tud_control_status>
100049f0:	4c26                	lw	s8,72(sp)
100049f2:	b9f5                	j	100046ee <tud_task_ext+0x36>
100049f4:	88b1a603          	lw	a2,-1909(gp) # 20003aac <_app_driver>
100049f8:	0696                	slli	a3,a3,0x5
100049fa:	96b2                	add	a3,a3,a2
100049fc:	14078c63          	beqz	a5,10004b54 <tud_task_ext+0x49c>
10004a00:	e20686e3          	beqz	a3,1000482c <tud_task_ext+0x174>
10004a04:	b785                	j	10004964 <tud_task_ext+0x2ac>
10004a06:	88b1a703          	lw	a4,-1909(gp) # 20003aac <_app_driver>
10004a0a:	0796                	slli	a5,a5,0x5
10004a0c:	00f70bb3          	add	s7,a4,a5
10004a10:	f80b9fe3          	bnez	s7,100049ae <tud_task_ext+0x2f6>
10004a14:	bd21                	j	1000482c <tud_task_ext+0x174>
10004a16:	02a14783          	lbu	a5,42(sp)
10004a1a:	001bc703          	lbu	a4,1(s7)
10004a1e:	1ee78063          	beq	a5,a4,10004bfe <tud_task_ext+0x546>
10004a22:	001bc703          	lbu	a4,1(s7)
10004a26:	32071363          	bnez	a4,10004d4c <tud_task_ext+0x694>
10004a2a:	00fb80a3          	sb	a5,1(s7)
10004a2e:	1c078663          	beqz	a5,10004bfa <tud_task_ext+0x542>
10004a32:	17fd                	addi	a5,a5,-1
10004a34:	0ff7f513          	zext.b	a0,a5
10004a38:	c8aff0ef          	jal	10003ec2 <tud_descriptor_configuration_cb>
10004a3c:	c901                	beqz	a0,10004a4c <tud_task_ext+0x394>
10004a3e:	c2e6                	sw	s9,68(sp)
10004a40:	815c                	lbu	a5,1(a0)
10004a42:	8cbe                	mv	s9,a5
10004a44:	4789                	li	a5,2
10004a46:	20fc8f63          	beq	s9,a5,10004c64 <tud_task_ext+0x5ac>
10004a4a:	4c96                	lw	s9,68(sp)
10004a4c:	9002                	ebreak
10004a4e:	9002                	ebreak
10004a50:	000b80a3          	sb	zero,1(s7)
10004a54:	bbe1                	j	1000482c <tud_task_ext+0x174>
10004a56:	001bc783          	lbu	a5,1(s7)
10004a5a:	8562                	mv	a0,s8
10004a5c:	4685                	li	a3,1
10004a5e:	02210613          	addi	a2,sp,34
10004a62:	102c                	addi	a1,sp,40
10004a64:	02f10123          	sb	a5,34(sp)
10004a68:	2bf1                	jal	10005044 <tud_control_xfer>
10004a6a:	4c26                	lw	s8,72(sp)
10004a6c:	b149                	j	100046ee <tud_task_ext+0x36>
10004a6e:	02a15503          	lhu	a0,42(sp)
10004a72:	47bd                	li	a5,15
10004a74:	00855713          	srli	a4,a0,0x8
10004a78:	9d61                	zext.b	a0,a0
10004a7a:	dae7e9e3          	bltu	a5,a4,1000482c <tud_task_ext+0x174>
10004a7e:	100077b7          	lui	a5,0x10007
10004a82:	ed478793          	addi	a5,a5,-300 # 10006ed4 <usbd_desc_device+0x60>
10004a86:	20f747b3          	sh2add	a5,a4,a5
10004a8a:	439c                	lw	a5,0(a5)
10004a8c:	8782                	jr	a5
10004a8e:	1028                	addi	a0,sp,40
10004a90:	25c1                	jal	10005150 <usbd_control_set_request>
10004a92:	02a14583          	lbu	a1,42(sp)
10004a96:	8562                	mv	a0,s8
10004a98:	f96ff0ef          	jal	1000422e <dcd_set_address>
10004a9c:	000bc783          	lbu	a5,0(s7)
10004aa0:	4c26                	lw	s8,72(sp)
10004aa2:	0027e793          	ori	a5,a5,2
10004aa6:	00fb8023          	sb	a5,0(s7)
10004aaa:	b191                	j	100046ee <tud_task_ext+0x36>
10004aac:	02a15703          	lhu	a4,42(sp)
10004ab0:	4785                	li	a5,1
10004ab2:	d6f71de3          	bne	a4,a5,1000482c <tud_task_ext+0x174>
10004ab6:	000bc783          	lbu	a5,0(s7)
10004aba:	8562                	mv	a0,s8
10004abc:	102c                	addi	a1,sp,40
10004abe:	9bdd                	andi	a5,a5,-9
10004ac0:	00fb8023          	sb	a5,0(s7)
10004ac4:	2305                	jal	10004fe4 <tud_control_status>
10004ac6:	4c26                	lw	s8,72(sp)
10004ac8:	b11d                	j	100046ee <tud_task_ext+0x36>
10004aca:	000bc783          	lbu	a5,0(s7)
10004ace:	4689                	li	a3,2
10004ad0:	8562                	mv	a0,s8
10004ad2:	0027d713          	srli	a4,a5,0x2
10004ad6:	8f75                	and	a4,a4,a3
10004ad8:	4857d793          	bexti	a5,a5,0x5
10004adc:	8fd9                	or	a5,a5,a4
10004ade:	02210613          	addi	a2,sp,34
10004ae2:	102c                	addi	a1,sp,40
10004ae4:	02f11123          	sh	a5,34(sp)
10004ae8:	2bb1                	jal	10005044 <tud_control_xfer>
10004aea:	4c26                	lw	s8,72(sp)
10004aec:	b109                	j	100046ee <tud_task_ext+0x36>
10004aee:	02a15703          	lhu	a4,42(sp)
10004af2:	4785                	li	a5,1
10004af4:	d2f71ce3          	bne	a4,a5,1000482c <tud_task_ext+0x174>
10004af8:	000bc783          	lbu	a5,0(s7)
10004afc:	8562                	mv	a0,s8
10004afe:	102c                	addi	a1,sp,40
10004b00:	0087e793          	ori	a5,a5,8
10004b04:	00fb8023          	sb	a5,0(s7)
10004b08:	29f1                	jal	10004fe4 <tud_control_status>
10004b0a:	4c26                	lw	s8,72(sp)
10004b0c:	b6cd                	j	100046ee <tud_task_ext+0x36>
10004b0e:	02c14683          	lbu	a3,44(sp)
10004b12:	473d                	li	a4,15
10004b14:	d0d76ce3          	bltu	a4,a3,1000482c <tud_task_ext+0x174>
10004b18:	00db87b3          	add	a5,s7,a3
10004b1c:	0047c783          	lbu	a5,4(a5)
10004b20:	8871c703          	lbu	a4,-1913(gp) # 20003aa8 <_app_driver_count>
10004b24:	04e7fb63          	bgeu	a5,a4,10004b7a <tud_task_ext+0x4c2>
10004b28:	88b1a703          	lw	a4,-1909(gp) # 20003aac <_app_driver>
10004b2c:	0796                	slli	a5,a5,0x5
10004b2e:	00f70bb3          	add	s7,a4,a5
10004b32:	ce0b8de3          	beqz	s7,1000482c <tud_task_ext+0x174>
10004b36:	014ba503          	lw	a0,20(s7)
10004b3a:	2531                	jal	10005146 <usbd_control_set_complete_callback>
10004b3c:	014ba783          	lw	a5,20(s7)
10004b40:	8562                	mv	a0,s8
10004b42:	1030                	addi	a2,sp,40
10004b44:	4585                	li	a1,1
10004b46:	9782                	jalr	a5
10004b48:	dc051ce3          	bnez	a0,10004920 <tud_task_ext+0x268>
10004b4c:	b1c5                	j	1000482c <tud_task_ext+0x174>
10004b4e:	4681                	li	a3,0
10004b50:	cc079ee3          	bnez	a5,1000482c <tud_task_ext+0x174>
10004b54:	02914783          	lbu	a5,41(sp)
10004b58:	4505                	li	a0,1
10004b5a:	0fd7f613          	andi	a2,a5,253
10004b5e:	02a60b63          	beq	a2,a0,10004b94 <tud_task_ext+0x4dc>
10004b62:	cc0794e3          	bnez	a5,1000482a <tud_task_ext+0x172>
10004b66:	217727b3          	sh1add	a5,a4,s7
10004b6a:	97c2                	add	a5,a5,a6
10004b6c:	0347c783          	lbu	a5,52(a5)
10004b70:	8562                	mv	a0,s8
10004b72:	4689                	li	a3,2
10004b74:	4817d793          	bexti	a5,a5,0x1
10004b78:	b79d                	j	10004ade <tud_task_ext+0x426>
10004b7a:	00170693          	addi	a3,a4,1
10004b7e:	caf6c7e3          	blt	a3,a5,1000482c <tud_task_ext+0x174>
10004b82:	40e78bb3          	sub	s7,a5,a4
10004b86:	100077b7          	lui	a5,0x10007
10004b8a:	0b96                	slli	s7,s7,0x5
10004b8c:	f3078793          	addi	a5,a5,-208 # 10006f30 <_usbd_driver>
10004b90:	9bbe                	add	s7,s7,a5
10004b92:	b755                	j	10004b36 <tud_task_ext+0x47e>
10004b94:	02a15503          	lhu	a0,42(sp)
10004b98:	ed05                	bnez	a0,10004bd0 <tud_task_ext+0x518>
10004b9a:	c636                	sw	a3,12(sp)
10004b9c:	c442                	sw	a6,8(sp)
10004b9e:	c23a                	sw	a4,4(sp)
10004ba0:	e5eb4503          	lbu	a0,-418(s6)
10004ba4:	08c78d63          	beq	a5,a2,10004c3e <tud_task_ext+0x586>
10004ba8:	82bff0ef          	jal	100043d2 <dcd_edpt_stall>
10004bac:	4712                	lw	a4,4(sp)
10004bae:	4822                	lw	a6,8(sp)
10004bb0:	46b2                	lw	a3,12(sp)
10004bb2:	217727b3          	sh1add	a5,a4,s7
10004bb6:	97c2                	add	a5,a5,a6
10004bb8:	0347c703          	lbu	a4,52(a5)
10004bbc:	00276713          	ori	a4,a4,2
10004bc0:	02e78a23          	sb	a4,52(a5)
10004bc4:	0347c703          	lbu	a4,52(a5)
10004bc8:	00176713          	ori	a4,a4,1
10004bcc:	02e78a23          	sb	a4,52(a5)
10004bd0:	d40688e3          	beqz	a3,10004920 <tud_task_ext+0x268>
10004bd4:	4ac8                	lw	a0,20(a3)
10004bd6:	c236                	sw	a3,4(sp)
10004bd8:	23bd                	jal	10005146 <usbd_control_set_complete_callback>
10004bda:	4692                	lw	a3,4(sp)
10004bdc:	1030                	addi	a2,sp,40
10004bde:	4585                	li	a1,1
10004be0:	4adc                	lw	a5,20(a3)
10004be2:	8562                	mv	a0,s8
10004be4:	9782                	jalr	a5
10004be6:	4501                	li	a0,0
10004be8:	2bb9                	jal	10005146 <usbd_control_set_complete_callback>
10004bea:	034ba783          	lw	a5,52(s7)
10004bee:	4887d793          	bexti	a5,a5,0x8
10004bf2:	de078ce3          	beqz	a5,100049ea <tud_task_ext+0x332>
10004bf6:	4c26                	lw	s8,72(sp)
10004bf8:	bcdd                	j	100046ee <tud_task_ext+0x36>
10004bfa:	98bff0ef          	jal	10004584 <tud_umount_cb>
10004bfe:	8562                	mv	a0,s8
10004c00:	102c                	addi	a1,sp,40
10004c02:	26cd                	jal	10004fe4 <tud_control_status>
10004c04:	4c26                	lw	s8,72(sp)
10004c06:	b4e5                	j	100046ee <tud_task_ext+0x36>
10004c08:	db9fe0ef          	jal	100039c0 <tud_descriptor_bos_cb>
10004c0c:	862a                	mv	a2,a0
10004c0e:	c0050fe3          	beqz	a0,1000482c <tud_task_ext+0x174>
10004c12:	827c                	lbu	a5,3(a2)
10004c14:	8234                	lbu	a3,2(a2)
10004c16:	8562                	mv	a0,s8
10004c18:	07a2                	slli	a5,a5,0x8
10004c1a:	8edd                	or	a3,a3,a5
10004c1c:	102c                	addi	a1,sp,40
10004c1e:	211d                	jal	10005044 <tud_control_xfer>
10004c20:	87aa                	mv	a5,a0
10004c22:	c00785e3          	beqz	a5,1000482c <tud_task_ext+0x174>
10004c26:	4c26                	lw	s8,72(sp)
10004c28:	b4d9                	j	100046ee <tud_task_ext+0x36>
10004c2a:	8562                	mv	a0,s8
10004c2c:	86de                	mv	a3,s7
10004c2e:	102c                	addi	a1,sp,40
10004c30:	02210613          	addi	a2,sp,34
10004c34:	02010123          	sb	zero,34(sp)
10004c38:	2131                	jal	10005044 <tud_control_xfer>
10004c3a:	4c26                	lw	s8,72(sp)
10004c3c:	bc4d                	j	100046ee <tud_task_ext+0x36>
10004c3e:	fc6ff0ef          	jal	10004404 <dcd_edpt_clear_stall>
10004c42:	4712                	lw	a4,4(sp)
10004c44:	4822                	lw	a6,8(sp)
10004c46:	46b2                	lw	a3,12(sp)
10004c48:	217727b3          	sh1add	a5,a4,s7
10004c4c:	97c2                	add	a5,a5,a6
10004c4e:	0347c703          	lbu	a4,52(a5)
10004c52:	9b75                	andi	a4,a4,-3
10004c54:	02e78a23          	sb	a4,52(a5)
10004c58:	0347c703          	lbu	a4,52(a5)
10004c5c:	9b79                	andi	a4,a4,-2
10004c5e:	02e78a23          	sb	a4,52(a5)
10004c62:	b7bd                	j	10004bd0 <tud_task_ext+0x518>
10004c64:	c0ea                	sw	s10,64(sp)
10004c66:	de6e                	sw	s11,60(sp)
10004c68:	00754703          	lbu	a4,7(a0)
10004c6c:	200035b7          	lui	a1,0x20003
10004c70:	1c05c683          	lbu	a3,448(a1) # 200031c0 <_usbd_dev>
10004c74:	48675793          	bexti	a5,a4,0x6
10004c78:	48575713          	bexti	a4,a4,0x5
10004c7c:	0712                	slli	a4,a4,0x4
10004c7e:	0796                	slli	a5,a5,0x5
10004c80:	8fd9                	or	a5,a5,a4
10004c82:	fcf6f713          	andi	a4,a3,-49
10004c86:	8fd9                	or	a5,a5,a4
10004c88:	1cf58023          	sb	a5,448(a1)
10004c8c:	817c                	lbu	a5,3(a0)
10004c8e:	8134                	lbu	a3,2(a0)
10004c90:	20003737          	lui	a4,0x20003
10004c94:	07a2                	slli	a5,a5,0x8
10004c96:	8fd5                	or	a5,a5,a3
10004c98:	10007637          	lui	a2,0x10007
10004c9c:	00f50d33          	add	s10,a0,a5
10004ca0:	1d470793          	addi	a5,a4,468 # 200031d4 <_usbd_dev+0x14>
10004ca4:	00950593          	addi	a1,a0,9
10004ca8:	f3060d93          	addi	s11,a2,-208 # 10006f30 <_usbd_driver>
10004cac:	c23e                	sw	a5,4(sp)
10004cae:	09a5f963          	bgeu	a1,s10,10004d40 <tud_task_ext+0x688>
10004cb2:	81dc                	lbu	a5,1(a1)
10004cb4:	472d                	li	a4,11
10004cb6:	4885                	li	a7,1
10004cb8:	00e79763          	bne	a5,a4,10004cc6 <tud_task_ext+0x60e>
10004cbc:	819c                	lbu	a5,0(a1)
10004cbe:	0035c883          	lbu	a7,3(a1)
10004cc2:	95be                	add	a1,a1,a5
10004cc4:	81dc                	lbu	a5,1(a1)
10004cc6:	4711                	li	a4,4
10004cc8:	06e79263          	bne	a5,a4,10004d2c <tud_task_ext+0x674>
10004ccc:	8871c783          	lbu	a5,-1913(gp) # 20003aa8 <_app_driver_count>
10004cd0:	40bd0333          	sub	t1,s10,a1
10004cd4:	08034333          	zext.h	t1,t1
10004cd8:	4681                	li	a3,0
10004cda:	4701                	li	a4,0
10004cdc:	04f6fd63          	bgeu	a3,a5,10004d36 <tud_task_ext+0x67e>
10004ce0:	88b1a783          	lw	a5,-1909(gp) # 20003aac <_app_driver>
10004ce4:	00569613          	slli	a2,a3,0x5
10004ce8:	97b2                	add	a5,a5,a2
10004cea:	c3a9                	beqz	a5,10004d2c <tud_task_ext+0x674>
10004cec:	0107ae03          	lw	t3,16(a5)
10004cf0:	861a                	mv	a2,t1
10004cf2:	8562                	mv	a0,s8
10004cf4:	ce36                	sw	a3,28(sp)
10004cf6:	cc46                	sw	a7,24(sp)
10004cf8:	c61a                	sw	t1,12(sp)
10004cfa:	c42e                	sw	a1,8(sp)
10004cfc:	ca3a                	sw	a4,20(sp)
10004cfe:	c83e                	sw	a5,16(sp)
10004d00:	9e02                	jalr	t3
10004d02:	862a                	mv	a2,a0
10004d04:	00953513          	sltiu	a0,a0,9
10004d08:	45a2                	lw	a1,8(sp)
10004d0a:	4332                	lw	t1,12(sp)
10004d0c:	48e2                	lw	a7,24(sp)
10004d0e:	46f2                	lw	a3,28(sp)
10004d10:	e509                	bnez	a0,10004d1a <tud_task_ext+0x662>
10004d12:	47c2                	lw	a5,16(sp)
10004d14:	4752                	lw	a4,20(sp)
10004d16:	0ac37863          	bgeu	t1,a2,10004dc6 <tud_task_ext+0x70e>
10004d1a:	8871c783          	lbu	a5,-1913(gp) # 20003aa8 <_app_driver_count>
10004d1e:	0685                	addi	a3,a3,1
10004d20:	9ee1                	zext.b	a3,a3
10004d22:	00178613          	addi	a2,a5,1
10004d26:	8736                	mv	a4,a3
10004d28:	fad65ae3          	bge	a2,a3,10004cdc <tud_task_ext+0x624>
10004d2c:	9002                	ebreak
10004d2e:	4c96                	lw	s9,68(sp)
10004d30:	4d06                	lw	s10,64(sp)
10004d32:	5df2                	lw	s11,60(sp)
10004d34:	bb29                	j	10004a4e <tud_task_ext+0x396>
10004d36:	40f707b3          	sub	a5,a4,a5
10004d3a:	0796                	slli	a5,a5,0x5
10004d3c:	97ee                	add	a5,a5,s11
10004d3e:	b77d                	j	10004cec <tud_task_ext+0x634>
10004d40:	843ff0ef          	jal	10004582 <tud_mount_cb>
10004d44:	4c96                	lw	s9,68(sp)
10004d46:	4d06                	lw	s10,64(sp)
10004d48:	5df2                	lw	s11,60(sp)
10004d4a:	bd55                	j	10004bfe <tud_task_ext+0x546>
10004d4c:	4581                	li	a1,0
10004d4e:	8562                	mv	a0,s8
10004d50:	c43e                	sw	a5,8(sp)
10004d52:	ceaff0ef          	jal	1000423c <dcd_sof_enable>
10004d56:	8562                	mv	a0,s8
10004d58:	e4aff0ef          	jal	100043a2 <dcd_edpt_close_all>
10004d5c:	002bc703          	lbu	a4,2(s7)
10004d60:	8562                	mv	a0,s8
10004d62:	c23a                	sw	a4,4(sp)
10004d64:	f62ff0ef          	jal	100044c6 <configuration_reset>
10004d68:	4712                	lw	a4,4(sp)
10004d6a:	47a2                	lw	a5,8(sp)
10004d6c:	00eb8123          	sb	a4,2(s7)
10004d70:	b96d                	j	10004a2a <tud_task_ext+0x372>
10004d72:	809ff0ef          	jal	1000457a <tud_descriptor_device_qualifier_cb>
10004d76:	862a                	mv	a2,a0
10004d78:	aa050ae3          	beqz	a0,1000482c <tud_task_ext+0x174>
10004d7c:	8214                	lbu	a3,0(a2)
10004d7e:	8562                	mv	a0,s8
10004d80:	102c                	addi	a1,sp,40
10004d82:	24c9                	jal	10005044 <tud_control_xfer>
10004d84:	87aa                	mv	a5,a0
10004d86:	ea0790e3          	bnez	a5,10004c26 <tud_task_ext+0x56e>
10004d8a:	b44d                	j	1000482c <tud_task_ext+0x174>
10004d8c:	02c15583          	lhu	a1,44(sp)
10004d90:	93cff0ef          	jal	10003ecc <tud_descriptor_string_cb>
10004d94:	862a                	mv	a2,a0
10004d96:	f17d                	bnez	a0,10004d7c <tud_task_ext+0x6c4>
10004d98:	bc51                	j	1000482c <tud_task_ext+0x174>
10004d9a:	4789                	li	a5,2
10004d9c:	08f70863          	beq	a4,a5,10004e2c <tud_task_ext+0x774>
10004da0:	fdeff0ef          	jal	1000457e <tud_descriptor_other_speed_configuration_cb>
10004da4:	862a                	mv	a2,a0
10004da6:	e60516e3          	bnez	a0,10004c12 <tud_task_ext+0x55a>
10004daa:	b449                	j	1000482c <tud_task_ext+0x174>
10004dac:	90cff0ef          	jal	10003eb8 <tud_descriptor_device_cb>
10004db0:	862a                	mv	a2,a0
10004db2:	a6050ce3          	beqz	a0,1000482a <tud_task_ext+0x172>
10004db6:	8562                	mv	a0,s8
10004db8:	46c9                	li	a3,18
10004dba:	102c                	addi	a1,sp,40
10004dbc:	2461                	jal	10005044 <tud_control_xfer>
10004dbe:	87aa                	mv	a5,a0
10004dc0:	e60793e3          	bnez	a5,10004c26 <tud_task_ext+0x56e>
10004dc4:	b4a5                	j	1000482c <tud_task_ext+0x174>
10004dc6:	4505                	li	a0,1
10004dc8:	04a88963          	beq	a7,a0,10004e1a <tud_task_ext+0x762>
10004dcc:	02088763          	beqz	a7,10004dfa <tud_task_ext+0x742>
10004dd0:	0025ce03          	lbu	t3,2(a1)
10004dd4:	4781                	li	a5,0
10004dd6:	0ff00313          	li	t1,255
10004dda:	a039                	j	10004de8 <tud_task_ext+0x730>
10004ddc:	0785                	addi	a5,a5,1
10004dde:	9fe1                	zext.b	a5,a5
10004de0:	00d50223          	sb	a3,4(a0)
10004de4:	0117fb63          	bgeu	a5,a7,10004dfa <tud_task_ext+0x742>
10004de8:	00fe0533          	add	a0,t3,a5
10004dec:	9d61                	zext.b	a0,a0
10004dee:	955e                	add	a0,a0,s7
10004df0:	00454e83          	lbu	t4,4(a0)
10004df4:	fe6e84e3          	beq	t4,t1,10004ddc <tud_task_ext+0x724>
10004df8:	bf15                	j	10004d2c <tud_task_ext+0x674>
10004dfa:	4512                	lw	a0,4(sp)
10004dfc:	c83a                	sw	a4,16(sp)
10004dfe:	c632                	sw	a2,12(sp)
10004e00:	c42e                	sw	a1,8(sp)
10004e02:	090010ef          	jal	10005e92 <tu_edpt_bind_driver>
10004e06:	8871c783          	lbu	a5,-1913(gp) # 20003aa8 <_app_driver_count>
10004e0a:	45a2                	lw	a1,8(sp)
10004e0c:	4632                	lw	a2,12(sp)
10004e0e:	4742                	lw	a4,16(sp)
10004e10:	0785                	addi	a5,a5,1
10004e12:	95b2                	add	a1,a1,a2
10004e14:	e8e7dde3          	bge	a5,a4,10004cae <tud_task_ext+0x5f6>
10004e18:	bf11                	j	10004d2c <tud_task_ext+0x674>
10004e1a:	4b88                	lw	a0,16(a5)
10004e1c:	100057b7          	lui	a5,0x10005
10004e20:	71478793          	addi	a5,a5,1812 # 10005714 <cdcd_open>
10004e24:	faf516e3          	bne	a0,a5,10004dd0 <tud_task_ext+0x718>
10004e28:	88e6                	mv	a7,s9
10004e2a:	b75d                	j	10004dd0 <tud_task_ext+0x718>
10004e2c:	896ff0ef          	jal	10003ec2 <tud_descriptor_configuration_cb>
10004e30:	862a                	mv	a2,a0
10004e32:	de0510e3          	bnez	a0,10004c12 <tud_task_ext+0x55a>
10004e36:	bad5                	j	1000482a <tud_task_ext+0x172>

10004e38 <usbd_open_edpt_pair>:
10004e38:	ca55                	beqz	a2,10004eec <usbd_open_edpt_pair+0xb4>
10004e3a:	7179                	addi	sp,sp,-48
10004e3c:	c85a                	sw	s6,16(sp)
10004e3e:	20003b37          	lui	s6,0x20003
10004e42:	d422                	sw	s0,40(sp)
10004e44:	d226                	sw	s1,36(sp)
10004e46:	d04a                	sw	s2,32(sp)
10004e48:	ce4e                	sw	s3,28(sp)
10004e4a:	cc52                	sw	s4,24(sp)
10004e4c:	ca56                	sw	s5,20(sp)
10004e4e:	c65e                	sw	s7,12(sp)
10004e50:	c462                	sw	s8,8(sp)
10004e52:	c266                	sw	s9,4(sp)
10004e54:	d606                	sw	ra,44(sp)
10004e56:	c06a                	sw	s10,0(sp)
10004e58:	842e                	mv	s0,a1
10004e5a:	8bbe                	mv	s7,a5
10004e5c:	8aba                	mv	s5,a4
10004e5e:	8936                	mv	s2,a3
10004e60:	84b2                	mv	s1,a2
10004e62:	1c0b0b13          	addi	s6,s6,448 # 200031c0 <_usbd_dev>
10004e66:	4c81                	li	s9,0
10004e68:	4995                	li	s3,5
10004e6a:	20003c37          	lui	s8,0x20003
10004e6e:	4a05                	li	s4,1
10004e70:	a815                	j	10004ea4 <usbd_open_edpt_pair+0x6c>
10004e72:	002b4583          	lbu	a1,2(s6)
10004e76:	e5ec4d03          	lbu	s10,-418(s8) # 20002e5e <_usbd_rhport>
10004e7a:	7ad000ef          	jal	10005e26 <tu_edpt_validate>
10004e7e:	87aa                	mv	a5,a0
10004e80:	85a2                	mv	a1,s0
10004e82:	856a                	mv	a0,s10
10004e84:	cf85                	beqz	a5,10004ebc <usbd_open_edpt_pair+0x84>
10004e86:	be6ff0ef          	jal	1000426c <dcd_edpt_open>
10004e8a:	c915                	beqz	a0,10004ebe <usbd_open_edpt_pair+0x86>
10004e8c:	803c                	lbu	a5,2(s0)
10004e8e:	0077d713          	srli	a4,a5,0x7
10004e92:	05470663          	beq	a4,s4,10004ede <usbd_open_edpt_pair+0xa6>
10004e96:	00fa8023          	sb	a5,0(s5)
10004e9a:	0c85                	addi	s9,s9,1
10004e9c:	05948663          	beq	s1,s9,10004ee8 <usbd_open_edpt_pair+0xb0>
10004ea0:	801c                	lbu	a5,0(s0)
10004ea2:	943e                	add	s0,s0,a5
10004ea4:	805c                	lbu	a5,1(s0)
10004ea6:	8522                	mv	a0,s0
10004ea8:	01379b63          	bne	a5,s3,10004ebe <usbd_open_edpt_pair+0x86>
10004eac:	806c                	lbu	a1,3(s0)
10004eae:	898d                	andi	a1,a1,3
10004eb0:	01259763          	bne	a1,s2,10004ebe <usbd_open_edpt_pair+0x86>
10004eb4:	802c                	lbu	a1,2(s0)
10004eb6:	0705f593          	andi	a1,a1,112
10004eba:	ddc5                	beqz	a1,10004e72 <usbd_open_edpt_pair+0x3a>
10004ebc:	9002                	ebreak
10004ebe:	9002                	ebreak
10004ec0:	4501                	li	a0,0
10004ec2:	50b2                	lw	ra,44(sp)
10004ec4:	5422                	lw	s0,40(sp)
10004ec6:	5492                	lw	s1,36(sp)
10004ec8:	5902                	lw	s2,32(sp)
10004eca:	49f2                	lw	s3,28(sp)
10004ecc:	4a62                	lw	s4,24(sp)
10004ece:	4ad2                	lw	s5,20(sp)
10004ed0:	4b42                	lw	s6,16(sp)
10004ed2:	4bb2                	lw	s7,12(sp)
10004ed4:	4c22                	lw	s8,8(sp)
10004ed6:	4c92                	lw	s9,4(sp)
10004ed8:	4d02                	lw	s10,0(sp)
10004eda:	6145                	addi	sp,sp,48
10004edc:	8082                	ret
10004ede:	00fb8023          	sb	a5,0(s7)
10004ee2:	0c85                	addi	s9,s9,1
10004ee4:	fb949ee3          	bne	s1,s9,10004ea0 <usbd_open_edpt_pair+0x68>
10004ee8:	4505                	li	a0,1
10004eea:	bfe1                	j	10004ec2 <usbd_open_edpt_pair+0x8a>
10004eec:	4505                	li	a0,1
10004eee:	8082                	ret

10004ef0 <usbd_edpt_open>:
10004ef0:	81bc                	lbu	a5,2(a1)
10004ef2:	0707f793          	andi	a5,a5,112
10004ef6:	c781                	beqz	a5,10004efe <usbd_edpt_open+0xe>
10004ef8:	9002                	ebreak
10004efa:	4501                	li	a0,0
10004efc:	8082                	ret
10004efe:	1141                	addi	sp,sp,-16
10004f00:	200037b7          	lui	a5,0x20003
10004f04:	c226                	sw	s1,4(sp)
10004f06:	852e                	mv	a0,a1
10004f08:	84ae                	mv	s1,a1
10004f0a:	1c27c583          	lbu	a1,450(a5) # 200031c2 <_usbd_dev+0x2>
10004f0e:	200037b7          	lui	a5,0x20003
10004f12:	c422                	sw	s0,8(sp)
10004f14:	c606                	sw	ra,12(sp)
10004f16:	e5e7c403          	lbu	s0,-418(a5) # 20002e5e <_usbd_rhport>
10004f1a:	70d000ef          	jal	10005e26 <tu_edpt_validate>
10004f1e:	e901                	bnez	a0,10004f2e <usbd_edpt_open+0x3e>
10004f20:	9002                	ebreak
10004f22:	40b2                	lw	ra,12(sp)
10004f24:	4422                	lw	s0,8(sp)
10004f26:	4492                	lw	s1,4(sp)
10004f28:	4501                	li	a0,0
10004f2a:	0141                	addi	sp,sp,16
10004f2c:	8082                	ret
10004f2e:	ac66                	cm.mva01s	s0,s1
10004f30:	4422                	lw	s0,8(sp)
10004f32:	40b2                	lw	ra,12(sp)
10004f34:	4492                	lw	s1,4(sp)
10004f36:	0141                	addi	sp,sp,16
10004f38:	b34ff06f          	j	1000426c <dcd_edpt_open>

10004f3c <usbd_edpt_claim>:
10004f3c:	0075d713          	srli	a4,a1,0x7
10004f40:	07f5f793          	andi	a5,a1,127
10004f44:	03470713          	addi	a4,a4,52
10004f48:	20003537          	lui	a0,0x20003
10004f4c:	8771a583          	lw	a1,-1929(gp) # 20003a98 <_usbd_mutex>
10004f50:	20e7a7b3          	sh1add	a5,a5,a4
10004f54:	1c050513          	addi	a0,a0,448 # 200031c0 <_usbd_dev>
10004f58:	953e                	add	a0,a0,a5
10004f5a:	61f0006f          	j	10005d78 <tu_edpt_claim>

10004f5e <usbd_edpt_release>:
10004f5e:	0075d713          	srli	a4,a1,0x7
10004f62:	07f5f793          	andi	a5,a1,127
10004f66:	03470713          	addi	a4,a4,52
10004f6a:	20003537          	lui	a0,0x20003
10004f6e:	8771a583          	lw	a1,-1929(gp) # 20003a98 <_usbd_mutex>
10004f72:	20e7a7b3          	sh1add	a5,a5,a4
10004f76:	1c050513          	addi	a0,a0,448 # 200031c0 <_usbd_dev>
10004f7a:	953e                	add	a0,a0,a5
10004f7c:	6610006f          	j	10005ddc <tu_edpt_release>

10004f80 <usbd_edpt_xfer>:
10004f80:	20003537          	lui	a0,0x20003
10004f84:	07f5f793          	andi	a5,a1,127
10004f88:	1c050513          	addi	a0,a0,448 # 200031c0 <_usbd_dev>
10004f8c:	0075d713          	srli	a4,a1,0x7
10004f90:	20a7a7b3          	sh1add	a5,a5,a0
10004f94:	97ba                	add	a5,a5,a4
10004f96:	0347c703          	lbu	a4,52(a5)
10004f9a:	8b05                	andi	a4,a4,1
10004f9c:	c701                	beqz	a4,10004fa4 <usbd_edpt_xfer+0x24>
10004f9e:	9002                	ebreak
10004fa0:	4501                	li	a0,0
10004fa2:	8082                	ret
10004fa4:	0347c703          	lbu	a4,52(a5)
10004fa8:	20003537          	lui	a0,0x20003
10004fac:	e5e54503          	lbu	a0,-418(a0) # 20002e5e <_usbd_rhport>
10004fb0:	1101                	addi	sp,sp,-32
10004fb2:	ce06                	sw	ra,28(sp)
10004fb4:	00176713          	ori	a4,a4,1
10004fb8:	02e78a23          	sb	a4,52(a5)
10004fbc:	c63e                	sw	a5,12(sp)
10004fbe:	becff0ef          	jal	100043aa <dcd_edpt_xfer>
10004fc2:	ed11                	bnez	a0,10004fde <usbd_edpt_xfer+0x5e>
10004fc4:	47b2                	lw	a5,12(sp)
10004fc6:	0347c703          	lbu	a4,52(a5)
10004fca:	9b79                	andi	a4,a4,-2
10004fcc:	02e78a23          	sb	a4,52(a5)
10004fd0:	0347c703          	lbu	a4,52(a5)
10004fd4:	9b6d                	andi	a4,a4,-5
10004fd6:	02e78a23          	sb	a4,52(a5)
10004fda:	9002                	ebreak
10004fdc:	4501                	li	a0,0
10004fde:	40f2                	lw	ra,28(sp)
10004fe0:	6105                	addi	sp,sp,32
10004fe2:	8082                	ret

10004fe4 <tud_control_status>:
10004fe4:	0045c603          	lbu	a2,4(a1)
10004fe8:	0055c683          	lbu	a3,5(a1)
10004fec:	0065c703          	lbu	a4,6(a1)
10004ff0:	0005ce03          	lbu	t3,0(a1)
10004ff4:	0015c303          	lbu	t1,1(a1)
10004ff8:	0025c883          	lbu	a7,2(a1)
10004ffc:	0035c803          	lbu	a6,3(a1)
10005000:	200037b7          	lui	a5,0x20003
10005004:	18c78793          	addi	a5,a5,396 # 2000318c <_ctrl_xfer>
10005008:	00c78223          	sb	a2,4(a5)
1000500c:	00d782a3          	sb	a3,5(a5)
10005010:	01c78023          	sb	t3,0(a5)
10005014:	006780a3          	sb	t1,1(a5)
10005018:	01178123          	sb	a7,2(a5)
1000501c:	010781a3          	sb	a6,3(a5)
10005020:	00e78323          	sb	a4,6(a5)
10005024:	0075c703          	lbu	a4,7(a1)
10005028:	0007a623          	sw	zero,12(a5)
1000502c:	4681                	li	a3,0
1000502e:	00e783a3          	sb	a4,7(a5)
10005032:	818c                	lbu	a1,0(a1)
10005034:	4601                	li	a2,0
10005036:	0007a423          	sw	zero,8(a5)
1000503a:	0ff5c593          	xori	a1,a1,255
1000503e:	0805f593          	andi	a1,a1,128
10005042:	bf3d                	j	10004f80 <usbd_edpt_xfer>

10005044 <tud_control_xfer>:
10005044:	0055c803          	lbu	a6,5(a1)
10005048:	0065c703          	lbu	a4,6(a1)
1000504c:	0005cf03          	lbu	t5,0(a1)
10005050:	0015ce83          	lbu	t4,1(a1)
10005054:	0025ce03          	lbu	t3,2(a1)
10005058:	0035c303          	lbu	t1,3(a1)
1000505c:	0045c883          	lbu	a7,4(a1)
10005060:	1101                	addi	sp,sp,-32
10005062:	200037b7          	lui	a5,0x20003
10005066:	ce06                	sw	ra,28(sp)
10005068:	18c78793          	addi	a5,a5,396 # 2000318c <_ctrl_xfer>
1000506c:	01e78023          	sb	t5,0(a5)
10005070:	01d780a3          	sb	t4,1(a5)
10005074:	01c78123          	sb	t3,2(a5)
10005078:	006781a3          	sb	t1,3(a5)
1000507c:	01178223          	sb	a7,4(a5)
10005080:	010782a3          	sb	a6,5(a5)
10005084:	00e78323          	sb	a4,6(a5)
10005088:	0075c703          	lbu	a4,7(a1)
1000508c:	c790                	sw	a2,8(a5)
1000508e:	00079723          	sh	zero,14(a5)
10005092:	00e783a3          	sb	a4,7(a5)
10005096:	0075c703          	lbu	a4,7(a1)
1000509a:	0065c803          	lbu	a6,6(a1)
1000509e:	0722                	slli	a4,a4,0x8
100050a0:	01076733          	or	a4,a4,a6
100050a4:	0ad756b3          	minu	a3,a4,a3
100050a8:	00d79623          	sh	a3,12(a5)
100050ac:	cb05                	beqz	a4,100050dc <tud_control_xfer+0x98>
100050ae:	882a                	mv	a6,a0
100050b0:	c6a1                	beqz	a3,100050f8 <tud_control_xfer+0xb4>
100050b2:	ce15                	beqz	a2,100050ee <tud_control_xfer+0xaa>
100050b4:	00078783          	lb	a5,0(a5)
100050b8:	04000713          	li	a4,64
100050bc:	0ae6d6b3          	minu	a3,a3,a4
100050c0:	0407c463          	bltz	a5,10005108 <tud_control_xfer+0xc4>
100050c4:	20003637          	lui	a2,0x20003
100050c8:	14c60613          	addi	a2,a2,332 # 2000314c <_ctrl_epbuf>
100050cc:	4581                	li	a1,0
100050ce:	8542                	mv	a0,a6
100050d0:	3d45                	jal	10004f80 <usbd_edpt_xfer>
100050d2:	cd11                	beqz	a0,100050ee <tud_control_xfer+0xaa>
100050d4:	40f2                	lw	ra,28(sp)
100050d6:	4505                	li	a0,1
100050d8:	6105                	addi	sp,sp,32
100050da:	8082                	ret
100050dc:	818c                	lbu	a1,0(a1)
100050de:	4681                	li	a3,0
100050e0:	4601                	li	a2,0
100050e2:	0ff5c593          	xori	a1,a1,255
100050e6:	0805f593          	andi	a1,a1,128
100050ea:	3d59                	jal	10004f80 <usbd_edpt_xfer>
100050ec:	f565                	bnez	a0,100050d4 <tud_control_xfer+0x90>
100050ee:	9002                	ebreak
100050f0:	40f2                	lw	ra,28(sp)
100050f2:	4501                	li	a0,0
100050f4:	6105                	addi	sp,sp,32
100050f6:	8082                	ret
100050f8:	838c                	lbu	a1,0(a5)
100050fa:	4601                	li	a2,0
100050fc:	0805f593          	andi	a1,a1,128
10005100:	8542                	mv	a0,a6
10005102:	3dbd                	jal	10004f80 <usbd_edpt_xfer>
10005104:	f961                	bnez	a0,100050d4 <tud_control_xfer+0x90>
10005106:	b7e5                	j	100050ee <tud_control_xfer+0xaa>
10005108:	200037b7          	lui	a5,0x20003
1000510c:	85b2                	mv	a1,a2
1000510e:	c62a                	sw	a0,12(sp)
10005110:	8636                	mv	a2,a3
10005112:	14c78513          	addi	a0,a5,332 # 2000314c <_ctrl_epbuf>
10005116:	c436                	sw	a3,8(sp)
10005118:	69c010ef          	jal	100067b4 <memcpy>
1000511c:	4832                	lw	a6,12(sp)
1000511e:	46a2                	lw	a3,8(sp)
10005120:	862a                	mv	a2,a0
10005122:	08000593          	li	a1,128
10005126:	bfe9                	j	10005100 <tud_control_xfer+0xbc>

10005128 <usbd_control_reset>:
10005128:	200037b7          	lui	a5,0x20003
1000512c:	18c78793          	addi	a5,a5,396 # 2000318c <_ctrl_xfer>
10005130:	0007a023          	sw	zero,0(a5)
10005134:	0007a223          	sw	zero,4(a5)
10005138:	0007a423          	sw	zero,8(a5)
1000513c:	0007a623          	sw	zero,12(a5)
10005140:	0007a823          	sw	zero,16(a5)
10005144:	8082                	ret

10005146 <usbd_control_set_complete_callback>:
10005146:	200037b7          	lui	a5,0x20003
1000514a:	18a7ae23          	sw	a0,412(a5) # 2000319c <_ctrl_xfer+0x10>
1000514e:	8082                	ret

10005150 <usbd_control_set_request>:
10005150:	00654703          	lbu	a4,6(a0)
10005154:	00054303          	lbu	t1,0(a0)
10005158:	00154883          	lbu	a7,1(a0)
1000515c:	00254803          	lbu	a6,2(a0)
10005160:	816c                	lbu	a1,3(a0)
10005162:	00454603          	lbu	a2,4(a0)
10005166:	00554683          	lbu	a3,5(a0)
1000516a:	200037b7          	lui	a5,0x20003
1000516e:	18c78793          	addi	a5,a5,396 # 2000318c <_ctrl_xfer>
10005172:	00678023          	sb	t1,0(a5)
10005176:	011780a3          	sb	a7,1(a5)
1000517a:	01078123          	sb	a6,2(a5)
1000517e:	8bec                	sb	a1,3(a5)
10005180:	00c78223          	sb	a2,4(a5)
10005184:	00d782a3          	sb	a3,5(a5)
10005188:	00e78323          	sb	a4,6(a5)
1000518c:	00754703          	lbu	a4,7(a0)
10005190:	0007a423          	sw	zero,8(a5)
10005194:	0007a623          	sw	zero,12(a5)
10005198:	00e783a3          	sb	a4,7(a5)
1000519c:	8082                	ret

1000519e <usbd_control_xfer_cb>:
1000519e:	200037b7          	lui	a5,0x20003
100051a2:	18c78793          	addi	a5,a5,396 # 2000318c <_ctrl_xfer>
100051a6:	4398                	lw	a4,0(a5)
100051a8:	1101                	addi	sp,sp,-32
100051aa:	cc22                	sw	s0,24(sp)
100051ac:	ce06                	sw	ra,28(sp)
100051ae:	819d                	srli	a1,a1,0x7
100051b0:	48775713          	bexti	a4,a4,0x7
100051b4:	842a                	mv	s0,a0
100051b6:	02b70b63          	beq	a4,a1,100051ec <usbd_control_xfer_cb+0x4e>
100051ba:	c699                	beqz	a3,100051c8 <usbd_control_xfer_cb+0x2a>
100051bc:	9002                	ebreak
100051be:	40f2                	lw	ra,28(sp)
100051c0:	4462                	lw	s0,24(sp)
100051c2:	4501                	li	a0,0
100051c4:	6105                	addi	sp,sp,32
100051c6:	8082                	ret
100051c8:	85be                	mv	a1,a5
100051ca:	886ff0ef          	jal	10004250 <dcd_edpt0_status_complete>
100051ce:	200037b7          	lui	a5,0x20003
100051d2:	18c78793          	addi	a5,a5,396 # 2000318c <_ctrl_xfer>
100051d6:	4b98                	lw	a4,16(a5)
100051d8:	c709                	beqz	a4,100051e2 <usbd_control_xfer_cb+0x44>
100051da:	863e                	mv	a2,a5
100051dc:	8522                	mv	a0,s0
100051de:	458d                	li	a1,3
100051e0:	9702                	jalr	a4
100051e2:	4505                	li	a0,1
100051e4:	40f2                	lw	ra,28(sp)
100051e6:	4462                	lw	s0,24(sp)
100051e8:	6105                	addi	sp,sp,32
100051ea:	8082                	ret
100051ec:	00078703          	lb	a4,0(a5)
100051f0:	02074163          	bltz	a4,10005212 <usbd_control_xfer_cb+0x74>
100051f4:	4788                	lw	a0,8(a5)
100051f6:	d561                	beqz	a0,100051be <usbd_control_xfer_cb+0x20>
100051f8:	200035b7          	lui	a1,0x20003
100051fc:	8636                	mv	a2,a3
100051fe:	14c58593          	addi	a1,a1,332 # 2000314c <_ctrl_epbuf>
10005202:	c636                	sw	a3,12(sp)
10005204:	5b0010ef          	jal	100067b4 <memcpy>
10005208:	46b2                	lw	a3,12(sp)
1000520a:	200037b7          	lui	a5,0x20003
1000520e:	18c78793          	addi	a5,a5,396 # 2000318c <_ctrl_xfer>
10005212:	00e7d703          	lhu	a4,14(a5)
10005216:	478c                	lw	a1,8(a5)
10005218:	0067d603          	lhu	a2,6(a5)
1000521c:	9736                	add	a4,a4,a3
1000521e:	9f69                	zext.h	a4,a4
10005220:	95b6                	add	a1,a1,a3
10005222:	00e79723          	sh	a4,14(a5)
10005226:	c78c                	sw	a1,8(a5)
10005228:	02e60f63          	beq	a2,a4,10005266 <usbd_control_xfer_cb+0xc8>
1000522c:	0406b693          	sltiu	a3,a3,64
10005230:	ea9d                	bnez	a3,10005266 <usbd_control_xfer_cb+0xc8>
10005232:	00c7d603          	lhu	a2,12(a5)
10005236:	00078783          	lb	a5,0(a5)
1000523a:	04000513          	li	a0,64
1000523e:	40e606b3          	sub	a3,a2,a4
10005242:	9ee9                	zext.h	a3,a3
10005244:	0aa6d6b3          	minu	a3,a3,a0
10005248:	0607c263          	bltz	a5,100052ac <usbd_control_xfer_cb+0x10e>
1000524c:	08c70363          	beq	a4,a2,100052d2 <usbd_control_xfer_cb+0x134>
10005250:	20003637          	lui	a2,0x20003
10005254:	14c60613          	addi	a2,a2,332 # 2000314c <_ctrl_epbuf>
10005258:	4581                	li	a1,0
1000525a:	8522                	mv	a0,s0
1000525c:	d25ff0ef          	jal	10004f80 <usbd_edpt_xfer>
10005260:	dd31                	beqz	a0,100051bc <usbd_control_xfer_cb+0x1e>
10005262:	4505                	li	a0,1
10005264:	b741                	j	100051e4 <usbd_control_xfer_cb+0x46>
10005266:	4b98                	lw	a4,16(a5)
10005268:	cb11                	beqz	a4,1000527c <usbd_control_xfer_cb+0xde>
1000526a:	863e                	mv	a2,a5
1000526c:	4589                	li	a1,2
1000526e:	8522                	mv	a0,s0
10005270:	9702                	jalr	a4
10005272:	200037b7          	lui	a5,0x20003
10005276:	18c78793          	addi	a5,a5,396 # 2000318c <_ctrl_xfer>
1000527a:	cd11                	beqz	a0,10005296 <usbd_control_xfer_cb+0xf8>
1000527c:	838c                	lbu	a1,0(a5)
1000527e:	8522                	mv	a0,s0
10005280:	4681                	li	a3,0
10005282:	0ff5c593          	xori	a1,a1,255
10005286:	0805f593          	andi	a1,a1,128
1000528a:	4601                	li	a2,0
1000528c:	cf5ff0ef          	jal	10004f80 <usbd_edpt_xfer>
10005290:	d515                	beqz	a0,100051bc <usbd_control_xfer_cb+0x1e>
10005292:	4505                	li	a0,1
10005294:	bf81                	j	100051e4 <usbd_control_xfer_cb+0x46>
10005296:	4581                	li	a1,0
10005298:	8522                	mv	a0,s0
1000529a:	938ff0ef          	jal	100043d2 <dcd_edpt_stall>
1000529e:	8522                	mv	a0,s0
100052a0:	08000593          	li	a1,128
100052a4:	92eff0ef          	jal	100043d2 <dcd_edpt_stall>
100052a8:	4505                	li	a0,1
100052aa:	bf2d                	j	100051e4 <usbd_control_xfer_cb+0x46>
100052ac:	00c70f63          	beq	a4,a2,100052ca <usbd_control_xfer_cb+0x12c>
100052b0:	200037b7          	lui	a5,0x20003
100052b4:	8636                	mv	a2,a3
100052b6:	14c78513          	addi	a0,a5,332 # 2000314c <_ctrl_epbuf>
100052ba:	c636                	sw	a3,12(sp)
100052bc:	4f8010ef          	jal	100067b4 <memcpy>
100052c0:	46b2                	lw	a3,12(sp)
100052c2:	862a                	mv	a2,a0
100052c4:	08000593          	li	a1,128
100052c8:	bf49                	j	1000525a <usbd_control_xfer_cb+0xbc>
100052ca:	08000593          	li	a1,128
100052ce:	4601                	li	a2,0
100052d0:	b769                	j	1000525a <usbd_control_xfer_cb+0xbc>
100052d2:	4581                	li	a1,0
100052d4:	4601                	li	a2,0
100052d6:	b751                	j	1000525a <usbd_control_xfer_cb+0xbc>

100052d8 <_prep_out_transaction.isra.0>:
100052d8:	1101                	addi	sp,sp,-32
100052da:	ca26                	sw	s1,20(sp)
100052dc:	ce06                	sw	ra,28(sp)
100052de:	84aa                	mv	s1,a0
100052e0:	aaaff0ef          	jal	1000458a <tud_mounted>
100052e4:	e509                	bnez	a0,100052ee <_prep_out_transaction.isra.0+0x16>
100052e6:	40f2                	lw	ra,28(sp)
100052e8:	44d2                	lw	s1,20(sp)
100052ea:	6105                	addi	sp,sp,32
100052ec:	8082                	ret
100052ee:	aacff0ef          	jal	1000459a <tud_suspended>
100052f2:	f975                	bnez	a0,100052e6 <_prep_out_transaction.isra.0+0xe>
100052f4:	20003737          	lui	a4,0x20003
100052f8:	2094c7b3          	sh2add	a5,s1,s1
100052fc:	20f7c7b3          	sh2add	a5,a5,a5
10005300:	08470713          	addi	a4,a4,132 # 20003084 <_cdcd_itf>
10005304:	20e7e6b3          	sh3add	a3,a5,a4
10005308:	82f0                	lbu	a2,3(a3)
1000530a:	078e                	slli	a5,a5,0x3
1000530c:	de69                	beqz	a2,100052e6 <_prep_out_transaction.isra.0+0xe>
1000530e:	07c1                	addi	a5,a5,16
10005310:	cc22                	sw	s0,24(sp)
10005312:	00e78433          	add	s0,a5,a4
10005316:	8522                	mv	a0,s0
10005318:	c636                	sw	a3,12(sp)
1000531a:	68d000ef          	jal	100061a6 <tu_fifo_remaining>
1000531e:	03f00793          	li	a5,63
10005322:	00a7e463          	bltu	a5,a0,1000532a <_prep_out_transaction.isra.0+0x52>
10005326:	4462                	lw	s0,24(sp)
10005328:	bf7d                	j	100052e6 <_prep_out_transaction.isra.0+0xe>
1000532a:	46b2                	lw	a3,12(sp)
1000532c:	4501                	li	a0,0
1000532e:	82ec                	lbu	a1,3(a3)
10005330:	c0dff0ef          	jal	10004f3c <usbd_edpt_claim>
10005334:	d96d                	beqz	a0,10005326 <_prep_out_transaction.isra.0+0x4e>
10005336:	8522                	mv	a0,s0
10005338:	66f000ef          	jal	100061a6 <tu_fifo_remaining>
1000533c:	46b2                	lw	a3,12(sp)
1000533e:	03f00793          	li	a5,63
10005342:	82ec                	lbu	a1,3(a3)
10005344:	02a7f263          	bgeu	a5,a0,10005368 <_prep_out_transaction.isra.0+0x90>
10005348:	4462                	lw	s0,24(sp)
1000534a:	40f2                	lw	ra,28(sp)
1000534c:	00749793          	slli	a5,s1,0x7
10005350:	20003637          	lui	a2,0x20003
10005354:	44d2                	lw	s1,20(sp)
10005356:	00460613          	addi	a2,a2,4 # 20003004 <_cdcd_epbuf>
1000535a:	963e                	add	a2,a2,a5
1000535c:	04000693          	li	a3,64
10005360:	4501                	li	a0,0
10005362:	6105                	addi	sp,sp,32
10005364:	c1dff06f          	j	10004f80 <usbd_edpt_xfer>
10005368:	4462                	lw	s0,24(sp)
1000536a:	40f2                	lw	ra,28(sp)
1000536c:	44d2                	lw	s1,20(sp)
1000536e:	4501                	li	a0,0
10005370:	6105                	addi	sp,sp,32
10005372:	bedff06f          	j	10004f5e <usbd_edpt_release>

10005376 <tud_cdc_n_connected>:
10005376:	1141                	addi	sp,sp,-16
10005378:	c422                	sw	s0,8(sp)
1000537a:	c606                	sw	ra,12(sp)
1000537c:	842a                	mv	s0,a0
1000537e:	a0cff0ef          	jal	1000458a <tud_mounted>
10005382:	e511                	bnez	a0,1000538e <tud_cdc_n_connected+0x18>
10005384:	40b2                	lw	ra,12(sp)
10005386:	4422                	lw	s0,8(sp)
10005388:	4501                	li	a0,0
1000538a:	0141                	addi	sp,sp,16
1000538c:	8082                	ret
1000538e:	a0cff0ef          	jal	1000459a <tud_suspended>
10005392:	f96d                	bnez	a0,10005384 <tud_cdc_n_connected+0xe>
10005394:	208447b3          	sh2add	a5,s0,s0
10005398:	20003737          	lui	a4,0x20003
1000539c:	20f7c7b3          	sh2add	a5,a5,a5
100053a0:	08470713          	addi	a4,a4,132 # 20003084 <_cdcd_itf>
100053a4:	20e7e7b3          	sh3add	a5,a5,a4
100053a8:	0047c503          	lbu	a0,4(a5)
100053ac:	40b2                	lw	ra,12(sp)
100053ae:	4422                	lw	s0,8(sp)
100053b0:	8905                	andi	a0,a0,1
100053b2:	0141                	addi	sp,sp,16
100053b4:	8082                	ret

100053b6 <tud_cdc_n_available>:
100053b6:	20a54533          	sh2add	a0,a0,a0
100053ba:	20a54533          	sh2add	a0,a0,a0
100053be:	00351793          	slli	a5,a0,0x3
100053c2:	20003537          	lui	a0,0x20003
100053c6:	07c1                	addi	a5,a5,16
100053c8:	08450513          	addi	a0,a0,132 # 20003084 <_cdcd_itf>
100053cc:	1141                	addi	sp,sp,-16
100053ce:	953e                	add	a0,a0,a5
100053d0:	c606                	sw	ra,12(sp)
100053d2:	59d000ef          	jal	1000616e <tu_fifo_count>
100053d6:	40b2                	lw	ra,12(sp)
100053d8:	0141                	addi	sp,sp,16
100053da:	8082                	ret

100053dc <tud_cdc_n_read>:
100053dc:	20a54733          	sh2add	a4,a0,a0
100053e0:	67c1                	lui	a5,0x10
100053e2:	1101                	addi	sp,sp,-32
100053e4:	20e74733          	sh2add	a4,a4,a4
100053e8:	17fd                	addi	a5,a5,-1 # ffff <HeapSize+0xf7ff>
100053ea:	cc22                	sw	s0,24(sp)
100053ec:	ca26                	sw	s1,20(sp)
100053ee:	00f637b3          	sltu	a5,a2,a5
100053f2:	00371413          	slli	s0,a4,0x3
100053f6:	200034b7          	lui	s1,0x20003
100053fa:	01040713          	addi	a4,s0,16
100053fe:	17fd                	addi	a5,a5,-1
10005400:	08448493          	addi	s1,s1,132 # 20003084 <_cdcd_itf>
10005404:	c64e                	sw	s3,12(sp)
10005406:	8e5d                	or	a2,a2,a5
10005408:	009709b3          	add	s3,a4,s1
1000540c:	c84a                	sw	s2,16(sp)
1000540e:	9e69                	zext.h	a2,a2
10005410:	892a                	mv	s2,a0
10005412:	854e                	mv	a0,s3
10005414:	c452                	sw	s4,8(sp)
10005416:	ce06                	sw	ra,28(sp)
10005418:	68b000ef          	jal	100062a2 <tu_fifo_read_n>
1000541c:	8a2a                	mv	s4,a0
1000541e:	96cff0ef          	jal	1000458a <tud_mounted>
10005422:	e911                	bnez	a0,10005436 <tud_cdc_n_read+0x5a>
10005424:	40f2                	lw	ra,28(sp)
10005426:	4462                	lw	s0,24(sp)
10005428:	44d2                	lw	s1,20(sp)
1000542a:	4942                	lw	s2,16(sp)
1000542c:	49b2                	lw	s3,12(sp)
1000542e:	8552                	mv	a0,s4
10005430:	4a22                	lw	s4,8(sp)
10005432:	6105                	addi	sp,sp,32
10005434:	8082                	ret
10005436:	964ff0ef          	jal	1000459a <tud_suspended>
1000543a:	f56d                	bnez	a0,10005424 <tud_cdc_n_read+0x48>
1000543c:	94a2                	add	s1,s1,s0
1000543e:	80fc                	lbu	a5,3(s1)
10005440:	d3f5                	beqz	a5,10005424 <tud_cdc_n_read+0x48>
10005442:	854e                	mv	a0,s3
10005444:	563000ef          	jal	100061a6 <tu_fifo_remaining>
10005448:	03f00413          	li	s0,63
1000544c:	fca47ce3          	bgeu	s0,a0,10005424 <tud_cdc_n_read+0x48>
10005450:	80ec                	lbu	a1,3(s1)
10005452:	4501                	li	a0,0
10005454:	ae9ff0ef          	jal	10004f3c <usbd_edpt_claim>
10005458:	d571                	beqz	a0,10005424 <tud_cdc_n_read+0x48>
1000545a:	854e                	mv	a0,s3
1000545c:	54b000ef          	jal	100061a6 <tu_fifo_remaining>
10005460:	80ec                	lbu	a1,3(s1)
10005462:	00a47e63          	bgeu	s0,a0,1000547e <tud_cdc_n_read+0xa2>
10005466:	20003637          	lui	a2,0x20003
1000546a:	091e                	slli	s2,s2,0x7
1000546c:	00460613          	addi	a2,a2,4 # 20003004 <_cdcd_epbuf>
10005470:	964a                	add	a2,a2,s2
10005472:	04000693          	li	a3,64
10005476:	4501                	li	a0,0
10005478:	b09ff0ef          	jal	10004f80 <usbd_edpt_xfer>
1000547c:	b765                	j	10005424 <tud_cdc_n_read+0x48>
1000547e:	4501                	li	a0,0
10005480:	adfff0ef          	jal	10004f5e <usbd_edpt_release>
10005484:	b745                	j	10005424 <tud_cdc_n_read+0x48>

10005486 <tud_cdc_n_write_flush>:
10005486:	1101                	addi	sp,sp,-32
10005488:	ca26                	sw	s1,20(sp)
1000548a:	ce06                	sw	ra,28(sp)
1000548c:	84aa                	mv	s1,a0
1000548e:	8fcff0ef          	jal	1000458a <tud_mounted>
10005492:	e511                	bnez	a0,1000549e <tud_cdc_n_write_flush+0x18>
10005494:	4501                	li	a0,0
10005496:	40f2                	lw	ra,28(sp)
10005498:	44d2                	lw	s1,20(sp)
1000549a:	6105                	addi	sp,sp,32
1000549c:	8082                	ret
1000549e:	8fcff0ef          	jal	1000459a <tud_suspended>
100054a2:	f96d                	bnez	a0,10005494 <tud_cdc_n_write_flush+0xe>
100054a4:	2094c7b3          	sh2add	a5,s1,s1
100054a8:	20f7c7b3          	sh2add	a5,a5,a5
100054ac:	078e                	slli	a5,a5,0x3
100054ae:	20003737          	lui	a4,0x20003
100054b2:	02478693          	addi	a3,a5,36
100054b6:	08470713          	addi	a4,a4,132 # 20003084 <_cdcd_itf>
100054ba:	cc22                	sw	s0,24(sp)
100054bc:	00e68433          	add	s0,a3,a4
100054c0:	8522                	mv	a0,s0
100054c2:	c63e                	sw	a5,12(sp)
100054c4:	4ab000ef          	jal	1000616e <tu_fifo_count>
100054c8:	c10d                	beqz	a0,100054ea <tud_cdc_n_write_flush+0x64>
100054ca:	200037b7          	lui	a5,0x20003
100054ce:	08478713          	addi	a4,a5,132 # 20003084 <_cdcd_itf>
100054d2:	47b2                	lw	a5,12(sp)
100054d4:	c84a                	sw	s2,16(sp)
100054d6:	4501                	li	a0,0
100054d8:	97ba                	add	a5,a5,a4
100054da:	83ac                	lbu	a1,2(a5)
100054dc:	893e                	mv	s2,a5
100054de:	a5fff0ef          	jal	10004f3c <usbd_edpt_claim>
100054e2:	e511                	bnez	a0,100054ee <tud_cdc_n_write_flush+0x68>
100054e4:	4462                	lw	s0,24(sp)
100054e6:	4942                	lw	s2,16(sp)
100054e8:	b775                	j	10005494 <tud_cdc_n_write_flush+0xe>
100054ea:	4462                	lw	s0,24(sp)
100054ec:	b765                	j	10005494 <tud_cdc_n_write_flush+0xe>
100054ee:	00749793          	slli	a5,s1,0x7
100054f2:	20003737          	lui	a4,0x20003
100054f6:	00470713          	addi	a4,a4,4 # 20003004 <_cdcd_epbuf>
100054fa:	04078793          	addi	a5,a5,64
100054fe:	97ba                	add	a5,a5,a4
10005500:	85be                	mv	a1,a5
10005502:	8522                	mv	a0,s0
10005504:	04000613          	li	a2,64
10005508:	c63e                	sw	a5,12(sp)
1000550a:	599000ef          	jal	100062a2 <tu_fifo_read_n>
1000550e:	00294583          	lbu	a1,2(s2)
10005512:	86aa                	mv	a3,a0
10005514:	cd09                	beqz	a0,1000552e <tud_cdc_n_write_flush+0xa8>
10005516:	4632                	lw	a2,12(sp)
10005518:	c62a                	sw	a0,12(sp)
1000551a:	4501                	li	a0,0
1000551c:	a65ff0ef          	jal	10004f80 <usbd_edpt_xfer>
10005520:	87aa                	mv	a5,a0
10005522:	4532                	lw	a0,12(sp)
10005524:	eb91                	bnez	a5,10005538 <tud_cdc_n_write_flush+0xb2>
10005526:	9002                	ebreak
10005528:	4462                	lw	s0,24(sp)
1000552a:	4942                	lw	s2,16(sp)
1000552c:	b7a5                	j	10005494 <tud_cdc_n_write_flush+0xe>
1000552e:	a31ff0ef          	jal	10004f5e <usbd_edpt_release>
10005532:	4462                	lw	s0,24(sp)
10005534:	4942                	lw	s2,16(sp)
10005536:	bfb9                	j	10005494 <tud_cdc_n_write_flush+0xe>
10005538:	4462                	lw	s0,24(sp)
1000553a:	4942                	lw	s2,16(sp)
1000553c:	bfa9                	j	10005496 <tud_cdc_n_write_flush+0x10>

1000553e <tud_cdc_n_write>:
1000553e:	1141                	addi	sp,sp,-16
10005540:	c422                	sw	s0,8(sp)
10005542:	67c1                	lui	a5,0x10
10005544:	20a54433          	sh2add	s0,a0,a0
10005548:	20844433          	sh2add	s0,s0,s0
1000554c:	17fd                	addi	a5,a5,-1 # ffff <HeapSize+0xf7ff>
1000554e:	00f637b3          	sltu	a5,a2,a5
10005552:	040e                	slli	s0,s0,0x3
10005554:	20003737          	lui	a4,0x20003
10005558:	17fd                	addi	a5,a5,-1
1000555a:	08470713          	addi	a4,a4,132 # 20003084 <_cdcd_itf>
1000555e:	02440413          	addi	s0,s0,36
10005562:	943a                	add	s0,s0,a4
10005564:	8e5d                	or	a2,a2,a5
10005566:	c226                	sw	s1,4(sp)
10005568:	9e69                	zext.h	a2,a2
1000556a:	84aa                	mv	s1,a0
1000556c:	8522                	mv	a0,s0
1000556e:	c606                	sw	ra,12(sp)
10005570:	c04a                	sw	s2,0(sp)
10005572:	73d000ef          	jal	100064ae <tu_fifo_write_n>
10005576:	892a                	mv	s2,a0
10005578:	8522                	mv	a0,s0
1000557a:	3f5000ef          	jal	1000616e <tu_fifo_count>
1000557e:	03f00793          	li	a5,63
10005582:	00a7e963          	bltu	a5,a0,10005594 <tud_cdc_n_write+0x56>
10005586:	40b2                	lw	ra,12(sp)
10005588:	4422                	lw	s0,8(sp)
1000558a:	4492                	lw	s1,4(sp)
1000558c:	854a                	mv	a0,s2
1000558e:	4902                	lw	s2,0(sp)
10005590:	0141                	addi	sp,sp,16
10005592:	8082                	ret
10005594:	8526                	mv	a0,s1
10005596:	3dc5                	jal	10005486 <tud_cdc_n_write_flush>
10005598:	40b2                	lw	ra,12(sp)
1000559a:	4422                	lw	s0,8(sp)
1000559c:	4492                	lw	s1,4(sp)
1000559e:	854a                	mv	a0,s2
100055a0:	4902                	lw	s2,0(sp)
100055a2:	0141                	addi	sp,sp,16
100055a4:	8082                	ret

100055a6 <tud_cdc_n_write_available>:
100055a6:	20a54533          	sh2add	a0,a0,a0
100055aa:	20a54533          	sh2add	a0,a0,a0
100055ae:	00351793          	slli	a5,a0,0x3
100055b2:	20003537          	lui	a0,0x20003
100055b6:	02478793          	addi	a5,a5,36
100055ba:	08450513          	addi	a0,a0,132 # 20003084 <_cdcd_itf>
100055be:	1141                	addi	sp,sp,-16
100055c0:	953e                	add	a0,a0,a5
100055c2:	c606                	sw	ra,12(sp)
100055c4:	3e3000ef          	jal	100061a6 <tu_fifo_remaining>
100055c8:	40b2                	lw	ra,12(sp)
100055ca:	0141                	addi	sp,sp,16
100055cc:	8082                	ret

100055ce <cdcd_init>:
100055ce:	1141                	addi	sp,sp,-16
100055d0:	c422                	sw	s0,8(sp)
100055d2:	20003437          	lui	s0,0x20003
100055d6:	08440413          	addi	s0,s0,132 # 20003084 <_cdcd_itf>
100055da:	8522                	mv	a0,s0
100055dc:	0c800613          	li	a2,200
100055e0:	4581                	li	a1,0
100055e2:	c606                	sw	ra,12(sp)
100055e4:	c226                	sw	s1,4(sp)
100055e6:	c04a                	sw	s2,0(sp)
100055e8:	124010ef          	jal	1000670c <memset>
100055ec:	67f1                	lui	a5,0x1c
100055ee:	20078793          	addi	a5,a5,512 # 1c200 <HeapSize+0x1ba00>
100055f2:	c41c                	sw	a5,8(s0)
100055f4:	577d                	li	a4,-1
100055f6:	47a1                	li	a5,8
100055f8:	200035b7          	lui	a1,0x20003
100055fc:	20003537          	lui	a0,0x20003
10005600:	00e402a3          	sb	a4,5(s0)
10005604:	00f40723          	sb	a5,14(s0)
10005608:	0bc58593          	addi	a1,a1,188 # 200030bc <_cdcd_itf+0x38>
1000560c:	4701                	li	a4,0
1000560e:	4685                	li	a3,1
10005610:	04000613          	li	a2,64
10005614:	09450513          	addi	a0,a0,148 # 20003094 <_cdcd_itf+0x10>
10005618:	880189a3          	sb	zero,-1901(gp) # 20003ab4 <_cdcd_fifo_cfg>
1000561c:	2cb000ef          	jal	100060e6 <tu_fifo_config>
10005620:	4705                	li	a4,1
10005622:	200035b7          	lui	a1,0x20003
10005626:	20003537          	lui	a0,0x20003
1000562a:	86ba                	mv	a3,a4
1000562c:	0fc58593          	addi	a1,a1,252 # 200030fc <_cdcd_itf+0x78>
10005630:	04000613          	li	a2,64
10005634:	0a850513          	addi	a0,a0,168 # 200030a8 <_cdcd_itf+0x24>
10005638:	2af000ef          	jal	100060e6 <tu_fifo_config>
1000563c:	20003937          	lui	s2,0x20003
10005640:	13c90513          	addi	a0,s2,316 # 2000313c <_cdcd_itf+0xb8>
10005644:	db0fb0ef          	jal	10000bf4 <mutex_init>
10005648:	200034b7          	lui	s1,0x20003
1000564c:	14448513          	addi	a0,s1,324 # 20003144 <_cdcd_itf+0xc0>
10005650:	da4fb0ef          	jal	10000bf4 <mutex_init>
10005654:	13c90913          	addi	s2,s2,316
10005658:	14448493          	addi	s1,s1,324
1000565c:	03242023          	sw	s2,32(s0)
10005660:	d804                	sw	s1,48(s0)
10005662:	40b2                	lw	ra,12(sp)
10005664:	00042e23          	sw	zero,28(s0)
10005668:	02042a23          	sw	zero,52(s0)
1000566c:	4422                	lw	s0,8(sp)
1000566e:	4492                	lw	s1,4(sp)
10005670:	4902                	lw	s2,0(sp)
10005672:	0141                	addi	sp,sp,16
10005674:	8082                	ret

10005676 <cdcd_deinit>:
10005676:	200037b7          	lui	a5,0x20003
1000567a:	08478793          	addi	a5,a5,132 # 20003084 <_cdcd_itf>
1000567e:	5b94                	lw	a3,48(a5)
10005680:	5398                	lw	a4,32(a5)
10005682:	c295                	beqz	a3,100056a6 <cdcd_deinit+0x30>
10005684:	cb19                	beqz	a4,1000569a <cdcd_deinit+0x24>
10005686:	0007ae23          	sw	zero,28(a5)
1000568a:	0207aa23          	sw	zero,52(a5)
1000568e:	0207a823          	sw	zero,48(a5)
10005692:	0207a023          	sw	zero,32(a5)
10005696:	4505                	li	a0,1
10005698:	8082                	ret
1000569a:	0207aa23          	sw	zero,52(a5)
1000569e:	0207a823          	sw	zero,48(a5)
100056a2:	4505                	li	a0,1
100056a4:	8082                	ret
100056a6:	db65                	beqz	a4,10005696 <cdcd_deinit+0x20>
100056a8:	0007ae23          	sw	zero,28(a5)
100056ac:	b7dd                	j	10005692 <cdcd_deinit+0x1c>

100056ae <cdcd_reset>:
100056ae:	8931c783          	lbu	a5,-1901(gp) # 20003ab4 <_cdcd_fifo_cfg>
100056b2:	1141                	addi	sp,sp,-16
100056b4:	20003737          	lui	a4,0x20003
100056b8:	c606                	sw	ra,12(sp)
100056ba:	08470713          	addi	a4,a4,132 # 20003084 <_cdcd_itf>
100056be:	0017f613          	andi	a2,a5,1
100056c2:	00072023          	sw	zero,0(a4)
100056c6:	00070223          	sb	zero,4(a4)
100056ca:	ce01                	beqz	a2,100056e2 <cdcd_reset+0x34>
100056cc:	8b89                	andi	a5,a5,2
100056ce:	20003737          	lui	a4,0x20003
100056d2:	c785                	beqz	a5,100056fa <cdcd_reset+0x4c>
100056d4:	40b2                	lw	ra,12(sp)
100056d6:	0a870513          	addi	a0,a4,168 # 200030a8 <_cdcd_itf+0x24>
100056da:	4585                	li	a1,1
100056dc:	0141                	addi	sp,sp,16
100056de:	7d10006f          	j	100066ae <tu_fifo_set_overwritable>
100056e2:	20003537          	lui	a0,0x20003
100056e6:	09450513          	addi	a0,a0,148 # 20003094 <_cdcd_itf+0x10>
100056ea:	777000ef          	jal	10006660 <tu_fifo_clear>
100056ee:	8931c783          	lbu	a5,-1901(gp) # 20003ab4 <_cdcd_fifo_cfg>
100056f2:	20003737          	lui	a4,0x20003
100056f6:	8b89                	andi	a5,a5,2
100056f8:	fff1                	bnez	a5,100056d4 <cdcd_reset+0x26>
100056fa:	0a870513          	addi	a0,a4,168 # 200030a8 <_cdcd_itf+0x24>
100056fe:	763000ef          	jal	10006660 <tu_fifo_clear>
10005702:	40b2                	lw	ra,12(sp)
10005704:	20003737          	lui	a4,0x20003
10005708:	0a870513          	addi	a0,a4,168 # 200030a8 <_cdcd_itf+0x24>
1000570c:	4585                	li	a1,1
1000570e:	0141                	addi	sp,sp,16
10005710:	79f0006f          	j	100066ae <tu_fifo_set_overwritable>

10005714 <cdcd_open>:
10005714:	0055c783          	lbu	a5,5(a1)
10005718:	4709                	li	a4,2
1000571a:	00e79e63          	bne	a5,a4,10005736 <cdcd_open+0x22>
1000571e:	0065c703          	lbu	a4,6(a1)
10005722:	00f71a63          	bne	a4,a5,10005736 <cdcd_open+0x22>
10005726:	200038b7          	lui	a7,0x20003
1000572a:	08488893          	addi	a7,a7,132 # 20003084 <_cdcd_itf>
1000572e:	0028c783          	lbu	a5,2(a7)
10005732:	c789                	beqz	a5,1000573c <cdcd_open+0x28>
10005734:	9002                	ebreak
10005736:	4801                	li	a6,0
10005738:	8542                	mv	a0,a6
1000573a:	8082                	ret
1000573c:	1101                	addi	sp,sp,-32
1000573e:	ce06                	sw	ra,28(sp)
10005740:	81b8                	lbu	a4,2(a1)
10005742:	02400793          	li	a5,36
10005746:	832a                	mv	t1,a0
10005748:	00e88023          	sb	a4,0(a7)
1000574c:	8198                	lbu	a4,0(a1)
1000574e:	4825                	li	a6,9
10005750:	95ba                	add	a1,a1,a4
10005752:	81d8                	lbu	a4,1(a1)
10005754:	86ba                	mv	a3,a4
10005756:	00f71c63          	bne	a4,a5,1000576e <cdcd_open+0x5a>
1000575a:	03066663          	bltu	a2,a6,10005786 <cdcd_open+0x72>
1000575e:	819c                	lbu	a5,0(a1)
10005760:	95be                	add	a1,a1,a5
10005762:	81d8                	lbu	a4,1(a1)
10005764:	97c2                	add	a5,a5,a6
10005766:	0807c833          	zext.h	a6,a5
1000576a:	fed708e3          	beq	a4,a3,1000575a <cdcd_open+0x46>
1000576e:	4695                	li	a3,5
10005770:	87ba                	mv	a5,a4
10005772:	02d70363          	beq	a4,a3,10005798 <cdcd_open+0x84>
10005776:	4711                	li	a4,4
10005778:	00e79763          	bne	a5,a4,10005786 <cdcd_open+0x72>
1000577c:	0055c703          	lbu	a4,5(a1)
10005780:	47a9                	li	a5,10
10005782:	04f70663          	beq	a4,a5,100057ce <cdcd_open+0xba>
10005786:	4501                	li	a0,0
10005788:	c242                	sw	a6,4(sp)
1000578a:	b4fff0ef          	jal	100052d8 <_prep_out_transaction.isra.0>
1000578e:	4812                	lw	a6,4(sp)
10005790:	40f2                	lw	ra,28(sp)
10005792:	8542                	mv	a0,a6
10005794:	6105                	addi	sp,sp,32
10005796:	8082                	ret
10005798:	851a                	mv	a0,t1
1000579a:	c642                	sw	a6,12(sp)
1000579c:	c42e                	sw	a1,8(sp)
1000579e:	c21a                	sw	t1,4(sp)
100057a0:	f50ff0ef          	jal	10004ef0 <usbd_edpt_open>
100057a4:	200037b7          	lui	a5,0x20003
100057a8:	4312                	lw	t1,4(sp)
100057aa:	45a2                	lw	a1,8(sp)
100057ac:	4832                	lw	a6,12(sp)
100057ae:	08478893          	addi	a7,a5,132 # 20003084 <_cdcd_itf>
100057b2:	c919                	beqz	a0,100057c8 <cdcd_open+0xb4>
100057b4:	81bc                	lbu	a5,2(a1)
100057b6:	00f880a3          	sb	a5,1(a7)
100057ba:	8198                	lbu	a4,0(a1)
100057bc:	95ba                	add	a1,a1,a4
100057be:	9742                	add	a4,a4,a6
100057c0:	81dc                	lbu	a5,1(a1)
100057c2:	08074833          	zext.h	a6,a4
100057c6:	bf45                	j	10005776 <cdcd_open+0x62>
100057c8:	9002                	ebreak
100057ca:	4801                	li	a6,0
100057cc:	b7d1                	j	10005790 <cdcd_open+0x7c>
100057ce:	0005c883          	lbu	a7,0(a1)
100057d2:	4689                	li	a3,2
100057d4:	200037b7          	lui	a5,0x20003
100057d8:	20003737          	lui	a4,0x20003
100057dc:	95c6                	add	a1,a1,a7
100057de:	851a                	mv	a0,t1
100057e0:	08678793          	addi	a5,a5,134 # 20003086 <_cdcd_itf+0x2>
100057e4:	08770713          	addi	a4,a4,135 # 20003087 <_cdcd_itf+0x3>
100057e8:	8636                	mv	a2,a3
100057ea:	c442                	sw	a6,8(sp)
100057ec:	c246                	sw	a7,4(sp)
100057ee:	e4aff0ef          	jal	10004e38 <usbd_open_edpt_pair>
100057f2:	4892                	lw	a7,4(sp)
100057f4:	4822                	lw	a6,8(sp)
100057f6:	d969                	beqz	a0,100057c8 <cdcd_open+0xb4>
100057f8:	0839                	addi	a6,a6,14
100057fa:	98c2                	add	a7,a7,a6
100057fc:	0808c833          	zext.h	a6,a7
10005800:	b759                	j	10005786 <cdcd_open+0x72>

10005802 <cdcd_control_xfer_cb>:
10005802:	821c                	lbu	a5,0(a2)
10005804:	02000713          	li	a4,32
10005808:	0607f793          	andi	a5,a5,96
1000580c:	02e79363          	bne	a5,a4,10005832 <cdcd_control_xfer_cb+0x30>
10005810:	00564703          	lbu	a4,5(a2)
10005814:	20003837          	lui	a6,0x20003
10005818:	00464683          	lbu	a3,4(a2)
1000581c:	08480813          	addi	a6,a6,132 # 20003084 <_cdcd_itf>
10005820:	00084883          	lbu	a7,0(a6)
10005824:	0722                	slli	a4,a4,0x8
10005826:	8f55                	or	a4,a4,a3
10005828:	4681                	li	a3,0
1000582a:	00e88763          	beq	a7,a4,10005838 <cdcd_control_xfer_cb+0x36>
1000582e:	8536                	mv	a0,a3
10005830:	8082                	ret
10005832:	4681                	li	a3,0
10005834:	8536                	mv	a0,a3
10005836:	8082                	ret
10005838:	1101                	addi	sp,sp,-32
1000583a:	ce06                	sw	ra,28(sp)
1000583c:	8258                	lbu	a4,1(a2)
1000583e:	02200893          	li	a7,34
10005842:	07170a63          	beq	a4,a7,100058b6 <cdcd_control_xfer_cb+0xb4>
10005846:	02e8e063          	bltu	a7,a4,10005866 <cdcd_control_xfer_cb+0x64>
1000584a:	04f70463          	beq	a4,a5,10005892 <cdcd_control_xfer_cb+0x90>
1000584e:	02100793          	li	a5,33
10005852:	00f71663          	bne	a4,a5,1000585e <cdcd_control_xfer_cb+0x5c>
10005856:	4785                	li	a5,1
10005858:	0af58563          	beq	a1,a5,10005902 <cdcd_control_xfer_cb+0x100>
1000585c:	4685                	li	a3,1
1000585e:	40f2                	lw	ra,28(sp)
10005860:	8536                	mv	a0,a3
10005862:	6105                	addi	sp,sp,32
10005864:	8082                	ret
10005866:	02300793          	li	a5,35
1000586a:	fef71ae3          	bne	a4,a5,1000585e <cdcd_control_xfer_cb+0x5c>
1000586e:	4785                	li	a5,1
10005870:	0af58263          	beq	a1,a5,10005914 <cdcd_control_xfer_cb+0x112>
10005874:	15f5                	addi	a1,a1,-3
10005876:	f1fd                	bnez	a1,1000585c <cdcd_control_xfer_cb+0x5a>
10005878:	00000793          	li	a5,0
1000587c:	d3e5                	beqz	a5,1000585c <cdcd_control_xfer_cb+0x5a>
1000587e:	827c                	lbu	a5,3(a2)
10005880:	822c                	lbu	a1,2(a2)
10005882:	4501                	li	a0,0
10005884:	07a2                	slli	a5,a5,0x8
10005886:	8ddd                	or	a1,a1,a5
10005888:	00000097          	auipc	ra,0x0
1000588c:	000000e7          	jalr	zero # 0 <next_slot_number-0x5>
10005890:	b7f1                	j	1000585c <cdcd_control_xfer_cb+0x5a>
10005892:	4785                	li	a5,1
10005894:	06f58763          	beq	a1,a5,10005902 <cdcd_control_xfer_cb+0x100>
10005898:	100047b7          	lui	a5,0x10004
1000589c:	a1478793          	addi	a5,a5,-1516 # 10003a14 <tud_cdc_line_coding_cb>
100058a0:	dfd5                	beqz	a5,1000585c <cdcd_control_xfer_cb+0x5a>
100058a2:	15f5                	addi	a1,a1,-3
100058a4:	fdc5                	bnez	a1,1000585c <cdcd_control_xfer_cb+0x5a>
100058a6:	200035b7          	lui	a1,0x20003
100058aa:	08c58593          	addi	a1,a1,140 # 2000308c <_cdcd_itf+0x8>
100058ae:	4501                	li	a0,0
100058b0:	964fe0ef          	jal	10003a14 <tud_cdc_line_coding_cb>
100058b4:	b765                	j	1000585c <cdcd_control_xfer_cb+0x5a>
100058b6:	4785                	li	a5,1
100058b8:	04f58e63          	beq	a1,a5,10005914 <cdcd_control_xfer_cb+0x112>
100058bc:	478d                	li	a5,3
100058be:	f8f59fe3          	bne	a1,a5,1000585c <cdcd_control_xfer_cb+0x5a>
100058c2:	827c                	lbu	a5,3(a2)
100058c4:	8238                	lbu	a4,2(a2)
100058c6:	20003537          	lui	a0,0x20003
100058ca:	07a2                	slli	a5,a5,0x8
100058cc:	00177693          	andi	a3,a4,1
100058d0:	00e7e633          	or	a2,a5,a4
100058d4:	0016c593          	xori	a1,a3,1
100058d8:	0a850513          	addi	a0,a0,168 # 200030a8 <_cdcd_itf+0x24>
100058dc:	c636                	sw	a3,12(sp)
100058de:	00c80223          	sb	a2,4(a6)
100058e2:	c432                	sw	a2,8(sp)
100058e4:	5cb000ef          	jal	100066ae <tu_fifo_set_overwritable>
100058e8:	00000793          	li	a5,0
100058ec:	dba5                	beqz	a5,1000585c <cdcd_control_xfer_cb+0x5a>
100058ee:	4622                	lw	a2,8(sp)
100058f0:	45b2                	lw	a1,12(sp)
100058f2:	4501                	li	a0,0
100058f4:	48165613          	bexti	a2,a2,0x1
100058f8:	00000097          	auipc	ra,0x0
100058fc:	000000e7          	jalr	zero # 0 <next_slot_number-0x5>
10005900:	bfb1                	j	1000585c <cdcd_control_xfer_cb+0x5a>
10005902:	200037b7          	lui	a5,0x20003
10005906:	85b2                	mv	a1,a2
10005908:	469d                	li	a3,7
1000590a:	08c78613          	addi	a2,a5,140 # 2000308c <_cdcd_itf+0x8>
1000590e:	f36ff0ef          	jal	10005044 <tud_control_xfer>
10005912:	b7a9                	j	1000585c <cdcd_control_xfer_cb+0x5a>
10005914:	85b2                	mv	a1,a2
10005916:	eceff0ef          	jal	10004fe4 <tud_control_status>
1000591a:	b789                	j	1000585c <cdcd_control_xfer_cb+0x5a>

1000591c <cdcd_xfer_cb>:
1000591c:	7179                	addi	sp,sp,-48
1000591e:	d422                	sw	s0,40(sp)
10005920:	20003437          	lui	s0,0x20003
10005924:	d226                	sw	s1,36(sp)
10005926:	d04a                	sw	s2,32(sp)
10005928:	ce4e                	sw	s3,28(sp)
1000592a:	d606                	sw	ra,44(sp)
1000592c:	08440413          	addi	s0,s0,132 # 20003084 <_cdcd_itf>
10005930:	807c                	lbu	a5,3(s0)
10005932:	ada6                	cm.mvsa01	s3,s1
10005934:	8936                	mv	s2,a3
10005936:	08b78563          	beq	a5,a1,100059c0 <cdcd_xfer_cb+0xa4>
1000593a:	803c                	lbu	a5,2(s0)
1000593c:	02978b63          	beq	a5,s1,10005972 <cdcd_xfer_cb+0x56>
10005940:	9002                	ebreak
10005942:	4501                	li	a0,0
10005944:	50b2                	lw	ra,44(sp)
10005946:	5422                	lw	s0,40(sp)
10005948:	5492                	lw	s1,36(sp)
1000594a:	5902                	lw	s2,32(sp)
1000594c:	49f2                	lw	s3,28(sp)
1000594e:	6145                	addi	sp,sp,48
10005950:	8082                	ret
10005952:	00000793          	li	a5,0
10005956:	cb81                	beqz	a5,10005966 <cdcd_xfer_cb+0x4a>
10005958:	200037b7          	lui	a5,0x20003
1000595c:	09478513          	addi	a0,a5,148 # 20003094 <_cdcd_itf+0x10>
10005960:	035000ef          	jal	10006194 <tu_fifo_empty>
10005964:	c961                	beqz	a0,10005a34 <cdcd_xfer_cb+0x118>
10005966:	4501                	li	a0,0
10005968:	971ff0ef          	jal	100052d8 <_prep_out_transaction.isra.0>
1000596c:	803c                	lbu	a5,2(s0)
1000596e:	00979e63          	bne	a5,s1,1000598a <cdcd_xfer_cb+0x6e>
10005972:	00000793          	li	a5,0
10005976:	c791                	beqz	a5,10005982 <cdcd_xfer_cb+0x66>
10005978:	4501                	li	a0,0
1000597a:	00000097          	auipc	ra,0x0
1000597e:	000000e7          	jalr	zero # 0 <next_slot_number-0x5>
10005982:	4501                	li	a0,0
10005984:	b03ff0ef          	jal	10005486 <tud_cdc_n_write_flush>
10005988:	c119                	beqz	a0,1000598e <cdcd_xfer_cb+0x72>
1000598a:	4505                	li	a0,1
1000598c:	bf65                	j	10005944 <cdcd_xfer_cb+0x28>
1000598e:	20003537          	lui	a0,0x20003
10005992:	0a850513          	addi	a0,a0,168 # 200030a8 <_cdcd_itf+0x24>
10005996:	7d8000ef          	jal	1000616e <tu_fifo_count>
1000599a:	fe0908e3          	beqz	s2,1000598a <cdcd_xfer_cb+0x6e>
1000599e:	f575                	bnez	a0,1000598a <cdcd_xfer_cb+0x6e>
100059a0:	03f97793          	andi	a5,s2,63
100059a4:	f3fd                	bnez	a5,1000598a <cdcd_xfer_cb+0x6e>
100059a6:	802c                	lbu	a1,2(s0)
100059a8:	854e                	mv	a0,s3
100059aa:	d92ff0ef          	jal	10004f3c <usbd_edpt_claim>
100059ae:	dd71                	beqz	a0,1000598a <cdcd_xfer_cb+0x6e>
100059b0:	802c                	lbu	a1,2(s0)
100059b2:	854e                	mv	a0,s3
100059b4:	4681                	li	a3,0
100059b6:	4601                	li	a2,0
100059b8:	dc8ff0ef          	jal	10004f80 <usbd_edpt_xfer>
100059bc:	4505                	li	a0,1
100059be:	b759                	j	10005944 <cdcd_xfer_cb+0x28>
100059c0:	200037b7          	lui	a5,0x20003
100059c4:	00478593          	addi	a1,a5,4 # 20003004 <_cdcd_epbuf>
100059c8:	200037b7          	lui	a5,0x20003
100059cc:	09478513          	addi	a0,a5,148 # 20003094 <_cdcd_itf+0x10>
100059d0:	0806c633          	zext.h	a2,a3
100059d4:	2db000ef          	jal	100064ae <tu_fifo_write_n>
100059d8:	00000713          	li	a4,0
100059dc:	db3d                	beqz	a4,10005952 <cdcd_xfer_cb+0x36>
100059de:	00544703          	lbu	a4,5(s0)
100059e2:	0ff00693          	li	a3,255
100059e6:	f6d706e3          	beq	a4,a3,10005952 <cdcd_xfer_cb+0x36>
100059ea:	f60904e3          	beqz	s2,10005952 <cdcd_xfer_cb+0x36>
100059ee:	200037b7          	lui	a5,0x20003
100059f2:	00478793          	addi	a5,a5,4 # 20003004 <_cdcd_epbuf>
100059f6:	00f90633          	add	a2,s2,a5
100059fa:	a031                	j	10005a06 <cdcd_xfer_cb+0xea>
100059fc:	0785                	addi	a5,a5,1
100059fe:	f4c78ae3          	beq	a5,a2,10005952 <cdcd_xfer_cb+0x36>
10005a02:	00544703          	lbu	a4,5(s0)
10005a06:	8394                	lbu	a3,0(a5)
10005a08:	fee69ae3          	bne	a3,a4,100059fc <cdcd_xfer_cb+0xe0>
10005a0c:	c43e                	sw	a5,8(sp)
10005a0e:	200037b7          	lui	a5,0x20003
10005a12:	09478513          	addi	a0,a5,148 # 20003094 <_cdcd_itf+0x10>
10005a16:	c632                	sw	a2,12(sp)
10005a18:	77c000ef          	jal	10006194 <tu_fifo_empty>
10005a1c:	47a2                	lw	a5,8(sp)
10005a1e:	4632                	lw	a2,12(sp)
10005a20:	fd71                	bnez	a0,100059fc <cdcd_xfer_cb+0xe0>
10005a22:	00544583          	lbu	a1,5(s0)
10005a26:	00000097          	auipc	ra,0x0
10005a2a:	000000e7          	jalr	zero # 0 <next_slot_number-0x5>
10005a2e:	4632                	lw	a2,12(sp)
10005a30:	47a2                	lw	a5,8(sp)
10005a32:	b7e9                	j	100059fc <cdcd_xfer_cb+0xe0>
10005a34:	00000097          	auipc	ra,0x0
10005a38:	000000e7          	jalr	zero # 0 <next_slot_number-0x5>
10005a3c:	b72d                	j	10005966 <cdcd_xfer_cb+0x4a>

10005a3e <vendord_init>:
10005a3e:	20003537          	lui	a0,0x20003
10005a42:	1141                	addi	sp,sp,-16
10005a44:	24c00613          	li	a2,588
10005a48:	4581                	li	a1,0
10005a4a:	35450513          	addi	a0,a0,852 # 20003354 <_vendord_itf>
10005a4e:	c606                	sw	ra,12(sp)
10005a50:	4bd000ef          	jal	1000670c <memset>
10005a54:	20003837          	lui	a6,0x20003
10005a58:	20003737          	lui	a4,0x20003
10005a5c:	20003537          	lui	a0,0x20003
10005a60:	2d480813          	addi	a6,a6,724 # 200032d4 <_vendord_epbuf>
10005a64:	4a070713          	addi	a4,a4,1184 # 200034a0 <_vendord_itf+0x14c>
10005a68:	04000893          	li	a7,64
10005a6c:	10000793          	li	a5,256
10005a70:	4681                	li	a3,0
10005a72:	4601                	li	a2,0
10005a74:	4581                	li	a1,0
10005a76:	47c50513          	addi	a0,a0,1148 # 2000347c <_vendord_itf+0x128>
10005a7a:	21a9                	jal	10005ec4 <tu_edpt_stream_init>
10005a7c:	40b2                	lw	ra,12(sp)
10005a7e:	20003837          	lui	a6,0x20003
10005a82:	20003737          	lui	a4,0x20003
10005a86:	20003537          	lui	a0,0x20003
10005a8a:	31480813          	addi	a6,a6,788 # 20003314 <_vendord_epbuf+0x40>
10005a8e:	37c70713          	addi	a4,a4,892 # 2000337c <_vendord_itf+0x28>
10005a92:	35850513          	addi	a0,a0,856 # 20003358 <_vendord_itf+0x4>
10005a96:	04000893          	li	a7,64
10005a9a:	10000793          	li	a5,256
10005a9e:	4681                	li	a3,0
10005aa0:	4605                	li	a2,1
10005aa2:	4581                	li	a1,0
10005aa4:	0141                	addi	sp,sp,16
10005aa6:	a939                	j	10005ec4 <tu_edpt_stream_init>

10005aa8 <vendord_deinit>:
10005aa8:	20003537          	lui	a0,0x20003
10005aac:	1141                	addi	sp,sp,-16
10005aae:	47c50513          	addi	a0,a0,1148 # 2000347c <_vendord_itf+0x128>
10005ab2:	c606                	sw	ra,12(sp)
10005ab4:	29ad                	jal	10005f2e <tu_edpt_stream_deinit>
10005ab6:	20003537          	lui	a0,0x20003
10005aba:	35850513          	addi	a0,a0,856 # 20003358 <_vendord_itf+0x4>
10005abe:	2985                	jal	10005f2e <tu_edpt_stream_deinit>
10005ac0:	40b2                	lw	ra,12(sp)
10005ac2:	4505                	li	a0,1
10005ac4:	0141                	addi	sp,sp,16
10005ac6:	8082                	ret

10005ac8 <vendord_reset>:
10005ac8:	1141                	addi	sp,sp,-16
10005aca:	c422                	sw	s0,8(sp)
10005acc:	20003537          	lui	a0,0x20003
10005ad0:	20003437          	lui	s0,0x20003
10005ad4:	c606                	sw	ra,12(sp)
10005ad6:	35440413          	addi	s0,s0,852 # 20003354 <_vendord_itf>
10005ada:	48450513          	addi	a0,a0,1156 # 20003484 <_vendord_itf+0x130>
10005ade:	00040023          	sb	zero,0(s0)
10005ae2:	37f000ef          	jal	10006660 <tu_fifo_clear>
10005ae6:	20003537          	lui	a0,0x20003
10005aea:	36050513          	addi	a0,a0,864 # 20003360 <_vendord_itf+0xc>
10005aee:	373000ef          	jal	10006660 <tu_fifo_clear>
10005af2:	120404a3          	sb	zero,297(s0)
10005af6:	000402a3          	sb	zero,5(s0)
10005afa:	40b2                	lw	ra,12(sp)
10005afc:	4422                	lw	s0,8(sp)
10005afe:	0141                	addi	sp,sp,16
10005b00:	8082                	ret

10005b02 <vendord_open>:
10005b02:	0055c703          	lbu	a4,5(a1)
10005b06:	0ff00793          	li	a5,255
10005b0a:	00f70463          	beq	a4,a5,10005b12 <vendord_open+0x10>
10005b0e:	4501                	li	a0,0
10005b10:	8082                	ret
10005b12:	7179                	addi	sp,sp,-48
10005b14:	cc52                	sw	s4,24(sp)
10005b16:	20003a37          	lui	s4,0x20003
10005b1a:	d606                	sw	ra,44(sp)
10005b1c:	ce4e                	sw	s3,28(sp)
10005b1e:	354a0a13          	addi	s4,s4,852 # 20003354 <_vendord_itf>
10005b22:	005a4983          	lbu	s3,5(s4)
10005b26:	129a4783          	lbu	a5,297(s4)
10005b2a:	00f9e9b3          	or	s3,s3,a5
10005b2e:	0e099263          	bnez	s3,10005c12 <vendord_open+0x110>
10005b32:	ca56                	sw	s5,20(sp)
10005b34:	c85a                	sw	s6,16(sp)
10005b36:	d422                	sw	s0,40(sp)
10005b38:	af36                	cm.mvsa01	s6,s5
10005b3a:	002ac703          	lbu	a4,2(s5)
10005b3e:	000ac403          	lbu	s0,0(s5)
10005b42:	004ac783          	lbu	a5,4(s5)
10005b46:	00ea0023          	sb	a4,0(s4)
10005b4a:	9456                	add	s0,s0,s5
10005b4c:	cfd9                	beqz	a5,10005bea <vendord_open+0xe8>
10005b4e:	20003737          	lui	a4,0x20003
10005b52:	200037b7          	lui	a5,0x20003
10005b56:	d226                	sw	s1,36(sp)
10005b58:	d04a                	sw	s2,32(sp)
10005b5a:	c65e                	sw	s7,12(sp)
10005b5c:	c462                	sw	s8,8(sp)
10005b5e:	c266                	sw	s9,4(sp)
10005b60:	00c404b3          	add	s1,s0,a2
10005b64:	48470c13          	addi	s8,a4,1156 # 20003484 <_vendord_itf+0x130>
10005b68:	47c78c93          	addi	s9,a5,1148 # 2000347c <_vendord_itf+0x128>
10005b6c:	4915                	li	s2,5
10005b6e:	4b85                	li	s7,1
10005b70:	a029                	j	10005b7a <vendord_open+0x78>
10005b72:	06947763          	bgeu	s0,s1,10005be0 <vendord_open+0xde>
10005b76:	801c                	lbu	a5,0(s0)
10005b78:	943e                	add	s0,s0,a5
10005b7a:	805c                	lbu	a5,1(s0)
10005b7c:	ff279be3          	bne	a5,s2,10005b72 <vendord_open+0x70>
10005b80:	06947063          	bgeu	s0,s1,10005be0 <vendord_open+0xde>
10005b84:	af62                	cm.mva01s	s6,s0
10005b86:	b6aff0ef          	jal	10004ef0 <usbd_edpt_open>
10005b8a:	c93d                	beqz	a0,10005c00 <vendord_open+0xfe>
10005b8c:	803c                	lbu	a5,2(s0)
10005b8e:	839d                	srli	a5,a5,0x7
10005b90:	09778763          	beq	a5,s7,10005c1e <vendord_open+0x11c>
10005b94:	8562                	mv	a0,s8
10005b96:	2cb000ef          	jal	10006660 <tu_fifo_clear>
10005b9a:	803c                	lbu	a5,2(s0)
10005b9c:	128a4703          	lbu	a4,296(s4)
10005ba0:	85e6                	mv	a1,s9
10005ba2:	12fa04a3          	sb	a5,297(s4)
10005ba6:	00544783          	lbu	a5,5(s0)
10005baa:	00444683          	lbu	a3,4(s0)
10005bae:	9b75                	andi	a4,a4,-3
10005bb0:	07a2                	slli	a5,a5,0x8
10005bb2:	8fd5                	or	a5,a5,a3
10005bb4:	7ff7f793          	andi	a5,a5,2047
10005bb8:	e0078793          	addi	a5,a5,-512
10005bbc:	0017b793          	seqz	a5,a5
10005bc0:	0786                	slli	a5,a5,0x1
10005bc2:	8fd9                	or	a5,a5,a4
10005bc4:	855a                	mv	a0,s6
10005bc6:	12fa0423          	sb	a5,296(s4)
10005bca:	2915                	jal	10005ffe <tu_edpt_stream_read_xfer>
10005bcc:	c915                	beqz	a0,10005c00 <vendord_open+0xfe>
10005bce:	8018                	lbu	a4,0(s0)
10005bd0:	004ac783          	lbu	a5,4(s5)
10005bd4:	0985                	addi	s3,s3,1
10005bd6:	0ff9f993          	zext.b	s3,s3
10005bda:	943a                	add	s0,s0,a4
10005bdc:	f8f9efe3          	bltu	s3,a5,10005b7a <vendord_open+0x78>
10005be0:	5492                	lw	s1,36(sp)
10005be2:	5902                	lw	s2,32(sp)
10005be4:	4bb2                	lw	s7,12(sp)
10005be6:	4c22                	lw	s8,8(sp)
10005be8:	4c92                	lw	s9,4(sp)
10005bea:	41540533          	sub	a0,s0,s5
10005bee:	50b2                	lw	ra,44(sp)
10005bf0:	5422                	lw	s0,40(sp)
10005bf2:	4ad2                	lw	s5,20(sp)
10005bf4:	4b42                	lw	s6,16(sp)
10005bf6:	49f2                	lw	s3,28(sp)
10005bf8:	4a62                	lw	s4,24(sp)
10005bfa:	9d69                	zext.h	a0,a0
10005bfc:	6145                	addi	sp,sp,48
10005bfe:	8082                	ret
10005c00:	9002                	ebreak
10005c02:	5422                	lw	s0,40(sp)
10005c04:	5492                	lw	s1,36(sp)
10005c06:	5902                	lw	s2,32(sp)
10005c08:	4ad2                	lw	s5,20(sp)
10005c0a:	4b42                	lw	s6,16(sp)
10005c0c:	4bb2                	lw	s7,12(sp)
10005c0e:	4c22                	lw	s8,8(sp)
10005c10:	4c92                	lw	s9,4(sp)
10005c12:	50b2                	lw	ra,44(sp)
10005c14:	49f2                	lw	s3,28(sp)
10005c16:	4a62                	lw	s4,24(sp)
10005c18:	4501                	li	a0,0
10005c1a:	6145                	addi	sp,sp,48
10005c1c:	8082                	ret
10005c1e:	20003537          	lui	a0,0x20003
10005c22:	36050513          	addi	a0,a0,864 # 20003360 <_vendord_itf+0xc>
10005c26:	23b000ef          	jal	10006660 <tu_fifo_clear>
10005c2a:	803c                	lbu	a5,2(s0)
10005c2c:	004a4703          	lbu	a4,4(s4)
10005c30:	200035b7          	lui	a1,0x20003
10005c34:	00fa02a3          	sb	a5,5(s4)
10005c38:	00544783          	lbu	a5,5(s0)
10005c3c:	00444683          	lbu	a3,4(s0)
10005c40:	9b75                	andi	a4,a4,-3
10005c42:	07a2                	slli	a5,a5,0x8
10005c44:	8fd5                	or	a5,a5,a3
10005c46:	7ff7f793          	andi	a5,a5,2047
10005c4a:	e0078793          	addi	a5,a5,-512
10005c4e:	0017b793          	seqz	a5,a5
10005c52:	0786                	slli	a5,a5,0x1
10005c54:	8fd9                	or	a5,a5,a4
10005c56:	35858593          	addi	a1,a1,856 # 20003358 <_vendord_itf+0x4>
10005c5a:	4501                	li	a0,0
10005c5c:	00fa0223          	sb	a5,4(s4)
10005c60:	2e2d                	jal	10005f9a <tu_edpt_stream_write_xfer>
10005c62:	b7b5                	j	10005bce <vendord_open+0xcc>

10005c64 <vendord_xfer_cb>:
10005c64:	1101                	addi	sp,sp,-32
10005c66:	200037b7          	lui	a5,0x20003
10005c6a:	ce06                	sw	ra,28(sp)
10005c6c:	35478793          	addi	a5,a5,852 # 20003354 <_vendord_itf>
10005c70:	1297c703          	lbu	a4,297(a5)
10005c74:	882a                	mv	a6,a0
10005c76:	04b70763          	beq	a4,a1,10005cc4 <vendord_xfer_cb+0x60>
10005c7a:	0057c783          	lbu	a5,5(a5)
10005c7e:	00b78663          	beq	a5,a1,10005c8a <vendord_xfer_cb+0x26>
10005c82:	40f2                	lw	ra,28(sp)
10005c84:	4501                	li	a0,0
10005c86:	6105                	addi	sp,sp,32
10005c88:	8082                	ret
10005c8a:	00000793          	li	a5,0
10005c8e:	cf81                	beqz	a5,10005ca6 <vendord_xfer_cb+0x42>
10005c90:	c62a                	sw	a0,12(sp)
10005c92:	0806c5b3          	zext.h	a1,a3
10005c96:	4501                	li	a0,0
10005c98:	c436                	sw	a3,8(sp)
10005c9a:	00000097          	auipc	ra,0x0
10005c9e:	000000e7          	jalr	zero # 0 <next_slot_number-0x5>
10005ca2:	4832                	lw	a6,12(sp)
10005ca4:	46a2                	lw	a3,8(sp)
10005ca6:	200037b7          	lui	a5,0x20003
10005caa:	35878593          	addi	a1,a5,856 # 20003358 <_vendord_itf+0x4>
10005cae:	8542                	mv	a0,a6
10005cb0:	c636                	sw	a3,12(sp)
10005cb2:	c442                	sw	a6,8(sp)
10005cb4:	24dd                	jal	10005f9a <tu_edpt_stream_write_xfer>
10005cb6:	200037b7          	lui	a5,0x20003
10005cba:	cd39                	beqz	a0,10005d18 <vendord_xfer_cb+0xb4>
10005cbc:	4505                	li	a0,1
10005cbe:	40f2                	lw	ra,28(sp)
10005cc0:	6105                	addi	sp,sp,32
10005cc2:	8082                	ret
10005cc4:	1347d703          	lhu	a4,308(a5) # 20003134 <_cdcd_itf+0xb0>
10005cc8:	eb0d                	bnez	a4,10005cfa <vendord_xfer_cb+0x96>
10005cca:	00000793          	li	a5,0
10005cce:	cf91                	beqz	a5,10005cea <vendord_xfer_cb+0x86>
10005cd0:	200035b7          	lui	a1,0x20003
10005cd4:	0806c633          	zext.h	a2,a3
10005cd8:	2d458593          	addi	a1,a1,724 # 200032d4 <_vendord_epbuf>
10005cdc:	4501                	li	a0,0
10005cde:	c442                	sw	a6,8(sp)
10005ce0:	00000097          	auipc	ra,0x0
10005ce4:	000000e7          	jalr	zero # 0 <next_slot_number-0x5>
10005ce8:	4822                	lw	a6,8(sp)
10005cea:	200035b7          	lui	a1,0x20003
10005cee:	8542                	mv	a0,a6
10005cf0:	47c58593          	addi	a1,a1,1148 # 2000347c <_vendord_itf+0x128>
10005cf4:	2629                	jal	10005ffe <tu_edpt_stream_read_xfer>
10005cf6:	4505                	li	a0,1
10005cf8:	b7d9                	j	10005cbe <vendord_xfer_cb+0x5a>
10005cfa:	12c7a583          	lw	a1,300(a5)
10005cfe:	c62a                	sw	a0,12(sp)
10005d00:	20003537          	lui	a0,0x20003
10005d04:	0806c633          	zext.h	a2,a3
10005d08:	48450513          	addi	a0,a0,1156 # 20003484 <_vendord_itf+0x130>
10005d0c:	c436                	sw	a3,8(sp)
10005d0e:	7a0000ef          	jal	100064ae <tu_fifo_write_n>
10005d12:	4832                	lw	a6,12(sp)
10005d14:	46a2                	lw	a3,8(sp)
10005d16:	bf55                	j	10005cca <vendord_xfer_cb+0x66>
10005d18:	4632                	lw	a2,12(sp)
10005d1a:	4522                	lw	a0,8(sp)
10005d1c:	35878593          	addi	a1,a5,856
10005d20:	2c09                	jal	10005f32 <tu_edpt_stream_write_zlp_if_needed>
10005d22:	4505                	li	a0,1
10005d24:	bf69                	j	10005cbe <vendord_xfer_cb+0x5a>

10005d26 <tusb_rhport_init>:
10005d26:	1101                	addi	sp,sp,-32
10005d28:	ce06                	sw	ra,28(sp)
10005d2a:	c98d                	beqz	a1,10005d5c <tusb_rhport_init+0x36>
10005d2c:	4685                	li	a3,1
10005d2e:	02a6e263          	bltu	a3,a0,10005d52 <tusb_rhport_init+0x2c>
10005d32:	4198                	lw	a4,0(a1)
10005d34:	cf19                	beqz	a4,10005d52 <tusb_rhport_init+0x2c>
10005d36:	89718613          	addi	a2,gp,-1897 # 20003ab8 <_tusb_rhport_role>
10005d3a:	20c547b3          	sh2add	a5,a0,a2
10005d3e:	c398                	sw	a4,0(a5)
10005d40:	00d70663          	beq	a4,a3,10005d4c <tusb_rhport_init+0x26>
10005d44:	40f2                	lw	ra,28(sp)
10005d46:	4505                	li	a0,1
10005d48:	6105                	addi	sp,sp,32
10005d4a:	8082                	ret
10005d4c:	85ffe0ef          	jal	100045aa <tud_rhport_init>
10005d50:	f975                	bnez	a0,10005d44 <tusb_rhport_init+0x1e>
10005d52:	9002                	ebreak
10005d54:	4501                	li	a0,0
10005d56:	40f2                	lw	ra,28(sp)
10005d58:	6105                	addi	sp,sp,32
10005d5a:	8082                	ret
10005d5c:	4785                	li	a5,1
10005d5e:	002c                	addi	a1,sp,8
10005d60:	4501                	li	a0,0
10005d62:	c43e                	sw	a5,8(sp)
10005d64:	c602                	sw	zero,12(sp)
10005d66:	845fe0ef          	jal	100045aa <tud_rhport_init>
10005d6a:	4785                	li	a5,1
10005d6c:	e119                	bnez	a0,10005d72 <tusb_rhport_init+0x4c>
10005d6e:	9002                	ebreak
10005d70:	b7dd                	j	10005d56 <tusb_rhport_init+0x30>
10005d72:	88f1aba3          	sw	a5,-1897(gp) # 20003ab8 <_tusb_rhport_role>
10005d76:	b7c5                	j	10005d56 <tusb_rhport_init+0x30>

10005d78 <tu_edpt_claim>:
10005d78:	811c                	lbu	a5,0(a0)
10005d7a:	8b85                	andi	a5,a5,1
10005d7c:	e3a9                	bnez	a5,10005dbe <tu_edpt_claim+0x46>
10005d7e:	8114                	lbu	a3,0(a0)
10005d80:	872a                	mv	a4,a0
10005d82:	4826d693          	bexti	a3,a3,0x2
10005d86:	c299                	beqz	a3,10005d8c <tu_edpt_claim+0x14>
10005d88:	853e                	mv	a0,a5
10005d8a:	8082                	ret
10005d8c:	1101                	addi	sp,sp,-32
10005d8e:	852e                	mv	a0,a1
10005d90:	c42e                	sw	a1,8(sp)
10005d92:	55fd                	li	a1,-1
10005d94:	c63a                	sw	a4,12(sp)
10005d96:	ce06                	sw	ra,28(sp)
10005d98:	0fffa097          	auipc	ra,0xfffa
10005d9c:	3ba080e7          	jalr	954(ra) # 20000152 <mutex_enter_timeout_ms>
10005da0:	4732                	lw	a4,12(sp)
10005da2:	46a2                	lw	a3,8(sp)
10005da4:	831c                	lbu	a5,0(a4)
10005da6:	8b85                	andi	a5,a5,1
10005da8:	ef91                	bnez	a5,10005dc4 <tu_edpt_claim+0x4c>
10005daa:	8310                	lbu	a2,0(a4)
10005dac:	48265613          	bexti	a2,a2,0x2
10005db0:	ea19                	bnez	a2,10005dc6 <tu_edpt_claim+0x4e>
10005db2:	8310                	lbu	a2,0(a4)
10005db4:	4785                	li	a5,1
10005db6:	00466613          	ori	a2,a2,4
10005dba:	8b10                	sb	a2,0(a4)
10005dbc:	a029                	j	10005dc6 <tu_edpt_claim+0x4e>
10005dbe:	4781                	li	a5,0
10005dc0:	853e                	mv	a0,a5
10005dc2:	8082                	ret
10005dc4:	4781                	li	a5,0
10005dc6:	8536                	mv	a0,a3
10005dc8:	c43e                	sw	a5,8(sp)
10005dca:	0fffa097          	auipc	ra,0xfffa
10005dce:	3cc080e7          	jalr	972(ra) # 20000196 <mutex_exit>
10005dd2:	47a2                	lw	a5,8(sp)
10005dd4:	40f2                	lw	ra,28(sp)
10005dd6:	853e                	mv	a0,a5
10005dd8:	6105                	addi	sp,sp,32
10005dda:	8082                	ret

10005ddc <tu_edpt_release>:
10005ddc:	1141                	addi	sp,sp,-16
10005dde:	c226                	sw	s1,4(sp)
10005de0:	c04a                	sw	s2,0(sp)
10005de2:	acaa                	cm.mvsa01	s1,s2
10005de4:	854a                	mv	a0,s2
10005de6:	55fd                	li	a1,-1
10005de8:	c422                	sw	s0,8(sp)
10005dea:	c606                	sw	ra,12(sp)
10005dec:	0fffa097          	auipc	ra,0xfffa
10005df0:	366080e7          	jalr	870(ra) # 20000152 <mutex_enter_timeout_ms>
10005df4:	8080                	lbu	s0,0(s1)
10005df6:	48245413          	bexti	s0,s0,0x2
10005dfa:	ec09                	bnez	s0,10005e14 <tu_edpt_release+0x38>
10005dfc:	854a                	mv	a0,s2
10005dfe:	0fffa097          	auipc	ra,0xfffa
10005e02:	398080e7          	jalr	920(ra) # 20000196 <mutex_exit>
10005e06:	40b2                	lw	ra,12(sp)
10005e08:	8522                	mv	a0,s0
10005e0a:	4422                	lw	s0,8(sp)
10005e0c:	4492                	lw	s1,4(sp)
10005e0e:	4902                	lw	s2,0(sp)
10005e10:	0141                	addi	sp,sp,16
10005e12:	8082                	ret
10005e14:	809c                	lbu	a5,0(s1)
10005e16:	8b85                	andi	a5,a5,1
10005e18:	e789                	bnez	a5,10005e22 <tu_edpt_release+0x46>
10005e1a:	809c                	lbu	a5,0(s1)
10005e1c:	9bed                	andi	a5,a5,-5
10005e1e:	889c                	sb	a5,0(s1)
10005e20:	bff1                	j	10005dfc <tu_edpt_release+0x20>
10005e22:	4401                	li	s0,0
10005e24:	bfe1                	j	10005dfc <tu_edpt_release+0x20>

10005e26 <tu_edpt_validate>:
10005e26:	00554783          	lbu	a5,5(a0)
10005e2a:	00454703          	lbu	a4,4(a0)
10005e2e:	8168                	lbu	a0,3(a0)
10005e30:	07a2                	slli	a5,a5,0x8
10005e32:	8fd9                	or	a5,a5,a4
10005e34:	890d                	andi	a0,a0,3
10005e36:	4709                	li	a4,2
10005e38:	7ff7f793          	andi	a5,a5,2047
10005e3c:	02e50a63          	beq	a0,a4,10005e70 <tu_edpt_validate+0x4a>
10005e40:	468d                	li	a3,3
10005e42:	00d50d63          	beq	a0,a3,10005e5c <tu_edpt_validate+0x36>
10005e46:	4705                	li	a4,1
10005e48:	02e51263          	bne	a0,a4,10005e6c <tu_edpt_validate+0x46>
10005e4c:	15f9                	addi	a1,a1,-2
10005e4e:	0015b593          	seqz	a1,a1
10005e52:	3ff58593          	addi	a1,a1,1023
10005e56:	00f5ea63          	bltu	a1,a5,10005e6a <tu_edpt_validate+0x44>
10005e5a:	8082                	ret
10005e5c:	04000693          	li	a3,64
10005e60:	02e58663          	beq	a1,a4,10005e8c <tu_edpt_validate+0x66>
10005e64:	4505                	li	a0,1
10005e66:	fef6fae3          	bgeu	a3,a5,10005e5a <tu_edpt_validate+0x34>
10005e6a:	9002                	ebreak
10005e6c:	4501                	li	a0,0
10005e6e:	8082                	ret
10005e70:	00a58863          	beq	a1,a0,10005e80 <tu_edpt_validate+0x5a>
10005e74:	04000713          	li	a4,64
10005e78:	4505                	li	a0,1
10005e7a:	fef768e3          	bltu	a4,a5,10005e6a <tu_edpt_validate+0x44>
10005e7e:	8082                	ret
10005e80:	20000713          	li	a4,512
10005e84:	4505                	li	a0,1
10005e86:	fee792e3          	bne	a5,a4,10005e6a <tu_edpt_validate+0x44>
10005e8a:	8082                	ret
10005e8c:	40000693          	li	a3,1024
10005e90:	bfd1                	j	10005e64 <tu_edpt_validate+0x3e>

10005e92 <tu_edpt_bind_driver>:
10005e92:	962e                	add	a2,a2,a1
10005e94:	00c5fa63          	bgeu	a1,a2,10005ea8 <tu_edpt_bind_driver+0x16>
10005e98:	4815                	li	a6,5
10005e9a:	81dc                	lbu	a5,1(a1)
10005e9c:	01078763          	beq	a5,a6,10005eaa <tu_edpt_bind_driver+0x18>
10005ea0:	819c                	lbu	a5,0(a1)
10005ea2:	95be                	add	a1,a1,a5
10005ea4:	fec5ebe3          	bltu	a1,a2,10005e9a <tu_edpt_bind_driver+0x8>
10005ea8:	8082                	ret
10005eaa:	81b8                	lbu	a4,2(a1)
10005eac:	07f77793          	andi	a5,a4,127
10005eb0:	20a7a7b3          	sh1add	a5,a5,a0
10005eb4:	831d                	srli	a4,a4,0x7
10005eb6:	97ba                	add	a5,a5,a4
10005eb8:	8b94                	sb	a3,0(a5)
10005eba:	819c                	lbu	a5,0(a1)
10005ebc:	95be                	add	a1,a1,a5
10005ebe:	fcc5eee3          	bltu	a1,a2,10005e9a <tu_edpt_bind_driver+0x8>
10005ec2:	8082                	ret

10005ec4 <tu_edpt_stream_init>:
10005ec4:	7179                	addi	sp,sp,-48
10005ec6:	d422                	sw	s0,40(sp)
10005ec8:	842a                	mv	s0,a0
10005eca:	8108                	lbu	a0,0(a0)
10005ecc:	8985                	andi	a1,a1,1
10005ece:	d226                	sw	s1,36(sp)
10005ed0:	9979                	andi	a0,a0,-2
10005ed2:	d04a                	sw	s2,32(sp)
10005ed4:	ce4e                	sw	s3,28(sp)
10005ed6:	8d4d                	or	a0,a0,a1
10005ed8:	d606                	sw	ra,44(sp)
10005eda:	85ba                	mv	a1,a4
10005edc:	8808                	sb	a0,0(s0)
10005ede:	8736                	mv	a4,a3
10005ee0:	84b2                	mv	s1,a2
10005ee2:	00840513          	addi	a0,s0,8
10005ee6:	863e                	mv	a2,a5
10005ee8:	4685                	li	a3,1
10005eea:	c42e                	sw	a1,8(sp)
10005eec:	c63e                	sw	a5,12(sp)
10005eee:	8942                	mv	s2,a6
10005ef0:	89c6                	mv	s3,a7
10005ef2:	2ad5                	jal	100060e6 <tu_fifo_config>
10005ef4:	45a2                	lw	a1,8(sp)
10005ef6:	c199                	beqz	a1,10005efc <tu_edpt_stream_init+0x38>
10005ef8:	47b2                	lw	a5,12(sp)
10005efa:	ef89                	bnez	a5,10005f14 <tu_edpt_stream_init+0x50>
10005efc:	01242223          	sw	s2,4(s0)
10005f00:	01341123          	sh	s3,2(s0)
10005f04:	50b2                	lw	ra,44(sp)
10005f06:	5422                	lw	s0,40(sp)
10005f08:	5492                	lw	s1,36(sp)
10005f0a:	5902                	lw	s2,32(sp)
10005f0c:	49f2                	lw	s3,28(sp)
10005f0e:	4505                	li	a0,1
10005f10:	6145                	addi	sp,sp,48
10005f12:	8082                	ret
10005f14:	01c40513          	addi	a0,s0,28
10005f18:	c42a                	sw	a0,8(sp)
10005f1a:	cdbfa0ef          	jal	10000bf4 <mutex_init>
10005f1e:	4522                	lw	a0,8(sp)
10005f20:	4781                	li	a5,0
10005f22:	c099                	beqz	s1,10005f28 <tu_edpt_stream_init+0x64>
10005f24:	87aa                	mv	a5,a0
10005f26:	4501                	li	a0,0
10005f28:	c85c                	sw	a5,20(s0)
10005f2a:	cc08                	sw	a0,24(s0)
10005f2c:	bfc1                	j	10005efc <tu_edpt_stream_init+0x38>

10005f2e <tu_edpt_stream_deinit>:
10005f2e:	4505                	li	a0,1
10005f30:	8082                	ret

10005f32 <tu_edpt_stream_write_zlp_if_needed>:
10005f32:	819c                	lbu	a5,0(a1)
10005f34:	1101                	addi	sp,sp,-32
10005f36:	c84a                	sw	s2,16(sp)
10005f38:	4817d793          	bexti	a5,a5,0x1
10005f3c:	17fd                	addi	a5,a5,-1
10005f3e:	892a                	mv	s2,a0
10005f40:	00858513          	addi	a0,a1,8
10005f44:	cc22                	sw	s0,24(sp)
10005f46:	ca26                	sw	s1,20(sp)
10005f48:	c632                	sw	a2,12(sp)
10005f4a:	ce06                	sw	ra,28(sp)
10005f4c:	84ae                	mv	s1,a1
10005f4e:	e407f413          	andi	s0,a5,-448
10005f52:	2c31                	jal	1000616e <tu_fifo_count>
10005f54:	4632                	lw	a2,12(sp)
10005f56:	ca09                	beqz	a2,10005f68 <tu_edpt_stream_write_zlp_if_needed+0x36>
10005f58:	e901                	bnez	a0,10005f68 <tu_edpt_stream_write_zlp_if_needed+0x36>
10005f5a:	1ff40413          	addi	s0,s0,511
10005f5e:	8e61                	and	a2,a2,s0
10005f60:	e601                	bnez	a2,10005f68 <tu_edpt_stream_write_zlp_if_needed+0x36>
10005f62:	809c                	lbu	a5,0(s1)
10005f64:	8b85                	andi	a5,a5,1
10005f66:	cb81                	beqz	a5,10005f76 <tu_edpt_stream_write_zlp_if_needed+0x44>
10005f68:	4501                	li	a0,0
10005f6a:	40f2                	lw	ra,28(sp)
10005f6c:	4462                	lw	s0,24(sp)
10005f6e:	44d2                	lw	s1,20(sp)
10005f70:	4942                	lw	s2,16(sp)
10005f72:	6105                	addi	sp,sp,32
10005f74:	8082                	ret
10005f76:	80cc                	lbu	a1,1(s1)
10005f78:	854a                	mv	a0,s2
10005f7a:	fc3fe0ef          	jal	10004f3c <usbd_edpt_claim>
10005f7e:	d56d                	beqz	a0,10005f68 <tu_edpt_stream_write_zlp_if_needed+0x36>
10005f80:	809c                	lbu	a5,0(s1)
10005f82:	8b85                	andi	a5,a5,1
10005f84:	c399                	beqz	a5,10005f8a <tu_edpt_stream_write_zlp_if_needed+0x58>
10005f86:	9002                	ebreak
10005f88:	b7c5                	j	10005f68 <tu_edpt_stream_write_zlp_if_needed+0x36>
10005f8a:	80cc                	lbu	a1,1(s1)
10005f8c:	854a                	mv	a0,s2
10005f8e:	4681                	li	a3,0
10005f90:	4601                	li	a2,0
10005f92:	feffe0ef          	jal	10004f80 <usbd_edpt_xfer>
10005f96:	f971                	bnez	a0,10005f6a <tu_edpt_stream_write_zlp_if_needed+0x38>
10005f98:	b7fd                	j	10005f86 <tu_edpt_stream_write_zlp_if_needed+0x54>

10005f9a <tu_edpt_stream_write_xfer>:
10005f9a:	1101                	addi	sp,sp,-32
10005f9c:	cc22                	sw	s0,24(sp)
10005f9e:	c84a                	sw	s2,16(sp)
10005fa0:	ad22                	cm.mvsa01	s2,s0
10005fa2:	00858513          	addi	a0,a1,8
10005fa6:	ce06                	sw	ra,28(sp)
10005fa8:	22d9                	jal	1000616e <tu_fifo_count>
10005faa:	c501                	beqz	a0,10005fb2 <tu_edpt_stream_write_xfer+0x18>
10005fac:	801c                	lbu	a5,0(s0)
10005fae:	8b85                	andi	a5,a5,1
10005fb0:	c799                	beqz	a5,10005fbe <tu_edpt_stream_write_xfer+0x24>
10005fb2:	4501                	li	a0,0
10005fb4:	40f2                	lw	ra,28(sp)
10005fb6:	4462                	lw	s0,24(sp)
10005fb8:	4942                	lw	s2,16(sp)
10005fba:	6105                	addi	sp,sp,32
10005fbc:	8082                	ret
10005fbe:	804c                	lbu	a1,1(s0)
10005fc0:	854a                	mv	a0,s2
10005fc2:	f7bfe0ef          	jal	10004f3c <usbd_edpt_claim>
10005fc6:	d575                	beqz	a0,10005fb2 <tu_edpt_stream_write_xfer+0x18>
10005fc8:	8430                	lhu	a2,2(s0)
10005fca:	404c                	lw	a1,4(s0)
10005fcc:	00840513          	addi	a0,s0,8
10005fd0:	2cc9                	jal	100062a2 <tu_fifo_read_n>
10005fd2:	801c                	lbu	a5,0(s0)
10005fd4:	86aa                	mv	a3,a0
10005fd6:	8b85                	andi	a5,a5,1
10005fd8:	c501                	beqz	a0,10005fe0 <tu_edpt_stream_write_xfer+0x46>
10005fda:	cb89                	beqz	a5,10005fec <tu_edpt_stream_write_xfer+0x52>
10005fdc:	9002                	ebreak
10005fde:	bfd1                	j	10005fb2 <tu_edpt_stream_write_xfer+0x18>
10005fe0:	fbe9                	bnez	a5,10005fb2 <tu_edpt_stream_write_xfer+0x18>
10005fe2:	804c                	lbu	a1,1(s0)
10005fe4:	854a                	mv	a0,s2
10005fe6:	f79fe0ef          	jal	10004f5e <usbd_edpt_release>
10005fea:	b7e1                	j	10005fb2 <tu_edpt_stream_write_xfer+0x18>
10005fec:	4050                	lw	a2,4(s0)
10005fee:	804c                	lbu	a1,1(s0)
10005ff0:	854a                	mv	a0,s2
10005ff2:	c636                	sw	a3,12(sp)
10005ff4:	f8dfe0ef          	jal	10004f80 <usbd_edpt_xfer>
10005ff8:	d175                	beqz	a0,10005fdc <tu_edpt_stream_write_xfer+0x42>
10005ffa:	4532                	lw	a0,12(sp)
10005ffc:	bf65                	j	10005fb4 <tu_edpt_stream_write_xfer+0x1a>

10005ffe <tu_edpt_stream_read_xfer>:
10005ffe:	00c5d683          	lhu	a3,12(a1)
10006002:	7179                	addi	sp,sp,-48
10006004:	d422                	sw	s0,40(sp)
10006006:	d606                	sw	ra,44(sp)
10006008:	8198                	lbu	a4,0(a1)
1000600a:	87ae                	mv	a5,a1
1000600c:	842a                	mv	s0,a0
1000600e:	ea81                	bnez	a3,1000601e <tu_edpt_stream_read_xfer+0x20>
10006010:	8b05                	andi	a4,a4,1
10006012:	c721                	beqz	a4,1000605a <tu_edpt_stream_read_xfer+0x5c>
10006014:	4501                	li	a0,0
10006016:	50b2                	lw	ra,44(sp)
10006018:	5422                	lw	s0,40(sp)
1000601a:	6145                	addi	sp,sp,48
1000601c:	8082                	ret
1000601e:	ce4e                	sw	s3,28(sp)
10006020:	d226                	sw	s1,36(sp)
10006022:	d04a                	sw	s2,32(sp)
10006024:	8b09                	andi	a4,a4,2
10006026:	69c1                	lui	s3,0x10
10006028:	e705                	bnez	a4,10006050 <tu_edpt_stream_read_xfer+0x52>
1000602a:	fc098993          	addi	s3,s3,-64 # ffc0 <HeapSize+0xf7c0>
1000602e:	04000913          	li	s2,64
10006032:	00878493          	addi	s1,a5,8
10006036:	8526                	mv	a0,s1
10006038:	c63e                	sw	a5,12(sp)
1000603a:	22b5                	jal	100061a6 <tu_fifo_remaining>
1000603c:	01256663          	bltu	a0,s2,10006048 <tu_edpt_stream_read_xfer+0x4a>
10006040:	47b2                	lw	a5,12(sp)
10006042:	8398                	lbu	a4,0(a5)
10006044:	8b05                	andi	a4,a4,1
10006046:	c70d                	beqz	a4,10006070 <tu_edpt_stream_read_xfer+0x72>
10006048:	5492                	lw	s1,36(sp)
1000604a:	5902                	lw	s2,32(sp)
1000604c:	49f2                	lw	s3,28(sp)
1000604e:	b7d9                	j	10006014 <tu_edpt_stream_read_xfer+0x16>
10006050:	e0098993          	addi	s3,s3,-512
10006054:	20000913          	li	s2,512
10006058:	bfe9                	j	10006032 <tu_edpt_stream_read_xfer+0x34>
1000605a:	81cc                	lbu	a1,1(a1)
1000605c:	c63e                	sw	a5,12(sp)
1000605e:	edffe0ef          	jal	10004f3c <usbd_edpt_claim>
10006062:	d94d                	beqz	a0,10006014 <tu_edpt_stream_read_xfer+0x16>
10006064:	47b2                	lw	a5,12(sp)
10006066:	8398                	lbu	a4,0(a5)
10006068:	8b05                	andi	a4,a4,1
1000606a:	c70d                	beqz	a4,10006094 <tu_edpt_stream_read_xfer+0x96>
1000606c:	9002                	ebreak
1000606e:	b75d                	j	10006014 <tu_edpt_stream_read_xfer+0x16>
10006070:	83cc                	lbu	a1,1(a5)
10006072:	8522                	mv	a0,s0
10006074:	ec9fe0ef          	jal	10004f3c <usbd_edpt_claim>
10006078:	d961                	beqz	a0,10006048 <tu_edpt_stream_read_xfer+0x4a>
1000607a:	8526                	mv	a0,s1
1000607c:	222d                	jal	100061a6 <tu_fifo_remaining>
1000607e:	47b2                	lw	a5,12(sp)
10006080:	8398                	lbu	a4,0(a5)
10006082:	8b05                	andi	a4,a4,1
10006084:	03256563          	bltu	a0,s2,100060ae <tu_edpt_stream_read_xfer+0xb0>
10006088:	cf05                	beqz	a4,100060c0 <tu_edpt_stream_read_xfer+0xc2>
1000608a:	9002                	ebreak
1000608c:	5492                	lw	s1,36(sp)
1000608e:	5902                	lw	s2,32(sp)
10006090:	49f2                	lw	s3,28(sp)
10006092:	b749                	j	10006014 <tu_edpt_stream_read_xfer+0x16>
10006094:	87b4                	lhu	a3,2(a5)
10006096:	83cc                	lbu	a1,1(a5)
10006098:	4601                	li	a2,0
1000609a:	c291                	beqz	a3,1000609e <tu_edpt_stream_read_xfer+0xa0>
1000609c:	43d0                	lw	a2,4(a5)
1000609e:	8522                	mv	a0,s0
100060a0:	c63e                	sw	a5,12(sp)
100060a2:	edffe0ef          	jal	10004f80 <usbd_edpt_xfer>
100060a6:	d179                	beqz	a0,1000606c <tu_edpt_stream_read_xfer+0x6e>
100060a8:	47b2                	lw	a5,12(sp)
100060aa:	87a8                	lhu	a0,2(a5)
100060ac:	b7ad                	j	10006016 <tu_edpt_stream_read_xfer+0x18>
100060ae:	ff49                	bnez	a4,10006048 <tu_edpt_stream_read_xfer+0x4a>
100060b0:	83cc                	lbu	a1,1(a5)
100060b2:	8522                	mv	a0,s0
100060b4:	eabfe0ef          	jal	10004f5e <usbd_edpt_release>
100060b8:	5492                	lw	s1,36(sp)
100060ba:	5902                	lw	s2,32(sp)
100060bc:	49f2                	lw	s3,28(sp)
100060be:	bf99                	j	10006014 <tu_edpt_stream_read_xfer+0x16>
100060c0:	87b4                	lhu	a3,2(a5)
100060c2:	00a9f733          	and	a4,s3,a0
100060c6:	83cc                	lbu	a1,1(a5)
100060c8:	0ae6d6b3          	minu	a3,a3,a4
100060cc:	4601                	li	a2,0
100060ce:	c291                	beqz	a3,100060d2 <tu_edpt_stream_read_xfer+0xd4>
100060d0:	43d0                	lw	a2,4(a5)
100060d2:	8522                	mv	a0,s0
100060d4:	c636                	sw	a3,12(sp)
100060d6:	eabfe0ef          	jal	10004f80 <usbd_edpt_xfer>
100060da:	d945                	beqz	a0,1000608a <tu_edpt_stream_read_xfer+0x8c>
100060dc:	4532                	lw	a0,12(sp)
100060de:	5492                	lw	s1,36(sp)
100060e0:	5902                	lw	s2,32(sp)
100060e2:	49f2                	lw	s3,28(sp)
100060e4:	bf0d                	j	10006016 <tu_edpt_stream_read_xfer+0x18>

100060e6 <tu_fifo_config>:
100060e6:	67a1                	lui	a5,0x8
100060e8:	08c7e163          	bltu	a5,a2,1000616a <tu_fifo_config+0x84>
100060ec:	1101                	addi	sp,sp,-32
100060ee:	cc22                	sw	s0,24(sp)
100060f0:	842a                	mv	s0,a0
100060f2:	4548                	lw	a0,12(a0)
100060f4:	ca26                	sw	s1,20(sp)
100060f6:	c84a                	sw	s2,16(sp)
100060f8:	c64e                	sw	s3,12(sp)
100060fa:	c452                	sw	s4,8(sp)
100060fc:	ce06                	sw	ra,28(sp)
100060fe:	8a3a                	mv	s4,a4
10006100:	89b6                	mv	s3,a3
10006102:	892e                	mv	s2,a1
10006104:	84b2                	mv	s1,a2
10006106:	c511                	beqz	a0,10006112 <tu_fifo_config+0x2c>
10006108:	55fd                	li	a1,-1
1000610a:	0fffa097          	auipc	ra,0xfffa
1000610e:	048080e7          	jalr	72(ra) # 20000152 <mutex_enter_timeout_ms>
10006112:	4808                	lw	a0,16(s0)
10006114:	c511                	beqz	a0,10006120 <tu_fifo_config+0x3a>
10006116:	55fd                	li	a1,-1
10006118:	0fffa097          	auipc	ra,0xfffa
1000611c:	03a080e7          	jalr	58(ra) # 20000152 <mutex_enter_timeout_ms>
10006120:	01199693          	slli	a3,s3,0x11
10006124:	82c5                	srli	a3,a3,0x11
10006126:	00fa1713          	slli	a4,s4,0xf
1000612a:	4448                	lw	a0,12(s0)
1000612c:	8f55                	or	a4,a4,a3
1000612e:	00041523          	sh	zero,10(s0)
10006132:	00e41323          	sh	a4,6(s0)
10006136:	01242023          	sw	s2,0(s0)
1000613a:	00941223          	sh	s1,4(s0)
1000613e:	00041423          	sh	zero,8(s0)
10006142:	c509                	beqz	a0,1000614c <tu_fifo_config+0x66>
10006144:	0fffa097          	auipc	ra,0xfffa
10006148:	052080e7          	jalr	82(ra) # 20000196 <mutex_exit>
1000614c:	4808                	lw	a0,16(s0)
1000614e:	c509                	beqz	a0,10006158 <tu_fifo_config+0x72>
10006150:	0fffa097          	auipc	ra,0xfffa
10006154:	046080e7          	jalr	70(ra) # 20000196 <mutex_exit>
10006158:	40f2                	lw	ra,28(sp)
1000615a:	4462                	lw	s0,24(sp)
1000615c:	44d2                	lw	s1,20(sp)
1000615e:	4942                	lw	s2,16(sp)
10006160:	49b2                	lw	s3,12(sp)
10006162:	4a22                	lw	s4,8(sp)
10006164:	4505                	li	a0,1
10006166:	6105                	addi	sp,sp,32
10006168:	8082                	ret
1000616a:	4501                	li	a0,0
1000616c:	8082                	ret

1000616e <tu_fifo_count>:
1000616e:	00855683          	lhu	a3,8(a0)
10006172:	00a55703          	lhu	a4,10(a0)
10006176:	00455503          	lhu	a0,4(a0)
1000617a:	0806c7b3          	zext.h	a5,a3
1000617e:	08074633          	zext.h	a2,a4
10006182:	00e6f463          	bgeu	a3,a4,1000618a <tu_fifo_count+0x1c>
10006186:	20f527b3          	sh1add	a5,a0,a5
1000618a:	8f91                	sub	a5,a5,a2
1000618c:	9fe9                	zext.h	a5,a5
1000618e:	0af55533          	minu	a0,a0,a5
10006192:	8082                	ret

10006194 <tu_fifo_empty>:
10006194:	00855783          	lhu	a5,8(a0)
10006198:	00a55703          	lhu	a4,10(a0)
1000619c:	40e78533          	sub	a0,a5,a4
100061a0:	00153513          	seqz	a0,a0
100061a4:	8082                	ret

100061a6 <tu_fifo_remaining>:
100061a6:	00855603          	lhu	a2,8(a0)
100061aa:	00a55683          	lhu	a3,10(a0)
100061ae:	00455703          	lhu	a4,4(a0)
100061b2:	080647b3          	zext.h	a5,a2
100061b6:	0806c5b3          	zext.h	a1,a3
100061ba:	00d67463          	bgeu	a2,a3,100061c2 <tu_fifo_remaining+0x1c>
100061be:	20f727b3          	sh1add	a5,a4,a5
100061c2:	8f8d                	sub	a5,a5,a1
100061c4:	9fe9                	zext.h	a5,a5
100061c6:	00f73533          	sltu	a0,a4,a5
100061ca:	157d                	addi	a0,a0,-1
100061cc:	8f1d                	sub	a4,a4,a5
100061ce:	8d79                	and	a0,a0,a4
100061d0:	9d69                	zext.h	a0,a0
100061d2:	8082                	ret

100061d4 <tu_fifo_read>:
100061d4:	1101                	addi	sp,sp,-32
100061d6:	cc22                	sw	s0,24(sp)
100061d8:	842a                	mv	s0,a0
100061da:	4908                	lw	a0,16(a0)
100061dc:	ca26                	sw	s1,20(sp)
100061de:	ce06                	sw	ra,28(sp)
100061e0:	84ae                	mv	s1,a1
100061e2:	c511                	beqz	a0,100061ee <tu_fifo_read+0x1a>
100061e4:	55fd                	li	a1,-1
100061e6:	0fffa097          	auipc	ra,0xfffa
100061ea:	f6c080e7          	jalr	-148(ra) # 20000152 <mutex_enter_timeout_ms>
100061ee:	00845583          	lhu	a1,8(s0)
100061f2:	00a45683          	lhu	a3,10(s0)
100061f6:	00445703          	lhu	a4,4(s0)
100061fa:	0805c633          	zext.h	a2,a1
100061fe:	0806c7b3          	zext.h	a5,a3
10006202:	06d5ec63          	bltu	a1,a3,1000627a <tu_fifo_read+0xa6>
10006206:	40f606b3          	sub	a3,a2,a5
1000620a:	9ee9                	zext.h	a3,a3
1000620c:	cea5                	beqz	a3,10006284 <tu_fifo_read+0xb0>
1000620e:	04d76e63          	bltu	a4,a3,1000626a <tu_fifo_read+0x96>
10006212:	00e7e663          	bltu	a5,a4,1000621e <tu_fifo_read+0x4a>
10006216:	8f99                	sub	a5,a5,a4
10006218:	9fe9                	zext.h	a5,a5
1000621a:	fee7fee3          	bgeu	a5,a4,10006216 <tu_fifo_read+0x42>
1000621e:	00645603          	lhu	a2,6(s0)
10006222:	400c                	lw	a1,0(s0)
10006224:	8526                	mv	a0,s1
10006226:	0646                	slli	a2,a2,0x11
10006228:	8245                	srli	a2,a2,0x11
1000622a:	9fd1                	mul	a5,a5,a2
1000622c:	95be                	add	a1,a1,a5
1000622e:	2359                	jal	100067b4 <memcpy>
10006230:	00a45683          	lhu	a3,10(s0)
10006234:	00445703          	lhu	a4,4(s0)
10006238:	00168793          	addi	a5,a3,1
1000623c:	9fe9                	zext.h	a5,a5
1000623e:	06d7f063          	bgeu	a5,a3,1000629e <tu_fifo_read+0xca>
10006242:	0706                	slli	a4,a4,0x1
10006244:	4685                	li	a3,1
10006246:	4781                	li	a5,0
10006248:	8f99                	sub	a5,a5,a4
1000624a:	4808                	lw	a0,16(s0)
1000624c:	00f41523          	sh	a5,10(s0)
10006250:	c519                	beqz	a0,1000625e <tu_fifo_read+0x8a>
10006252:	c636                	sw	a3,12(sp)
10006254:	0fffa097          	auipc	ra,0xfffa
10006258:	f42080e7          	jalr	-190(ra) # 20000196 <mutex_exit>
1000625c:	46b2                	lw	a3,12(sp)
1000625e:	40f2                	lw	ra,28(sp)
10006260:	4462                	lw	s0,24(sp)
10006262:	44d2                	lw	s1,20(sp)
10006264:	8536                	mv	a0,a3
10006266:	6105                	addi	sp,sp,32
10006268:	8082                	ret
1000626a:	02e66463          	bltu	a2,a4,10006292 <tu_fifo_read+0xbe>
1000626e:	8e19                	sub	a2,a2,a4
10006270:	080647b3          	zext.h	a5,a2
10006274:	00f41523          	sh	a5,10(s0)
10006278:	bf69                	j	10006212 <tu_fifo_read+0x3e>
1000627a:	20c726b3          	sh1add	a3,a4,a2
1000627e:	8e9d                	sub	a3,a3,a5
10006280:	9ee9                	zext.h	a3,a3
10006282:	f6d1                	bnez	a3,1000620e <tu_fifo_read+0x3a>
10006284:	00a45783          	lhu	a5,10(s0)
10006288:	9fe9                	zext.h	a5,a5
1000628a:	0706                	slli	a4,a4,0x1
1000628c:	fae7cfe3          	blt	a5,a4,1000624a <tu_fifo_read+0x76>
10006290:	bf65                	j	10006248 <tu_fifo_read+0x74>
10006292:	963a                	add	a2,a2,a4
10006294:	080647b3          	zext.h	a5,a2
10006298:	00f41523          	sh	a5,10(s0)
1000629c:	bf9d                	j	10006212 <tu_fifo_read+0x3e>
1000629e:	4685                	li	a3,1
100062a0:	b7ed                	j	1000628a <tu_fifo_read+0xb6>

100062a2 <tu_fifo_read_n>:
100062a2:	1101                	addi	sp,sp,-32
100062a4:	cc22                	sw	s0,24(sp)
100062a6:	842a                	mv	s0,a0
100062a8:	4908                	lw	a0,16(a0)
100062aa:	c84a                	sw	s2,16(sp)
100062ac:	ce06                	sw	ra,28(sp)
100062ae:	ca26                	sw	s1,20(sp)
100062b0:	892e                	mv	s2,a1
100062b2:	c901                	beqz	a0,100062c2 <tu_fifo_read_n+0x20>
100062b4:	55fd                	li	a1,-1
100062b6:	c032                	sw	a2,0(sp)
100062b8:	0fffa097          	auipc	ra,0xfffa
100062bc:	e9a080e7          	jalr	-358(ra) # 20000152 <mutex_enter_timeout_ms>
100062c0:	4602                	lw	a2,0(sp)
100062c2:	00845503          	lhu	a0,8(s0)
100062c6:	00a45583          	lhu	a1,10(s0)
100062ca:	00445703          	lhu	a4,4(s0)
100062ce:	080546b3          	zext.h	a3,a0
100062d2:	0805c7b3          	zext.h	a5,a1
100062d6:	0eb56163          	bltu	a0,a1,100063b8 <tu_fifo_read_n+0x116>
100062da:	40f684b3          	sub	s1,a3,a5
100062de:	9ce9                	zext.h	s1,s1
100062e0:	c0ed                	beqz	s1,100063c2 <tu_fifo_read_n+0x120>
100062e2:	0c976263          	bltu	a4,s1,100063a6 <tu_fifo_read_n+0x104>
100062e6:	0a965633          	minu	a2,a2,s1
100062ea:	080644b3          	zext.h	s1,a2
100062ee:	00e7e663          	bltu	a5,a4,100062fa <tu_fifo_read_n+0x58>
100062f2:	8f99                	sub	a5,a5,a4
100062f4:	9fe9                	zext.h	a5,a5
100062f6:	fee7fee3          	bgeu	a5,a4,100062f2 <tu_fifo_read_n+0x50>
100062fa:	00645803          	lhu	a6,6(s0)
100062fe:	400c                	lw	a1,0(s0)
10006300:	40f706b3          	sub	a3,a4,a5
10006304:	0846                	slli	a6,a6,0x11
10006306:	01185813          	srli	a6,a6,0x11
1000630a:	03078633          	mul	a2,a5,a6
1000630e:	9ee9                	zext.h	a3,a3
10006310:	95b2                	add	a1,a1,a2
10006312:	0696f663          	bgeu	a3,s1,1000637e <tu_fifo_read_n+0xdc>
10006316:	030686b3          	mul	a3,a3,a6
1000631a:	854a                	mv	a0,s2
1000631c:	c63e                	sw	a5,12(sp)
1000631e:	c43a                	sw	a4,8(sp)
10006320:	c242                	sw	a6,4(sp)
10006322:	0806c633          	zext.h	a2,a3
10006326:	c032                	sw	a2,0(sp)
10006328:	2171                	jal	100067b4 <memcpy>
1000632a:	4722                	lw	a4,8(sp)
1000632c:	47b2                	lw	a5,12(sp)
1000632e:	4812                	lw	a6,4(sp)
10006330:	40e48733          	sub	a4,s1,a4
10006334:	97ba                	add	a5,a5,a4
10006336:	02f80833          	mul	a6,a6,a5
1000633a:	4602                	lw	a2,0(sp)
1000633c:	400c                	lw	a1,0(s0)
1000633e:	00c90533          	add	a0,s2,a2
10006342:	08084633          	zext.h	a2,a6
10006346:	21bd                	jal	100067b4 <memcpy>
10006348:	00a45603          	lhu	a2,10(s0)
1000634c:	00445703          	lhu	a4,4(s0)
10006350:	009607b3          	add	a5,a2,s1
10006354:	9fe9                	zext.h	a5,a5
10006356:	00171693          	slli	a3,a4,0x1
1000635a:	04c7f163          	bgeu	a5,a2,1000639c <tu_fifo_read_n+0xfa>
1000635e:	8f95                	sub	a5,a5,a3
10006360:	4808                	lw	a0,16(s0)
10006362:	00f41523          	sh	a5,10(s0)
10006366:	c509                	beqz	a0,10006370 <tu_fifo_read_n+0xce>
10006368:	0fffa097          	auipc	ra,0xfffa
1000636c:	e2e080e7          	jalr	-466(ra) # 20000196 <mutex_exit>
10006370:	40f2                	lw	ra,28(sp)
10006372:	4462                	lw	s0,24(sp)
10006374:	4942                	lw	s2,16(sp)
10006376:	8526                	mv	a0,s1
10006378:	44d2                	lw	s1,20(sp)
1000637a:	6105                	addi	sp,sp,32
1000637c:	8082                	ret
1000637e:	03048633          	mul	a2,s1,a6
10006382:	854a                	mv	a0,s2
10006384:	2905                	jal	100067b4 <memcpy>
10006386:	00a45603          	lhu	a2,10(s0)
1000638a:	00445703          	lhu	a4,4(s0)
1000638e:	009607b3          	add	a5,a2,s1
10006392:	9fe9                	zext.h	a5,a5
10006394:	00171693          	slli	a3,a4,0x1
10006398:	fcc7e3e3          	bltu	a5,a2,1000635e <tu_fifo_read_n+0xbc>
1000639c:	00171693          	slli	a3,a4,0x1
100063a0:	fcd7c0e3          	blt	a5,a3,10006360 <tu_fifo_read_n+0xbe>
100063a4:	bf6d                	j	1000635e <tu_fifo_read_n+0xbc>
100063a6:	02e6f663          	bgeu	a3,a4,100063d2 <tu_fifo_read_n+0x130>
100063aa:	96ba                	add	a3,a3,a4
100063ac:	0806c7b3          	zext.h	a5,a3
100063b0:	00f41523          	sh	a5,10(s0)
100063b4:	84ba                	mv	s1,a4
100063b6:	bf05                	j	100062e6 <tu_fifo_read_n+0x44>
100063b8:	20d724b3          	sh1add	s1,a4,a3
100063bc:	8c9d                	sub	s1,s1,a5
100063be:	9ce9                	zext.h	s1,s1
100063c0:	f08d                	bnez	s1,100062e2 <tu_fifo_read_n+0x40>
100063c2:	00a45783          	lhu	a5,10(s0)
100063c6:	00171693          	slli	a3,a4,0x1
100063ca:	9fe9                	zext.h	a5,a5
100063cc:	f8d7cae3          	blt	a5,a3,10006360 <tu_fifo_read_n+0xbe>
100063d0:	b779                	j	1000635e <tu_fifo_read_n+0xbc>
100063d2:	8e99                	sub	a3,a3,a4
100063d4:	0806c7b3          	zext.h	a5,a3
100063d8:	bfe1                	j	100063b0 <tu_fifo_read_n+0x10e>

100063da <tu_fifo_write>:
100063da:	1101                	addi	sp,sp,-32
100063dc:	cc22                	sw	s0,24(sp)
100063de:	842a                	mv	s0,a0
100063e0:	4548                	lw	a0,12(a0)
100063e2:	ca26                	sw	s1,20(sp)
100063e4:	ce06                	sw	ra,28(sp)
100063e6:	84ae                	mv	s1,a1
100063e8:	c511                	beqz	a0,100063f4 <tu_fifo_write+0x1a>
100063ea:	55fd                	li	a1,-1
100063ec:	0fffa097          	auipc	ra,0xfffa
100063f0:	d66080e7          	jalr	-666(ra) # 20000152 <mutex_enter_timeout_ms>
100063f4:	00845683          	lhu	a3,8(s0)
100063f8:	00845583          	lhu	a1,8(s0)
100063fc:	00a45603          	lhu	a2,10(s0)
10006400:	00445703          	lhu	a4,4(s0)
10006404:	9ee9                	zext.h	a3,a3
10006406:	0805c7b3          	zext.h	a5,a1
1000640a:	08064533          	zext.h	a0,a2
1000640e:	00c5f463          	bgeu	a1,a2,10006416 <tu_fifo_write+0x3c>
10006412:	20f727b3          	sh1add	a5,a4,a5
10006416:	8f89                	sub	a5,a5,a0
10006418:	9fe9                	zext.h	a5,a5
1000641a:	4050                	lw	a2,4(s0)
1000641c:	02e7e463          	bltu	a5,a4,10006444 <tu_fifo_write+0x6a>
10006420:	01f65793          	srli	a5,a2,0x1f
10006424:	02064063          	bltz	a2,10006444 <tu_fifo_write+0x6a>
10006428:	4448                	lw	a0,12(s0)
1000642a:	c519                	beqz	a0,10006438 <tu_fifo_write+0x5e>
1000642c:	c63e                	sw	a5,12(sp)
1000642e:	0fffa097          	auipc	ra,0xfffa
10006432:	d68080e7          	jalr	-664(ra) # 20000196 <mutex_exit>
10006436:	47b2                	lw	a5,12(sp)
10006438:	40f2                	lw	ra,28(sp)
1000643a:	4462                	lw	s0,24(sp)
1000643c:	44d2                	lw	s1,20(sp)
1000643e:	853e                	mv	a0,a5
10006440:	6105                	addi	sp,sp,32
10006442:	8082                	ret
10006444:	87b6                	mv	a5,a3
10006446:	02e6ef63          	bltu	a3,a4,10006484 <tu_fifo_write+0xaa>
1000644a:	8f99                	sub	a5,a5,a4
1000644c:	9fe9                	zext.h	a5,a5
1000644e:	fee7fee3          	bgeu	a5,a4,1000644a <tu_fifo_write+0x70>
10006452:	00161713          	slli	a4,a2,0x1
10006456:	01175613          	srli	a2,a4,0x11
1000645a:	9fd1                	mul	a5,a5,a2
1000645c:	4008                	lw	a0,0(s0)
1000645e:	85a6                	mv	a1,s1
10006460:	c636                	sw	a3,12(sp)
10006462:	953e                	add	a0,a0,a5
10006464:	2e81                	jal	100067b4 <memcpy>
10006466:	46b2                	lw	a3,12(sp)
10006468:	00445703          	lhu	a4,4(s0)
1000646c:	00168793          	addi	a5,a3,1
10006470:	9fe9                	zext.h	a5,a5
10006472:	02d7fa63          	bgeu	a5,a3,100064a6 <tu_fifo_write+0xcc>
10006476:	0706                	slli	a4,a4,0x1
10006478:	4781                	li	a5,0
1000647a:	8f99                	sub	a5,a5,a4
1000647c:	00f41423          	sh	a5,8(s0)
10006480:	4785                	li	a5,1
10006482:	b75d                	j	10006428 <tu_fifo_write+0x4e>
10006484:	00161793          	slli	a5,a2,0x1
10006488:	0117d613          	srli	a2,a5,0x11
1000648c:	02d607b3          	mul	a5,a2,a3
10006490:	4008                	lw	a0,0(s0)
10006492:	85a6                	mv	a1,s1
10006494:	c636                	sw	a3,12(sp)
10006496:	953e                	add	a0,a0,a5
10006498:	2e31                	jal	100067b4 <memcpy>
1000649a:	46b2                	lw	a3,12(sp)
1000649c:	00445703          	lhu	a4,4(s0)
100064a0:	0685                	addi	a3,a3,1
100064a2:	0806c7b3          	zext.h	a5,a3
100064a6:	0706                	slli	a4,a4,0x1
100064a8:	fce7cae3          	blt	a5,a4,1000647c <tu_fifo_write+0xa2>
100064ac:	b7f9                	j	1000647a <tu_fifo_write+0xa0>

100064ae <tu_fifo_write_n>:
100064ae:	10060563          	beqz	a2,100065b8 <tu_fifo_write_n+0x10a>
100064b2:	88aa                	mv	a7,a0
100064b4:	4548                	lw	a0,12(a0)
100064b6:	7139                	addi	sp,sp,-64
100064b8:	de06                	sw	ra,60(sp)
100064ba:	8332                	mv	t1,a2
100064bc:	8eae                	mv	t4,a1
100064be:	cd01                	beqz	a0,100064d6 <tu_fifo_write_n+0x28>
100064c0:	c82e                	sw	a1,16(sp)
100064c2:	55fd                	li	a1,-1
100064c4:	c646                	sw	a7,12(sp)
100064c6:	ca32                	sw	a2,20(sp)
100064c8:	0fffa097          	auipc	ra,0xfffa
100064cc:	c8a080e7          	jalr	-886(ra) # 20000152 <mutex_enter_timeout_ms>
100064d0:	4352                	lw	t1,20(sp)
100064d2:	4ec2                	lw	t4,16(sp)
100064d4:	48b2                	lw	a7,12(sp)
100064d6:	0088de03          	lhu	t3,8(a7)
100064da:	0048a683          	lw	a3,4(a7)
100064de:	00a8d783          	lhu	a5,10(a7)
100064e2:	0048d703          	lhu	a4,4(a7)
100064e6:	080e4e33          	zext.h	t3,t3
100064ea:	9fe9                	zext.h	a5,a5
100064ec:	0806c363          	bltz	a3,10006572 <tu_fifo_write_n+0xc4>
100064f0:	0cfe6763          	bltu	t3,a5,100065be <tu_fifo_write_n+0x110>
100064f4:	40fe07b3          	sub	a5,t3,a5
100064f8:	9fe9                	zext.h	a5,a5
100064fa:	0ce7f963          	bgeu	a5,a4,100065cc <tu_fifo_write_n+0x11e>
100064fe:	40f707b3          	sub	a5,a4,a5
10006502:	9fe9                	zext.h	a5,a5
10006504:	0a67d633          	minu	a2,a5,t1
10006508:	08064333          	zext.h	t1,a2
1000650c:	006e0833          	add	a6,t3,t1
10006510:	08084833          	zext.h	a6,a6
10006514:	40e30f33          	sub	t5,t1,a4
10006518:	87f2                	mv	a5,t3
1000651a:	00ee6663          	bltu	t3,a4,10006526 <tu_fifo_write_n+0x78>
1000651e:	8f99                	sub	a5,a5,a4
10006520:	9fe9                	zext.h	a5,a5
10006522:	fee7fee3          	bgeu	a5,a4,1000651e <tu_fifo_write_n+0x70>
10006526:	00169613          	slli	a2,a3,0x1
1000652a:	01165693          	srli	a3,a2,0x11
1000652e:	02d78633          	mul	a2,a5,a3
10006532:	0008a503          	lw	a0,0(a7)
10006536:	8f1d                	sub	a4,a4,a5
10006538:	9f69                	zext.h	a4,a4
1000653a:	9532                	add	a0,a0,a2
1000653c:	0a676863          	bltu	a4,t1,100065ec <tu_fifo_write_n+0x13e>
10006540:	02d30633          	mul	a2,t1,a3
10006544:	85f6                	mv	a1,t4
10006546:	cc46                	sw	a7,24(sp)
10006548:	ca42                	sw	a6,20(sp)
1000654a:	c872                	sw	t3,16(sp)
1000654c:	c61a                	sw	t1,12(sp)
1000654e:	249d                	jal	100067b4 <memcpy>
10006550:	4332                	lw	t1,12(sp)
10006552:	4e42                	lw	t3,16(sp)
10006554:	4852                	lw	a6,20(sp)
10006556:	48e2                	lw	a7,24(sp)
10006558:	0048d783          	lhu	a5,4(a7)
1000655c:	0786                	slli	a5,a5,0x1
1000655e:	01c86463          	bltu	a6,t3,10006566 <tu_fifo_write_n+0xb8>
10006562:	00f84463          	blt	a6,a5,1000656a <tu_fifo_write_n+0xbc>
10006566:	40f80833          	sub	a6,a6,a5
1000656a:	01089423          	sh	a6,8(a7)
1000656e:	871a                	mv	a4,t1
10006570:	a08d                	j	100065d2 <tu_fifo_write_n+0x124>
10006572:	04e37f63          	bgeu	t1,a4,100065d0 <tu_fifo_write_n+0x122>
10006576:	0afe6e63          	bltu	t3,a5,10006632 <tu_fifo_write_n+0x184>
1000657a:	40fe0633          	sub	a2,t3,a5
1000657e:	9e69                	zext.h	a2,a2
10006580:	00171593          	slli	a1,a4,0x1
10006584:	961a                	add	a2,a2,t1
10006586:	40e30f33          	sub	t5,t1,a4
1000658a:	02b64263          	blt	a2,a1,100065ae <tu_fifo_write_n+0x100>
1000658e:	00e78833          	add	a6,a5,a4
10006592:	08084833          	zext.h	a6,a6
10006596:	40680e33          	sub	t3,a6,t1
1000659a:	080e4e33          	zext.h	t3,t3
1000659e:	00fe6463          	bltu	t3,a5,100065a6 <tu_fifo_write_n+0xf8>
100065a2:	f6be4be3          	blt	t3,a1,10006518 <tu_fifo_write_n+0x6a>
100065a6:	40be05b3          	sub	a1,t3,a1
100065aa:	0805ce33          	zext.h	t3,a1
100065ae:	01c30833          	add	a6,t1,t3
100065b2:	08084833          	zext.h	a6,a6
100065b6:	b78d                	j	10006518 <tu_fifo_write_n+0x6a>
100065b8:	4701                	li	a4,0
100065ba:	853a                	mv	a0,a4
100065bc:	8082                	ret
100065be:	21c72833          	sh1add	a6,a4,t3
100065c2:	40f807b3          	sub	a5,a6,a5
100065c6:	9fe9                	zext.h	a5,a5
100065c8:	f2e7ebe3          	bltu	a5,a4,100064fe <tu_fifo_write_n+0x50>
100065cc:	4701                	li	a4,0
100065ce:	a011                	j	100065d2 <tu_fifo_write_n+0x124>
100065d0:	eb25                	bnez	a4,10006640 <tu_fifo_write_n+0x192>
100065d2:	00c8a503          	lw	a0,12(a7)
100065d6:	c519                	beqz	a0,100065e4 <tu_fifo_write_n+0x136>
100065d8:	c63a                	sw	a4,12(sp)
100065da:	0fffa097          	auipc	ra,0xfffa
100065de:	bbc080e7          	jalr	-1092(ra) # 20000196 <mutex_exit>
100065e2:	4732                	lw	a4,12(sp)
100065e4:	50f2                	lw	ra,60(sp)
100065e6:	853a                	mv	a0,a4
100065e8:	6121                	addi	sp,sp,64
100065ea:	8082                	ret
100065ec:	9f55                	mul	a4,a4,a3
100065ee:	85f6                	mv	a1,t4
100065f0:	d61a                	sw	t1,44(sp)
100065f2:	d042                	sw	a6,32(sp)
100065f4:	cc72                	sw	t3,24(sp)
100065f6:	d446                	sw	a7,40(sp)
100065f8:	d27a                	sw	t5,36(sp)
100065fa:	ce3e                	sw	a5,28(sp)
100065fc:	c636                	sw	a3,12(sp)
100065fe:	ca76                	sw	t4,20(sp)
10006600:	08074633          	zext.h	a2,a4
10006604:	c832                	sw	a2,16(sp)
10006606:	227d                	jal	100067b4 <memcpy>
10006608:	47f2                	lw	a5,28(sp)
1000660a:	5f12                	lw	t5,36(sp)
1000660c:	46b2                	lw	a3,12(sp)
1000660e:	58a2                	lw	a7,40(sp)
10006610:	97fa                	add	a5,a5,t5
10006612:	9edd                	mul	a3,a3,a5
10006614:	4642                	lw	a2,16(sp)
10006616:	4ed2                	lw	t4,20(sp)
10006618:	0008a503          	lw	a0,0(a7)
1000661c:	c646                	sw	a7,12(sp)
1000661e:	00ce85b3          	add	a1,t4,a2
10006622:	0806c633          	zext.h	a2,a3
10006626:	2279                	jal	100067b4 <memcpy>
10006628:	5332                	lw	t1,44(sp)
1000662a:	5802                	lw	a6,32(sp)
1000662c:	4e62                	lw	t3,24(sp)
1000662e:	48b2                	lw	a7,12(sp)
10006630:	b725                	j	10006558 <tu_fifo_write_n+0xaa>
10006632:	00171593          	slli	a1,a4,0x1
10006636:	40f58633          	sub	a2,a1,a5
1000663a:	9672                	add	a2,a2,t3
1000663c:	9e69                	zext.h	a2,a2
1000663e:	b799                	j	10006584 <tu_fifo_write_n+0xd6>
10006640:	00169513          	slli	a0,a3,0x1
10006644:	40e30633          	sub	a2,t1,a4
10006648:	01155593          	srli	a1,a0,0x11
1000664c:	9e4d                	mul	a2,a2,a1
1000664e:	00e78833          	add	a6,a5,a4
10006652:	08084833          	zext.h	a6,a6
10006656:	8e3e                	mv	t3,a5
10006658:	833a                	mv	t1,a4
1000665a:	4f01                	li	t5,0
1000665c:	9eb2                	add	t4,t4,a2
1000665e:	bd6d                	j	10006518 <tu_fifo_write_n+0x6a>

10006660 <tu_fifo_clear>:
10006660:	1141                	addi	sp,sp,-16
10006662:	c422                	sw	s0,8(sp)
10006664:	842a                	mv	s0,a0
10006666:	4548                	lw	a0,12(a0)
10006668:	c606                	sw	ra,12(sp)
1000666a:	c511                	beqz	a0,10006676 <tu_fifo_clear+0x16>
1000666c:	55fd                	li	a1,-1
1000666e:	0fffa097          	auipc	ra,0xfffa
10006672:	ae4080e7          	jalr	-1308(ra) # 20000152 <mutex_enter_timeout_ms>
10006676:	4808                	lw	a0,16(s0)
10006678:	c511                	beqz	a0,10006684 <tu_fifo_clear+0x24>
1000667a:	55fd                	li	a1,-1
1000667c:	0fffa097          	auipc	ra,0xfffa
10006680:	ad6080e7          	jalr	-1322(ra) # 20000152 <mutex_enter_timeout_ms>
10006684:	4448                	lw	a0,12(s0)
10006686:	00041523          	sh	zero,10(s0)
1000668a:	00041423          	sh	zero,8(s0)
1000668e:	c509                	beqz	a0,10006698 <tu_fifo_clear+0x38>
10006690:	0fffa097          	auipc	ra,0xfffa
10006694:	b06080e7          	jalr	-1274(ra) # 20000196 <mutex_exit>
10006698:	4808                	lw	a0,16(s0)
1000669a:	c509                	beqz	a0,100066a4 <tu_fifo_clear+0x44>
1000669c:	0fffa097          	auipc	ra,0xfffa
100066a0:	afa080e7          	jalr	-1286(ra) # 20000196 <mutex_exit>
100066a4:	40b2                	lw	ra,12(sp)
100066a6:	4422                	lw	s0,8(sp)
100066a8:	4505                	li	a0,1
100066aa:	0141                	addi	sp,sp,16
100066ac:	8082                	ret

100066ae <tu_fifo_set_overwritable>:
100066ae:	1141                	addi	sp,sp,-16
100066b0:	c422                	sw	s0,8(sp)
100066b2:	842a                	mv	s0,a0
100066b4:	4548                	lw	a0,12(a0)
100066b6:	c226                	sw	s1,4(sp)
100066b8:	c606                	sw	ra,12(sp)
100066ba:	84ae                	mv	s1,a1
100066bc:	c511                	beqz	a0,100066c8 <tu_fifo_set_overwritable+0x1a>
100066be:	55fd                	li	a1,-1
100066c0:	0fffa097          	auipc	ra,0xfffa
100066c4:	a92080e7          	jalr	-1390(ra) # 20000152 <mutex_enter_timeout_ms>
100066c8:	4808                	lw	a0,16(s0)
100066ca:	c511                	beqz	a0,100066d6 <tu_fifo_set_overwritable+0x28>
100066cc:	55fd                	li	a1,-1
100066ce:	0fffa097          	auipc	ra,0xfffa
100066d2:	a84080e7          	jalr	-1404(ra) # 20000152 <mutex_enter_timeout_ms>
100066d6:	00645583          	lhu	a1,6(s0)
100066da:	00f49793          	slli	a5,s1,0xf
100066de:	4448                	lw	a0,12(s0)
100066e0:	05c6                	slli	a1,a1,0x11
100066e2:	81c5                	srli	a1,a1,0x11
100066e4:	8ddd                	or	a1,a1,a5
100066e6:	00b41323          	sh	a1,6(s0)
100066ea:	c509                	beqz	a0,100066f4 <tu_fifo_set_overwritable+0x46>
100066ec:	0fffa097          	auipc	ra,0xfffa
100066f0:	aaa080e7          	jalr	-1366(ra) # 20000196 <mutex_exit>
100066f4:	4808                	lw	a0,16(s0)
100066f6:	c509                	beqz	a0,10006700 <tu_fifo_set_overwritable+0x52>
100066f8:	0fffa097          	auipc	ra,0xfffa
100066fc:	a9e080e7          	jalr	-1378(ra) # 20000196 <mutex_exit>
10006700:	40b2                	lw	ra,12(sp)
10006702:	4422                	lw	s0,8(sp)
10006704:	4492                	lw	s1,4(sp)
10006706:	4505                	li	a0,1
10006708:	0141                	addi	sp,sp,16
1000670a:	8082                	ret

1000670c <memset>:
1000670c:	433d                	li	t1,15
1000670e:	872a                	mv	a4,a0
10006710:	02c37363          	bgeu	t1,a2,10006736 <memset+0x2a>
10006714:	00f77793          	andi	a5,a4,15
10006718:	efbd                	bnez	a5,10006796 <memset+0x8a>
1000671a:	e5ad                	bnez	a1,10006784 <memset+0x78>
1000671c:	ff067693          	andi	a3,a2,-16
10006720:	8a3d                	andi	a2,a2,15
10006722:	96ba                	add	a3,a3,a4
10006724:	c30c                	sw	a1,0(a4)
10006726:	c34c                	sw	a1,4(a4)
10006728:	c70c                	sw	a1,8(a4)
1000672a:	c74c                	sw	a1,12(a4)
1000672c:	0741                	addi	a4,a4,16
1000672e:	fed76be3          	bltu	a4,a3,10006724 <memset+0x18>
10006732:	e211                	bnez	a2,10006736 <memset+0x2a>
10006734:	8082                	ret
10006736:	40c306b3          	sub	a3,t1,a2
1000673a:	068a                	slli	a3,a3,0x2
1000673c:	00000297          	auipc	t0,0x0
10006740:	9696                	add	a3,a3,t0
10006742:	00a68067          	jr	10(a3)
10006746:	00b70723          	sb	a1,14(a4)
1000674a:	00b706a3          	sb	a1,13(a4)
1000674e:	00b70623          	sb	a1,12(a4)
10006752:	00b705a3          	sb	a1,11(a4)
10006756:	00b70523          	sb	a1,10(a4)
1000675a:	00b704a3          	sb	a1,9(a4)
1000675e:	00b70423          	sb	a1,8(a4)
10006762:	00b703a3          	sb	a1,7(a4)
10006766:	00b70323          	sb	a1,6(a4)
1000676a:	00b702a3          	sb	a1,5(a4)
1000676e:	00b70223          	sb	a1,4(a4)
10006772:	00b701a3          	sb	a1,3(a4)
10006776:	00b70123          	sb	a1,2(a4)
1000677a:	00b700a3          	sb	a1,1(a4)
1000677e:	00b70023          	sb	a1,0(a4)
10006782:	8082                	ret
10006784:	0ff5f593          	zext.b	a1,a1
10006788:	00859693          	slli	a3,a1,0x8
1000678c:	8dd5                	or	a1,a1,a3
1000678e:	01059693          	slli	a3,a1,0x10
10006792:	8dd5                	or	a1,a1,a3
10006794:	b761                	j	1000671c <memset+0x10>
10006796:	00279693          	slli	a3,a5,0x2
1000679a:	00000297          	auipc	t0,0x0
1000679e:	9696                	add	a3,a3,t0
100067a0:	8286                	mv	t0,ra
100067a2:	fa8680e7          	jalr	-88(a3)
100067a6:	8096                	mv	ra,t0
100067a8:	17c1                	addi	a5,a5,-16 # 7ff0 <HeapSize+0x77f0>
100067aa:	8f1d                	sub	a4,a4,a5
100067ac:	963e                	add	a2,a2,a5
100067ae:	f8c374e3          	bgeu	t1,a2,10006736 <memset+0x2a>
100067b2:	b7a5                	j	1000671a <memset+0xe>

100067b4 <memcpy>:
100067b4:	00a5c7b3          	xor	a5,a1,a0
100067b8:	8b8d                	andi	a5,a5,3
100067ba:	00c508b3          	add	a7,a0,a2
100067be:	e7b1                	bnez	a5,1000680a <memcpy+0x56>
100067c0:	00463613          	sltiu	a2,a2,4
100067c4:	e239                	bnez	a2,1000680a <memcpy+0x56>
100067c6:	00357793          	andi	a5,a0,3
100067ca:	872a                	mv	a4,a0
100067cc:	e7c5                	bnez	a5,10006874 <memcpy+0xc0>
100067ce:	ffc8f613          	andi	a2,a7,-4
100067d2:	40e606b3          	sub	a3,a2,a4
100067d6:	02000793          	li	a5,32
100067da:	04d7c363          	blt	a5,a3,10006820 <memcpy+0x6c>
100067de:	86ae                	mv	a3,a1
100067e0:	87ba                	mv	a5,a4
100067e2:	02c77163          	bgeu	a4,a2,10006804 <memcpy+0x50>
100067e6:	0006a803          	lw	a6,0(a3)
100067ea:	0791                	addi	a5,a5,4
100067ec:	0691                	addi	a3,a3,4
100067ee:	ff07ae23          	sw	a6,-4(a5)
100067f2:	fec7eae3          	bltu	a5,a2,100067e6 <memcpy+0x32>
100067f6:	167d                	addi	a2,a2,-1
100067f8:	8e19                	sub	a2,a2,a4
100067fa:	9a71                	andi	a2,a2,-4
100067fc:	0591                	addi	a1,a1,4
100067fe:	0711                	addi	a4,a4,4
10006800:	95b2                	add	a1,a1,a2
10006802:	9732                	add	a4,a4,a2
10006804:	01176663          	bltu	a4,a7,10006810 <memcpy+0x5c>
10006808:	8082                	ret
1000680a:	872a                	mv	a4,a0
1000680c:	ff157ee3          	bgeu	a0,a7,10006808 <memcpy+0x54>
10006810:	819c                	lbu	a5,0(a1)
10006812:	0705                	addi	a4,a4,1
10006814:	0585                	addi	a1,a1,1
10006816:	fef70fa3          	sb	a5,-1(a4)
1000681a:	fee89be3          	bne	a7,a4,10006810 <memcpy+0x5c>
1000681e:	8082                	ret
10006820:	4194                	lw	a3,0(a1)
10006822:	0045a283          	lw	t0,4(a1)
10006826:	0085af83          	lw	t6,8(a1)
1000682a:	00c5af03          	lw	t5,12(a1)
1000682e:	0105ae83          	lw	t4,16(a1)
10006832:	0145ae03          	lw	t3,20(a1)
10006836:	0185a303          	lw	t1,24(a1)
1000683a:	01c5a803          	lw	a6,28(a1)
1000683e:	c314                	sw	a3,0(a4)
10006840:	5194                	lw	a3,32(a1)
10006842:	02470713          	addi	a4,a4,36
10006846:	fe572023          	sw	t0,-32(a4)
1000684a:	fed72e23          	sw	a3,-4(a4)
1000684e:	fff72223          	sw	t6,-28(a4)
10006852:	40e606b3          	sub	a3,a2,a4
10006856:	ffe72423          	sw	t5,-24(a4)
1000685a:	ffd72623          	sw	t4,-20(a4)
1000685e:	ffc72823          	sw	t3,-16(a4)
10006862:	fe672a23          	sw	t1,-12(a4)
10006866:	ff072c23          	sw	a6,-8(a4)
1000686a:	02458593          	addi	a1,a1,36
1000686e:	fad7c9e3          	blt	a5,a3,10006820 <memcpy+0x6c>
10006872:	b7b5                	j	100067de <memcpy+0x2a>
10006874:	8194                	lbu	a3,0(a1)
10006876:	0705                	addi	a4,a4,1
10006878:	00377793          	andi	a5,a4,3
1000687c:	fed70fa3          	sb	a3,-1(a4)
10006880:	0585                	addi	a1,a1,1
10006882:	d7b1                	beqz	a5,100067ce <memcpy+0x1a>
10006884:	8194                	lbu	a3,0(a1)
10006886:	0705                	addi	a4,a4,1
10006888:	00377793          	andi	a5,a4,3
1000688c:	fed70fa3          	sb	a3,-1(a4)
10006890:	0585                	addi	a1,a1,1
10006892:	f3ed                	bnez	a5,10006874 <memcpy+0xc0>
10006894:	bf2d                	j	100067ce <memcpy+0x1a>

10006896 <strlen>:
10006896:	00357793          	andi	a5,a0,3
1000689a:	872a                	mv	a4,a0
1000689c:	ef9d                	bnez	a5,100068da <strlen+0x44>
1000689e:	7f7f86b7          	lui	a3,0x7f7f8
100068a2:	f7f68693          	addi	a3,a3,-129 # 7f7f7f7f <__StackTop+0x5f775f7f>
100068a6:	55fd                	li	a1,-1
100068a8:	4310                	lw	a2,0(a4)
100068aa:	0711                	addi	a4,a4,4
100068ac:	00d677b3          	and	a5,a2,a3
100068b0:	97b6                	add	a5,a5,a3
100068b2:	8fd1                	or	a5,a5,a2
100068b4:	8fd5                	or	a5,a5,a3
100068b6:	feb789e3          	beq	a5,a1,100068a8 <strlen+0x12>
100068ba:	ffc74683          	lbu	a3,-4(a4)
100068be:	40a707b3          	sub	a5,a4,a0
100068c2:	ca85                	beqz	a3,100068f2 <strlen+0x5c>
100068c4:	ffd74683          	lbu	a3,-3(a4)
100068c8:	c295                	beqz	a3,100068ec <strlen+0x56>
100068ca:	ffe74503          	lbu	a0,-2(a4)
100068ce:	00a03533          	snez	a0,a0
100068d2:	953e                	add	a0,a0,a5
100068d4:	1579                	addi	a0,a0,-2
100068d6:	8082                	ret
100068d8:	d2f9                	beqz	a3,1000689e <strlen+0x8>
100068da:	831c                	lbu	a5,0(a4)
100068dc:	0705                	addi	a4,a4,1
100068de:	00377693          	andi	a3,a4,3
100068e2:	fbfd                	bnez	a5,100068d8 <strlen+0x42>
100068e4:	8f09                	sub	a4,a4,a0
100068e6:	fff70513          	addi	a0,a4,-1
100068ea:	8082                	ret
100068ec:	ffd78513          	addi	a0,a5,-3
100068f0:	8082                	ret
100068f2:	ffc78513          	addi	a0,a5,-4
100068f6:	8082                	ret

100068f8 <__pre_init_runtime_init_bootrom_reset>:
100068f8:	1b0e 1000                                   ....

100068fc <__pre_init_runtime_init_early_resets>:
100068fc:	1aae 1000                                   ....

10006900 <__pre_init_runtime_init_usb_power_down>:
10006900:	1ad8 1000                                   ....

10006904 <__pre_init_runtime_init_clocks>:
10006904:	1b3e 1000                                   >...

10006908 <__pre_init_runtime_init_post_clock_resets>:
10006908:	1af2 1000                                   ....

1000690c <__pre_init_runtime_init_boot_locks_reset>:
1000690c:	1a28 1000                                   (...

10006910 <__pre_init_runtime_init_spin_locks_reset>:
10006910:	1b3a 1000                                   :...

10006914 <__pre_init_runtime_init_bootrom_locking_enable>:
10006914:	1a16 1000                                   ....

10006918 <__pre_init_runtime_init_mutex>:
10006918:	0b8e 1000                                   ....

1000691c <__pre_init_runtime_init_default_alarm_pool>:
1000691c:	1010 1000                                   ....

10006920 <__pre_init_first_per_core_initializer>:
10006920:	1a6c 1000                                   l...

10006924 <__pre_init_runtime_init_per_core_bootrom_reset>:
10006924:	1b24 1000                                   $...

10006928 <__pre_init_runtime_init_per_core_h3_irq_registers>:
10006928:	3484 1000                                   .4..

1000692c <__pre_init_runtime_init_per_core_irq_priorities>:
1000692c:	0532 1000                                   2...

10006930 <__init_array_start>:
10006930:	3f50                	.insn	2, 0x3f50
10006932:	1000                	addi	s0,sp,32

10006934 <__frame_dummy_init_array_entry>:
10006934:	0104 1000                                   ....

Disassembly of section .data:

20000000 <mutex_try_enter>:
20000000:	411c                	lw	a5,0(a0)
20000002:	872a                	mv	a4,a0
20000004:	300476f3          	csrrci	a3,mstatus,8
20000008:	00379613          	slli	a2,a5,0x3
2000000c:	28c01633          	bset	a2,zero,a2
20000010:	9bf1                	andi	a5,a5,-4
20000012:	44c7a52f          	amoor.w.aq	a0,a2,(a5)
20000016:	8d71                	and	a0,a0,a2
20000018:	fd6d                	bnez	a0,20000012 <mutex_try_enter+0x12>
2000001a:	0330000f          	fence	rw,rw
2000001e:	00470783          	lb	a5,4(a4)
20000022:	0007ce63          	bltz	a5,2000003e <mutex_try_enter+0x3e>
20000026:	c191                	beqz	a1,2000002a <mutex_try_enter+0x2a>
20000028:	c19c                	sw	a5,0(a1)
2000002a:	4501                	li	a0,0
2000002c:	431c                	lw	a5,0(a4)
2000002e:	0330000f          	fence	rw,rw
20000032:	00078023          	sb	zero,0(a5)
20000036:	8aa1                	andi	a3,a3,8
20000038:	3006a073          	csrs	mstatus,a3
2000003c:	8082                	ret
2000003e:	d00007b7          	lui	a5,0xd0000
20000042:	439c                	lw	a5,0(a5)
20000044:	4505                	li	a0,1
20000046:	00f70223          	sb	a5,4(a4)
2000004a:	431c                	lw	a5,0(a4)
2000004c:	0330000f          	fence	rw,rw
20000050:	00078023          	sb	zero,0(a5) # d0000000 <__StackTop+0xaff7e000>
20000054:	8aa1                	andi	a3,a3,8
20000056:	3006a073          	csrs	mstatus,a3
2000005a:	8082                	ret

2000005c <mutex_enter_block_until>:
2000005c:	d00007b7          	lui	a5,0xd0000
20000060:	439c                	lw	a5,0(a5)
20000062:	1101                	addi	sp,sp,-32
20000064:	cc22                	sw	s0,24(sp)
20000066:	ca26                	sw	s1,20(sp)
20000068:	c84a                	sw	s2,16(sp)
2000006a:	c64e                	sw	s3,12(sp)
2000006c:	ce06                	sw	ra,28(sp)
2000006e:	84be                	mv	s1,a5
20000070:	ac2a                	cm.mvsa01	s0,s2
20000072:	89b2                	mv	s3,a2
20000074:	a829                	j	2000008e <mutex_enter_block_until+0x32>
20000076:	0330000f          	fence	rw,rw
2000007a:	00070023          	sb	zero,0(a4)
2000007e:	3007a073          	csrs	mstatus,a5
20000082:	ad6e                	cm.mva01s	s2,s3
20000084:	f0001097          	auipc	ra,0xf0001
20000088:	41a080e7          	jalr	1050(ra) # 1000149e <best_effort_wfe_or_timeout>
2000008c:	e531                	bnez	a0,200000d8 <mutex_enter_block_until+0x7c>
2000008e:	401c                	lw	a5,0(s0)
20000090:	30047773          	csrrci	a4,mstatus,8
20000094:	00379693          	slli	a3,a5,0x3
20000098:	28d016b3          	bset	a3,zero,a3
2000009c:	9bf1                	andi	a5,a5,-4
2000009e:	44d7a62f          	amoor.w.aq	a2,a3,(a5)
200000a2:	8e75                	and	a2,a2,a3
200000a4:	fe6d                	bnez	a2,2000009e <mutex_enter_block_until+0x42>
200000a6:	0330000f          	fence	rw,rw
200000aa:	00440683          	lb	a3,4(s0)
200000ae:	00877793          	andi	a5,a4,8
200000b2:	4018                	lw	a4,0(s0)
200000b4:	fc06d1e3          	bgez	a3,20000076 <mutex_enter_block_until+0x1a>
200000b8:	00940223          	sb	s1,4(s0)
200000bc:	0330000f          	fence	rw,rw
200000c0:	00070023          	sb	zero,0(a4)
200000c4:	3007a073          	csrs	mstatus,a5
200000c8:	40f2                	lw	ra,28(sp)
200000ca:	4462                	lw	s0,24(sp)
200000cc:	44d2                	lw	s1,20(sp)
200000ce:	4942                	lw	s2,16(sp)
200000d0:	49b2                	lw	s3,12(sp)
200000d2:	4505                	li	a0,1
200000d4:	6105                	addi	sp,sp,32
200000d6:	8082                	ret
200000d8:	40f2                	lw	ra,28(sp)
200000da:	4462                	lw	s0,24(sp)
200000dc:	44d2                	lw	s1,20(sp)
200000de:	4942                	lw	s2,16(sp)
200000e0:	49b2                	lw	s3,12(sp)
200000e2:	4501                	li	a0,0
200000e4:	6105                	addi	sp,sp,32
200000e6:	8082                	ret

200000e8 <mutex_try_enter_block_until>:
200000e8:	411c                	lw	a5,0(a0)
200000ea:	30047773          	csrrci	a4,mstatus,8
200000ee:	00379693          	slli	a3,a5,0x3
200000f2:	28d016b3          	bset	a3,zero,a3
200000f6:	9bf1                	andi	a5,a5,-4
200000f8:	44d7a82f          	amoor.w.aq	a6,a3,(a5)
200000fc:	00d87833          	and	a6,a6,a3
20000100:	fe081ce3          	bnez	a6,200000f8 <mutex_try_enter_block_until+0x10>
20000104:	0330000f          	fence	rw,rw
20000108:	00450683          	lb	a3,4(a0)
2000010c:	00877793          	andi	a5,a4,8
20000110:	4118                	lw	a4,0(a0)
20000112:	0206c263          	bltz	a3,20000136 <mutex_try_enter_block_until+0x4e>
20000116:	0330000f          	fence	rw,rw
2000011a:	00070023          	sb	zero,0(a4)
2000011e:	3007a073          	csrs	mstatus,a5
20000122:	d00007b7          	lui	a5,0xd0000
20000126:	00078703          	lb	a4,0(a5) # d0000000 <__StackTop+0xaff7e000>
2000012a:	4781                	li	a5,0
2000012c:	00d71463          	bne	a4,a3,20000134 <mutex_try_enter_block_until+0x4c>
20000130:	853e                	mv	a0,a5
20000132:	8082                	ret
20000134:	b725                	j	2000005c <mutex_enter_block_until>
20000136:	d00006b7          	lui	a3,0xd0000
2000013a:	4294                	lw	a3,0(a3)
2000013c:	00d50223          	sb	a3,4(a0)
20000140:	0330000f          	fence	rw,rw
20000144:	00070023          	sb	zero,0(a4)
20000148:	3007a073          	csrs	mstatus,a5
2000014c:	4785                	li	a5,1
2000014e:	853e                	mv	a0,a5
20000150:	8082                	ret

20000152 <mutex_enter_timeout_ms>:
20000152:	1141                	addi	sp,sp,-16
20000154:	c422                	sw	s0,8(sp)
20000156:	c226                	sw	s1,4(sp)
20000158:	c606                	sw	ra,12(sp)
2000015a:	aca2                	cm.mvsa01	s1,s0
2000015c:	f0001097          	auipc	ra,0xf0001
20000160:	492080e7          	jalr	1170(ra) # 100015ee <time_us_64>
20000164:	3e800713          	li	a4,1000
20000168:	02e40633          	mul	a2,s0,a4
2000016c:	800007b7          	lui	a5,0x80000
20000170:	17fd                	addi	a5,a5,-1 # 7fffffff <__StackTop+0x5ff7dfff>
20000172:	02e43433          	mulhu	s0,s0,a4
20000176:	9532                	add	a0,a0,a2
20000178:	00c53633          	sltu	a2,a0,a2
2000017c:	942e                	add	s0,s0,a1
2000017e:	9622                	add	a2,a2,s0
20000180:	00c7f463          	bgeu	a5,a2,20000188 <mutex_enter_timeout_ms+0x36>
20000184:	863e                	mv	a2,a5
20000186:	557d                	li	a0,-1
20000188:	4422                	lw	s0,8(sp)
2000018a:	40b2                	lw	ra,12(sp)
2000018c:	85aa                	mv	a1,a0
2000018e:	8526                	mv	a0,s1
20000190:	4492                	lw	s1,4(sp)
20000192:	0141                	addi	sp,sp,16
20000194:	b5e1                	j	2000005c <mutex_enter_block_until>

20000196 <mutex_exit>:
20000196:	411c                	lw	a5,0(a0)
20000198:	30047773          	csrrci	a4,mstatus,8
2000019c:	00379693          	slli	a3,a5,0x3
200001a0:	28d016b3          	bset	a3,zero,a3
200001a4:	9bf1                	andi	a5,a5,-4
200001a6:	44d7a62f          	amoor.w.aq	a2,a3,(a5)
200001aa:	8e75                	and	a2,a2,a3
200001ac:	fe6d                	bnez	a2,200001a6 <mutex_exit+0x10>
200001ae:	0330000f          	fence	rw,rw
200001b2:	57fd                	li	a5,-1
200001b4:	00f50223          	sb	a5,4(a0)
200001b8:	411c                	lw	a5,0(a0)
200001ba:	0330000f          	fence	rw,rw
200001be:	00078023          	sb	zero,0(a5)
200001c2:	8b21                	andi	a4,a4,8
200001c4:	30072073          	csrs	mstatus,a4
200001c8:	00102033          	sgtz	zero,ra
200001cc:	8082                	ret

200001ce <reset_non_control_endpoints>:
200001ce:	1141                	addi	sp,sp,-16
200001d0:	c606                	sw	ra,12(sp)
200001d2:	501007b7          	lui	a5,0x50100
200001d6:	0007a423          	sw	zero,8(a5) # 50100008 <__StackTop+0x3007e008>
200001da:	0007a623          	sw	zero,12(a5)
200001de:	0007a823          	sw	zero,16(a5)
200001e2:	0007aa23          	sw	zero,20(a5)
200001e6:	0007ac23          	sw	zero,24(a5)
200001ea:	0007ae23          	sw	zero,28(a5)
200001ee:	0207a023          	sw	zero,32(a5)
200001f2:	0207a223          	sw	zero,36(a5)
200001f6:	0207a423          	sw	zero,40(a5)
200001fa:	0207a623          	sw	zero,44(a5)
200001fe:	0207a823          	sw	zero,48(a5)
20000202:	0207aa23          	sw	zero,52(a5)
20000206:	0207ac23          	sw	zero,56(a5)
2000020a:	0207ae23          	sw	zero,60(a5)
2000020e:	0407a023          	sw	zero,64(a5)
20000212:	0407a223          	sw	zero,68(a5)
20000216:	0407a423          	sw	zero,72(a5)
2000021a:	0407a623          	sw	zero,76(a5)
2000021e:	0407a823          	sw	zero,80(a5)
20000222:	0407aa23          	sw	zero,84(a5)
20000226:	0407ac23          	sw	zero,88(a5)
2000022a:	0407ae23          	sw	zero,92(a5)
2000022e:	0607a023          	sw	zero,96(a5)
20000232:	0607a223          	sw	zero,100(a5)
20000236:	0607a423          	sw	zero,104(a5)
2000023a:	0607a623          	sw	zero,108(a5)
2000023e:	0607a823          	sw	zero,112(a5)
20000242:	0607aa23          	sw	zero,116(a5)
20000246:	0607ac23          	sw	zero,120(a5)
2000024a:	20003537          	lui	a0,0x20003
2000024e:	0607ae23          	sw	zero,124(a5)
20000252:	63050513          	addi	a0,a0,1584 # 20003630 <hw_endpoints+0x40>
20000256:	3c000613          	li	a2,960
2000025a:	4581                	li	a1,0
2000025c:	f0006097          	auipc	ra,0xf0006
20000260:	4b0080e7          	jalr	1200(ra) # 1000670c <memset>
20000264:	40b2                	lw	ra,12(sp)
20000266:	501007b7          	lui	a5,0x50100
2000026a:	18078793          	addi	a5,a5,384 # 50100180 <__StackTop+0x3007e180>
2000026e:	86f1a7a3          	sw	a5,-1937(gp) # 20003a90 <next_buffer_ptr>
20000272:	0141                	addi	sp,sp,16
20000274:	8082                	ret

20000276 <hw_handle_buff_status>:
20000276:	7179                	addi	sp,sp,-48
20000278:	501107b7          	lui	a5,0x50110
2000027c:	c85a                	sw	s6,16(sp)
2000027e:	0587ab03          	lw	s6,88(a5) # 50110058 <__StackTop+0x3008e058>
20000282:	d606                	sw	ra,44(sp)
20000284:	060b0a63          	beqz	s6,200002f8 <hw_handle_buff_status+0x82>
20000288:	cc52                	sw	s4,24(sp)
2000028a:	20003a37          	lui	s4,0x20003
2000028e:	d422                	sw	s0,40(sp)
20000290:	d226                	sw	s1,36(sp)
20000292:	ca56                	sw	s5,20(sp)
20000294:	d04a                	sw	s2,32(sp)
20000296:	ce4e                	sw	s3,28(sp)
20000298:	4401                	li	s0,0
2000029a:	4485                	li	s1,1
2000029c:	5f0a0a13          	addi	s4,s4,1520 # 200035f0 <hw_endpoints>
200002a0:	50113ab7          	lui	s5,0x50113
200002a4:	a809                	j	200002b6 <hw_handle_buff_status+0x40>
200002a6:	0405                	addi	s0,s0,1
200002a8:	9c61                	zext.b	s0,s0
200002aa:	fe040793          	addi	a5,s0,-32
200002ae:	0486                	slli	s1,s1,0x1
200002b0:	cf95                	beqz	a5,200002ec <hw_handle_buff_status+0x76>
200002b2:	02098d63          	beqz	s3,200002ec <hw_handle_buff_status+0x76>
200002b6:	009b77b3          	and	a5,s6,s1
200002ba:	4985                	li	s3,1
200002bc:	d7ed                	beqz	a5,200002a6 <hw_handle_buff_status+0x30>
200002be:	4089f7b3          	andn	a5,s3,s0
200002c2:	0fe47913          	andi	s2,s0,254
200002c6:	993e                	add	s2,s2,a5
200002c8:	0916                	slli	s2,s2,0x5
200002ca:	9952                	add	s2,s2,s4
200002cc:	049aac23          	sw	s1,88(s5) # 50113058 <__StackTop+0x30091058>
200002d0:	854a                	mv	a0,s2
200002d2:	0b5000ef          	jal	20000b86 <hw_endpoint_xfer_continue>
200002d6:	e50d                	bnez	a0,20000300 <hw_handle_buff_status+0x8a>
200002d8:	0405                	addi	s0,s0,1
200002da:	9c61                	zext.b	s0,s0
200002dc:	409b7b33          	andn	s6,s6,s1
200002e0:	fe040793          	addi	a5,s0,-32
200002e4:	016039b3          	snez	s3,s6
200002e8:	0486                	slli	s1,s1,0x1
200002ea:	f7e1                	bnez	a5,200002b2 <hw_handle_buff_status+0x3c>
200002ec:	5422                	lw	s0,40(sp)
200002ee:	5492                	lw	s1,36(sp)
200002f0:	5902                	lw	s2,32(sp)
200002f2:	49f2                	lw	s3,28(sp)
200002f4:	4a62                	lw	s4,24(sp)
200002f6:	4ad2                	lw	s5,20(sp)
200002f8:	50b2                	lw	ra,44(sp)
200002fa:	4b42                	lw	s6,16(sp)
200002fc:	6145                	addi	sp,sp,48
200002fe:	8082                	ret
20000300:	00294683          	lbu	a3,2(s2)
20000304:	01695703          	lhu	a4,22(s2)
20000308:	70000793          	li	a5,1792
2000030c:	0048                	addi	a0,sp,4
2000030e:	85ce                	mv	a1,s3
20000310:	000104a3          	sb	zero,9(sp)
20000314:	00d10423          	sb	a3,8(sp)
20000318:	c63a                	sw	a4,12(sp)
2000031a:	00f11223          	sh	a5,4(sp)
2000031e:	0c1000ef          	jal	20000bde <dcd_event_handler>
20000322:	854a                	mv	a0,s2
20000324:	798000ef          	jal	20000abc <hw_endpoint_reset_transfer>
20000328:	bf45                	j	200002d8 <hw_handle_buff_status+0x62>

2000032a <dcd_rp2040_irq>:
2000032a:	7179                	addi	sp,sp,-48
2000032c:	501107b7          	lui	a5,0x50110
20000330:	d226                	sw	s1,36(sp)
20000332:	0987a483          	lw	s1,152(a5) # 50110098 <__StackTop+0x3008e098>
20000336:	d422                	sw	s0,40(sp)
20000338:	00020437          	lui	s0,0x20
2000033c:	d606                	sw	ra,44(sp)
2000033e:	8c65                	and	s0,s0,s1
20000340:	47c1                	li	a5,16
20000342:	c865                	beqz	s0,20000432 <dcd_rp2040_irq+0x108>
20000344:	400b0737          	lui	a4,0x400b0
20000348:	200037b7          	lui	a5,0x20003
2000034c:	5710                	lw	a2,40(a4)
2000034e:	5f078793          	addi	a5,a5,1520 # 200035f0 <hw_endpoints>
20000352:	03b7c683          	lbu	a3,59(a5)
20000356:	86c1a9a3          	sw	a2,-1933(gp) # 20003a94 <e15_last_sof>
2000035a:	4709                	li	a4,2
2000035c:	4401                	li	s0,0
2000035e:	30e68763          	beq	a3,a4,2000066c <dcd_rp2040_irq+0x342>
20000362:	07b7c683          	lbu	a3,123(a5)
20000366:	4709                	li	a4,2
20000368:	1ee68663          	beq	a3,a4,20000554 <dcd_rp2040_irq+0x22a>
2000036c:	0bb7c683          	lbu	a3,187(a5)
20000370:	4709                	li	a4,2
20000372:	1ee68b63          	beq	a3,a4,20000568 <dcd_rp2040_irq+0x23e>
20000376:	0fb7c683          	lbu	a3,251(a5)
2000037a:	4709                	li	a4,2
2000037c:	20e68a63          	beq	a3,a4,20000590 <dcd_rp2040_irq+0x266>
20000380:	13b7c683          	lbu	a3,315(a5)
20000384:	4709                	li	a4,2
20000386:	24e68d63          	beq	a3,a4,200005e0 <dcd_rp2040_irq+0x2b6>
2000038a:	17b7c683          	lbu	a3,379(a5)
2000038e:	4709                	li	a4,2
20000390:	22e68463          	beq	a3,a4,200005b8 <dcd_rp2040_irq+0x28e>
20000394:	1bb7c683          	lbu	a3,443(a5)
20000398:	4709                	li	a4,2
2000039a:	28e68363          	beq	a3,a4,20000620 <dcd_rp2040_irq+0x2f6>
2000039e:	1fb7c683          	lbu	a3,507(a5)
200003a2:	4709                	li	a4,2
200003a4:	1ce68c63          	beq	a3,a4,2000057c <dcd_rp2040_irq+0x252>
200003a8:	23b7c683          	lbu	a3,571(a5)
200003ac:	4709                	li	a4,2
200003ae:	28e68363          	beq	a3,a4,20000634 <dcd_rp2040_irq+0x30a>
200003b2:	27b7c683          	lbu	a3,635(a5)
200003b6:	4709                	li	a4,2
200003b8:	20e68a63          	beq	a3,a4,200005cc <dcd_rp2040_irq+0x2a2>
200003bc:	2bb7c683          	lbu	a3,699(a5)
200003c0:	4709                	li	a4,2
200003c2:	28e68b63          	beq	a3,a4,20000658 <dcd_rp2040_irq+0x32e>
200003c6:	2fb7c683          	lbu	a3,763(a5)
200003ca:	4709                	li	a4,2
200003cc:	1ce68c63          	beq	a3,a4,200005a4 <dcd_rp2040_irq+0x27a>
200003d0:	33b7c683          	lbu	a3,827(a5)
200003d4:	4709                	li	a4,2
200003d6:	26e68863          	beq	a3,a4,20000646 <dcd_rp2040_irq+0x31c>
200003da:	37b7c683          	lbu	a3,891(a5)
200003de:	4709                	li	a4,2
200003e0:	20e68a63          	beq	a3,a4,200005f4 <dcd_rp2040_irq+0x2ca>
200003e4:	3bb7c683          	lbu	a3,955(a5)
200003e8:	4709                	li	a4,2
200003ea:	2ce68d63          	beq	a3,a4,200006c4 <dcd_rp2040_irq+0x39a>
200003ee:	3fb7c683          	lbu	a3,1019(a5)
200003f2:	4709                	li	a4,2
200003f4:	2ae68863          	beq	a3,a4,200006a4 <dcd_rp2040_irq+0x37a>
200003f8:	e811                	bnez	s0,2000040c <dcd_rp2040_irq+0xe2>
200003fa:	86b1c783          	lbu	a5,-1941(gp) # 20003a8c <_sof_enable>
200003fe:	e799                	bnez	a5,2000040c <dcd_rp2040_irq+0xe2>
20000400:	501137b7          	lui	a5,0x50113
20000404:	00020737          	lui	a4,0x20
20000408:	08e7a823          	sw	a4,144(a5) # 50113090 <__StackTop+0x30091090>
2000040c:	501107b7          	lui	a5,0x50110
20000410:	47bc                	lw	a5,72(a5)
20000412:	30000713          	li	a4,768
20000416:	4585                	li	a1,1
20000418:	7ff7f793          	andi	a5,a5,2047
2000041c:	0848                	addi	a0,sp,20
2000041e:	cc3e                	sw	a5,24(sp)
20000420:	00e11a23          	sh	a4,20(sp)
20000424:	7ba000ef          	jal	20000bde <dcd_event_handler>
20000428:	000207b7          	lui	a5,0x20
2000042c:	07c1                	addi	a5,a5,16 # 20010 <HeapSize+0x1f810>
2000042e:	00020437          	lui	s0,0x20
20000432:	0104f713          	andi	a4,s1,16
20000436:	10071b63          	bnez	a4,2000054c <dcd_rp2040_irq+0x222>
2000043a:	00f49793          	slli	a5,s1,0xf
2000043e:	0407d663          	bgez	a5,2000048a <dcd_rp2040_irq+0x160>
20000442:	20003537          	lui	a0,0x20003
20000446:	5f050513          	addi	a0,a0,1520 # 200035f0 <hw_endpoints>
2000044a:	01a54783          	lbu	a5,26(a0)
2000044e:	29041413          	bseti	s0,s0,0x10
20000452:	4709                	li	a4,2
20000454:	4805                	li	a6,1
20000456:	e3ad                	bnez	a5,200004b8 <dcd_rp2040_irq+0x18e>
20000458:	010501a3          	sb	a6,3(a0)
2000045c:	02050513          	addi	a0,a0,32
20000460:	05071863          	bne	a4,a6,200004b0 <dcd_rp2040_irq+0x186>
20000464:	60000793          	li	a5,1536
20000468:	00f11a23          	sh	a5,20(sp)
2000046c:	501007b7          	lui	a5,0x50100
20000470:	4394                	lw	a3,0(a5)
20000472:	85ba                	mv	a1,a4
20000474:	0848                	addi	a0,sp,20
20000476:	cc36                	sw	a3,24(sp)
20000478:	43dc                	lw	a5,4(a5)
2000047a:	ce3e                	sw	a5,28(sp)
2000047c:	762000ef          	jal	20000bde <dcd_event_handler>
20000480:	501137b7          	lui	a5,0x50113
20000484:	00020737          	lui	a4,0x20
20000488:	cbb8                	sw	a4,80(a5)
2000048a:	01349793          	slli	a5,s1,0x13
2000048e:	0807ca63          	bltz	a5,20000522 <dcd_rp2040_irq+0x1f8>
20000492:	01149793          	slli	a5,s1,0x11
20000496:	0607c863          	bltz	a5,20000506 <dcd_rp2040_irq+0x1dc>
2000049a:	01049793          	slli	a5,s1,0x10
2000049e:	0407c563          	bltz	a5,200004e8 <dcd_rp2040_irq+0x1be>
200004a2:	3c941d63          	bne	s0,s1,2000087c <dcd_rp2040_irq+0x552>
200004a6:	50b2                	lw	ra,44(sp)
200004a8:	5422                	lw	s0,40(sp)
200004aa:	5492                	lw	s1,36(sp)
200004ac:	6145                	addi	sp,sp,48
200004ae:	8082                	ret
200004b0:	01a54783          	lbu	a5,26(a0)
200004b4:	4705                	li	a4,1
200004b6:	d3cd                	beqz	a5,20000458 <dcd_rp2040_irq+0x12e>
200004b8:	501127b7          	lui	a5,0x50112
200004bc:	d3b8                	sw	a4,96(a5)
200004be:	501106b7          	lui	a3,0x50110
200004c2:	52fc                	lw	a5,100(a3)
200004c4:	8ff9                	and	a5,a5,a4
200004c6:	fee79ee3          	bne	a5,a4,200004c2 <dcd_rp2040_irq+0x198>
200004ca:	660d                	lui	a2,0x3
200004cc:	4581                	li	a1,0
200004ce:	c63a                	sw	a4,12(sp)
200004d0:	c42a                	sw	a0,8(sp)
200004d2:	2bed                	jal	20000acc <_hw_endpoint_buffer_control_update32>
200004d4:	4522                	lw	a0,8(sp)
200004d6:	23dd                	jal	20000abc <hw_endpoint_reset_transfer>
200004d8:	4732                	lw	a4,12(sp)
200004da:	501137b7          	lui	a5,0x50113
200004de:	4522                	lw	a0,8(sp)
200004e0:	d3f8                	sw	a4,100(a5)
200004e2:	d3b8                	sw	a4,96(a5)
200004e4:	4805                	li	a6,1
200004e6:	bf8d                	j	20000458 <dcd_rp2040_irq+0x12e>
200004e8:	50000793          	li	a5,1280
200004ec:	4585                	li	a1,1
200004ee:	0848                	addi	a0,sp,20
200004f0:	00f11a23          	sh	a5,20(sp)
200004f4:	25ed                	jal	20000bde <dcd_event_handler>
200004f6:	501137b7          	lui	a5,0x50113
200004fa:	28b01713          	bseti	a4,zero,0xb
200004fe:	28f41413          	bseti	s0,s0,0xf
20000502:	cbb8                	sw	a4,80(a5)
20000504:	bf79                	j	200004a2 <dcd_rp2040_irq+0x178>
20000506:	40000793          	li	a5,1024
2000050a:	4585                	li	a1,1
2000050c:	0848                	addi	a0,sp,20
2000050e:	00f11a23          	sh	a5,20(sp)
20000512:	25f1                	jal	20000bde <dcd_event_handler>
20000514:	501137b7          	lui	a5,0x50113
20000518:	4741                	li	a4,16
2000051a:	28e41413          	bseti	s0,s0,0xe
2000051e:	cbb8                	sw	a4,80(a5)
20000520:	bfad                	j	2000049a <dcd_rp2040_irq+0x170>
20000522:	501107b7          	lui	a5,0x50110
20000526:	0007a023          	sw	zero,0(a5) # 50110000 <__StackTop+0x3008e000>
2000052a:	3155                	jal	200001ce <reset_non_control_endpoints>
2000052c:	10000793          	li	a5,256
20000530:	0848                	addi	a0,sp,20
20000532:	4585                	li	a1,1
20000534:	00f11a23          	sh	a5,20(sp)
20000538:	cc02                	sw	zero,24(sp)
2000053a:	2555                	jal	20000bde <dcd_event_handler>
2000053c:	501137b7          	lui	a5,0x50113
20000540:	00080737          	lui	a4,0x80
20000544:	28c41413          	bseti	s0,s0,0xc
20000548:	cbb8                	sw	a4,80(a5)
2000054a:	b7a1                	j	20000492 <dcd_rp2040_irq+0x168>
2000054c:	c43e                	sw	a5,8(sp)
2000054e:	3325                	jal	20000276 <hw_handle_buff_status>
20000550:	4422                	lw	s0,8(sp)
20000552:	b5e5                	j	2000043a <dcd_rp2040_irq+0x110>
20000554:	07a7c703          	lbu	a4,122(a5) # 5011307a <__StackTop+0x3009107a>
20000558:	e0070ae3          	beqz	a4,2000036c <dcd_rp2040_irq+0x42>
2000055c:	07c7c683          	lbu	a3,124(a5)
20000560:	2c069563          	bnez	a3,2000082a <dcd_rp2040_irq+0x500>
20000564:	843a                	mv	s0,a4
20000566:	b519                	j	2000036c <dcd_rp2040_irq+0x42>
20000568:	0ba7c703          	lbu	a4,186(a5)
2000056c:	e00705e3          	beqz	a4,20000376 <dcd_rp2040_irq+0x4c>
20000570:	0bc7c683          	lbu	a3,188(a5)
20000574:	28069c63          	bnez	a3,2000080c <dcd_rp2040_irq+0x4e2>
20000578:	843a                	mv	s0,a4
2000057a:	bbf5                	j	20000376 <dcd_rp2040_irq+0x4c>
2000057c:	1fa7c703          	lbu	a4,506(a5)
20000580:	e20704e3          	beqz	a4,200003a8 <dcd_rp2040_irq+0x7e>
20000584:	1fc7c683          	lbu	a3,508(a5)
20000588:	24069463          	bnez	a3,200007d0 <dcd_rp2040_irq+0x4a6>
2000058c:	843a                	mv	s0,a4
2000058e:	bd29                	j	200003a8 <dcd_rp2040_irq+0x7e>
20000590:	0fa7c703          	lbu	a4,250(a5)
20000594:	de0706e3          	beqz	a4,20000380 <dcd_rp2040_irq+0x56>
20000598:	0fc7c683          	lbu	a3,252(a5)
2000059c:	20069b63          	bnez	a3,200007b2 <dcd_rp2040_irq+0x488>
200005a0:	843a                	mv	s0,a4
200005a2:	bbf9                	j	20000380 <dcd_rp2040_irq+0x56>
200005a4:	2fa7c703          	lbu	a4,762(a5)
200005a8:	e20704e3          	beqz	a4,200003d0 <dcd_rp2040_irq+0xa6>
200005ac:	2fc7c683          	lbu	a3,764(a5)
200005b0:	1e069263          	bnez	a3,20000794 <dcd_rp2040_irq+0x46a>
200005b4:	843a                	mv	s0,a4
200005b6:	bd29                	j	200003d0 <dcd_rp2040_irq+0xa6>
200005b8:	17a7c703          	lbu	a4,378(a5)
200005bc:	dc070ce3          	beqz	a4,20000394 <dcd_rp2040_irq+0x6a>
200005c0:	17c7c683          	lbu	a3,380(a5)
200005c4:	1a069963          	bnez	a3,20000776 <dcd_rp2040_irq+0x44c>
200005c8:	843a                	mv	s0,a4
200005ca:	b3e9                	j	20000394 <dcd_rp2040_irq+0x6a>
200005cc:	27a7c703          	lbu	a4,634(a5)
200005d0:	de0706e3          	beqz	a4,200003bc <dcd_rp2040_irq+0x92>
200005d4:	27c7c683          	lbu	a3,636(a5)
200005d8:	18069063          	bnez	a3,20000758 <dcd_rp2040_irq+0x42e>
200005dc:	843a                	mv	s0,a4
200005de:	bbf9                	j	200003bc <dcd_rp2040_irq+0x92>
200005e0:	13a7c703          	lbu	a4,314(a5)
200005e4:	da0703e3          	beqz	a4,2000038a <dcd_rp2040_irq+0x60>
200005e8:	13c7c683          	lbu	a3,316(a5)
200005ec:	14069763          	bnez	a3,2000073a <dcd_rp2040_irq+0x410>
200005f0:	843a                	mv	s0,a4
200005f2:	bb61                	j	2000038a <dcd_rp2040_irq+0x60>
200005f4:	37a7c703          	lbu	a4,890(a5)
200005f8:	de0706e3          	beqz	a4,200003e4 <dcd_rp2040_irq+0xba>
200005fc:	37c7c683          	lbu	a3,892(a5)
20000600:	24069463          	bnez	a3,20000848 <dcd_rp2040_irq+0x51e>
20000604:	3bb7c603          	lbu	a2,955(a5)
20000608:	4689                	li	a3,2
2000060a:	08d60563          	beq	a2,a3,20000694 <dcd_rp2040_irq+0x36a>
2000060e:	3fb7c703          	lbu	a4,1019(a5)
20000612:	ded71de3          	bne	a4,a3,2000040c <dcd_rp2040_irq+0xe2>
20000616:	3fa7c703          	lbu	a4,1018(a5)
2000061a:	de0709e3          	beqz	a4,2000040c <dcd_rp2040_irq+0xe2>
2000061e:	a079                	j	200006ac <dcd_rp2040_irq+0x382>
20000620:	1ba7c703          	lbu	a4,442(a5)
20000624:	d6070de3          	beqz	a4,2000039e <dcd_rp2040_irq+0x74>
20000628:	1bc7c683          	lbu	a3,444(a5)
2000062c:	0e069863          	bnez	a3,2000071c <dcd_rp2040_irq+0x3f2>
20000630:	843a                	mv	s0,a4
20000632:	b3b5                	j	2000039e <dcd_rp2040_irq+0x74>
20000634:	23a7c703          	lbu	a4,570(a5)
20000638:	d6070de3          	beqz	a4,200003b2 <dcd_rp2040_irq+0x88>
2000063c:	23c7c683          	lbu	a3,572(a5)
20000640:	eedd                	bnez	a3,200006fe <dcd_rp2040_irq+0x3d4>
20000642:	843a                	mv	s0,a4
20000644:	b3bd                	j	200003b2 <dcd_rp2040_irq+0x88>
20000646:	33a7c703          	lbu	a4,826(a5)
2000064a:	d80708e3          	beqz	a4,200003da <dcd_rp2040_irq+0xb0>
2000064e:	33c7c683          	lbu	a3,828(a5)
20000652:	e6d9                	bnez	a3,200006e0 <dcd_rp2040_irq+0x3b6>
20000654:	843a                	mv	s0,a4
20000656:	b351                	j	200003da <dcd_rp2040_irq+0xb0>
20000658:	2ba7c703          	lbu	a4,698(a5)
2000065c:	d60705e3          	beqz	a4,200003c6 <dcd_rp2040_irq+0x9c>
20000660:	2bc7c683          	lbu	a3,700(a5)
20000664:	18069563          	bnez	a3,200007ee <dcd_rp2040_irq+0x4c4>
20000668:	843a                	mv	s0,a4
2000066a:	bbb1                	j	200003c6 <dcd_rp2040_irq+0x9c>
2000066c:	03a7c403          	lbu	s0,58(a5)
20000670:	ce0409e3          	beqz	s0,20000362 <dcd_rp2040_irq+0x38>
20000674:	03c7c703          	lbu	a4,60(a5)
20000678:	ce0705e3          	beqz	a4,20000362 <dcd_rp2040_irq+0x38>
2000067c:	20003537          	lui	a0,0x20003
20000680:	61050513          	addi	a0,a0,1552 # 20003610 <hw_endpoints+0x20>
20000684:	02078e23          	sb	zero,60(a5)
20000688:	2951                	jal	20000b1c <hw_endpoint_start_next_buffer>
2000068a:	200037b7          	lui	a5,0x20003
2000068e:	5f078793          	addi	a5,a5,1520 # 200035f0 <hw_endpoints>
20000692:	b9c1                	j	20000362 <dcd_rp2040_irq+0x38>
20000694:	3ba7c683          	lbu	a3,954(a5)
20000698:	ea95                	bnez	a3,200006cc <dcd_rp2040_irq+0x3a2>
2000069a:	3fb7c683          	lbu	a3,1019(a5)
2000069e:	d6c697e3          	bne	a3,a2,2000040c <dcd_rp2040_irq+0xe2>
200006a2:	843a                	mv	s0,a4
200006a4:	3fa7c703          	lbu	a4,1018(a5)
200006a8:	d40708e3          	beqz	a4,200003f8 <dcd_rp2040_irq+0xce>
200006ac:	3fc7c703          	lbu	a4,1020(a5)
200006b0:	d4070ee3          	beqz	a4,2000040c <dcd_rp2040_irq+0xe2>
200006b4:	20004537          	lui	a0,0x20004
200006b8:	9d050513          	addi	a0,a0,-1584 # 200039d0 <hw_endpoints+0x3e0>
200006bc:	3e078e23          	sb	zero,1020(a5)
200006c0:	29b1                	jal	20000b1c <hw_endpoint_start_next_buffer>
200006c2:	b3a9                	j	2000040c <dcd_rp2040_irq+0xe2>
200006c4:	3ba7c703          	lbu	a4,954(a5)
200006c8:	d20703e3          	beqz	a4,200003ee <dcd_rp2040_irq+0xc4>
200006cc:	3bc7c703          	lbu	a4,956(a5)
200006d0:	18071a63          	bnez	a4,20000864 <dcd_rp2040_irq+0x53a>
200006d4:	3fb7c683          	lbu	a3,1019(a5)
200006d8:	4709                	li	a4,2
200006da:	d2e699e3          	bne	a3,a4,2000040c <dcd_rp2040_irq+0xe2>
200006de:	bf25                	j	20000616 <dcd_rp2040_irq+0x2ec>
200006e0:	20004537          	lui	a0,0x20004
200006e4:	91050513          	addi	a0,a0,-1776 # 20003910 <hw_endpoints+0x320>
200006e8:	c43a                	sw	a4,8(sp)
200006ea:	32078e23          	sb	zero,828(a5)
200006ee:	213d                	jal	20000b1c <hw_endpoint_start_next_buffer>
200006f0:	4722                	lw	a4,8(sp)
200006f2:	200037b7          	lui	a5,0x20003
200006f6:	5f078793          	addi	a5,a5,1520 # 200035f0 <hw_endpoints>
200006fa:	843a                	mv	s0,a4
200006fc:	b9f9                	j	200003da <dcd_rp2040_irq+0xb0>
200006fe:	20004537          	lui	a0,0x20004
20000702:	81050513          	addi	a0,a0,-2032 # 20003810 <hw_endpoints+0x220>
20000706:	c43a                	sw	a4,8(sp)
20000708:	22078e23          	sb	zero,572(a5)
2000070c:	2901                	jal	20000b1c <hw_endpoint_start_next_buffer>
2000070e:	4722                	lw	a4,8(sp)
20000710:	200037b7          	lui	a5,0x20003
20000714:	5f078793          	addi	a5,a5,1520 # 200035f0 <hw_endpoints>
20000718:	843a                	mv	s0,a4
2000071a:	b961                	j	200003b2 <dcd_rp2040_irq+0x88>
2000071c:	20003537          	lui	a0,0x20003
20000720:	79050513          	addi	a0,a0,1936 # 20003790 <hw_endpoints+0x1a0>
20000724:	c43a                	sw	a4,8(sp)
20000726:	1a078e23          	sb	zero,444(a5)
2000072a:	2ecd                	jal	20000b1c <hw_endpoint_start_next_buffer>
2000072c:	4722                	lw	a4,8(sp)
2000072e:	200037b7          	lui	a5,0x20003
20000732:	5f078793          	addi	a5,a5,1520 # 200035f0 <hw_endpoints>
20000736:	843a                	mv	s0,a4
20000738:	b19d                	j	2000039e <dcd_rp2040_irq+0x74>
2000073a:	20003537          	lui	a0,0x20003
2000073e:	71050513          	addi	a0,a0,1808 # 20003710 <hw_endpoints+0x120>
20000742:	c43a                	sw	a4,8(sp)
20000744:	12078e23          	sb	zero,316(a5)
20000748:	2ed1                	jal	20000b1c <hw_endpoint_start_next_buffer>
2000074a:	4722                	lw	a4,8(sp)
2000074c:	200037b7          	lui	a5,0x20003
20000750:	5f078793          	addi	a5,a5,1520 # 200035f0 <hw_endpoints>
20000754:	843a                	mv	s0,a4
20000756:	b915                	j	2000038a <dcd_rp2040_irq+0x60>
20000758:	20004537          	lui	a0,0x20004
2000075c:	85050513          	addi	a0,a0,-1968 # 20003850 <hw_endpoints+0x260>
20000760:	c43a                	sw	a4,8(sp)
20000762:	26078e23          	sb	zero,636(a5)
20000766:	2e5d                	jal	20000b1c <hw_endpoint_start_next_buffer>
20000768:	4722                	lw	a4,8(sp)
2000076a:	200037b7          	lui	a5,0x20003
2000076e:	5f078793          	addi	a5,a5,1520 # 200035f0 <hw_endpoints>
20000772:	843a                	mv	s0,a4
20000774:	b1a1                	j	200003bc <dcd_rp2040_irq+0x92>
20000776:	20003537          	lui	a0,0x20003
2000077a:	75050513          	addi	a0,a0,1872 # 20003750 <hw_endpoints+0x160>
2000077e:	c43a                	sw	a4,8(sp)
20000780:	16078e23          	sb	zero,380(a5)
20000784:	2e61                	jal	20000b1c <hw_endpoint_start_next_buffer>
20000786:	4722                	lw	a4,8(sp)
20000788:	200037b7          	lui	a5,0x20003
2000078c:	5f078793          	addi	a5,a5,1520 # 200035f0 <hw_endpoints>
20000790:	843a                	mv	s0,a4
20000792:	b109                	j	20000394 <dcd_rp2040_irq+0x6a>
20000794:	20004537          	lui	a0,0x20004
20000798:	8d050513          	addi	a0,a0,-1840 # 200038d0 <hw_endpoints+0x2e0>
2000079c:	c43a                	sw	a4,8(sp)
2000079e:	2e078e23          	sb	zero,764(a5)
200007a2:	2ead                	jal	20000b1c <hw_endpoint_start_next_buffer>
200007a4:	4722                	lw	a4,8(sp)
200007a6:	200037b7          	lui	a5,0x20003
200007aa:	5f078793          	addi	a5,a5,1520 # 200035f0 <hw_endpoints>
200007ae:	843a                	mv	s0,a4
200007b0:	b105                	j	200003d0 <dcd_rp2040_irq+0xa6>
200007b2:	20003537          	lui	a0,0x20003
200007b6:	6d050513          	addi	a0,a0,1744 # 200036d0 <hw_endpoints+0xe0>
200007ba:	c43a                	sw	a4,8(sp)
200007bc:	0e078e23          	sb	zero,252(a5)
200007c0:	2eb1                	jal	20000b1c <hw_endpoint_start_next_buffer>
200007c2:	4722                	lw	a4,8(sp)
200007c4:	200037b7          	lui	a5,0x20003
200007c8:	5f078793          	addi	a5,a5,1520 # 200035f0 <hw_endpoints>
200007cc:	843a                	mv	s0,a4
200007ce:	be4d                	j	20000380 <dcd_rp2040_irq+0x56>
200007d0:	20003537          	lui	a0,0x20003
200007d4:	7d050513          	addi	a0,a0,2000 # 200037d0 <hw_endpoints+0x1e0>
200007d8:	c43a                	sw	a4,8(sp)
200007da:	1e078e23          	sb	zero,508(a5)
200007de:	2e3d                	jal	20000b1c <hw_endpoint_start_next_buffer>
200007e0:	4722                	lw	a4,8(sp)
200007e2:	200037b7          	lui	a5,0x20003
200007e6:	5f078793          	addi	a5,a5,1520 # 200035f0 <hw_endpoints>
200007ea:	843a                	mv	s0,a4
200007ec:	be75                	j	200003a8 <dcd_rp2040_irq+0x7e>
200007ee:	20004537          	lui	a0,0x20004
200007f2:	89050513          	addi	a0,a0,-1904 # 20003890 <hw_endpoints+0x2a0>
200007f6:	c43a                	sw	a4,8(sp)
200007f8:	2a078e23          	sb	zero,700(a5)
200007fc:	2605                	jal	20000b1c <hw_endpoint_start_next_buffer>
200007fe:	4722                	lw	a4,8(sp)
20000800:	200037b7          	lui	a5,0x20003
20000804:	5f078793          	addi	a5,a5,1520 # 200035f0 <hw_endpoints>
20000808:	843a                	mv	s0,a4
2000080a:	be75                	j	200003c6 <dcd_rp2040_irq+0x9c>
2000080c:	20003537          	lui	a0,0x20003
20000810:	69050513          	addi	a0,a0,1680 # 20003690 <hw_endpoints+0xa0>
20000814:	c43a                	sw	a4,8(sp)
20000816:	0a078e23          	sb	zero,188(a5)
2000081a:	2609                	jal	20000b1c <hw_endpoint_start_next_buffer>
2000081c:	4722                	lw	a4,8(sp)
2000081e:	200037b7          	lui	a5,0x20003
20000822:	5f078793          	addi	a5,a5,1520 # 200035f0 <hw_endpoints>
20000826:	843a                	mv	s0,a4
20000828:	b6b9                	j	20000376 <dcd_rp2040_irq+0x4c>
2000082a:	20003537          	lui	a0,0x20003
2000082e:	65050513          	addi	a0,a0,1616 # 20003650 <hw_endpoints+0x60>
20000832:	c43a                	sw	a4,8(sp)
20000834:	06078e23          	sb	zero,124(a5)
20000838:	24d5                	jal	20000b1c <hw_endpoint_start_next_buffer>
2000083a:	4722                	lw	a4,8(sp)
2000083c:	200037b7          	lui	a5,0x20003
20000840:	5f078793          	addi	a5,a5,1520 # 200035f0 <hw_endpoints>
20000844:	843a                	mv	s0,a4
20000846:	b61d                	j	2000036c <dcd_rp2040_irq+0x42>
20000848:	20004537          	lui	a0,0x20004
2000084c:	95050513          	addi	a0,a0,-1712 # 20003950 <hw_endpoints+0x360>
20000850:	c43a                	sw	a4,8(sp)
20000852:	36078e23          	sb	zero,892(a5)
20000856:	24d9                	jal	20000b1c <hw_endpoint_start_next_buffer>
20000858:	200037b7          	lui	a5,0x20003
2000085c:	4722                	lw	a4,8(sp)
2000085e:	5f078793          	addi	a5,a5,1520 # 200035f0 <hw_endpoints>
20000862:	b34d                	j	20000604 <dcd_rp2040_irq+0x2da>
20000864:	20004537          	lui	a0,0x20004
20000868:	99050513          	addi	a0,a0,-1648 # 20003990 <hw_endpoints+0x3a0>
2000086c:	3a078e23          	sb	zero,956(a5)
20000870:	2475                	jal	20000b1c <hw_endpoint_start_next_buffer>
20000872:	200037b7          	lui	a5,0x20003
20000876:	5f078793          	addi	a5,a5,1520 # 200035f0 <hw_endpoints>
2000087a:	bda9                	j	200006d4 <dcd_rp2040_irq+0x3aa>
2000087c:	10007537          	lui	a0,0x10007
20000880:	009445b3          	xor	a1,s0,s1
20000884:	a6450513          	addi	a0,a0,-1436 # 10006a64 <__EH_FRAME_BEGIN__+0x12c>
20000888:	f0000097          	auipc	ra,0xf0000
2000088c:	b32080e7          	jalr	-1230(ra) # 100003ba <panic>

20000890 <prepare_ep_buffer>:
20000890:	01455783          	lhu	a5,20(a0)
20000894:	01855603          	lhu	a2,24(a0)
20000898:	8178                	lbu	a4,3(a0)
2000089a:	00154803          	lbu	a6,1(a0)
2000089e:	0af65633          	minu	a2,a2,a5
200008a2:	8f91                	sub	a5,a5,a2
200008a4:	86aa                	mv	a3,a0
200008a6:	9fe9                	zext.h	a5,a5
200008a8:	00174513          	xori	a0,a4,1
200008ac:	00e03733          	snez	a4,a4
200008b0:	8ae8                	sb	a0,3(a3)
200008b2:	0736                	slli	a4,a4,0xd
200008b4:	40066513          	ori	a0,a2,1024
200008b8:	00f69a23          	sh	a5,20(a3) # 50110014 <__StackTop+0x3008e014>
200008bc:	8d59                	or	a0,a0,a4
200008be:	08081b63          	bnez	a6,20000954 <prepare_ep_buffer+0xc4>
200008c2:	0106a803          	lw	a6,16(a3)
200008c6:	c251                	beqz	a2,2000094a <prepare_ep_buffer+0xba>
200008c8:	00c6a883          	lw	a7,12(a3)
200008cc:	00659793          	slli	a5,a1,0x6
200008d0:	fff60e93          	addi	t4,a2,-1 # 2fff <HeapSize+0x27ff>
200008d4:	4719                	li	a4,6
200008d6:	98be                	add	a7,a7,a5
200008d8:	09d77463          	bgeu	a4,t4,20000960 <prepare_ep_buffer+0xd0>
200008dc:	0108e333          	or	t1,a7,a6
200008e0:	00337313          	andi	t1,t1,3
200008e4:	87c2                	mv	a5,a6
200008e6:	8746                	mv	a4,a7
200008e8:	06031c63          	bnez	t1,20000960 <prepare_ep_buffer+0xd0>
200008ec:	41088333          	sub	t1,a7,a6
200008f0:	137d                	addi	t1,t1,-1
200008f2:	00333313          	sltiu	t1,t1,3
200008f6:	06031563          	bnez	t1,20000960 <prepare_ep_buffer+0xd0>
200008fa:	00265313          	srli	t1,a2,0x2
200008fe:	00231e13          	slli	t3,t1,0x2
20000902:	21034333          	sh2add	t1,t1,a6
20000906:	0007a803          	lw	a6,0(a5)
2000090a:	0791                	addi	a5,a5,4
2000090c:	0711                	addi	a4,a4,4 # 80004 <HeapSize+0x7f804>
2000090e:	ff072e23          	sw	a6,-4(a4)
20000912:	fef31ae3          	bne	t1,a5,20000906 <prepare_ep_buffer+0x76>
20000916:	03c60663          	beq	a2,t3,20000942 <prepare_ep_buffer+0xb2>
2000091a:	00034783          	lbu	a5,0(t1)
2000091e:	98f2                	add	a7,a7,t3
20000920:	41ce8733          	sub	a4,t4,t3
20000924:	00f88023          	sb	a5,0(a7)
20000928:	01ce8d63          	beq	t4,t3,20000942 <prepare_ep_buffer+0xb2>
2000092c:	00134803          	lbu	a6,1(t1)
20000930:	4785                	li	a5,1
20000932:	010880a3          	sb	a6,1(a7)
20000936:	00f70663          	beq	a4,a5,20000942 <prepare_ep_buffer+0xb2>
2000093a:	00234783          	lbu	a5,2(t1)
2000093e:	00f88123          	sb	a5,2(a7)
20000942:	0106a803          	lw	a6,16(a3)
20000946:	0146d783          	lhu	a5,20(a3)
2000094a:	9832                	add	a6,a6,a2
2000094c:	0106a823          	sw	a6,16(a3)
20000950:	28f51513          	bseti	a0,a0,0xf
20000954:	e399                	bnez	a5,2000095a <prepare_ep_buffer+0xca>
20000956:	28e51513          	bseti	a0,a0,0xe
2000095a:	c191                	beqz	a1,2000095e <prepare_ep_buffer+0xce>
2000095c:	0542                	slli	a0,a0,0x10
2000095e:	8082                	ret
20000960:	00c80733          	add	a4,a6,a2
20000964:	00084783          	lbu	a5,0(a6)
20000968:	0805                	addi	a6,a6,1
2000096a:	0885                	addi	a7,a7,1
2000096c:	fef88fa3          	sb	a5,-1(a7)
20000970:	fee81ae3          	bne	a6,a4,20000964 <prepare_ep_buffer+0xd4>
20000974:	b7f9                	j	20000942 <prepare_ep_buffer+0xb2>

20000976 <sync_ep_buffer>:
20000976:	451c                	lw	a5,8(a0)
20000978:	882a                	mv	a6,a0
2000097a:	439c                	lw	a5,0(a5)
2000097c:	c191                	beqz	a1,20000980 <sync_ep_buffer+0xa>
2000097e:	83c1                	srli	a5,a5,0x10
20000980:	00184703          	lbu	a4,1(a6)
20000984:	3ff7f513          	andi	a0,a5,1023
20000988:	ef09                	bnez	a4,200009a2 <sync_ep_buffer+0x2c>
2000098a:	01685783          	lhu	a5,22(a6)
2000098e:	97aa                	add	a5,a5,a0
20000990:	00f81b23          	sh	a5,22(a6)
20000994:	01885783          	lhu	a5,24(a6)
20000998:	00f57463          	bgeu	a0,a5,200009a0 <sync_ep_buffer+0x2a>
2000099c:	00081a23          	sh	zero,20(a6)
200009a0:	8082                	ret
200009a2:	01082683          	lw	a3,16(a6)
200009a6:	c52d                	beqz	a0,20000a10 <sync_ep_buffer+0x9a>
200009a8:	00c82703          	lw	a4,12(a6)
200009ac:	059a                	slli	a1,a1,0x6
200009ae:	fff50313          	addi	t1,a0,-1
200009b2:	4619                	li	a2,6
200009b4:	00b707b3          	add	a5,a4,a1
200009b8:	06667563          	bgeu	a2,t1,20000a22 <sync_ep_buffer+0xac>
200009bc:	0585                	addi	a1,a1,1
200009be:	00b70633          	add	a2,a4,a1
200009c2:	40c68633          	sub	a2,a3,a2
200009c6:	00363613          	sltiu	a2,a2,3
200009ca:	8736                	mv	a4,a3
200009cc:	ea39                	bnez	a2,20000a22 <sync_ep_buffer+0xac>
200009ce:	00f6e633          	or	a2,a3,a5
200009d2:	8a0d                	andi	a2,a2,3
200009d4:	e639                	bnez	a2,20000a22 <sync_ep_buffer+0xac>
200009d6:	3fc57893          	andi	a7,a0,1020
200009da:	011785b3          	add	a1,a5,a7
200009de:	4390                	lw	a2,0(a5)
200009e0:	0791                	addi	a5,a5,4
200009e2:	0711                	addi	a4,a4,4
200009e4:	fec72e23          	sw	a2,-4(a4)
200009e8:	fef59be3          	bne	a1,a5,200009de <sync_ep_buffer+0x68>
200009ec:	03150063          	beq	a0,a7,20000a0c <sync_ep_buffer+0x96>
200009f0:	819c                	lbu	a5,0(a1)
200009f2:	96c6                	add	a3,a3,a7
200009f4:	41130733          	sub	a4,t1,a7
200009f8:	8a9c                	sb	a5,0(a3)
200009fa:	01130963          	beq	t1,a7,20000a0c <sync_ep_buffer+0x96>
200009fe:	81d0                	lbu	a2,1(a1)
20000a00:	4785                	li	a5,1
20000a02:	8ad0                	sb	a2,1(a3)
20000a04:	00f70463          	beq	a4,a5,20000a0c <sync_ep_buffer+0x96>
20000a08:	81bc                	lbu	a5,2(a1)
20000a0a:	8abc                	sb	a5,2(a3)
20000a0c:	01082683          	lw	a3,16(a6)
20000a10:	01685783          	lhu	a5,22(a6)
20000a14:	96aa                	add	a3,a3,a0
20000a16:	00d82823          	sw	a3,16(a6)
20000a1a:	97aa                	add	a5,a5,a0
20000a1c:	00f81b23          	sh	a5,22(a6)
20000a20:	bf95                	j	20000994 <sync_ep_buffer+0x1e>
20000a22:	00a78633          	add	a2,a5,a0
20000a26:	8398                	lbu	a4,0(a5)
20000a28:	0785                	addi	a5,a5,1
20000a2a:	0685                	addi	a3,a3,1
20000a2c:	fee68fa3          	sb	a4,-1(a3)
20000a30:	fec79be3          	bne	a5,a2,20000a26 <sync_ep_buffer+0xb0>
20000a34:	01082683          	lw	a3,16(a6)
20000a38:	bfe1                	j	20000a10 <sync_ep_buffer+0x9a>

20000a3a <_hw_endpoint_xfer_sync>:
20000a3a:	451c                	lw	a5,8(a0)
20000a3c:	1141                	addi	sp,sp,-16
20000a3e:	4581                	li	a1,0
20000a40:	439c                	lw	a5,0(a5)
20000a42:	c422                	sw	s0,8(sp)
20000a44:	c606                	sw	ra,12(sp)
20000a46:	842a                	mv	s0,a0
20000a48:	373d                	jal	20000976 <sync_ep_buffer>
20000a4a:	405c                	lw	a5,4(s0)
20000a4c:	439c                	lw	a5,0(a5)
20000a4e:	00179713          	slli	a4,a5,0x1
20000a52:	00075663          	bgez	a4,20000a5e <_hw_endpoint_xfer_sync+0x24>
20000a56:	01845783          	lhu	a5,24(s0) # 20018 <HeapSize+0x1f818>
20000a5a:	00a78663          	beq	a5,a0,20000a66 <_hw_endpoint_xfer_sync+0x2c>
20000a5e:	40b2                	lw	ra,12(sp)
20000a60:	4422                	lw	s0,8(sp)
20000a62:	0141                	addi	sp,sp,16
20000a64:	8082                	ret
20000a66:	8522                	mv	a0,s0
20000a68:	4422                	lw	s0,8(sp)
20000a6a:	40b2                	lw	ra,12(sp)
20000a6c:	4585                	li	a1,1
20000a6e:	0141                	addi	sp,sp,16
20000a70:	b719                	j	20000976 <sync_ep_buffer>

20000a72 <e15_is_bulkin_ep>:
20000a72:	501107b7          	lui	a5,0x50110
20000a76:	43bc                	lw	a5,64(a5)
20000a78:	8b89                	andi	a5,a5,2
20000a7a:	e791                	bnez	a5,20000a86 <e15_is_bulkin_ep+0x14>
20000a7c:	8138                	lbu	a4,2(a0)
20000a7e:	831d                	srli	a4,a4,0x7
20000a80:	e711                	bnez	a4,20000a8c <e15_is_bulkin_ep+0x1a>
20000a82:	853e                	mv	a0,a5
20000a84:	8082                	ret
20000a86:	4781                	li	a5,0
20000a88:	853e                	mv	a0,a5
20000a8a:	8082                	ret
20000a8c:	01b54783          	lbu	a5,27(a0)
20000a90:	17f9                	addi	a5,a5,-2 # 5010fffe <__StackTop+0x3008dffe>
20000a92:	0017b793          	seqz	a5,a5
20000a96:	853e                	mv	a0,a5
20000a98:	8082                	ret

20000a9a <e15_is_critical_frame_period>:
20000a9a:	1141                	addi	sp,sp,-16
20000a9c:	c606                	sw	ra,12(sp)
20000a9e:	3fd1                	jal	20000a72 <e15_is_bulkin_ep>
20000aa0:	c919                	beqz	a0,20000ab6 <e15_is_critical_frame_period+0x1c>
20000aa2:	400b07b7          	lui	a5,0x400b0
20000aa6:	5788                	lw	a0,40(a5)
20000aa8:	8731a783          	lw	a5,-1933(gp) # 20003a94 <e15_last_sof>
20000aac:	ce050513          	addi	a0,a0,-800
20000ab0:	8d1d                	sub	a0,a0,a5
20000ab2:	0c753513          	sltiu	a0,a0,199
20000ab6:	40b2                	lw	ra,12(sp)
20000ab8:	0141                	addi	sp,sp,16
20000aba:	8082                	ret

20000abc <hw_endpoint_reset_transfer>:
20000abc:	00050d23          	sb	zero,26(a0)
20000ac0:	00052a23          	sw	zero,20(a0)
20000ac4:	00052823          	sw	zero,16(a0)
20000ac8:	8082                	ret
	...

20000acc <_hw_endpoint_buffer_control_update32>:
20000acc:	451c                	lw	a5,8(a0)
20000ace:	c199                	beqz	a1,20000ad4 <_hw_endpoint_buffer_control_update32+0x8>
20000ad0:	4398                	lw	a4,0(a5)
20000ad2:	8df9                	and	a1,a1,a4
20000ad4:	c61d                	beqz	a2,20000b02 <_hw_endpoint_buffer_control_update32+0x36>
20000ad6:	40067713          	andi	a4,a2,1024
20000ada:	8dd1                	or	a1,a1,a2
20000adc:	c31d                	beqz	a4,20000b02 <_hw_endpoint_buffer_control_update32+0x36>
20000ade:	4398                	lw	a4,0(a5)
20000ae0:	40077713          	andi	a4,a4,1024
20000ae4:	e30d                	bnez	a4,20000b06 <_hw_endpoint_buffer_control_update32+0x3a>
20000ae6:	bff5f713          	andi	a4,a1,-1025
20000aea:	c398                	sw	a4,0(a5)
20000aec:	50110737          	lui	a4,0x50110
20000af0:	4338                	lw	a4,64(a4)
20000af2:	8b09                	andi	a4,a4,2
20000af4:	e719                	bnez	a4,20000b02 <_hw_endpoint_buffer_control_update32+0x36>
20000af6:	47b1                	li	a5,12
20000af8:	ffe78793          	addi	a5,a5,-2 # 400afffe <__StackTop+0x2002dffe>
20000afc:	fe07dee3          	bgez	a5,20000af8 <_hw_endpoint_buffer_control_update32+0x2c>
20000b00:	451c                	lw	a5,8(a0)
20000b02:	c38c                	sw	a1,0(a5)
20000b04:	8082                	ret
20000b06:	1141                	addi	sp,sp,-16
20000b08:	c606                	sw	ra,12(sp)
20000b0a:	812c                	lbu	a1,2(a0)
20000b0c:	10007537          	lui	a0,0x10007
20000b10:	a7850513          	addi	a0,a0,-1416 # 10006a78 <__EH_FRAME_BEGIN__+0x140>
20000b14:	f0000097          	auipc	ra,0xf0000
20000b18:	8a6080e7          	jalr	-1882(ra) # 100003ba <panic>

20000b1c <hw_endpoint_start_next_buffer>:
20000b1c:	415c                	lw	a5,4(a0)
20000b1e:	1101                	addi	sp,sp,-32
20000b20:	4581                	li	a1,0
20000b22:	cc22                	sw	s0,24(sp)
20000b24:	ca26                	sw	s1,20(sp)
20000b26:	4380                	lw	s0,0(a5)
20000b28:	84aa                	mv	s1,a0
20000b2a:	ce06                	sw	ra,28(sp)
20000b2c:	3395                	jal	20000890 <prepare_ep_buffer>
20000b2e:	501107b7          	lui	a5,0x50110
20000b32:	43b8                	lw	a4,64(a5)
20000b34:	28c51613          	bseti	a2,a0,0xc
20000b38:	80bc                	lbu	a5,2(s1)
20000b3a:	8b09                	andi	a4,a4,2
20000b3c:	c31d                	beqz	a4,20000b62 <hw_endpoint_start_next_buffer+0x46>
20000b3e:	07f7f793          	andi	a5,a5,127
20000b42:	c395                	beqz	a5,20000b66 <hw_endpoint_start_next_buffer+0x4a>
20000b44:	49c41413          	bclri	s0,s0,0x1c
20000b48:	49e41413          	bclri	s0,s0,0x1e
20000b4c:	29d41413          	bseti	s0,s0,0x1d
20000b50:	40dc                	lw	a5,4(s1)
20000b52:	40f2                	lw	ra,28(sp)
20000b54:	8526                	mv	a0,s1
20000b56:	c380                	sw	s0,0(a5)
20000b58:	4462                	lw	s0,24(sp)
20000b5a:	44d2                	lw	s1,20(sp)
20000b5c:	4581                	li	a1,0
20000b5e:	6105                	addi	sp,sp,32
20000b60:	b7b5                	j	20000acc <_hw_endpoint_buffer_control_update32>
20000b62:	839d                	srli	a5,a5,0x7
20000b64:	d3e5                	beqz	a5,20000b44 <hw_endpoint_start_next_buffer+0x28>
20000b66:	0144d783          	lhu	a5,20(s1)
20000b6a:	dfe9                	beqz	a5,20000b44 <hw_endpoint_start_next_buffer+0x28>
20000b6c:	4585                	li	a1,1
20000b6e:	8526                	mv	a0,s1
20000b70:	c632                	sw	a2,12(sp)
20000b72:	3b39                	jal	20000890 <prepare_ep_buffer>
20000b74:	4632                	lw	a2,12(sp)
20000b76:	49d41413          	bclri	s0,s0,0x1d
20000b7a:	29c41413          	bseti	s0,s0,0x1c
20000b7e:	29e41413          	bseti	s0,s0,0x1e
20000b82:	8e49                	or	a2,a2,a0
20000b84:	b7f1                	j	20000b50 <hw_endpoint_start_next_buffer+0x34>

20000b86 <hw_endpoint_xfer_continue>:
20000b86:	1141                	addi	sp,sp,-16
20000b88:	c226                	sw	s1,4(sp)
20000b8a:	01a54483          	lbu	s1,26(a0)
20000b8e:	c422                	sw	s0,8(sp)
20000b90:	c606                	sw	ra,12(sp)
20000b92:	842a                	mv	s0,a0
20000b94:	cc85                	beqz	s1,20000bcc <hw_endpoint_xfer_continue+0x46>
20000b96:	3555                	jal	20000a3a <_hw_endpoint_xfer_sync>
20000b98:	01445783          	lhu	a5,20(s0)
20000b9c:	e799                	bnez	a5,20000baa <hw_endpoint_xfer_continue+0x24>
20000b9e:	40b2                	lw	ra,12(sp)
20000ba0:	4422                	lw	s0,8(sp)
20000ba2:	8526                	mv	a0,s1
20000ba4:	4492                	lw	s1,4(sp)
20000ba6:	0141                	addi	sp,sp,16
20000ba8:	8082                	ret
20000baa:	8522                	mv	a0,s0
20000bac:	35fd                	jal	20000a9a <e15_is_critical_frame_period>
20000bae:	c919                	beqz	a0,20000bc4 <hw_endpoint_xfer_continue+0x3e>
20000bb0:	4785                	li	a5,1
20000bb2:	00f40e23          	sb	a5,28(s0)
20000bb6:	4481                	li	s1,0
20000bb8:	40b2                	lw	ra,12(sp)
20000bba:	4422                	lw	s0,8(sp)
20000bbc:	8526                	mv	a0,s1
20000bbe:	4492                	lw	s1,4(sp)
20000bc0:	0141                	addi	sp,sp,16
20000bc2:	8082                	ret
20000bc4:	8522                	mv	a0,s0
20000bc6:	3f99                	jal	20000b1c <hw_endpoint_start_next_buffer>
20000bc8:	4481                	li	s1,0
20000bca:	b7fd                	j	20000bb8 <hw_endpoint_xfer_continue+0x32>
20000bcc:	812c                	lbu	a1,2(a0)
20000bce:	10007537          	lui	a0,0x10007
20000bd2:	a9850513          	addi	a0,a0,-1384 # 10006a98 <__EH_FRAME_BEGIN__+0x160>
20000bd6:	effff097          	auipc	ra,0xeffff
20000bda:	7e4080e7          	jalr	2020(ra) # 100003ba <panic>

20000bde <dcd_event_handler>:
20000bde:	7179                	addi	sp,sp,-48
20000be0:	d422                	sw	s0,40(sp)
20000be2:	d226                	sw	s1,36(sp)
20000be4:	d606                	sw	ra,44(sp)
20000be6:	815c                	lbu	a5,1(a0)
20000be8:	4719                	li	a4,6
20000bea:	842a                	mv	s0,a0
20000bec:	84ae                	mv	s1,a1
20000bee:	00f76f63          	bltu	a4,a5,20000c0c <dcd_event_handler+0x2e>
20000bf2:	10007737          	lui	a4,0x10007
20000bf6:	f1470713          	addi	a4,a4,-236 # 10006f14 <usbd_desc_device+0xa0>
20000bfa:	20e7c7b3          	sh2add	a5,a5,a4
20000bfe:	439c                	lw	a5,0(a5)
20000c00:	8782                	jr	a5
20000c02:	88f1c783          	lbu	a5,-1905(gp) # 20003ab0 <_usbd_queued_setup>
20000c06:	0785                	addi	a5,a5,1 # 50110001 <__StackTop+0x3008e001>
20000c08:	88f187a3          	sb	a5,-1905(gp) # 20003ab0 <_usbd_queued_setup>
20000c0c:	8831a703          	lw	a4,-1917(gp) # 20003aa4 <_usbd_q>
20000c10:	4b5c                	lw	a5,20(a4)
20000c12:	300476f3          	csrrci	a3,mstatus,8
20000c16:	00379613          	slli	a2,a5,0x3
20000c1a:	28c01633          	bset	a2,zero,a2
20000c1e:	9bf1                	andi	a5,a5,-4
20000c20:	44c7a5af          	amoor.w.aq	a1,a2,(a5)
20000c24:	8df1                	and	a1,a1,a2
20000c26:	fded                	bnez	a1,20000c20 <dcd_event_handler+0x42>
20000c28:	0330000f          	fence	rw,rw
20000c2c:	cf14                	sw	a3,24(a4)
20000c2e:	85a2                	mv	a1,s0
20000c30:	853a                	mv	a0,a4
20000c32:	c63a                	sw	a4,12(sp)
20000c34:	f0005097          	auipc	ra,0xf0005
20000c38:	7a6080e7          	jalr	1958(ra) # 100063da <tu_fifo_write>
20000c3c:	4732                	lw	a4,12(sp)
20000c3e:	4b54                	lw	a3,20(a4)
20000c40:	4f1c                	lw	a5,24(a4)
20000c42:	0330000f          	fence	rw,rw
20000c46:	00068023          	sb	zero,0(a3)
20000c4a:	8ba1                	andi	a5,a5,8
20000c4c:	3007a073          	csrs	mstatus,a5
20000c50:	e519                	bnez	a0,20000c5e <dcd_event_handler+0x80>
20000c52:	9002                	ebreak
20000c54:	50b2                	lw	ra,44(sp)
20000c56:	5422                	lw	s0,40(sp)
20000c58:	5492                	lw	s1,36(sp)
20000c5a:	6145                	addi	sp,sp,48
20000c5c:	8082                	ret
20000c5e:	804c                	lbu	a1,1(s0)
20000c60:	8008                	lbu	a0,0(s0)
20000c62:	5422                	lw	s0,40(sp)
20000c64:	50b2                	lw	ra,44(sp)
20000c66:	8626                	mv	a2,s1
20000c68:	5492                	lw	s1,36(sp)
20000c6a:	6145                	addi	sp,sp,48
20000c6c:	f0004317          	auipc	t1,0xf0004
20000c70:	90a30067          	jr	-1782(t1) # 10004576 <tud_event_hook_cb>
20000c74:	200037b7          	lui	a5,0x20003
20000c78:	1c078793          	addi	a5,a5,448 # 200031c0 <_usbd_dev>
20000c7c:	8398                	lbu	a4,0(a5)
20000c7e:	9b79                	andi	a4,a4,-2
20000c80:	8b98                	sb	a4,0(a5)
20000c82:	8398                	lbu	a4,0(a5)
20000c84:	9b75                	andi	a4,a4,-3
20000c86:	8b98                	sb	a4,0(a5)
20000c88:	000780a3          	sb	zero,1(a5)
20000c8c:	8398                	lbu	a4,0(a5)
20000c8e:	9b6d                	andi	a4,a4,-5
20000c90:	8b98                	sb	a4,0(a5)
20000c92:	bfad                	j	20000c0c <dcd_event_handler+0x2e>
20000c94:	100077b7          	lui	a5,0x10007
20000c98:	8871c603          	lbu	a2,-1913(gp) # 20003aa8 <_app_driver_count>
20000c9c:	d04a                	sw	s2,32(sp)
20000c9e:	4701                	li	a4,0
20000ca0:	f3078913          	addi	s2,a5,-208 # 10006f30 <_usbd_driver>
20000ca4:	4781                	li	a5,0
20000ca6:	08c7f063          	bgeu	a5,a2,20000d26 <dcd_event_handler+0x148>
20000caa:	88b1a703          	lw	a4,-1909(gp) # 20003aac <_app_driver>
20000cae:	00579693          	slli	a3,a5,0x5
20000cb2:	9736                	add	a4,a4,a3
20000cb4:	cb11                	beqz	a4,20000cc8 <dcd_event_handler+0xea>
20000cb6:	4f58                	lw	a4,28(a4)
20000cb8:	cb01                	beqz	a4,20000cc8 <dcd_event_handler+0xea>
20000cba:	404c                	lw	a1,4(s0)
20000cbc:	8008                	lbu	a0,0(s0)
20000cbe:	c63e                	sw	a5,12(sp)
20000cc0:	9702                	jalr	a4
20000cc2:	8871c603          	lbu	a2,-1913(gp) # 20003aa8 <_app_driver_count>
20000cc6:	47b2                	lw	a5,12(sp)
20000cc8:	0785                	addi	a5,a5,1
20000cca:	9fe1                	zext.b	a5,a5
20000ccc:	00160693          	addi	a3,a2,1
20000cd0:	873e                	mv	a4,a5
20000cd2:	fcf6dae3          	bge	a3,a5,20000ca6 <dcd_event_handler+0xc8>
20000cd6:	200037b7          	lui	a5,0x20003
20000cda:	1c078793          	addi	a5,a5,448 # 200031c0 <_usbd_dev>
20000cde:	4398                	lw	a4,0(a5)
20000ce0:	48275713          	bexti	a4,a4,0x2
20000ce4:	e34d                	bnez	a4,20000d86 <dcd_event_handler+0x1a8>
20000ce6:	83fc                	lbu	a5,3(a5)
20000ce8:	8b85                	andi	a5,a5,1
20000cea:	e3b1                	bnez	a5,20000d2e <dcd_event_handler+0x150>
20000cec:	50b2                	lw	ra,44(sp)
20000cee:	5422                	lw	s0,40(sp)
20000cf0:	5902                	lw	s2,32(sp)
20000cf2:	5492                	lw	s1,36(sp)
20000cf4:	6145                	addi	sp,sp,48
20000cf6:	8082                	ret
20000cf8:	200037b7          	lui	a5,0x20003
20000cfc:	1c078793          	addi	a5,a5,448 # 200031c0 <_usbd_dev>
20000d00:	4398                	lw	a4,0(a5)
20000d02:	8b05                	andi	a4,a4,1
20000d04:	db21                	beqz	a4,20000c54 <dcd_event_handler+0x76>
20000d06:	8398                	lbu	a4,0(a5)
20000d08:	00476713          	ori	a4,a4,4
20000d0c:	8b98                	sb	a4,0(a5)
20000d0e:	bdfd                	j	20000c0c <dcd_event_handler+0x2e>
20000d10:	200037b7          	lui	a5,0x20003
20000d14:	1c078793          	addi	a5,a5,448 # 200031c0 <_usbd_dev>
20000d18:	4398                	lw	a4,0(a5)
20000d1a:	8b05                	andi	a4,a4,1
20000d1c:	df05                	beqz	a4,20000c54 <dcd_event_handler+0x76>
20000d1e:	8398                	lbu	a4,0(a5)
20000d20:	9b6d                	andi	a4,a4,-5
20000d22:	8b98                	sb	a4,0(a5)
20000d24:	b5e5                	j	20000c0c <dcd_event_handler+0x2e>
20000d26:	8f11                	sub	a4,a4,a2
20000d28:	0716                	slli	a4,a4,0x5
20000d2a:	974a                	add	a4,a4,s2
20000d2c:	b769                	j	20000cb6 <dcd_event_handler+0xd8>
20000d2e:	8014                	lbu	a3,0(s0)
20000d30:	405c                	lw	a5,4(s0)
20000d32:	8831a403          	lw	s0,-1917(gp) # 20003aa4 <_usbd_q>
20000d36:	470d                	li	a4,3
20000d38:	00d10a23          	sb	a3,20(sp)
20000d3c:	00e10aa3          	sb	a4,21(sp)
20000d40:	cc3e                	sw	a5,24(sp)
20000d42:	485c                	lw	a5,20(s0)
20000d44:	30047773          	csrrci	a4,mstatus,8
20000d48:	00379693          	slli	a3,a5,0x3
20000d4c:	28d016b3          	bset	a3,zero,a3
20000d50:	9bf1                	andi	a5,a5,-4
20000d52:	44d7a62f          	amoor.w.aq	a2,a3,(a5)
20000d56:	8e75                	and	a2,a2,a3
20000d58:	fe6d                	bnez	a2,20000d52 <dcd_event_handler+0x174>
20000d5a:	0330000f          	fence	rw,rw
20000d5e:	cc18                	sw	a4,24(s0)
20000d60:	084c                	addi	a1,sp,20
20000d62:	8522                	mv	a0,s0
20000d64:	f0005097          	auipc	ra,0xf0005
20000d68:	676080e7          	jalr	1654(ra) # 100063da <tu_fifo_write>
20000d6c:	4858                	lw	a4,20(s0)
20000d6e:	4c1c                	lw	a5,24(s0)
20000d70:	0330000f          	fence	rw,rw
20000d74:	00070023          	sb	zero,0(a4)
20000d78:	8ba1                	andi	a5,a5,8
20000d7a:	3007a073          	csrs	mstatus,a5
20000d7e:	e92d                	bnez	a0,20000df0 <dcd_event_handler+0x212>
20000d80:	9002                	ebreak
20000d82:	5902                	lw	s2,32(sp)
20000d84:	bdc1                	j	20000c54 <dcd_event_handler+0x76>
20000d86:	8398                	lbu	a4,0(a5)
20000d88:	8831a683          	lw	a3,-1917(gp) # 20003aa4 <_usbd_q>
20000d8c:	9b6d                	andi	a4,a4,-5
20000d8e:	8b98                	sb	a4,0(a5)
20000d90:	8010                	lbu	a2,0(s0)
20000d92:	4715                	li	a4,5
20000d94:	ca02                	sw	zero,20(sp)
20000d96:	00c10a23          	sb	a2,20(sp)
20000d9a:	00e10aa3          	sb	a4,21(sp)
20000d9e:	4ad8                	lw	a4,20(a3)
20000da0:	cc02                	sw	zero,24(sp)
20000da2:	ce02                	sw	zero,28(sp)
20000da4:	30047673          	csrrci	a2,mstatus,8
20000da8:	00371593          	slli	a1,a4,0x3
20000dac:	28b015b3          	bset	a1,zero,a1
20000db0:	9b71                	andi	a4,a4,-4
20000db2:	44b7252f          	amoor.w.aq	a0,a1,(a4)
20000db6:	8d6d                	and	a0,a0,a1
20000db8:	fd6d                	bnez	a0,20000db2 <dcd_event_handler+0x1d4>
20000dba:	0330000f          	fence	rw,rw
20000dbe:	ce90                	sw	a2,24(a3)
20000dc0:	084c                	addi	a1,sp,20
20000dc2:	8536                	mv	a0,a3
20000dc4:	c636                	sw	a3,12(sp)
20000dc6:	f0005097          	auipc	ra,0xf0005
20000dca:	614080e7          	jalr	1556(ra) # 100063da <tu_fifo_write>
20000dce:	46b2                	lw	a3,12(sp)
20000dd0:	4ad0                	lw	a2,20(a3)
20000dd2:	4e98                	lw	a4,24(a3)
20000dd4:	0330000f          	fence	rw,rw
20000dd8:	00060023          	sb	zero,0(a2)
20000ddc:	8b21                	andi	a4,a4,8
20000dde:	30072073          	csrs	mstatus,a4
20000de2:	200037b7          	lui	a5,0x20003
20000de6:	1c078793          	addi	a5,a5,448 # 200031c0 <_usbd_dev>
20000dea:	ed11                	bnez	a0,20000e06 <dcd_event_handler+0x228>
20000dec:	9002                	ebreak
20000dee:	bde5                	j	20000ce6 <dcd_event_handler+0x108>
20000df0:	01514583          	lbu	a1,21(sp)
20000df4:	01414503          	lbu	a0,20(sp)
20000df8:	8626                	mv	a2,s1
20000dfa:	f0003097          	auipc	ra,0xf0003
20000dfe:	77c080e7          	jalr	1916(ra) # 10004576 <tud_event_hook_cb>
20000e02:	5902                	lw	s2,32(sp)
20000e04:	bd81                	j	20000c54 <dcd_event_handler+0x76>
20000e06:	01514583          	lbu	a1,21(sp)
20000e0a:	01414503          	lbu	a0,20(sp)
20000e0e:	8626                	mv	a2,s1
20000e10:	f0003097          	auipc	ra,0xf0003
20000e14:	766080e7          	jalr	1894(ra) # 10004576 <tud_event_hook_cb>
20000e18:	200037b7          	lui	a5,0x20003
20000e1c:	1c078793          	addi	a5,a5,448 # 200031c0 <_usbd_dev>
20000e20:	b5d9                	j	20000ce6 <dcd_event_handler+0x108>

20000e22 <__udivdi3>:
20000e22:	8732                	mv	a4,a2
20000e24:	8836                	mv	a6,a3
20000e26:	88aa                	mv	a7,a0
20000e28:	832e                	mv	t1,a1
20000e2a:	1a069463          	bnez	a3,20000fd2 <__udivdi3+0x1b0>
20000e2e:	200037b7          	lui	a5,0x20003
20000e32:	b1078793          	addi	a5,a5,-1264 # 20002b10 <__clz_tab>
20000e36:	0ac5f463          	bgeu	a1,a2,20000ede <__udivdi3+0xbc>
20000e3a:	66c1                	lui	a3,0x10
20000e3c:	08d67763          	bgeu	a2,a3,20000eca <__udivdi3+0xa8>
20000e40:	10063693          	sltiu	a3,a2,256
20000e44:	0016b693          	seqz	a3,a3
20000e48:	068e                	slli	a3,a3,0x3
20000e4a:	00d65e33          	srl	t3,a2,a3
20000e4e:	97f2                	add	a5,a5,t3
20000e50:	839c                	lbu	a5,0(a5)
20000e52:	97b6                	add	a5,a5,a3
20000e54:	02000693          	li	a3,32
20000e58:	00d78d63          	beq	a5,a3,20000e72 <__udivdi3+0x50>
20000e5c:	8e9d                	sub	a3,a3,a5
20000e5e:	00d59333          	sll	t1,a1,a3
20000e62:	00f557b3          	srl	a5,a0,a5
20000e66:	00d61733          	sll	a4,a2,a3
20000e6a:	0067e333          	or	t1,a5,t1
20000e6e:	00d518b3          	sll	a7,a0,a3
20000e72:	01075513          	srli	a0,a4,0x10
20000e76:	02a357b3          	divu	a5,t1,a0
20000e7a:	080745b3          	zext.h	a1,a4
20000e7e:	0108d693          	srli	a3,a7,0x10
20000e82:	02a37333          	remu	t1,t1,a0
20000e86:	02f58633          	mul	a2,a1,a5
20000e8a:	0342                	slli	t1,t1,0x10
20000e8c:	0066e6b3          	or	a3,a3,t1
20000e90:	00c6f863          	bgeu	a3,a2,20000ea0 <__udivdi3+0x7e>
20000e94:	96ba                	add	a3,a3,a4
20000e96:	00c6f463          	bgeu	a3,a2,20000e9e <__udivdi3+0x7c>
20000e9a:	02e6ff63          	bgeu	a3,a4,20000ed8 <__udivdi3+0xb6>
20000e9e:	17fd                	addi	a5,a5,-1
20000ea0:	8e91                	sub	a3,a3,a2
20000ea2:	02a6d633          	divu	a2,a3,a0
20000ea6:	02a6f6b3          	remu	a3,a3,a0
20000eaa:	9dd1                	mul	a1,a1,a2
20000eac:	08d8c6b3          	pack	a3,a7,a3
20000eb0:	00b6f863          	bgeu	a3,a1,20000ec0 <__udivdi3+0x9e>
20000eb4:	96ba                	add	a3,a3,a4
20000eb6:	00b6f463          	bgeu	a3,a1,20000ebe <__udivdi3+0x9c>
20000eba:	10e6fa63          	bgeu	a3,a4,20000fce <__udivdi3+0x1ac>
20000ebe:	167d                	addi	a2,a2,-1
20000ec0:	07c2                	slli	a5,a5,0x10
20000ec2:	8fd1                	or	a5,a5,a2
20000ec4:	853e                	mv	a0,a5
20000ec6:	85c2                	mv	a1,a6
20000ec8:	8082                	ret
20000eca:	01000e37          	lui	t3,0x1000
20000ece:	46e1                	li	a3,24
20000ed0:	f7c67de3          	bgeu	a2,t3,20000e4a <__udivdi3+0x28>
20000ed4:	46c1                	li	a3,16
20000ed6:	bf95                	j	20000e4a <__udivdi3+0x28>
20000ed8:	17f9                	addi	a5,a5,-2
20000eda:	96ba                	add	a3,a3,a4
20000edc:	b7d1                	j	20000ea0 <__udivdi3+0x7e>
20000ede:	4681                	li	a3,0
20000ee0:	ca09                	beqz	a2,20000ef2 <__udivdi3+0xd0>
20000ee2:	66c1                	lui	a3,0x10
20000ee4:	04d67c63          	bgeu	a2,a3,20000f3c <__udivdi3+0x11a>
20000ee8:	10063693          	sltiu	a3,a2,256
20000eec:	0016b693          	seqz	a3,a3
20000ef0:	068e                	slli	a3,a3,0x3
20000ef2:	00d65833          	srl	a6,a2,a3
20000ef6:	97c2                	add	a5,a5,a6
20000ef8:	839c                	lbu	a5,0(a5)
20000efa:	02000813          	li	a6,32
20000efe:	97b6                	add	a5,a5,a3
20000f00:	05079563          	bne	a5,a6,20000f4a <__udivdi3+0x128>
20000f04:	40c58633          	sub	a2,a1,a2
20000f08:	4805                	li	a6,1
20000f0a:	01075513          	srli	a0,a4,0x10
20000f0e:	02a657b3          	divu	a5,a2,a0
20000f12:	080745b3          	zext.h	a1,a4
20000f16:	0108d693          	srli	a3,a7,0x10
20000f1a:	02a67633          	remu	a2,a2,a0
20000f1e:	02f58333          	mul	t1,a1,a5
20000f22:	0642                	slli	a2,a2,0x10
20000f24:	8ed1                	or	a3,a3,a2
20000f26:	0066f863          	bgeu	a3,t1,20000f36 <__udivdi3+0x114>
20000f2a:	96ba                	add	a3,a3,a4
20000f2c:	0066f463          	bgeu	a3,t1,20000f34 <__udivdi3+0x112>
20000f30:	08e6fc63          	bgeu	a3,a4,20000fc8 <__udivdi3+0x1a6>
20000f34:	17fd                	addi	a5,a5,-1
20000f36:	406686b3          	sub	a3,a3,t1
20000f3a:	b7a5                	j	20000ea2 <__udivdi3+0x80>
20000f3c:	01000837          	lui	a6,0x1000
20000f40:	46e1                	li	a3,24
20000f42:	fb0678e3          	bgeu	a2,a6,20000ef2 <__udivdi3+0xd0>
20000f46:	46c1                	li	a3,16
20000f48:	b76d                	j	20000ef2 <__udivdi3+0xd0>
20000f4a:	40f80833          	sub	a6,a6,a5
20000f4e:	01061733          	sll	a4,a2,a6
20000f52:	00f5d6b3          	srl	a3,a1,a5
20000f56:	010518b3          	sll	a7,a0,a6
20000f5a:	00f557b3          	srl	a5,a0,a5
20000f5e:	01075513          	srli	a0,a4,0x10
20000f62:	010595b3          	sll	a1,a1,a6
20000f66:	02a6d833          	divu	a6,a3,a0
20000f6a:	8fcd                	or	a5,a5,a1
20000f6c:	080745b3          	zext.h	a1,a4
20000f70:	0107d613          	srli	a2,a5,0x10
20000f74:	02a6f6b3          	remu	a3,a3,a0
20000f78:	03058333          	mul	t1,a1,a6
20000f7c:	06c2                	slli	a3,a3,0x10
20000f7e:	8e55                	or	a2,a2,a3
20000f80:	00667863          	bgeu	a2,t1,20000f90 <__udivdi3+0x16e>
20000f84:	963a                	add	a2,a2,a4
20000f86:	00667463          	bgeu	a2,t1,20000f8e <__udivdi3+0x16c>
20000f8a:	02e67963          	bgeu	a2,a4,20000fbc <__udivdi3+0x19a>
20000f8e:	187d                	addi	a6,a6,-1 # ffffff <HeapSize+0xfff7ff>
20000f90:	40660633          	sub	a2,a2,t1
20000f94:	02a656b3          	divu	a3,a2,a0
20000f98:	02a67633          	remu	a2,a2,a0
20000f9c:	9dd5                	mul	a1,a1,a3
20000f9e:	08c7c633          	pack	a2,a5,a2
20000fa2:	00b67863          	bgeu	a2,a1,20000fb2 <__udivdi3+0x190>
20000fa6:	963a                	add	a2,a2,a4
20000fa8:	00b67463          	bgeu	a2,a1,20000fb0 <__udivdi3+0x18e>
20000fac:	00e67b63          	bgeu	a2,a4,20000fc2 <__udivdi3+0x1a0>
20000fb0:	16fd                	addi	a3,a3,-1 # ffff <HeapSize+0xf7ff>
20000fb2:	0842                	slli	a6,a6,0x10
20000fb4:	8e0d                	sub	a2,a2,a1
20000fb6:	00d86833          	or	a6,a6,a3
20000fba:	bf81                	j	20000f0a <__udivdi3+0xe8>
20000fbc:	1879                	addi	a6,a6,-2
20000fbe:	963a                	add	a2,a2,a4
20000fc0:	bfc1                	j	20000f90 <__udivdi3+0x16e>
20000fc2:	16f9                	addi	a3,a3,-2
20000fc4:	963a                	add	a2,a2,a4
20000fc6:	b7f5                	j	20000fb2 <__udivdi3+0x190>
20000fc8:	17f9                	addi	a5,a5,-2
20000fca:	96ba                	add	a3,a3,a4
20000fcc:	b7ad                	j	20000f36 <__udivdi3+0x114>
20000fce:	1679                	addi	a2,a2,-2
20000fd0:	bdc5                	j	20000ec0 <__udivdi3+0x9e>
20000fd2:	12d5e063          	bltu	a1,a3,200010f2 <__udivdi3+0x2d0>
20000fd6:	67c1                	lui	a5,0x10
20000fd8:	02f6fd63          	bgeu	a3,a5,20001012 <__udivdi3+0x1f0>
20000fdc:	1006b713          	sltiu	a4,a3,256
20000fe0:	00173713          	seqz	a4,a4
20000fe4:	070e                	slli	a4,a4,0x3
20000fe6:	200037b7          	lui	a5,0x20003
20000fea:	00e6d833          	srl	a6,a3,a4
20000fee:	b1078793          	addi	a5,a5,-1264 # 20002b10 <__clz_tab>
20000ff2:	97c2                	add	a5,a5,a6
20000ff4:	839c                	lbu	a5,0(a5)
20000ff6:	02000893          	li	a7,32
20000ffa:	97ba                	add	a5,a5,a4
20000ffc:	03179263          	bne	a5,a7,20001020 <__udivdi3+0x1fe>
20001000:	00c537b3          	sltu	a5,a0,a2
20001004:	0017b793          	seqz	a5,a5
20001008:	00b6b6b3          	sltu	a3,a3,a1
2000100c:	8fd5                	or	a5,a5,a3
2000100e:	4801                	li	a6,0
20001010:	bd55                	j	20000ec4 <__udivdi3+0xa2>
20001012:	010007b7          	lui	a5,0x1000
20001016:	4761                	li	a4,24
20001018:	fcf6f7e3          	bgeu	a3,a5,20000fe6 <__udivdi3+0x1c4>
2000101c:	4741                	li	a4,16
2000101e:	b7e1                	j	20000fe6 <__udivdi3+0x1c4>
20001020:	40f888b3          	sub	a7,a7,a5
20001024:	00f65833          	srl	a6,a2,a5
20001028:	011696b3          	sll	a3,a3,a7
2000102c:	00d86833          	or	a6,a6,a3
20001030:	00f5d733          	srl	a4,a1,a5
20001034:	01085e13          	srli	t3,a6,0x10
20001038:	00f557b3          	srl	a5,a0,a5
2000103c:	011595b3          	sll	a1,a1,a7
20001040:	8ddd                	or	a1,a1,a5
20001042:	03c757b3          	divu	a5,a4,t3
20001046:	08084333          	zext.h	t1,a6
2000104a:	01161633          	sll	a2,a2,a7
2000104e:	03c77733          	remu	a4,a4,t3
20001052:	02f30eb3          	mul	t4,t1,a5
20001056:	01071693          	slli	a3,a4,0x10
2000105a:	0105d713          	srli	a4,a1,0x10
2000105e:	8f55                	or	a4,a4,a3
20001060:	01d77863          	bgeu	a4,t4,20001070 <__udivdi3+0x24e>
20001064:	9742                	add	a4,a4,a6
20001066:	01d77463          	bgeu	a4,t4,2000106e <__udivdi3+0x24c>
2000106a:	07077e63          	bgeu	a4,a6,200010e6 <__udivdi3+0x2c4>
2000106e:	17fd                	addi	a5,a5,-1 # ffffff <HeapSize+0xfff7ff>
20001070:	41d70733          	sub	a4,a4,t4
20001074:	03c756b3          	divu	a3,a4,t3
20001078:	03c77733          	remu	a4,a4,t3
2000107c:	02d30333          	mul	t1,t1,a3
20001080:	08e5c733          	pack	a4,a1,a4
20001084:	00677863          	bgeu	a4,t1,20001094 <__udivdi3+0x272>
20001088:	9742                	add	a4,a4,a6
2000108a:	00677463          	bgeu	a4,t1,20001092 <__udivdi3+0x270>
2000108e:	05077f63          	bgeu	a4,a6,200010ec <__udivdi3+0x2ca>
20001092:	16fd                	addi	a3,a3,-1
20001094:	07c2                	slli	a5,a5,0x10
20001096:	8fd5                	or	a5,a5,a3
20001098:	08064833          	zext.h	a6,a2
2000109c:	9ee9                	zext.h	a3,a3
2000109e:	8241                	srli	a2,a2,0x10
200010a0:	0107d593          	srli	a1,a5,0x10
200010a4:	40670733          	sub	a4,a4,t1
200010a8:	03068333          	mul	t1,a3,a6
200010ac:	03058833          	mul	a6,a1,a6
200010b0:	9ed1                	mul	a3,a3,a2
200010b2:	9dd1                	mul	a1,a1,a2
200010b4:	96c2                	add	a3,a3,a6
200010b6:	01035613          	srli	a2,t1,0x10
200010ba:	96b2                	add	a3,a3,a2
200010bc:	0106f463          	bgeu	a3,a6,200010c4 <__udivdi3+0x2a2>
200010c0:	6641                	lui	a2,0x10
200010c2:	95b2                	add	a1,a1,a2
200010c4:	0106d613          	srli	a2,a3,0x10
200010c8:	962e                	add	a2,a2,a1
200010ca:	00c76c63          	bltu	a4,a2,200010e2 <__udivdi3+0x2c0>
200010ce:	06c2                	slli	a3,a3,0x10
200010d0:	08034333          	zext.h	t1,t1
200010d4:	01151533          	sll	a0,a0,a7
200010d8:	969a                	add	a3,a3,t1
200010da:	f2d57ae3          	bgeu	a0,a3,2000100e <__udivdi3+0x1ec>
200010de:	f2c718e3          	bne	a4,a2,2000100e <__udivdi3+0x1ec>
200010e2:	17fd                	addi	a5,a5,-1
200010e4:	b72d                	j	2000100e <__udivdi3+0x1ec>
200010e6:	17f9                	addi	a5,a5,-2
200010e8:	9742                	add	a4,a4,a6
200010ea:	b759                	j	20001070 <__udivdi3+0x24e>
200010ec:	16f9                	addi	a3,a3,-2
200010ee:	9742                	add	a4,a4,a6
200010f0:	b755                	j	20001094 <__udivdi3+0x272>
200010f2:	4801                	li	a6,0
200010f4:	4781                	li	a5,0
200010f6:	b3f9                	j	20000ec4 <__udivdi3+0xa2>

200010f8 <__umoddi3>:
200010f8:	88b2                	mv	a7,a2
200010fa:	87aa                	mv	a5,a0
200010fc:	882e                	mv	a6,a1
200010fe:	1c069363          	bnez	a3,200012c4 <__umoddi3+0x1cc>
20001102:	20003737          	lui	a4,0x20003
20001106:	b1070713          	addi	a4,a4,-1264 # 20002b10 <__clz_tab>
2000110a:	0ac5fd63          	bgeu	a1,a2,200011c4 <__umoddi3+0xcc>
2000110e:	66c1                	lui	a3,0x10
20001110:	0ad67363          	bgeu	a2,a3,200011b6 <__umoddi3+0xbe>
20001114:	10063693          	sltiu	a3,a2,256
20001118:	0016b693          	seqz	a3,a3
2000111c:	068e                	slli	a3,a3,0x3
2000111e:	00d65333          	srl	t1,a2,a3
20001122:	971a                	add	a4,a4,t1
20001124:	8318                	lbu	a4,0(a4)
20001126:	9736                	add	a4,a4,a3
20001128:	02000693          	li	a3,32
2000112c:	40e68333          	sub	t1,a3,a4
20001130:	00d70c63          	beq	a4,a3,20001148 <__umoddi3+0x50>
20001134:	00659833          	sll	a6,a1,t1
20001138:	00e55733          	srl	a4,a0,a4
2000113c:	006618b3          	sll	a7,a2,t1
20001140:	01076833          	or	a6,a4,a6
20001144:	006517b3          	sll	a5,a0,t1
20001148:	0108d513          	srli	a0,a7,0x10
2000114c:	02a856b3          	divu	a3,a6,a0
20001150:	0808ce33          	zext.h	t3,a7
20001154:	0107d713          	srli	a4,a5,0x10
20001158:	02a87833          	remu	a6,a6,a0
2000115c:	03c686b3          	mul	a3,a3,t3
20001160:	0842                	slli	a6,a6,0x10
20001162:	01076733          	or	a4,a4,a6
20001166:	00d77d63          	bgeu	a4,a3,20001180 <__umoddi3+0x88>
2000116a:	9746                	add	a4,a4,a7
2000116c:	011735b3          	sltu	a1,a4,a7
20001170:	00d73633          	sltu	a2,a4,a3
20001174:	0015b593          	seqz	a1,a1
20001178:	8e6d                	and	a2,a2,a1
2000117a:	03160633          	mul	a2,a2,a7
2000117e:	9732                	add	a4,a4,a2
20001180:	8f15                	sub	a4,a4,a3
20001182:	02a756b3          	divu	a3,a4,a0
20001186:	02a77733          	remu	a4,a4,a0
2000118a:	03c686b3          	mul	a3,a3,t3
2000118e:	08e7c533          	pack	a0,a5,a4
20001192:	00d57d63          	bgeu	a0,a3,200011ac <__umoddi3+0xb4>
20001196:	9546                	add	a0,a0,a7
20001198:	01153733          	sltu	a4,a0,a7
2000119c:	00d537b3          	sltu	a5,a0,a3
200011a0:	00173713          	seqz	a4,a4
200011a4:	8ff9                	and	a5,a5,a4
200011a6:	031787b3          	mul	a5,a5,a7
200011aa:	953e                	add	a0,a0,a5
200011ac:	8d15                	sub	a0,a0,a3
200011ae:	00655533          	srl	a0,a0,t1
200011b2:	4581                	li	a1,0
200011b4:	8082                	ret
200011b6:	01000337          	lui	t1,0x1000
200011ba:	46e1                	li	a3,24
200011bc:	f66671e3          	bgeu	a2,t1,2000111e <__umoddi3+0x26>
200011c0:	46c1                	li	a3,16
200011c2:	bfb1                	j	2000111e <__umoddi3+0x26>
200011c4:	4681                	li	a3,0
200011c6:	ca09                	beqz	a2,200011d8 <__umoddi3+0xe0>
200011c8:	66c1                	lui	a3,0x10
200011ca:	06d67763          	bgeu	a2,a3,20001238 <__umoddi3+0x140>
200011ce:	10063693          	sltiu	a3,a2,256
200011d2:	0016b693          	seqz	a3,a3
200011d6:	068e                	slli	a3,a3,0x3
200011d8:	00d65833          	srl	a6,a2,a3
200011dc:	9742                	add	a4,a4,a6
200011de:	8318                	lbu	a4,0(a4)
200011e0:	9736                	add	a4,a4,a3
200011e2:	02000693          	li	a3,32
200011e6:	40e68333          	sub	t1,a3,a4
200011ea:	04d71e63          	bne	a4,a3,20001246 <__umoddi3+0x14e>
200011ee:	40c58733          	sub	a4,a1,a2
200011f2:	0108d593          	srli	a1,a7,0x10
200011f6:	02b75633          	divu	a2,a4,a1
200011fa:	0808c833          	zext.h	a6,a7
200011fe:	0107d693          	srli	a3,a5,0x10
20001202:	02b77733          	remu	a4,a4,a1
20001206:	03060633          	mul	a2,a2,a6
2000120a:	0742                	slli	a4,a4,0x10
2000120c:	8f55                	or	a4,a4,a3
2000120e:	00c77d63          	bgeu	a4,a2,20001228 <__umoddi3+0x130>
20001212:	9746                	add	a4,a4,a7
20001214:	01173533          	sltu	a0,a4,a7
20001218:	00c736b3          	sltu	a3,a4,a2
2000121c:	00153513          	seqz	a0,a0
20001220:	8ee9                	and	a3,a3,a0
20001222:	031686b3          	mul	a3,a3,a7
20001226:	9736                	add	a4,a4,a3
20001228:	8f11                	sub	a4,a4,a2
2000122a:	02b756b3          	divu	a3,a4,a1
2000122e:	02b77733          	remu	a4,a4,a1
20001232:	030686b3          	mul	a3,a3,a6
20001236:	bfa1                	j	2000118e <__umoddi3+0x96>
20001238:	01000837          	lui	a6,0x1000
2000123c:	46e1                	li	a3,24
2000123e:	f9067de3          	bgeu	a2,a6,200011d8 <__umoddi3+0xe0>
20001242:	46c1                	li	a3,16
20001244:	bf51                	j	200011d8 <__umoddi3+0xe0>
20001246:	006618b3          	sll	a7,a2,t1
2000124a:	00e5d6b3          	srl	a3,a1,a4
2000124e:	006517b3          	sll	a5,a0,t1
20001252:	00e55733          	srl	a4,a0,a4
20001256:	0108d513          	srli	a0,a7,0x10
2000125a:	02a6d633          	divu	a2,a3,a0
2000125e:	0808ce33          	zext.h	t3,a7
20001262:	006595b3          	sll	a1,a1,t1
20001266:	8dd9                	or	a1,a1,a4
20001268:	0105d713          	srli	a4,a1,0x10
2000126c:	02a6f6b3          	remu	a3,a3,a0
20001270:	03c60633          	mul	a2,a2,t3
20001274:	06c2                	slli	a3,a3,0x10
20001276:	8f55                	or	a4,a4,a3
20001278:	00c77e63          	bgeu	a4,a2,20001294 <__umoddi3+0x19c>
2000127c:	9746                	add	a4,a4,a7
2000127e:	01173833          	sltu	a6,a4,a7
20001282:	00c736b3          	sltu	a3,a4,a2
20001286:	00183813          	seqz	a6,a6
2000128a:	0106f6b3          	and	a3,a3,a6
2000128e:	031686b3          	mul	a3,a3,a7
20001292:	9736                	add	a4,a4,a3
20001294:	8f11                	sub	a4,a4,a2
20001296:	02a756b3          	divu	a3,a4,a0
2000129a:	02a77733          	remu	a4,a4,a0
2000129e:	03c686b3          	mul	a3,a3,t3
200012a2:	08e5c733          	pack	a4,a1,a4
200012a6:	00d77d63          	bgeu	a4,a3,200012c0 <__umoddi3+0x1c8>
200012aa:	9746                	add	a4,a4,a7
200012ac:	011735b3          	sltu	a1,a4,a7
200012b0:	00d73633          	sltu	a2,a4,a3
200012b4:	0015b593          	seqz	a1,a1
200012b8:	8e6d                	and	a2,a2,a1
200012ba:	03160633          	mul	a2,a2,a7
200012be:	9732                	add	a4,a4,a2
200012c0:	8f15                	sub	a4,a4,a3
200012c2:	bf05                	j	200011f2 <__umoddi3+0xfa>
200012c4:	14d5e663          	bltu	a1,a3,20001410 <__umoddi3+0x318>
200012c8:	6741                	lui	a4,0x10
200012ca:	04e6f563          	bgeu	a3,a4,20001314 <__umoddi3+0x21c>
200012ce:	1006b713          	sltiu	a4,a3,256
200012d2:	00173713          	seqz	a4,a4
200012d6:	070e                	slli	a4,a4,0x3
200012d8:	200038b7          	lui	a7,0x20003
200012dc:	00e6d333          	srl	t1,a3,a4
200012e0:	b1088893          	addi	a7,a7,-1264 # 20002b10 <__clz_tab>
200012e4:	989a                	add	a7,a7,t1
200012e6:	0008c883          	lbu	a7,0(a7)
200012ea:	02000313          	li	t1,32
200012ee:	98ba                	add	a7,a7,a4
200012f0:	02689963          	bne	a7,t1,20001322 <__umoddi3+0x22a>
200012f4:	00c57463          	bgeu	a0,a2,200012fc <__umoddi3+0x204>
200012f8:	00b6fb63          	bgeu	a3,a1,2000130e <__umoddi3+0x216>
200012fc:	40c50833          	sub	a6,a0,a2
20001300:	87c2                	mv	a5,a6
20001302:	40d586b3          	sub	a3,a1,a3
20001306:	01053833          	sltu	a6,a0,a6
2000130a:	41068833          	sub	a6,a3,a6
2000130e:	853e                	mv	a0,a5
20001310:	85c2                	mv	a1,a6
20001312:	8082                	ret
20001314:	010008b7          	lui	a7,0x1000
20001318:	4761                	li	a4,24
2000131a:	fb16ffe3          	bgeu	a3,a7,200012d8 <__umoddi3+0x1e0>
2000131e:	4741                	li	a4,16
20001320:	bf65                	j	200012d8 <__umoddi3+0x1e0>
20001322:	41130333          	sub	t1,t1,a7
20001326:	006696b3          	sll	a3,a3,t1
2000132a:	01165e33          	srl	t3,a2,a7
2000132e:	00de6e33          	or	t3,t3,a3
20001332:	0115d7b3          	srl	a5,a1,a7
20001336:	010e5e93          	srli	t4,t3,0x10
2000133a:	03d7d6b3          	divu	a3,a5,t4
2000133e:	006595b3          	sll	a1,a1,t1
20001342:	01155833          	srl	a6,a0,a7
20001346:	00b86833          	or	a6,a6,a1
2000134a:	080e45b3          	zext.h	a1,t3
2000134e:	00661733          	sll	a4,a2,t1
20001352:	00651533          	sll	a0,a0,t1
20001356:	03d7f7b3          	remu	a5,a5,t4
2000135a:	02d58f33          	mul	t5,a1,a3
2000135e:	01079613          	slli	a2,a5,0x10
20001362:	01085793          	srli	a5,a6,0x10
20001366:	8fd1                	or	a5,a5,a2
20001368:	01e7f863          	bgeu	a5,t5,20001378 <__umoddi3+0x280>
2000136c:	97f2                	add	a5,a5,t3
2000136e:	01e7f463          	bgeu	a5,t5,20001376 <__umoddi3+0x27e>
20001372:	0bc7f063          	bgeu	a5,t3,20001412 <__umoddi3+0x31a>
20001376:	16fd                	addi	a3,a3,-1 # ffff <HeapSize+0xf7ff>
20001378:	41e787b3          	sub	a5,a5,t5
2000137c:	03d7d633          	divu	a2,a5,t4
20001380:	03d7f7b3          	remu	a5,a5,t4
20001384:	9dd1                	mul	a1,a1,a2
20001386:	08f847b3          	pack	a5,a6,a5
2000138a:	00b7f863          	bgeu	a5,a1,2000139a <__umoddi3+0x2a2>
2000138e:	97f2                	add	a5,a5,t3
20001390:	00b7f463          	bgeu	a5,a1,20001398 <__umoddi3+0x2a0>
20001394:	09c7f263          	bgeu	a5,t3,20001418 <__umoddi3+0x320>
20001398:	167d                	addi	a2,a2,-1 # ffff <HeapSize+0xf7ff>
2000139a:	06c2                	slli	a3,a3,0x10
2000139c:	8ed1                	or	a3,a3,a2
2000139e:	82c1                	srli	a3,a3,0x10
200013a0:	9e69                	zext.h	a2,a2
200013a2:	08074833          	zext.h	a6,a4
200013a6:	40b785b3          	sub	a1,a5,a1
200013aa:	01075793          	srli	a5,a4,0x10
200013ae:	03060eb3          	mul	t4,a2,a6
200013b2:	03068833          	mul	a6,a3,a6
200013b6:	9e5d                	mul	a2,a2,a5
200013b8:	9edd                	mul	a3,a3,a5
200013ba:	9642                	add	a2,a2,a6
200013bc:	010ed793          	srli	a5,t4,0x10
200013c0:	97b2                	add	a5,a5,a2
200013c2:	0107f463          	bgeu	a5,a6,200013ca <__umoddi3+0x2d2>
200013c6:	6641                	lui	a2,0x10
200013c8:	96b2                	add	a3,a3,a2
200013ca:	0107d613          	srli	a2,a5,0x10
200013ce:	080eceb3          	zext.h	t4,t4
200013d2:	07c2                	slli	a5,a5,0x10
200013d4:	96b2                	add	a3,a3,a2
200013d6:	97f6                	add	a5,a5,t4
200013d8:	00d5e663          	bltu	a1,a3,200013e4 <__umoddi3+0x2ec>
200013dc:	00f57c63          	bgeu	a0,a5,200013f4 <__umoddi3+0x2fc>
200013e0:	00d59a63          	bne	a1,a3,200013f4 <__umoddi3+0x2fc>
200013e4:	40e78733          	sub	a4,a5,a4
200013e8:	00e7b633          	sltu	a2,a5,a4
200013ec:	87ba                	mv	a5,a4
200013ee:	01c60733          	add	a4,a2,t3
200013f2:	8e99                	sub	a3,a3,a4
200013f4:	40f507b3          	sub	a5,a0,a5
200013f8:	00f53533          	sltu	a0,a0,a5
200013fc:	8d95                	sub	a1,a1,a3
200013fe:	8d89                	sub	a1,a1,a0
20001400:	011598b3          	sll	a7,a1,a7
20001404:	0067d7b3          	srl	a5,a5,t1
20001408:	00f8e533          	or	a0,a7,a5
2000140c:	0065d5b3          	srl	a1,a1,t1
20001410:	8082                	ret
20001412:	16f9                	addi	a3,a3,-2
20001414:	97f2                	add	a5,a5,t3
20001416:	b78d                	j	20001378 <__umoddi3+0x280>
20001418:	1679                	addi	a2,a2,-2 # fffe <HeapSize+0xf7fe>
2000141a:	97f2                	add	a5,a5,t3
2000141c:	bfbd                	j	2000139a <__umoddi3+0x2a2>

2000141e <__adddf3>:
2000141e:	00100837          	lui	a6,0x100
20001422:	187d                	addi	a6,a6,-1 # fffff <HeapSize+0xff7ff>
20001424:	00b877b3          	and	a5,a6,a1
20001428:	0145d713          	srli	a4,a1,0x14
2000142c:	00d87833          	and	a6,a6,a3
20001430:	0146de13          	srli	t3,a3,0x14
20001434:	01d55893          	srli	a7,a0,0x1d
20001438:	080e                	slli	a6,a6,0x3
2000143a:	01d65313          	srli	t1,a2,0x1d
2000143e:	7ff77713          	andi	a4,a4,2047
20001442:	078e                	slli	a5,a5,0x3
20001444:	7ffe7e13          	andi	t3,t3,2047
20001448:	81fd                	srli	a1,a1,0x1f
2000144a:	82fd                	srli	a3,a3,0x1f
2000144c:	00f8e7b3          	or	a5,a7,a5
20001450:	01036333          	or	t1,t1,a6
20001454:	050e                	slli	a0,a0,0x3
20001456:	060e                	slli	a2,a2,0x3
20001458:	41c70833          	sub	a6,a4,t3
2000145c:	7ff00893          	li	a7,2047
20001460:	24d59263          	bne	a1,a3,200016a4 <__adddf3+0x286>
20001464:	0d005863          	blez	a6,20001534 <__adddf3+0x116>
20001468:	020e1463          	bnez	t3,20001490 <__adddf3+0x72>
2000146c:	00c366b3          	or	a3,t1,a2
20001470:	ce91                	beqz	a3,2000148c <__adddf3+0x6e>
20001472:	fff70813          	addi	a6,a4,-1 # ffff <HeapSize+0xf7ff>
20001476:	00081963          	bnez	a6,20001488 <__adddf3+0x6a>
2000147a:	962a                	add	a2,a2,a0
2000147c:	979a                	add	a5,a5,t1
2000147e:	00a63533          	sltu	a0,a2,a0
20001482:	97aa                	add	a5,a5,a0
20001484:	4705                	li	a4,1
20001486:	a889                	j	200014d8 <__adddf3+0xba>
20001488:	01171863          	bne	a4,a7,20001498 <__adddf3+0x7a>
2000148c:	862a                	mv	a2,a0
2000148e:	aab5                	j	2000160a <__adddf3+0x1ec>
20001490:	ff170ee3          	beq	a4,a7,2000148c <__adddf3+0x6e>
20001494:	29731313          	bseti	t1,t1,0x17
20001498:	03800693          	li	a3,56
2000149c:	0906c763          	blt	a3,a6,2000152a <__adddf3+0x10c>
200014a0:	46fd                	li	a3,31
200014a2:	02000e13          	li	t3,32
200014a6:	0506cd63          	blt	a3,a6,20001500 <__adddf3+0xe2>
200014aa:	410e0e33          	sub	t3,t3,a6
200014ae:	01c316b3          	sll	a3,t1,t3
200014b2:	010658b3          	srl	a7,a2,a6
200014b6:	01c61e33          	sll	t3,a2,t3
200014ba:	0116e6b3          	or	a3,a3,a7
200014be:	01c03e33          	snez	t3,t3
200014c2:	01c6e6b3          	or	a3,a3,t3
200014c6:	01035833          	srl	a6,t1,a6
200014ca:	00a68633          	add	a2,a3,a0
200014ce:	983e                	add	a6,a6,a5
200014d0:	00d636b3          	sltu	a3,a2,a3
200014d4:	00d807b3          	add	a5,a6,a3
200014d8:	00879693          	slli	a3,a5,0x8
200014dc:	1806d863          	bgez	a3,2000166c <__adddf3+0x24e>
200014e0:	0705                	addi	a4,a4,1
200014e2:	7ff00693          	li	a3,2047
200014e6:	1ad70c63          	beq	a4,a3,2000169e <__adddf3+0x280>
200014ea:	00165693          	srli	a3,a2,0x1
200014ee:	8a05                	andi	a2,a2,1
200014f0:	49779513          	bclri	a0,a5,0x17
200014f4:	8e55                	or	a2,a2,a3
200014f6:	07fe                	slli	a5,a5,0x1f
200014f8:	8e5d                	or	a2,a2,a5
200014fa:	00155793          	srli	a5,a0,0x1
200014fe:	a2bd                	j	2000166c <__adddf3+0x24e>
20001500:	fe080693          	addi	a3,a6,-32
20001504:	00d356b3          	srl	a3,t1,a3
20001508:	4881                	li	a7,0
2000150a:	01c80863          	beq	a6,t3,2000151a <__adddf3+0xfc>
2000150e:	04000893          	li	a7,64
20001512:	410888b3          	sub	a7,a7,a6
20001516:	011318b3          	sll	a7,t1,a7
2000151a:	00c8e8b3          	or	a7,a7,a2
2000151e:	011038b3          	snez	a7,a7
20001522:	0116e6b3          	or	a3,a3,a7
20001526:	4801                	li	a6,0
20001528:	b74d                	j	200014ca <__adddf3+0xac>
2000152a:	00c366b3          	or	a3,t1,a2
2000152e:	00d036b3          	snez	a3,a3
20001532:	bfd5                	j	20001526 <__adddf3+0x108>
20001534:	0a080063          	beqz	a6,200015d4 <__adddf3+0x1b6>
20001538:	40ee0833          	sub	a6,t3,a4
2000153c:	ef01                	bnez	a4,20001554 <__adddf3+0x136>
2000153e:	00a7e733          	or	a4,a5,a0
20001542:	c711                	beqz	a4,2000154e <__adddf3+0x130>
20001544:	fff80693          	addi	a3,a6,-1
20001548:	da8d                	beqz	a3,2000147a <__adddf3+0x5c>
2000154a:	01181a63          	bne	a6,a7,2000155e <__adddf3+0x140>
2000154e:	879a                	mv	a5,t1
20001550:	8742                	mv	a4,a6
20001552:	a865                	j	2000160a <__adddf3+0x1ec>
20001554:	431e0e63          	beq	t3,a7,20001990 <__adddf3+0x572>
20001558:	29779793          	bseti	a5,a5,0x17
2000155c:	86c2                	mv	a3,a6
2000155e:	03800713          	li	a4,56
20001562:	06d74463          	blt	a4,a3,200015ca <__adddf3+0x1ac>
20001566:	477d                	li	a4,31
20001568:	02000893          	li	a7,32
2000156c:	02d74a63          	blt	a4,a3,200015a0 <__adddf3+0x182>
20001570:	40d888b3          	sub	a7,a7,a3
20001574:	01179733          	sll	a4,a5,a7
20001578:	00d55833          	srl	a6,a0,a3
2000157c:	011518b3          	sll	a7,a0,a7
20001580:	01076733          	or	a4,a4,a6
20001584:	011038b3          	snez	a7,a7
20001588:	01176733          	or	a4,a4,a7
2000158c:	00d7d6b3          	srl	a3,a5,a3
20001590:	963a                	add	a2,a2,a4
20001592:	00e63733          	sltu	a4,a2,a4
20001596:	969a                	add	a3,a3,t1
20001598:	00e687b3          	add	a5,a3,a4
2000159c:	8772                	mv	a4,t3
2000159e:	bf2d                	j	200014d8 <__adddf3+0xba>
200015a0:	fe068713          	addi	a4,a3,-32
200015a4:	00e7d733          	srl	a4,a5,a4
200015a8:	4801                	li	a6,0
200015aa:	01168863          	beq	a3,a7,200015ba <__adddf3+0x19c>
200015ae:	04000813          	li	a6,64
200015b2:	40d80833          	sub	a6,a6,a3
200015b6:	01079833          	sll	a6,a5,a6
200015ba:	00a86833          	or	a6,a6,a0
200015be:	01003833          	snez	a6,a6
200015c2:	01076733          	or	a4,a4,a6
200015c6:	4681                	li	a3,0
200015c8:	b7e1                	j	20001590 <__adddf3+0x172>
200015ca:	00a7e733          	or	a4,a5,a0
200015ce:	00e03733          	snez	a4,a4
200015d2:	bfd5                	j	200015c6 <__adddf3+0x1a8>
200015d4:	00170693          	addi	a3,a4,1
200015d8:	7fe6f813          	andi	a6,a3,2046
200015dc:	06081b63          	bnez	a6,20001652 <__adddf3+0x234>
200015e0:	00a7e6b3          	or	a3,a5,a0
200015e4:	ef39                	bnez	a4,20001642 <__adddf3+0x224>
200015e6:	38068b63          	beqz	a3,2000197c <__adddf3+0x55e>
200015ea:	00c36733          	or	a4,t1,a2
200015ee:	38070963          	beqz	a4,20001980 <__adddf3+0x562>
200015f2:	962a                	add	a2,a2,a0
200015f4:	979a                	add	a5,a5,t1
200015f6:	00a63533          	sltu	a0,a2,a0
200015fa:	97aa                	add	a5,a5,a0
200015fc:	00879713          	slli	a4,a5,0x8
20001600:	26075a63          	bgez	a4,20001874 <__adddf3+0x456>
20001604:	49779793          	bclri	a5,a5,0x17
20001608:	4705                	li	a4,1
2000160a:	820d                	srli	a2,a2,0x3
2000160c:	01d79693          	slli	a3,a5,0x1d
20001610:	8ed1                	or	a3,a3,a2
20001612:	7ff00613          	li	a2,2047
20001616:	838d                	srli	a5,a5,0x3
20001618:	00c71963          	bne	a4,a2,2000162a <__adddf3+0x20c>
2000161c:	8edd                	or	a3,a3,a5
2000161e:	4781                	li	a5,0
20001620:	c689                	beqz	a3,2000162a <__adddf3+0x20c>
20001622:	000807b7          	lui	a5,0x80
20001626:	4681                	li	a3,0
20001628:	4581                	li	a1,0
2000162a:	7ff77713          	andi	a4,a4,2047
2000162e:	07b2                	slli	a5,a5,0xc
20001630:	83b1                	srli	a5,a5,0xc
20001632:	0752                	slli	a4,a4,0x14
20001634:	8f5d                	or	a4,a4,a5
20001636:	05fe                	slli	a1,a1,0x1f
20001638:	00b767b3          	or	a5,a4,a1
2000163c:	8536                	mv	a0,a3
2000163e:	85be                	mv	a1,a5
20001640:	8082                	ret
20001642:	34068163          	beqz	a3,20001984 <__adddf3+0x566>
20001646:	00c36333          	or	t1,t1,a2
2000164a:	24031763          	bnez	t1,20001898 <__adddf3+0x47a>
2000164e:	862a                	mv	a2,a0
20001650:	ae1d                	j	20001986 <__adddf3+0x568>
20001652:	33168c63          	beq	a3,a7,2000198a <__adddf3+0x56c>
20001656:	962a                	add	a2,a2,a0
20001658:	00a63533          	sltu	a0,a2,a0
2000165c:	979a                	add	a5,a5,t1
2000165e:	97aa                	add	a5,a5,a0
20001660:	01f79713          	slli	a4,a5,0x1f
20001664:	8205                	srli	a2,a2,0x1
20001666:	8e59                	or	a2,a2,a4
20001668:	8385                	srli	a5,a5,0x1
2000166a:	8736                	mv	a4,a3
2000166c:	00767693          	andi	a3,a2,7
20001670:	ce81                	beqz	a3,20001688 <__adddf3+0x26a>
20001672:	00f67693          	andi	a3,a2,15
20001676:	4511                	li	a0,4
20001678:	00a68863          	beq	a3,a0,20001688 <__adddf3+0x26a>
2000167c:	00a606b3          	add	a3,a2,a0
20001680:	00c6b533          	sltu	a0,a3,a2
20001684:	97aa                	add	a5,a5,a0
20001686:	8636                	mv	a2,a3
20001688:	00879693          	slli	a3,a5,0x8
2000168c:	f606dfe3          	bgez	a3,2000160a <__adddf3+0x1ec>
20001690:	0705                	addi	a4,a4,1
20001692:	7ff00693          	li	a3,2047
20001696:	49779793          	bclri	a5,a5,0x17
2000169a:	f6d718e3          	bne	a4,a3,2000160a <__adddf3+0x1ec>
2000169e:	4781                	li	a5,0
200016a0:	4601                	li	a2,0
200016a2:	b7a5                	j	2000160a <__adddf3+0x1ec>
200016a4:	0d005263          	blez	a6,20001768 <__adddf3+0x34a>
200016a8:	080e1163          	bnez	t3,2000172a <__adddf3+0x30c>
200016ac:	00c366b3          	or	a3,t1,a2
200016b0:	dc068ee3          	beqz	a3,2000148c <__adddf3+0x6e>
200016b4:	fff70813          	addi	a6,a4,-1
200016b8:	00081b63          	bnez	a6,200016ce <__adddf3+0x2b0>
200016bc:	40c50633          	sub	a2,a0,a2
200016c0:	406787b3          	sub	a5,a5,t1
200016c4:	00c53533          	sltu	a0,a0,a2
200016c8:	8f89                	sub	a5,a5,a0
200016ca:	4705                	li	a4,1
200016cc:	a0a1                	j	20001714 <__adddf3+0x2f6>
200016ce:	db170fe3          	beq	a4,a7,2000148c <__adddf3+0x6e>
200016d2:	03800693          	li	a3,56
200016d6:	0906c463          	blt	a3,a6,2000175e <__adddf3+0x340>
200016da:	46fd                	li	a3,31
200016dc:	02000e13          	li	t3,32
200016e0:	0506ca63          	blt	a3,a6,20001734 <__adddf3+0x316>
200016e4:	410e0e33          	sub	t3,t3,a6
200016e8:	01c316b3          	sll	a3,t1,t3
200016ec:	010658b3          	srl	a7,a2,a6
200016f0:	01c61e33          	sll	t3,a2,t3
200016f4:	0116e6b3          	or	a3,a3,a7
200016f8:	01c03e33          	snez	t3,t3
200016fc:	01c6e6b3          	or	a3,a3,t3
20001700:	01035833          	srl	a6,t1,a6
20001704:	40d50633          	sub	a2,a0,a3
20001708:	41078833          	sub	a6,a5,a6
2000170c:	00c53533          	sltu	a0,a0,a2
20001710:	40a807b3          	sub	a5,a6,a0
20001714:	00879693          	slli	a3,a5,0x8
20001718:	f406dae3          	bgez	a3,2000166c <__adddf3+0x24e>
2000171c:	008008b7          	lui	a7,0x800
20001720:	18fd                	addi	a7,a7,-1 # 7fffff <HeapSize+0x7ff7ff>
20001722:	0117f8b3          	and	a7,a5,a7
20001726:	8832                	mv	a6,a2
20001728:	a275                	j	200018d4 <__adddf3+0x4b6>
2000172a:	d71701e3          	beq	a4,a7,2000148c <__adddf3+0x6e>
2000172e:	29731313          	bseti	t1,t1,0x17
20001732:	b745                	j	200016d2 <__adddf3+0x2b4>
20001734:	fe080693          	addi	a3,a6,-32
20001738:	00d356b3          	srl	a3,t1,a3
2000173c:	4881                	li	a7,0
2000173e:	01c80863          	beq	a6,t3,2000174e <__adddf3+0x330>
20001742:	04000893          	li	a7,64
20001746:	410888b3          	sub	a7,a7,a6
2000174a:	011318b3          	sll	a7,t1,a7
2000174e:	00c8e8b3          	or	a7,a7,a2
20001752:	011038b3          	snez	a7,a7
20001756:	0116e6b3          	or	a3,a3,a7
2000175a:	4801                	li	a6,0
2000175c:	b765                	j	20001704 <__adddf3+0x2e6>
2000175e:	00c366b3          	or	a3,t1,a2
20001762:	00d036b3          	snez	a3,a3
20001766:	bfd5                	j	2000175a <__adddf3+0x33c>
20001768:	0a080d63          	beqz	a6,20001822 <__adddf3+0x404>
2000176c:	40ee0833          	sub	a6,t3,a4
20001770:	e70d                	bnez	a4,2000179a <__adddf3+0x37c>
20001772:	00a7e733          	or	a4,a5,a0
20001776:	c305                	beqz	a4,20001796 <__adddf3+0x378>
20001778:	fff80713          	addi	a4,a6,-1
2000177c:	eb19                	bnez	a4,20001792 <__adddf3+0x374>
2000177e:	40a60533          	sub	a0,a2,a0
20001782:	00a63733          	sltu	a4,a2,a0
20001786:	40f307b3          	sub	a5,t1,a5
2000178a:	862a                	mv	a2,a0
2000178c:	8f99                	sub	a5,a5,a4
2000178e:	85b6                	mv	a1,a3
20001790:	bf2d                	j	200016ca <__adddf3+0x2ac>
20001792:	01181963          	bne	a6,a7,200017a4 <__adddf3+0x386>
20001796:	85b6                	mv	a1,a3
20001798:	bb5d                	j	2000154e <__adddf3+0x130>
2000179a:	1f1e0a63          	beq	t3,a7,2000198e <__adddf3+0x570>
2000179e:	29779793          	bseti	a5,a5,0x17
200017a2:	8742                	mv	a4,a6
200017a4:	03800593          	li	a1,56
200017a8:	06e5c863          	blt	a1,a4,20001818 <__adddf3+0x3fa>
200017ac:	45fd                	li	a1,31
200017ae:	02000893          	li	a7,32
200017b2:	02e5ce63          	blt	a1,a4,200017ee <__adddf3+0x3d0>
200017b6:	40e888b3          	sub	a7,a7,a4
200017ba:	011795b3          	sll	a1,a5,a7
200017be:	00e55833          	srl	a6,a0,a4
200017c2:	011518b3          	sll	a7,a0,a7
200017c6:	0105e5b3          	or	a1,a1,a6
200017ca:	011038b3          	snez	a7,a7
200017ce:	0115e5b3          	or	a1,a1,a7
200017d2:	00e7d733          	srl	a4,a5,a4
200017d6:	40b605b3          	sub	a1,a2,a1
200017da:	00b637b3          	sltu	a5,a2,a1
200017de:	40e30733          	sub	a4,t1,a4
200017e2:	862e                	mv	a2,a1
200017e4:	40f707b3          	sub	a5,a4,a5
200017e8:	85b6                	mv	a1,a3
200017ea:	8772                	mv	a4,t3
200017ec:	b725                	j	20001714 <__adddf3+0x2f6>
200017ee:	fe070593          	addi	a1,a4,-32
200017f2:	00b7d5b3          	srl	a1,a5,a1
200017f6:	4801                	li	a6,0
200017f8:	01170863          	beq	a4,a7,20001808 <__adddf3+0x3ea>
200017fc:	04000813          	li	a6,64
20001800:	40e80833          	sub	a6,a6,a4
20001804:	01079833          	sll	a6,a5,a6
20001808:	00a86833          	or	a6,a6,a0
2000180c:	01003833          	snez	a6,a6
20001810:	0105e5b3          	or	a1,a1,a6
20001814:	4701                	li	a4,0
20001816:	b7c1                	j	200017d6 <__adddf3+0x3b8>
20001818:	00a7e5b3          	or	a1,a5,a0
2000181c:	00b035b3          	snez	a1,a1
20001820:	bfd5                	j	20001814 <__adddf3+0x3f6>
20001822:	00170813          	addi	a6,a4,1
20001826:	7fe87813          	andi	a6,a6,2046
2000182a:	06081f63          	bnez	a6,200018a8 <__adddf3+0x48a>
2000182e:	00a7ee33          	or	t3,a5,a0
20001832:	00c36833          	or	a6,t1,a2
20001836:	ef21                	bnez	a4,2000188e <__adddf3+0x470>
20001838:	000e1763          	bnez	t3,20001846 <__adddf3+0x428>
2000183c:	879a                	mv	a5,t1
2000183e:	02081a63          	bnez	a6,20001872 <__adddf3+0x454>
20001842:	4581                	li	a1,0
20001844:	bda9                	j	2000169e <__adddf3+0x280>
20001846:	12080d63          	beqz	a6,20001980 <__adddf3+0x562>
2000184a:	40c508b3          	sub	a7,a0,a2
2000184e:	01153e33          	sltu	t3,a0,a7
20001852:	40678833          	sub	a6,a5,t1
20001856:	41c80833          	sub	a6,a6,t3
2000185a:	00881e13          	slli	t3,a6,0x8
2000185e:	020e5163          	bgez	t3,20001880 <__adddf3+0x462>
20001862:	40a60533          	sub	a0,a2,a0
20001866:	00a63733          	sltu	a4,a2,a0
2000186a:	40f307b3          	sub	a5,t1,a5
2000186e:	862a                	mv	a2,a0
20001870:	8f99                	sub	a5,a5,a4
20001872:	85b6                	mv	a1,a3
20001874:	00f66733          	or	a4,a2,a5
20001878:	e20703e3          	beqz	a4,2000169e <__adddf3+0x280>
2000187c:	4701                	li	a4,0
2000187e:	b3fd                	j	2000166c <__adddf3+0x24e>
20001880:	0108e633          	or	a2,a7,a6
20001884:	10060963          	beqz	a2,20001996 <__adddf3+0x578>
20001888:	87c2                	mv	a5,a6
2000188a:	8646                	mv	a2,a7
2000188c:	b7e5                	j	20001874 <__adddf3+0x456>
2000188e:	000e1a63          	bnez	t3,200018a2 <__adddf3+0x484>
20001892:	85b6                	mv	a1,a3
20001894:	0e081863          	bnez	a6,20001984 <__adddf3+0x566>
20001898:	4581                	li	a1,0
2000189a:	004007b7          	lui	a5,0x400
2000189e:	4601                	li	a2,0
200018a0:	a0dd                	j	20001986 <__adddf3+0x568>
200018a2:	da0806e3          	beqz	a6,2000164e <__adddf3+0x230>
200018a6:	bfcd                	j	20001898 <__adddf3+0x47a>
200018a8:	40c50e33          	sub	t3,a0,a2
200018ac:	01c53eb3          	sltu	t4,a0,t3
200018b0:	406788b3          	sub	a7,a5,t1
200018b4:	41d888b3          	sub	a7,a7,t4
200018b8:	00889e93          	slli	t4,a7,0x8
200018bc:	8872                	mv	a6,t3
200018be:	060ed563          	bgez	t4,20001928 <__adddf3+0x50a>
200018c2:	40a60833          	sub	a6,a2,a0
200018c6:	40f308b3          	sub	a7,t1,a5
200018ca:	01063633          	sltu	a2,a2,a6
200018ce:	40c888b3          	sub	a7,a7,a2
200018d2:	85b6                	mv	a1,a3
200018d4:	06088163          	beqz	a7,20001936 <__adddf3+0x518>
200018d8:	60089693          	clz	a3,a7
200018dc:	16e1                	addi	a3,a3,-8
200018de:	02000793          	li	a5,32
200018e2:	8f95                	sub	a5,a5,a3
200018e4:	00d898b3          	sll	a7,a7,a3
200018e8:	00f857b3          	srl	a5,a6,a5
200018ec:	0117e7b3          	or	a5,a5,a7
200018f0:	00d81633          	sll	a2,a6,a3
200018f4:	08e6c063          	blt	a3,a4,20001974 <__adddf3+0x556>
200018f8:	8e99                	sub	a3,a3,a4
200018fa:	00168813          	addi	a6,a3,1
200018fe:	477d                	li	a4,31
20001900:	02000513          	li	a0,32
20001904:	05074563          	blt	a4,a6,2000194e <__adddf3+0x530>
20001908:	41050533          	sub	a0,a0,a6
2000190c:	00a79733          	sll	a4,a5,a0
20001910:	010656b3          	srl	a3,a2,a6
20001914:	00a61533          	sll	a0,a2,a0
20001918:	8f55                	or	a4,a4,a3
2000191a:	00a03533          	snez	a0,a0
2000191e:	00a76633          	or	a2,a4,a0
20001922:	0107d7b3          	srl	a5,a5,a6
20001926:	b7b9                	j	20001874 <__adddf3+0x456>
20001928:	011e6633          	or	a2,t3,a7
2000192c:	f645                	bnez	a2,200018d4 <__adddf3+0x4b6>
2000192e:	4581                	li	a1,0
20001930:	4781                	li	a5,0
20001932:	4701                	li	a4,0
20001934:	b9d9                	j	2000160a <__adddf3+0x1ec>
20001936:	60081793          	clz	a5,a6
2000193a:	01878693          	addi	a3,a5,24 # 400018 <HeapSize+0x3ff818>
2000193e:	467d                	li	a2,31
20001940:	f8d65fe3          	bge	a2,a3,200018de <__adddf3+0x4c0>
20001944:	17e1                	addi	a5,a5,-8
20001946:	00f817b3          	sll	a5,a6,a5
2000194a:	4601                	li	a2,0
2000194c:	b765                	j	200018f4 <__adddf3+0x4d6>
2000194e:	1685                	addi	a3,a3,-31
20001950:	00d7d6b3          	srl	a3,a5,a3
20001954:	4701                	li	a4,0
20001956:	00a80863          	beq	a6,a0,20001966 <__adddf3+0x548>
2000195a:	04000713          	li	a4,64
2000195e:	41070733          	sub	a4,a4,a6
20001962:	00e79733          	sll	a4,a5,a4
20001966:	8f51                	or	a4,a4,a2
20001968:	00e03733          	snez	a4,a4
2000196c:	00e6e633          	or	a2,a3,a4
20001970:	4781                	li	a5,0
20001972:	b709                	j	20001874 <__adddf3+0x456>
20001974:	8f15                	sub	a4,a4,a3
20001976:	49779793          	bclri	a5,a5,0x17
2000197a:	b9cd                	j	2000166c <__adddf3+0x24e>
2000197c:	879a                	mv	a5,t1
2000197e:	bddd                	j	20001874 <__adddf3+0x456>
20001980:	862a                	mv	a2,a0
20001982:	bdcd                	j	20001874 <__adddf3+0x456>
20001984:	879a                	mv	a5,t1
20001986:	8746                	mv	a4,a7
20001988:	b149                	j	2000160a <__adddf3+0x1ec>
2000198a:	8736                	mv	a4,a3
2000198c:	bb09                	j	2000169e <__adddf3+0x280>
2000198e:	85b6                	mv	a1,a3
20001990:	879a                	mv	a5,t1
20001992:	8772                	mv	a4,t3
20001994:	b99d                	j	2000160a <__adddf3+0x1ec>
20001996:	4581                	li	a1,0
20001998:	4781                	li	a5,0
2000199a:	b985                	j	2000160a <__adddf3+0x1ec>

2000199c <__divdf3>:
2000199c:	0145d893          	srli	a7,a1,0x14
200019a0:	00c59793          	slli	a5,a1,0xc
200019a4:	b862                	cm.push	{ra,s0-s1},-16
200019a6:	7ff8f893          	andi	a7,a7,2047
200019aa:	83b1                	srli	a5,a5,0xc
200019ac:	81fd                	srli	a1,a1,0x1f
200019ae:	06088e63          	beqz	a7,20001a2a <__divdf3+0x8e>
200019b2:	7ff00713          	li	a4,2047
200019b6:	0ce88363          	beq	a7,a4,20001a7c <__divdf3+0xe0>
200019ba:	01d55813          	srli	a6,a0,0x1d
200019be:	078e                	slli	a5,a5,0x3
200019c0:	00f86833          	or	a6,a6,a5
200019c4:	29781813          	bseti	a6,a6,0x17
200019c8:	00351f13          	slli	t5,a0,0x3
200019cc:	c0188893          	addi	a7,a7,-1023
200019d0:	4e01                	li	t3,0
200019d2:	0146d713          	srli	a4,a3,0x14
200019d6:	00c69793          	slli	a5,a3,0xc
200019da:	7ff77713          	andi	a4,a4,2047
200019de:	83b1                	srli	a5,a5,0xc
200019e0:	82fd                	srli	a3,a3,0x1f
200019e2:	cf45                	beqz	a4,20001a9a <__divdf3+0xfe>
200019e4:	7ff00513          	li	a0,2047
200019e8:	10a70163          	beq	a4,a0,20001aea <__divdf3+0x14e>
200019ec:	01d65513          	srli	a0,a2,0x1d
200019f0:	078e                	slli	a5,a5,0x3
200019f2:	8fc9                	or	a5,a5,a0
200019f4:	29779793          	bseti	a5,a5,0x17
200019f8:	00361513          	slli	a0,a2,0x3
200019fc:	c0170713          	addi	a4,a4,-1023
20001a00:	4301                	li	t1,0
20001a02:	40e888b3          	sub	a7,a7,a4
20001a06:	002e1713          	slli	a4,t3,0x2
20001a0a:	00676733          	or	a4,a4,t1
20001a0e:	177d                	addi	a4,a4,-1
20001a10:	4eb9                	li	t4,14
20001a12:	00d5c633          	xor	a2,a1,a3
20001a16:	0eeee763          	bltu	t4,a4,20001b04 <__divdf3+0x168>
20001a1a:	20003eb7          	lui	t4,0x20003
20001a1e:	ad4e8e93          	addi	t4,t4,-1324 # 20002ad4 <__floatunsidf+0x3c>
20001a22:	21d74733          	sh2add	a4,a4,t4
20001a26:	4318                	lw	a4,0(a4)
20001a28:	8702                	jr	a4
20001a2a:	00a7e833          	or	a6,a5,a0
20001a2e:	04080e63          	beqz	a6,20001a8a <__divdf3+0xee>
20001a32:	cb85                	beqz	a5,20001a62 <__divdf3+0xc6>
20001a34:	60079713          	clz	a4,a5
20001a38:	ff570893          	addi	a7,a4,-11
20001a3c:	4875                	li	a6,29
20001a3e:	ff870313          	addi	t1,a4,-8
20001a42:	41180833          	sub	a6,a6,a7
20001a46:	006797b3          	sll	a5,a5,t1
20001a4a:	01055833          	srl	a6,a0,a6
20001a4e:	00f86833          	or	a6,a6,a5
20001a52:	006517b3          	sll	a5,a0,t1
20001a56:	c0d00893          	li	a7,-1011
20001a5a:	40e888b3          	sub	a7,a7,a4
20001a5e:	8f3e                	mv	t5,a5
20001a60:	bf85                	j	200019d0 <__divdf3+0x34>
20001a62:	60051813          	clz	a6,a0
20001a66:	01580893          	addi	a7,a6,21
20001a6a:	4371                	li	t1,28
20001a6c:	02080713          	addi	a4,a6,32
20001a70:	fd1356e3          	bge	t1,a7,20001a3c <__divdf3+0xa0>
20001a74:	1861                	addi	a6,a6,-8
20001a76:	01051833          	sll	a6,a0,a6
20001a7a:	bff1                	j	20001a56 <__divdf3+0xba>
20001a7c:	00a7e833          	or	a6,a5,a0
20001a80:	00081963          	bnez	a6,20001a92 <__divdf3+0xf6>
20001a84:	4f01                	li	t5,0
20001a86:	4e09                	li	t3,2
20001a88:	b7a9                	j	200019d2 <__divdf3+0x36>
20001a8a:	4f01                	li	t5,0
20001a8c:	4881                	li	a7,0
20001a8e:	4e05                	li	t3,1
20001a90:	b789                	j	200019d2 <__divdf3+0x36>
20001a92:	8f2a                	mv	t5,a0
20001a94:	883e                	mv	a6,a5
20001a96:	4e0d                	li	t3,3
20001a98:	bf2d                	j	200019d2 <__divdf3+0x36>
20001a9a:	00c7e533          	or	a0,a5,a2
20001a9e:	cd21                	beqz	a0,20001af6 <__divdf3+0x15a>
20001aa0:	cb85                	beqz	a5,20001ad0 <__divdf3+0x134>
20001aa2:	60079513          	clz	a0,a5
20001aa6:	ff550e93          	addi	t4,a0,-11
20001aaa:	4375                	li	t1,29
20001aac:	ff850713          	addi	a4,a0,-8
20001ab0:	41d30333          	sub	t1,t1,t4
20001ab4:	00e797b3          	sll	a5,a5,a4
20001ab8:	00665333          	srl	t1,a2,t1
20001abc:	00f36333          	or	t1,t1,a5
20001ac0:	00e617b3          	sll	a5,a2,a4
20001ac4:	c0d00713          	li	a4,-1011
20001ac8:	8f09                	sub	a4,a4,a0
20001aca:	853e                	mv	a0,a5
20001acc:	879a                	mv	a5,t1
20001ace:	bf0d                	j	20001a00 <__divdf3+0x64>
20001ad0:	60061713          	clz	a4,a2
20001ad4:	01570e93          	addi	t4,a4,21
20001ad8:	4371                	li	t1,28
20001ada:	02070513          	addi	a0,a4,32
20001ade:	fdd356e3          	bge	t1,t4,20001aaa <__divdf3+0x10e>
20001ae2:	1761                	addi	a4,a4,-8
20001ae4:	00e61333          	sll	t1,a2,a4
20001ae8:	bff1                	j	20001ac4 <__divdf3+0x128>
20001aea:	00c7e533          	or	a0,a5,a2
20001aee:	e901                	bnez	a0,20001afe <__divdf3+0x162>
20001af0:	4781                	li	a5,0
20001af2:	4309                	li	t1,2
20001af4:	b739                	j	20001a02 <__divdf3+0x66>
20001af6:	4781                	li	a5,0
20001af8:	4701                	li	a4,0
20001afa:	4305                	li	t1,1
20001afc:	b719                	j	20001a02 <__divdf3+0x66>
20001afe:	8532                	mv	a0,a2
20001b00:	430d                	li	t1,3
20001b02:	b701                	j	20001a02 <__divdf3+0x66>
20001b04:	0107e663          	bltu	a5,a6,20001b10 <__divdf3+0x174>
20001b08:	24f81563          	bne	a6,a5,20001d52 <__divdf3+0x3b6>
20001b0c:	24af6363          	bltu	t5,a0,20001d52 <__divdf3+0x3b6>
20001b10:	01f81593          	slli	a1,a6,0x1f
20001b14:	001f5713          	srli	a4,t5,0x1
20001b18:	01ff1693          	slli	a3,t5,0x1f
20001b1c:	00185813          	srli	a6,a6,0x1
20001b20:	00e5ef33          	or	t5,a1,a4
20001b24:	00879e13          	slli	t3,a5,0x8
20001b28:	01855593          	srli	a1,a0,0x18
20001b2c:	01c5e5b3          	or	a1,a1,t3
20001b30:	010e5e13          	srli	t3,t3,0x10
20001b34:	00851313          	slli	t1,a0,0x8
20001b38:	03c85533          	divu	a0,a6,t3
20001b3c:	0805ceb3          	zext.h	t4,a1
20001b40:	010f5793          	srli	a5,t5,0x10
20001b44:	03c87833          	remu	a6,a6,t3
20001b48:	02ae8733          	mul	a4,t4,a0
20001b4c:	0842                	slli	a6,a6,0x10
20001b4e:	0107e7b3          	or	a5,a5,a6
20001b52:	00e7f863          	bgeu	a5,a4,20001b62 <__divdf3+0x1c6>
20001b56:	97ae                	add	a5,a5,a1
20001b58:	00b7e463          	bltu	a5,a1,20001b60 <__divdf3+0x1c4>
20001b5c:	1ee7ee63          	bltu	a5,a4,20001d58 <__divdf3+0x3bc>
20001b60:	157d                	addi	a0,a0,-1
20001b62:	8f99                	sub	a5,a5,a4
20001b64:	03c7d833          	divu	a6,a5,t3
20001b68:	03c7f733          	remu	a4,a5,t3
20001b6c:	030e8fb3          	mul	t6,t4,a6
20001b70:	08ef4733          	pack	a4,t5,a4
20001b74:	01f77863          	bgeu	a4,t6,20001b84 <__divdf3+0x1e8>
20001b78:	972e                	add	a4,a4,a1
20001b7a:	01f77463          	bgeu	a4,t6,20001b82 <__divdf3+0x1e6>
20001b7e:	1eb77063          	bgeu	a4,a1,20001d5e <__divdf3+0x3c2>
20001b82:	187d                	addi	a6,a6,-1
20001b84:	0542                	slli	a0,a0,0x10
20001b86:	010562b3          	or	t0,a0,a6
20001b8a:	0102d793          	srli	a5,t0,0x10
20001b8e:	01035813          	srli	a6,t1,0x10
20001b92:	0802c533          	zext.h	a0,t0
20001b96:	08034f33          	zext.h	t5,t1
20001b9a:	03e503b3          	mul	t2,a0,t5
20001b9e:	41f70733          	sub	a4,a4,t6
20001ba2:	03e78433          	mul	s0,a5,t5
20001ba6:	02a80533          	mul	a0,a6,a0
20001baa:	00850fb3          	add	t6,a0,s0
20001bae:	0103d513          	srli	a0,t2,0x10
20001bb2:	957e                	add	a0,a0,t6
20001bb4:	030787b3          	mul	a5,a5,a6
20001bb8:	00857463          	bgeu	a0,s0,20001bc0 <__divdf3+0x224>
20001bbc:	6fc1                	lui	t6,0x10
20001bbe:	97fe                	add	a5,a5,t6
20001bc0:	01055f93          	srli	t6,a0,0x10
20001bc4:	0803c3b3          	zext.h	t2,t2
20001bc8:	0542                	slli	a0,a0,0x10
20001bca:	9fbe                	add	t6,t6,a5
20001bcc:	951e                	add	a0,a0,t2
20001bce:	01f76663          	bltu	a4,t6,20001bda <__divdf3+0x23e>
20001bd2:	19f71963          	bne	a4,t6,20001d64 <__divdf3+0x3c8>
20001bd6:	18a6f763          	bgeu	a3,a0,20001d64 <__divdf3+0x3c8>
20001bda:	006683b3          	add	t2,a3,t1
20001bde:	00d3b433          	sltu	s0,t2,a3
20001be2:	00b404b3          	add	s1,s0,a1
20001be6:	9726                	add	a4,a4,s1
20001be8:	fff28793          	addi	a5,t0,-1 # 10006799 <memset+0x8d>
20001bec:	869e                	mv	a3,t2
20001bee:	00e5e563          	bltu	a1,a4,20001bf8 <__divdf3+0x25c>
20001bf2:	e00d                	bnez	s0,20001c14 <__divdf3+0x278>
20001bf4:	02e59063          	bne	a1,a4,20001c14 <__divdf3+0x278>
20001bf8:	01f76663          	bltu	a4,t6,20001c04 <__divdf3+0x268>
20001bfc:	00ef9c63          	bne	t6,a4,20001c14 <__divdf3+0x278>
20001c00:	00a3fa63          	bgeu	t2,a0,20001c14 <__divdf3+0x278>
20001c04:	007306b3          	add	a3,t1,t2
20001c08:	ffe28793          	addi	a5,t0,-2
20001c0c:	0066b2b3          	sltu	t0,a3,t1
20001c10:	92ae                	add	t0,t0,a1
20001c12:	9716                	add	a4,a4,t0
20001c14:	40a682b3          	sub	t0,a3,a0
20001c18:	41f70733          	sub	a4,a4,t6
20001c1c:	0056b6b3          	sltu	a3,a3,t0
20001c20:	8f15                	sub	a4,a4,a3
20001c22:	557d                	li	a0,-1
20001c24:	0ce58c63          	beq	a1,a4,20001cfc <__divdf3+0x360>
20001c28:	03c75533          	divu	a0,a4,t3
20001c2c:	03c77733          	remu	a4,a4,t3
20001c30:	02ae8fb3          	mul	t6,t4,a0
20001c34:	01071693          	slli	a3,a4,0x10
20001c38:	0102d713          	srli	a4,t0,0x10
20001c3c:	8f55                	or	a4,a4,a3
20001c3e:	01f77863          	bgeu	a4,t6,20001c4e <__divdf3+0x2b2>
20001c42:	972e                	add	a4,a4,a1
20001c44:	00b76463          	bltu	a4,a1,20001c4c <__divdf3+0x2b0>
20001c48:	13f76063          	bltu	a4,t6,20001d68 <__divdf3+0x3cc>
20001c4c:	157d                	addi	a0,a0,-1
20001c4e:	41f70733          	sub	a4,a4,t6
20001c52:	03c75fb3          	divu	t6,a4,t3
20001c56:	03c77733          	remu	a4,a4,t3
20001c5a:	03fe8eb3          	mul	t4,t4,t6
20001c5e:	08e2c733          	pack	a4,t0,a4
20001c62:	01d77863          	bgeu	a4,t4,20001c72 <__divdf3+0x2d6>
20001c66:	972e                	add	a4,a4,a1
20001c68:	01d77463          	bgeu	a4,t4,20001c70 <__divdf3+0x2d4>
20001c6c:	10b77163          	bgeu	a4,a1,20001d6e <__divdf3+0x3d2>
20001c70:	1ffd                	addi	t6,t6,-1 # ffff <HeapSize+0xf7ff>
20001c72:	01051693          	slli	a3,a0,0x10
20001c76:	01f6e6b3          	or	a3,a3,t6
20001c7a:	0806c533          	zext.h	a0,a3
20001c7e:	41d70733          	sub	a4,a4,t4
20001c82:	0106de93          	srli	t4,a3,0x10
20001c86:	02af0fb3          	mul	t6,t5,a0
20001c8a:	03ee8f33          	mul	t5,t4,t5
20001c8e:	03d80eb3          	mul	t4,a6,t4
20001c92:	02a80833          	mul	a6,a6,a0
20001c96:	01e80533          	add	a0,a6,t5
20001c9a:	010fd813          	srli	a6,t6,0x10
20001c9e:	982a                	add	a6,a6,a0
20001ca0:	01e87463          	bgeu	a6,t5,20001ca8 <__divdf3+0x30c>
20001ca4:	6541                	lui	a0,0x10
20001ca6:	9eaa                	add	t4,t4,a0
20001ca8:	01085e13          	srli	t3,a6,0x10
20001cac:	080fcfb3          	zext.h	t6,t6
20001cb0:	0842                	slli	a6,a6,0x10
20001cb2:	9e76                	add	t3,t3,t4
20001cb4:	987e                	add	a6,a6,t6
20001cb6:	01c76663          	bltu	a4,t3,20001cc2 <__divdf3+0x326>
20001cba:	03c71f63          	bne	a4,t3,20001cf8 <__divdf3+0x35c>
20001cbe:	0a080b63          	beqz	a6,20001d74 <__divdf3+0x3d8>
20001cc2:	00e58eb3          	add	t4,a1,a4
20001cc6:	fff68513          	addi	a0,a3,-1
20001cca:	8776                	mv	a4,t4
20001ccc:	02bee163          	bltu	t4,a1,20001cee <__divdf3+0x352>
20001cd0:	01cee663          	bltu	t4,t3,20001cdc <__divdf3+0x340>
20001cd4:	03ce9163          	bne	t4,t3,20001cf6 <__divdf3+0x35a>
20001cd8:	01037b63          	bgeu	t1,a6,20001cee <__divdf3+0x352>
20001cdc:	ffe68513          	addi	a0,a3,-2
20001ce0:	00131693          	slli	a3,t1,0x1
20001ce4:	0066b733          	sltu	a4,a3,t1
20001ce8:	972e                	add	a4,a4,a1
20001cea:	9776                	add	a4,a4,t4
20001cec:	8336                	mv	t1,a3
20001cee:	01031463          	bne	t1,a6,20001cf6 <__divdf3+0x35a>
20001cf2:	01c70563          	beq	a4,t3,20001cfc <__divdf3+0x360>
20001cf6:	86aa                	mv	a3,a0
20001cf8:	0016e513          	ori	a0,a3,1
20001cfc:	3ff88713          	addi	a4,a7,1023
20001d00:	08e05f63          	blez	a4,20001d9e <__divdf3+0x402>
20001d04:	00757693          	andi	a3,a0,7
20001d08:	ce81                	beqz	a3,20001d20 <__divdf3+0x384>
20001d0a:	00f57693          	andi	a3,a0,15
20001d0e:	4591                	li	a1,4
20001d10:	00b68863          	beq	a3,a1,20001d20 <__divdf3+0x384>
20001d14:	00b506b3          	add	a3,a0,a1
20001d18:	00a6b5b3          	sltu	a1,a3,a0
20001d1c:	97ae                	add	a5,a5,a1
20001d1e:	8536                	mv	a0,a3
20001d20:	00779693          	slli	a3,a5,0x7
20001d24:	0006d663          	bgez	a3,20001d30 <__divdf3+0x394>
20001d28:	49879793          	bclri	a5,a5,0x18
20001d2c:	40088713          	addi	a4,a7,1024
20001d30:	7fe00693          	li	a3,2046
20001d34:	10e6c363          	blt	a3,a4,20001e3a <__divdf3+0x49e>
20001d38:	01d79693          	slli	a3,a5,0x1d
20001d3c:	810d                	srli	a0,a0,0x3
20001d3e:	8d55                	or	a0,a0,a3
20001d40:	838d                	srli	a5,a5,0x3
20001d42:	07b2                	slli	a5,a5,0xc
20001d44:	0752                	slli	a4,a4,0x14
20001d46:	83b1                	srli	a5,a5,0xc
20001d48:	8f5d                	or	a4,a4,a5
20001d4a:	067e                	slli	a2,a2,0x1f
20001d4c:	00c765b3          	or	a1,a4,a2
20001d50:	be62                	cm.popret	{ra,s0-s1},16
20001d52:	18fd                	addi	a7,a7,-1
20001d54:	4681                	li	a3,0
20001d56:	b3f9                	j	20001b24 <__divdf3+0x188>
20001d58:	1579                	addi	a0,a0,-2 # fffe <HeapSize+0xf7fe>
20001d5a:	97ae                	add	a5,a5,a1
20001d5c:	b519                	j	20001b62 <__divdf3+0x1c6>
20001d5e:	1879                	addi	a6,a6,-2
20001d60:	972e                	add	a4,a4,a1
20001d62:	b50d                	j	20001b84 <__divdf3+0x1e8>
20001d64:	8796                	mv	a5,t0
20001d66:	b57d                	j	20001c14 <__divdf3+0x278>
20001d68:	1579                	addi	a0,a0,-2
20001d6a:	972e                	add	a4,a4,a1
20001d6c:	b5cd                	j	20001c4e <__divdf3+0x2b2>
20001d6e:	1ff9                	addi	t6,t6,-2
20001d70:	972e                	add	a4,a4,a1
20001d72:	b701                	j	20001c72 <__divdf3+0x2d6>
20001d74:	4301                	li	t1,0
20001d76:	8536                	mv	a0,a3
20001d78:	bf9d                	j	20001cee <__divdf3+0x352>
20001d7a:	8636                	mv	a2,a3
20001d7c:	8e1a                	mv	t3,t1
20001d7e:	4709                	li	a4,2
20001d80:	0aee0d63          	beq	t3,a4,20001e3a <__divdf3+0x49e>
20001d84:	470d                	li	a4,3
20001d86:	0aee0363          	beq	t3,a4,20001e2c <__divdf3+0x490>
20001d8a:	4705                	li	a4,1
20001d8c:	f6ee18e3          	bne	t3,a4,20001cfc <__divdf3+0x360>
20001d90:	4781                	li	a5,0
20001d92:	4501                	li	a0,0
20001d94:	a0ad                	j	20001dfe <__divdf3+0x462>
20001d96:	862e                	mv	a2,a1
20001d98:	87c2                	mv	a5,a6
20001d9a:	857a                	mv	a0,t5
20001d9c:	b7cd                	j	20001d7e <__divdf3+0x3e2>
20001d9e:	c335                	beqz	a4,20001e02 <__divdf3+0x466>
20001da0:	fc900693          	li	a3,-55
20001da4:	fed746e3          	blt	a4,a3,20001d90 <__divdf3+0x3f4>
20001da8:	5689                	li	a3,-30
20001daa:	04d74e63          	blt	a4,a3,20001e06 <__divdf3+0x46a>
20001dae:	4685                	li	a3,1
20001db0:	8e99                	sub	a3,a3,a4
20001db2:	41e88893          	addi	a7,a7,1054
20001db6:	00d55733          	srl	a4,a0,a3
20001dba:	01151533          	sll	a0,a0,a7
20001dbe:	00a03533          	snez	a0,a0
20001dc2:	011798b3          	sll	a7,a5,a7
20001dc6:	01156533          	or	a0,a0,a7
20001dca:	8f49                	or	a4,a4,a0
20001dcc:	00d7d7b3          	srl	a5,a5,a3
20001dd0:	00777693          	andi	a3,a4,7
20001dd4:	ce81                	beqz	a3,20001dec <__divdf3+0x450>
20001dd6:	00f77693          	andi	a3,a4,15
20001dda:	4591                	li	a1,4
20001ddc:	00b68863          	beq	a3,a1,20001dec <__divdf3+0x450>
20001de0:	00b706b3          	add	a3,a4,a1
20001de4:	00e6b5b3          	sltu	a1,a3,a4
20001de8:	97ae                	add	a5,a5,a1
20001dea:	8736                	mv	a4,a3
20001dec:	00879693          	slli	a3,a5,0x8
20001df0:	0406ca63          	bltz	a3,20001e44 <__divdf3+0x4a8>
20001df4:	01d79513          	slli	a0,a5,0x1d
20001df8:	830d                	srli	a4,a4,0x3
20001dfa:	8d59                	or	a0,a0,a4
20001dfc:	838d                	srli	a5,a5,0x3
20001dfe:	4701                	li	a4,0
20001e00:	b789                	j	20001d42 <__divdf3+0x3a6>
20001e02:	4685                	li	a3,1
20001e04:	b77d                	j	20001db2 <__divdf3+0x416>
20001e06:	5805                	li	a6,-31
20001e08:	40e806b3          	sub	a3,a6,a4
20001e0c:	00d7d6b3          	srl	a3,a5,a3
20001e10:	4581                	li	a1,0
20001e12:	01070663          	beq	a4,a6,20001e1e <__divdf3+0x482>
20001e16:	43e88893          	addi	a7,a7,1086
20001e1a:	011795b3          	sll	a1,a5,a7
20001e1e:	8dc9                	or	a1,a1,a0
20001e20:	00b035b3          	snez	a1,a1
20001e24:	00b6e733          	or	a4,a3,a1
20001e28:	4781                	li	a5,0
20001e2a:	b75d                	j	20001dd0 <__divdf3+0x434>
20001e2c:	000807b7          	lui	a5,0x80
20001e30:	4501                	li	a0,0
20001e32:	7ff00713          	li	a4,2047
20001e36:	4601                	li	a2,0
20001e38:	b729                	j	20001d42 <__divdf3+0x3a6>
20001e3a:	4781                	li	a5,0
20001e3c:	4501                	li	a0,0
20001e3e:	7ff00713          	li	a4,2047
20001e42:	b701                	j	20001d42 <__divdf3+0x3a6>
20001e44:	4781                	li	a5,0
20001e46:	4501                	li	a0,0
20001e48:	4705                	li	a4,1
20001e4a:	bde5                	j	20001d42 <__divdf3+0x3a6>

20001e4c <__gedf2>:
20001e4c:	0145d893          	srli	a7,a1,0x14
20001e50:	00100737          	lui	a4,0x100
20001e54:	177d                	addi	a4,a4,-1 # fffff <HeapSize+0xff7ff>
20001e56:	0146d813          	srli	a6,a3,0x14
20001e5a:	7ff8f893          	andi	a7,a7,2047
20001e5e:	7ff00793          	li	a5,2047
20001e62:	00b77333          	and	t1,a4,a1
20001e66:	7ff87813          	andi	a6,a6,2047
20001e6a:	8f75                	and	a4,a4,a3
20001e6c:	81fd                	srli	a1,a1,0x1f
20001e6e:	82fd                	srli	a3,a3,0x1f
20001e70:	00f88d63          	beq	a7,a5,20001e8a <__gedf2+0x3e>
20001e74:	7ff00e13          	li	t3,2047
20001e78:	87c2                	mv	a5,a6
20001e7a:	01c81f63          	bne	a6,t3,20001e98 <__gedf2+0x4c>
20001e7e:	00c76e33          	or	t3,a4,a2
20001e82:	000e0b63          	beqz	t3,20001e98 <__gedf2+0x4c>
20001e86:	57f9                	li	a5,-2
20001e88:	a031                	j	20001e94 <__gedf2+0x48>
20001e8a:	00a36e33          	or	t3,t1,a0
20001e8e:	57f9                	li	a5,-2
20001e90:	fe0e02e3          	beqz	t3,20001e74 <__gedf2+0x28>
20001e94:	853e                	mv	a0,a5
20001e96:	8082                	ret
20001e98:	4e01                	li	t3,0
20001e9a:	00089663          	bnez	a7,20001ea6 <__gedf2+0x5a>
20001e9e:	00a36e33          	or	t3,t1,a0
20001ea2:	001e3e13          	seqz	t3,t3
20001ea6:	04081363          	bnez	a6,20001eec <__gedf2+0xa0>
20001eaa:	00c76eb3          	or	t4,a4,a2
20001eae:	000e0863          	beqz	t3,20001ebe <__gedf2+0x72>
20001eb2:	fe0e81e3          	beqz	t4,20001e94 <__gedf2+0x48>
20001eb6:	00169793          	slli	a5,a3,0x1
20001eba:	17fd                	addi	a5,a5,-1 # 7ffff <HeapSize+0x7f7ff>
20001ebc:	bfe1                	j	20001e94 <__gedf2+0x48>
20001ebe:	020e9963          	bnez	t4,20001ef0 <__gedf2+0xa4>
20001ec2:	40b005b3          	neg	a1,a1
20001ec6:	0015e793          	ori	a5,a1,1
20001eca:	b7e9                	j	20001e94 <__gedf2+0x48>
20001ecc:	ff08c5e3          	blt	a7,a6,20001eb6 <__gedf2+0x6a>
20001ed0:	fe6769e3          	bltu	a4,t1,20001ec2 <__gedf2+0x76>
20001ed4:	00a67463          	bgeu	a2,a0,20001edc <__gedf2+0x90>
20001ed8:	fee305e3          	beq	t1,a4,20001ec2 <__gedf2+0x76>
20001edc:	00c56563          	bltu	a0,a2,20001ee6 <__gedf2+0x9a>
20001ee0:	4781                	li	a5,0
20001ee2:	fae379e3          	bgeu	t1,a4,20001e94 <__gedf2+0x48>
20001ee6:	00159793          	slli	a5,a1,0x1
20001eea:	bfc1                	j	20001eba <__gedf2+0x6e>
20001eec:	fc0e15e3          	bnez	t3,20001eb6 <__gedf2+0x6a>
20001ef0:	fcb699e3          	bne	a3,a1,20001ec2 <__gedf2+0x76>
20001ef4:	fd185ce3          	bge	a6,a7,20001ecc <__gedf2+0x80>
20001ef8:	40d006b3          	neg	a3,a3
20001efc:	0016e793          	ori	a5,a3,1
20001f00:	bf51                	j	20001e94 <__gedf2+0x48>

20001f02 <__ledf2>:
20001f02:	0145d893          	srli	a7,a1,0x14
20001f06:	00100737          	lui	a4,0x100
20001f0a:	177d                	addi	a4,a4,-1 # fffff <HeapSize+0xff7ff>
20001f0c:	0146d813          	srli	a6,a3,0x14
20001f10:	7ff8f893          	andi	a7,a7,2047
20001f14:	7ff00793          	li	a5,2047
20001f18:	00b77333          	and	t1,a4,a1
20001f1c:	7ff87813          	andi	a6,a6,2047
20001f20:	8f75                	and	a4,a4,a3
20001f22:	81fd                	srli	a1,a1,0x1f
20001f24:	82fd                	srli	a3,a3,0x1f
20001f26:	00f88d63          	beq	a7,a5,20001f40 <__ledf2+0x3e>
20001f2a:	7ff00e13          	li	t3,2047
20001f2e:	87c2                	mv	a5,a6
20001f30:	01c81f63          	bne	a6,t3,20001f4e <__ledf2+0x4c>
20001f34:	00c76e33          	or	t3,a4,a2
20001f38:	000e0b63          	beqz	t3,20001f4e <__ledf2+0x4c>
20001f3c:	4789                	li	a5,2
20001f3e:	a031                	j	20001f4a <__ledf2+0x48>
20001f40:	00a36e33          	or	t3,t1,a0
20001f44:	4789                	li	a5,2
20001f46:	fe0e02e3          	beqz	t3,20001f2a <__ledf2+0x28>
20001f4a:	853e                	mv	a0,a5
20001f4c:	8082                	ret
20001f4e:	4e01                	li	t3,0
20001f50:	00089663          	bnez	a7,20001f5c <__ledf2+0x5a>
20001f54:	00a36e33          	or	t3,t1,a0
20001f58:	001e3e13          	seqz	t3,t3
20001f5c:	04081363          	bnez	a6,20001fa2 <__ledf2+0xa0>
20001f60:	00c76eb3          	or	t4,a4,a2
20001f64:	000e0863          	beqz	t3,20001f74 <__ledf2+0x72>
20001f68:	fe0e81e3          	beqz	t4,20001f4a <__ledf2+0x48>
20001f6c:	00169793          	slli	a5,a3,0x1
20001f70:	17fd                	addi	a5,a5,-1
20001f72:	bfe1                	j	20001f4a <__ledf2+0x48>
20001f74:	020e9963          	bnez	t4,20001fa6 <__ledf2+0xa4>
20001f78:	40b005b3          	neg	a1,a1
20001f7c:	0015e793          	ori	a5,a1,1
20001f80:	b7e9                	j	20001f4a <__ledf2+0x48>
20001f82:	ff08c5e3          	blt	a7,a6,20001f6c <__ledf2+0x6a>
20001f86:	fe6769e3          	bltu	a4,t1,20001f78 <__ledf2+0x76>
20001f8a:	00a67463          	bgeu	a2,a0,20001f92 <__ledf2+0x90>
20001f8e:	fee305e3          	beq	t1,a4,20001f78 <__ledf2+0x76>
20001f92:	00c56563          	bltu	a0,a2,20001f9c <__ledf2+0x9a>
20001f96:	4781                	li	a5,0
20001f98:	fae379e3          	bgeu	t1,a4,20001f4a <__ledf2+0x48>
20001f9c:	00159793          	slli	a5,a1,0x1
20001fa0:	bfc1                	j	20001f70 <__ledf2+0x6e>
20001fa2:	fc0e15e3          	bnez	t3,20001f6c <__ledf2+0x6a>
20001fa6:	fcb699e3          	bne	a3,a1,20001f78 <__ledf2+0x76>
20001faa:	fd185ce3          	bge	a6,a7,20001f82 <__ledf2+0x80>
20001fae:	40d006b3          	neg	a3,a3
20001fb2:	0016e793          	ori	a5,a3,1
20001fb6:	bf51                	j	20001f4a <__ledf2+0x48>

20001fb8 <__muldf3>:
20001fb8:	0145d793          	srli	a5,a1,0x14
20001fbc:	00c59813          	slli	a6,a1,0xc
20001fc0:	b872                	cm.push	{ra,s0-s2},-16
20001fc2:	7ff7f793          	andi	a5,a5,2047
20001fc6:	00c85813          	srli	a6,a6,0xc
20001fca:	81fd                	srli	a1,a1,0x1f
20001fcc:	cbc9                	beqz	a5,2000205e <__muldf3+0xa6>
20001fce:	7ff00713          	li	a4,2047
20001fd2:	0ee78163          	beq	a5,a4,200020b4 <__muldf3+0xfc>
20001fd6:	01d55713          	srli	a4,a0,0x1d
20001fda:	080e                	slli	a6,a6,0x3
20001fdc:	01076833          	or	a6,a4,a6
20001fe0:	29781813          	bseti	a6,a6,0x17
20001fe4:	00351e93          	slli	t4,a0,0x3
20001fe8:	c0178313          	addi	t1,a5,-1023
20001fec:	4f01                	li	t5,0
20001fee:	0146d513          	srli	a0,a3,0x14
20001ff2:	00c69793          	slli	a5,a3,0xc
20001ff6:	7ff57513          	andi	a0,a0,2047
20001ffa:	83b1                	srli	a5,a5,0xc
20001ffc:	82fd                	srli	a3,a3,0x1f
20001ffe:	c979                	beqz	a0,200020d4 <__muldf3+0x11c>
20002000:	7ff00713          	li	a4,2047
20002004:	12e50163          	beq	a0,a4,20002126 <__muldf3+0x16e>
20002008:	01d65713          	srli	a4,a2,0x1d
2000200c:	078e                	slli	a5,a5,0x3
2000200e:	8fd9                	or	a5,a5,a4
20002010:	29779793          	bseti	a5,a5,0x17
20002014:	00361713          	slli	a4,a2,0x3
20002018:	c0150513          	addi	a0,a0,-1023
2000201c:	4e01                	li	t3,0
2000201e:	00a30633          	add	a2,t1,a0
20002022:	002f1513          	slli	a0,t5,0x2
20002026:	01c56533          	or	a0,a0,t3
2000202a:	48a9                	li	a7,10
2000202c:	00160313          	addi	t1,a2,1
20002030:	12a8c763          	blt	a7,a0,2000215e <__muldf3+0x1a6>
20002034:	4889                	li	a7,2
20002036:	8db5                	xor	a1,a1,a3
20002038:	10a8c463          	blt	a7,a0,20002140 <__muldf3+0x188>
2000203c:	157d                	addi	a0,a0,-1
2000203e:	4685                	li	a3,1
20002040:	12a6e863          	bltu	a3,a0,20002170 <__muldf3+0x1b8>
20002044:	8f72                	mv	t5,t3
20002046:	4689                	li	a3,2
20002048:	36df0563          	beq	t5,a3,200023b2 <__muldf3+0x3fa>
2000204c:	468d                	li	a3,3
2000204e:	34df0e63          	beq	t5,a3,200023aa <__muldf3+0x3f2>
20002052:	4685                	li	a3,1
20002054:	24df1d63          	bne	t5,a3,200022ae <__muldf3+0x2f6>
20002058:	4781                	li	a5,0
2000205a:	4881                	li	a7,0
2000205c:	ae19                	j	20002372 <__muldf3+0x3ba>
2000205e:	00a86eb3          	or	t4,a6,a0
20002062:	060e8163          	beqz	t4,200020c4 <__muldf3+0x10c>
20002066:	02080a63          	beqz	a6,2000209a <__muldf3+0xe2>
2000206a:	60081713          	clz	a4,a6
2000206e:	ff570893          	addi	a7,a4,-11
20002072:	47f5                	li	a5,29
20002074:	ff870313          	addi	t1,a4,-8
20002078:	411787b3          	sub	a5,a5,a7
2000207c:	00681833          	sll	a6,a6,t1
20002080:	00f557b3          	srl	a5,a0,a5
20002084:	0107e7b3          	or	a5,a5,a6
20002088:	00651833          	sll	a6,a0,t1
2000208c:	c0d00313          	li	t1,-1011
20002090:	8ec2                	mv	t4,a6
20002092:	40e30333          	sub	t1,t1,a4
20002096:	883e                	mv	a6,a5
20002098:	bf91                	j	20001fec <__muldf3+0x34>
2000209a:	60051793          	clz	a5,a0
2000209e:	01578893          	addi	a7,a5,21
200020a2:	4371                	li	t1,28
200020a4:	02078713          	addi	a4,a5,32
200020a8:	fd1355e3          	bge	t1,a7,20002072 <__muldf3+0xba>
200020ac:	17e1                	addi	a5,a5,-8
200020ae:	00f517b3          	sll	a5,a0,a5
200020b2:	bfe9                	j	2000208c <__muldf3+0xd4>
200020b4:	00a86eb3          	or	t4,a6,a0
200020b8:	000e9a63          	bnez	t4,200020cc <__muldf3+0x114>
200020bc:	4801                	li	a6,0
200020be:	833e                	mv	t1,a5
200020c0:	4f09                	li	t5,2
200020c2:	b735                	j	20001fee <__muldf3+0x36>
200020c4:	4801                	li	a6,0
200020c6:	4301                	li	t1,0
200020c8:	4f05                	li	t5,1
200020ca:	b715                	j	20001fee <__muldf3+0x36>
200020cc:	8eaa                	mv	t4,a0
200020ce:	833e                	mv	t1,a5
200020d0:	4f0d                	li	t5,3
200020d2:	bf31                	j	20001fee <__muldf3+0x36>
200020d4:	00c7e733          	or	a4,a5,a2
200020d8:	cf29                	beqz	a4,20002132 <__muldf3+0x17a>
200020da:	cb8d                	beqz	a5,2000210c <__muldf3+0x154>
200020dc:	60079e13          	clz	t3,a5
200020e0:	ff5e0513          	addi	a0,t3,-11 # fffff5 <HeapSize+0xfff7f5>
200020e4:	48f5                	li	a7,29
200020e6:	ff8e0713          	addi	a4,t3,-8
200020ea:	40a888b3          	sub	a7,a7,a0
200020ee:	00e797b3          	sll	a5,a5,a4
200020f2:	011658b3          	srl	a7,a2,a7
200020f6:	00f8e8b3          	or	a7,a7,a5
200020fa:	00e617b3          	sll	a5,a2,a4
200020fe:	c0d00513          	li	a0,-1011
20002102:	873e                	mv	a4,a5
20002104:	41c50533          	sub	a0,a0,t3
20002108:	87c6                	mv	a5,a7
2000210a:	bf09                	j	2000201c <__muldf3+0x64>
2000210c:	60061713          	clz	a4,a2
20002110:	01570513          	addi	a0,a4,21
20002114:	48f1                	li	a7,28
20002116:	02070e13          	addi	t3,a4,32
2000211a:	fca8d5e3          	bge	a7,a0,200020e4 <__muldf3+0x12c>
2000211e:	1761                	addi	a4,a4,-8
20002120:	00e618b3          	sll	a7,a2,a4
20002124:	bfe9                	j	200020fe <__muldf3+0x146>
20002126:	00c7e733          	or	a4,a5,a2
2000212a:	eb01                	bnez	a4,2000213a <__muldf3+0x182>
2000212c:	4781                	li	a5,0
2000212e:	4e09                	li	t3,2
20002130:	b5fd                	j	2000201e <__muldf3+0x66>
20002132:	4781                	li	a5,0
20002134:	4501                	li	a0,0
20002136:	4e05                	li	t3,1
20002138:	b5dd                	j	2000201e <__muldf3+0x66>
2000213a:	8732                	mv	a4,a2
2000213c:	4e0d                	li	t3,3
2000213e:	b5c5                	j	2000201e <__muldf3+0x66>
20002140:	28a01533          	bset	a0,zero,a0
20002144:	53057893          	andi	a7,a0,1328
20002148:	02089163          	bnez	a7,2000216a <__muldf3+0x1b2>
2000214c:	24057f13          	andi	t5,a0,576
20002150:	240f1763          	bnez	t5,2000239e <__muldf3+0x3e6>
20002154:	08857513          	andi	a0,a0,136
20002158:	cd01                	beqz	a0,20002170 <__muldf3+0x1b8>
2000215a:	85b6                	mv	a1,a3
2000215c:	b5e5                	j	20002044 <__muldf3+0x8c>
2000215e:	463d                	li	a2,15
20002160:	24c50563          	beq	a0,a2,200023aa <__muldf3+0x3f2>
20002164:	462d                	li	a2,11
20002166:	fec50ae3          	beq	a0,a2,2000215a <__muldf3+0x1a2>
2000216a:	87c2                	mv	a5,a6
2000216c:	8776                	mv	a4,t4
2000216e:	bde1                	j	20002046 <__muldf3+0x8e>
20002170:	010ede13          	srli	t3,t4,0x10
20002174:	01075693          	srli	a3,a4,0x10
20002178:	080eceb3          	zext.h	t4,t4
2000217c:	080743b3          	zext.h	t2,a4
20002180:	027e8733          	mul	a4,t4,t2
20002184:	027e0fb3          	mul	t6,t3,t2
20002188:	01075893          	srli	a7,a4,0x10
2000218c:	03d68f33          	mul	t5,a3,t4
20002190:	9f7e                	add	t5,t5,t6
20002192:	98fa                	add	a7,a7,t5
20002194:	02de0533          	mul	a0,t3,a3
20002198:	01f8f463          	bgeu	a7,t6,200021a0 <__muldf3+0x1e8>
2000219c:	6f41                	lui	t5,0x10
2000219e:	957a                	add	a0,a0,t5
200021a0:	9f69                	zext.h	a4,a4
200021a2:	0108d413          	srli	s0,a7,0x10
200021a6:	08c2                	slli	a7,a7,0x10
200021a8:	0807cfb3          	zext.h	t6,a5
200021ac:	98ba                	add	a7,a7,a4
200021ae:	0107d713          	srli	a4,a5,0x10
200021b2:	03fe82b3          	mul	t0,t4,t6
200021b6:	03fe07b3          	mul	a5,t3,t6
200021ba:	0102df13          	srli	t5,t0,0x10
200021be:	03d70eb3          	mul	t4,a4,t4
200021c2:	9ebe                	add	t4,t4,a5
200021c4:	9f76                	add	t5,t5,t4
200021c6:	02ee0e33          	mul	t3,t3,a4
200021ca:	00ff7463          	bgeu	t5,a5,200021d2 <__muldf3+0x21a>
200021ce:	67c1                	lui	a5,0x10
200021d0:	9e3e                	add	t3,t3,a5
200021d2:	080844b3          	zext.h	s1,a6
200021d6:	010f5e93          	srli	t4,t5,0x10
200021da:	010f1793          	slli	a5,t5,0x10
200021de:	01085f13          	srli	t5,a6,0x10
200021e2:	0802c2b3          	zext.h	t0,t0
200021e6:	9796                	add	a5,a5,t0
200021e8:	02748933          	mul	s2,s1,t2
200021ec:	9ef2                	add	t4,t4,t3
200021ee:	943e                	add	s0,s0,a5
200021f0:	027f03b3          	mul	t2,t5,t2
200021f4:	01095293          	srli	t0,s2,0x10
200021f8:	03e68833          	mul	a6,a3,t5
200021fc:	9ec5                	mul	a3,a3,s1
200021fe:	969e                	add	a3,a3,t2
20002200:	9696                	add	a3,a3,t0
20002202:	0076f463          	bgeu	a3,t2,2000220a <__muldf3+0x252>
20002206:	6e41                	lui	t3,0x10
20002208:	9872                	add	a6,a6,t3
2000220a:	03f482b3          	mul	t0,s1,t6
2000220e:	0106de13          	srli	t3,a3,0x10
20002212:	9e42                	add	t3,t3,a6
20002214:	01069813          	slli	a6,a3,0x10
20002218:	08094933          	zext.h	s2,s2
2000221c:	984a                	add	a6,a6,s2
2000221e:	03ff0fb3          	mul	t6,t5,t6
20002222:	0102d693          	srli	a3,t0,0x10
20002226:	03e70f33          	mul	t5,a4,t5
2000222a:	9f45                	mul	a4,a4,s1
2000222c:	977e                	add	a4,a4,t6
2000222e:	96ba                	add	a3,a3,a4
20002230:	01f6f463          	bgeu	a3,t6,20002238 <__muldf3+0x280>
20002234:	6741                	lui	a4,0x10
20002236:	9f3a                	add	t5,t5,a4
20002238:	01069713          	slli	a4,a3,0x10
2000223c:	0802c2b3          	zext.h	t0,t0
20002240:	9522                	add	a0,a0,s0
20002242:	9716                	add	a4,a4,t0
20002244:	9eba                	add	t4,t4,a4
20002246:	00f537b3          	sltu	a5,a0,a5
2000224a:	97f6                	add	a5,a5,t4
2000224c:	982a                	add	a6,a6,a0
2000224e:	9e3e                	add	t3,t3,a5
20002250:	00eeb733          	sltu	a4,t4,a4
20002254:	00a83533          	sltu	a0,a6,a0
20002258:	01d7beb3          	sltu	t4,a5,t4
2000225c:	9572                	add	a0,a0,t3
2000225e:	82c1                	srli	a3,a3,0x10
20002260:	01d76733          	or	a4,a4,t4
20002264:	9736                	add	a4,a4,a3
20002266:	00fe36b3          	sltu	a3,t3,a5
2000226a:	01c53e33          	sltu	t3,a0,t3
2000226e:	01c6e6b3          	or	a3,a3,t3
20002272:	96ba                	add	a3,a3,a4
20002274:	00981713          	slli	a4,a6,0x9
20002278:	01176733          	or	a4,a4,a7
2000227c:	96fa                	add	a3,a3,t5
2000227e:	00e03733          	snez	a4,a4
20002282:	01785813          	srli	a6,a6,0x17
20002286:	06a6                	slli	a3,a3,0x9
20002288:	01755793          	srli	a5,a0,0x17
2000228c:	01076733          	or	a4,a4,a6
20002290:	0526                	slli	a0,a0,0x9
20002292:	8f49                	or	a4,a4,a0
20002294:	00769513          	slli	a0,a3,0x7
20002298:	8fd5                	or	a5,a5,a3
2000229a:	06055863          	bgez	a0,2000230a <__muldf3+0x352>
2000229e:	00175693          	srli	a3,a4,0x1
200022a2:	8b05                	andi	a4,a4,1
200022a4:	8ed9                	or	a3,a3,a4
200022a6:	01f79713          	slli	a4,a5,0x1f
200022aa:	8f55                	or	a4,a4,a3
200022ac:	8385                	srli	a5,a5,0x1
200022ae:	3ff30693          	addi	a3,t1,1023 # 10003ff <HeapSize+0xfffbff>
200022b2:	04d05e63          	blez	a3,2000230e <__muldf3+0x356>
200022b6:	00777613          	andi	a2,a4,7
200022ba:	ce01                	beqz	a2,200022d2 <__muldf3+0x31a>
200022bc:	00f77613          	andi	a2,a4,15
200022c0:	4511                	li	a0,4
200022c2:	00a60863          	beq	a2,a0,200022d2 <__muldf3+0x31a>
200022c6:	00a70633          	add	a2,a4,a0
200022ca:	00e63533          	sltu	a0,a2,a4
200022ce:	97aa                	add	a5,a5,a0
200022d0:	8732                	mv	a4,a2
200022d2:	00779613          	slli	a2,a5,0x7
200022d6:	00065663          	bgez	a2,200022e2 <__muldf3+0x32a>
200022da:	49879793          	bclri	a5,a5,0x18
200022de:	40030693          	addi	a3,t1,1024
200022e2:	7fe00613          	li	a2,2046
200022e6:	0cd64663          	blt	a2,a3,200023b2 <__muldf3+0x3fa>
200022ea:	01d79893          	slli	a7,a5,0x1d
200022ee:	830d                	srli	a4,a4,0x3
200022f0:	00e8e8b3          	or	a7,a7,a4
200022f4:	838d                	srli	a5,a5,0x3
200022f6:	07b2                	slli	a5,a5,0xc
200022f8:	83b1                	srli	a5,a5,0xc
200022fa:	06d2                	slli	a3,a3,0x14
200022fc:	05fe                	slli	a1,a1,0x1f
200022fe:	8edd                	or	a3,a3,a5
20002300:	00b6e7b3          	or	a5,a3,a1
20002304:	8546                	mv	a0,a7
20002306:	85be                	mv	a1,a5
20002308:	be72                	cm.popret	{ra,s0-s2},16
2000230a:	8332                	mv	t1,a2
2000230c:	b74d                	j	200022ae <__muldf3+0x2f6>
2000230e:	c6a5                	beqz	a3,20002376 <__muldf3+0x3be>
20002310:	fc900613          	li	a2,-55
20002314:	d4c6c2e3          	blt	a3,a2,20002058 <__muldf3+0xa0>
20002318:	5609                	li	a2,-30
2000231a:	06c6c063          	blt	a3,a2,2000237a <__muldf3+0x3c2>
2000231e:	4605                	li	a2,1
20002320:	40d606b3          	sub	a3,a2,a3
20002324:	41e30313          	addi	t1,t1,1054
20002328:	00d75633          	srl	a2,a4,a3
2000232c:	00671733          	sll	a4,a4,t1
20002330:	00e03733          	snez	a4,a4
20002334:	00679333          	sll	t1,a5,t1
20002338:	00676733          	or	a4,a4,t1
2000233c:	8f51                	or	a4,a4,a2
2000233e:	00d7d7b3          	srl	a5,a5,a3
20002342:	00777693          	andi	a3,a4,7
20002346:	ce81                	beqz	a3,2000235e <__muldf3+0x3a6>
20002348:	00f77693          	andi	a3,a4,15
2000234c:	4611                	li	a2,4
2000234e:	00c68863          	beq	a3,a2,2000235e <__muldf3+0x3a6>
20002352:	00c706b3          	add	a3,a4,a2
20002356:	00e6b633          	sltu	a2,a3,a4
2000235a:	97b2                	add	a5,a5,a2
2000235c:	8736                	mv	a4,a3
2000235e:	00879693          	slli	a3,a5,0x8
20002362:	0406cd63          	bltz	a3,200023bc <__muldf3+0x404>
20002366:	01d79893          	slli	a7,a5,0x1d
2000236a:	830d                	srli	a4,a4,0x3
2000236c:	00e8e8b3          	or	a7,a7,a4
20002370:	838d                	srli	a5,a5,0x3
20002372:	4681                	li	a3,0
20002374:	b749                	j	200022f6 <__muldf3+0x33e>
20002376:	4685                	li	a3,1
20002378:	b775                	j	20002324 <__muldf3+0x36c>
2000237a:	5805                	li	a6,-31
2000237c:	40d80633          	sub	a2,a6,a3
20002380:	00c7d633          	srl	a2,a5,a2
20002384:	4501                	li	a0,0
20002386:	01068663          	beq	a3,a6,20002392 <__muldf3+0x3da>
2000238a:	43e30313          	addi	t1,t1,1086
2000238e:	00679533          	sll	a0,a5,t1
20002392:	8f49                	or	a4,a4,a0
20002394:	00e03733          	snez	a4,a4
20002398:	8f51                	or	a4,a4,a2
2000239a:	4781                	li	a5,0
2000239c:	b75d                	j	20002342 <__muldf3+0x38a>
2000239e:	000807b7          	lui	a5,0x80
200023a2:	7ff00693          	li	a3,2047
200023a6:	4581                	li	a1,0
200023a8:	b7b9                	j	200022f6 <__muldf3+0x33e>
200023aa:	000807b7          	lui	a5,0x80
200023ae:	4881                	li	a7,0
200023b0:	bfcd                	j	200023a2 <__muldf3+0x3ea>
200023b2:	4781                	li	a5,0
200023b4:	4881                	li	a7,0
200023b6:	7ff00693          	li	a3,2047
200023ba:	bf35                	j	200022f6 <__muldf3+0x33e>
200023bc:	4781                	li	a5,0
200023be:	4881                	li	a7,0
200023c0:	4685                	li	a3,1
200023c2:	bf15                	j	200022f6 <__muldf3+0x33e>

200023c4 <__subdf3>:
200023c4:	00100837          	lui	a6,0x100
200023c8:	187d                	addi	a6,a6,-1 # fffff <HeapSize+0xff7ff>
200023ca:	00b877b3          	and	a5,a6,a1
200023ce:	00d87833          	and	a6,a6,a3
200023d2:	0146de13          	srli	t3,a3,0x14
200023d6:	080e                	slli	a6,a6,0x3
200023d8:	01d65313          	srli	t1,a2,0x1d
200023dc:	0145d713          	srli	a4,a1,0x14
200023e0:	01d55893          	srli	a7,a0,0x1d
200023e4:	078e                	slli	a5,a5,0x3
200023e6:	01036333          	or	t1,t1,a6
200023ea:	7ffe7e13          	andi	t3,t3,2047
200023ee:	7ff00813          	li	a6,2047
200023f2:	7ff77713          	andi	a4,a4,2047
200023f6:	81fd                	srli	a1,a1,0x1f
200023f8:	00f8e7b3          	or	a5,a7,a5
200023fc:	050e                	slli	a0,a0,0x3
200023fe:	82fd                	srli	a3,a3,0x1f
20002400:	060e                	slli	a2,a2,0x3
20002402:	010e1663          	bne	t3,a6,2000240e <__subdf3+0x4a>
20002406:	00c36833          	or	a6,t1,a2
2000240a:	00081463          	bnez	a6,20002412 <__subdf3+0x4e>
2000240e:	0016c693          	xori	a3,a3,1
20002412:	41c70833          	sub	a6,a4,t3
20002416:	7ff00893          	li	a7,2047
2000241a:	24b69263          	bne	a3,a1,2000265e <__subdf3+0x29a>
2000241e:	0d005863          	blez	a6,200024ee <__subdf3+0x12a>
20002422:	020e1463          	bnez	t3,2000244a <__subdf3+0x86>
20002426:	00c366b3          	or	a3,t1,a2
2000242a:	ce91                	beqz	a3,20002446 <__subdf3+0x82>
2000242c:	fff70813          	addi	a6,a4,-1 # ffff <HeapSize+0xf7ff>
20002430:	00081963          	bnez	a6,20002442 <__subdf3+0x7e>
20002434:	962a                	add	a2,a2,a0
20002436:	979a                	add	a5,a5,t1
20002438:	00a63533          	sltu	a0,a2,a0
2000243c:	97aa                	add	a5,a5,a0
2000243e:	4705                	li	a4,1
20002440:	a889                	j	20002492 <__subdf3+0xce>
20002442:	01171863          	bne	a4,a7,20002452 <__subdf3+0x8e>
20002446:	862a                	mv	a2,a0
20002448:	aab5                	j	200025c4 <__subdf3+0x200>
2000244a:	ff170ee3          	beq	a4,a7,20002446 <__subdf3+0x82>
2000244e:	29731313          	bseti	t1,t1,0x17
20002452:	03800693          	li	a3,56
20002456:	0906c763          	blt	a3,a6,200024e4 <__subdf3+0x120>
2000245a:	46fd                	li	a3,31
2000245c:	02000e13          	li	t3,32
20002460:	0506cd63          	blt	a3,a6,200024ba <__subdf3+0xf6>
20002464:	410e0e33          	sub	t3,t3,a6
20002468:	01c316b3          	sll	a3,t1,t3
2000246c:	010658b3          	srl	a7,a2,a6
20002470:	01c61e33          	sll	t3,a2,t3
20002474:	0116e6b3          	or	a3,a3,a7
20002478:	01c03e33          	snez	t3,t3
2000247c:	01c6e6b3          	or	a3,a3,t3
20002480:	01035833          	srl	a6,t1,a6
20002484:	00a68633          	add	a2,a3,a0
20002488:	983e                	add	a6,a6,a5
2000248a:	00d636b3          	sltu	a3,a2,a3
2000248e:	00d807b3          	add	a5,a6,a3
20002492:	00879693          	slli	a3,a5,0x8
20002496:	1806d863          	bgez	a3,20002626 <__subdf3+0x262>
2000249a:	0705                	addi	a4,a4,1
2000249c:	7ff00693          	li	a3,2047
200024a0:	1ad70c63          	beq	a4,a3,20002658 <__subdf3+0x294>
200024a4:	00165693          	srli	a3,a2,0x1
200024a8:	8a05                	andi	a2,a2,1
200024aa:	49779513          	bclri	a0,a5,0x17
200024ae:	8e55                	or	a2,a2,a3
200024b0:	07fe                	slli	a5,a5,0x1f
200024b2:	8e5d                	or	a2,a2,a5
200024b4:	00155793          	srli	a5,a0,0x1
200024b8:	a2bd                	j	20002626 <__subdf3+0x262>
200024ba:	fe080693          	addi	a3,a6,-32
200024be:	00d356b3          	srl	a3,t1,a3
200024c2:	4881                	li	a7,0
200024c4:	01c80863          	beq	a6,t3,200024d4 <__subdf3+0x110>
200024c8:	04000893          	li	a7,64
200024cc:	410888b3          	sub	a7,a7,a6
200024d0:	011318b3          	sll	a7,t1,a7
200024d4:	00c8e8b3          	or	a7,a7,a2
200024d8:	011038b3          	snez	a7,a7
200024dc:	0116e6b3          	or	a3,a3,a7
200024e0:	4801                	li	a6,0
200024e2:	b74d                	j	20002484 <__subdf3+0xc0>
200024e4:	00c366b3          	or	a3,t1,a2
200024e8:	00d036b3          	snez	a3,a3
200024ec:	bfd5                	j	200024e0 <__subdf3+0x11c>
200024ee:	0a080063          	beqz	a6,2000258e <__subdf3+0x1ca>
200024f2:	40ee0833          	sub	a6,t3,a4
200024f6:	ef01                	bnez	a4,2000250e <__subdf3+0x14a>
200024f8:	00a7e733          	or	a4,a5,a0
200024fc:	c711                	beqz	a4,20002508 <__subdf3+0x144>
200024fe:	fff80693          	addi	a3,a6,-1
20002502:	da8d                	beqz	a3,20002434 <__subdf3+0x70>
20002504:	01181a63          	bne	a6,a7,20002518 <__subdf3+0x154>
20002508:	879a                	mv	a5,t1
2000250a:	8742                	mv	a4,a6
2000250c:	a865                	j	200025c4 <__subdf3+0x200>
2000250e:	431e0e63          	beq	t3,a7,2000294a <__subdf3+0x586>
20002512:	29779793          	bseti	a5,a5,0x17
20002516:	86c2                	mv	a3,a6
20002518:	03800713          	li	a4,56
2000251c:	06d74463          	blt	a4,a3,20002584 <__subdf3+0x1c0>
20002520:	477d                	li	a4,31
20002522:	02000893          	li	a7,32
20002526:	02d74a63          	blt	a4,a3,2000255a <__subdf3+0x196>
2000252a:	40d888b3          	sub	a7,a7,a3
2000252e:	01179733          	sll	a4,a5,a7
20002532:	00d55833          	srl	a6,a0,a3
20002536:	011518b3          	sll	a7,a0,a7
2000253a:	01076733          	or	a4,a4,a6
2000253e:	011038b3          	snez	a7,a7
20002542:	01176733          	or	a4,a4,a7
20002546:	00d7d6b3          	srl	a3,a5,a3
2000254a:	963a                	add	a2,a2,a4
2000254c:	00e63733          	sltu	a4,a2,a4
20002550:	969a                	add	a3,a3,t1
20002552:	00e687b3          	add	a5,a3,a4
20002556:	8772                	mv	a4,t3
20002558:	bf2d                	j	20002492 <__subdf3+0xce>
2000255a:	fe068713          	addi	a4,a3,-32
2000255e:	00e7d733          	srl	a4,a5,a4
20002562:	4801                	li	a6,0
20002564:	01168863          	beq	a3,a7,20002574 <__subdf3+0x1b0>
20002568:	04000813          	li	a6,64
2000256c:	40d80833          	sub	a6,a6,a3
20002570:	01079833          	sll	a6,a5,a6
20002574:	00a86833          	or	a6,a6,a0
20002578:	01003833          	snez	a6,a6
2000257c:	01076733          	or	a4,a4,a6
20002580:	4681                	li	a3,0
20002582:	b7e1                	j	2000254a <__subdf3+0x186>
20002584:	00a7e733          	or	a4,a5,a0
20002588:	00e03733          	snez	a4,a4
2000258c:	bfd5                	j	20002580 <__subdf3+0x1bc>
2000258e:	00170693          	addi	a3,a4,1
20002592:	7fe6f813          	andi	a6,a3,2046
20002596:	06081b63          	bnez	a6,2000260c <__subdf3+0x248>
2000259a:	00a7e6b3          	or	a3,a5,a0
2000259e:	ef39                	bnez	a4,200025fc <__subdf3+0x238>
200025a0:	38068b63          	beqz	a3,20002936 <__subdf3+0x572>
200025a4:	00c36733          	or	a4,t1,a2
200025a8:	38070963          	beqz	a4,2000293a <__subdf3+0x576>
200025ac:	962a                	add	a2,a2,a0
200025ae:	979a                	add	a5,a5,t1
200025b0:	00a63533          	sltu	a0,a2,a0
200025b4:	97aa                	add	a5,a5,a0
200025b6:	00879713          	slli	a4,a5,0x8
200025ba:	26075a63          	bgez	a4,2000282e <__subdf3+0x46a>
200025be:	49779793          	bclri	a5,a5,0x17
200025c2:	4705                	li	a4,1
200025c4:	820d                	srli	a2,a2,0x3
200025c6:	01d79693          	slli	a3,a5,0x1d
200025ca:	8ed1                	or	a3,a3,a2
200025cc:	7ff00613          	li	a2,2047
200025d0:	838d                	srli	a5,a5,0x3
200025d2:	00c71963          	bne	a4,a2,200025e4 <__subdf3+0x220>
200025d6:	8edd                	or	a3,a3,a5
200025d8:	4781                	li	a5,0
200025da:	c689                	beqz	a3,200025e4 <__subdf3+0x220>
200025dc:	000807b7          	lui	a5,0x80
200025e0:	4681                	li	a3,0
200025e2:	4581                	li	a1,0
200025e4:	7ff77713          	andi	a4,a4,2047
200025e8:	07b2                	slli	a5,a5,0xc
200025ea:	83b1                	srli	a5,a5,0xc
200025ec:	0752                	slli	a4,a4,0x14
200025ee:	8f5d                	or	a4,a4,a5
200025f0:	05fe                	slli	a1,a1,0x1f
200025f2:	00b767b3          	or	a5,a4,a1
200025f6:	8536                	mv	a0,a3
200025f8:	85be                	mv	a1,a5
200025fa:	8082                	ret
200025fc:	34068163          	beqz	a3,2000293e <__subdf3+0x57a>
20002600:	00c36333          	or	t1,t1,a2
20002604:	24031763          	bnez	t1,20002852 <__subdf3+0x48e>
20002608:	862a                	mv	a2,a0
2000260a:	ae1d                	j	20002940 <__subdf3+0x57c>
2000260c:	33168c63          	beq	a3,a7,20002944 <__subdf3+0x580>
20002610:	962a                	add	a2,a2,a0
20002612:	00a63533          	sltu	a0,a2,a0
20002616:	979a                	add	a5,a5,t1
20002618:	97aa                	add	a5,a5,a0
2000261a:	01f79713          	slli	a4,a5,0x1f
2000261e:	8205                	srli	a2,a2,0x1
20002620:	8e59                	or	a2,a2,a4
20002622:	8385                	srli	a5,a5,0x1
20002624:	8736                	mv	a4,a3
20002626:	00767693          	andi	a3,a2,7
2000262a:	ce81                	beqz	a3,20002642 <__subdf3+0x27e>
2000262c:	00f67693          	andi	a3,a2,15
20002630:	4511                	li	a0,4
20002632:	00a68863          	beq	a3,a0,20002642 <__subdf3+0x27e>
20002636:	00a606b3          	add	a3,a2,a0
2000263a:	00c6b533          	sltu	a0,a3,a2
2000263e:	97aa                	add	a5,a5,a0
20002640:	8636                	mv	a2,a3
20002642:	00879693          	slli	a3,a5,0x8
20002646:	f606dfe3          	bgez	a3,200025c4 <__subdf3+0x200>
2000264a:	0705                	addi	a4,a4,1
2000264c:	7ff00693          	li	a3,2047
20002650:	49779793          	bclri	a5,a5,0x17
20002654:	f6d718e3          	bne	a4,a3,200025c4 <__subdf3+0x200>
20002658:	4781                	li	a5,0
2000265a:	4601                	li	a2,0
2000265c:	b7a5                	j	200025c4 <__subdf3+0x200>
2000265e:	0d005263          	blez	a6,20002722 <__subdf3+0x35e>
20002662:	080e1163          	bnez	t3,200026e4 <__subdf3+0x320>
20002666:	00c366b3          	or	a3,t1,a2
2000266a:	dc068ee3          	beqz	a3,20002446 <__subdf3+0x82>
2000266e:	fff70813          	addi	a6,a4,-1
20002672:	00081b63          	bnez	a6,20002688 <__subdf3+0x2c4>
20002676:	40c50633          	sub	a2,a0,a2
2000267a:	406787b3          	sub	a5,a5,t1
2000267e:	00c53533          	sltu	a0,a0,a2
20002682:	8f89                	sub	a5,a5,a0
20002684:	4705                	li	a4,1
20002686:	a0a1                	j	200026ce <__subdf3+0x30a>
20002688:	db170fe3          	beq	a4,a7,20002446 <__subdf3+0x82>
2000268c:	03800693          	li	a3,56
20002690:	0906c463          	blt	a3,a6,20002718 <__subdf3+0x354>
20002694:	46fd                	li	a3,31
20002696:	02000e13          	li	t3,32
2000269a:	0506ca63          	blt	a3,a6,200026ee <__subdf3+0x32a>
2000269e:	410e0e33          	sub	t3,t3,a6
200026a2:	01c316b3          	sll	a3,t1,t3
200026a6:	010658b3          	srl	a7,a2,a6
200026aa:	01c61e33          	sll	t3,a2,t3
200026ae:	0116e6b3          	or	a3,a3,a7
200026b2:	01c03e33          	snez	t3,t3
200026b6:	01c6e6b3          	or	a3,a3,t3
200026ba:	01035833          	srl	a6,t1,a6
200026be:	40d50633          	sub	a2,a0,a3
200026c2:	41078833          	sub	a6,a5,a6
200026c6:	00c53533          	sltu	a0,a0,a2
200026ca:	40a807b3          	sub	a5,a6,a0
200026ce:	00879693          	slli	a3,a5,0x8
200026d2:	f406dae3          	bgez	a3,20002626 <__subdf3+0x262>
200026d6:	008008b7          	lui	a7,0x800
200026da:	18fd                	addi	a7,a7,-1 # 7fffff <HeapSize+0x7ff7ff>
200026dc:	0117f8b3          	and	a7,a5,a7
200026e0:	8832                	mv	a6,a2
200026e2:	a275                	j	2000288e <__subdf3+0x4ca>
200026e4:	d71701e3          	beq	a4,a7,20002446 <__subdf3+0x82>
200026e8:	29731313          	bseti	t1,t1,0x17
200026ec:	b745                	j	2000268c <__subdf3+0x2c8>
200026ee:	fe080693          	addi	a3,a6,-32
200026f2:	00d356b3          	srl	a3,t1,a3
200026f6:	4881                	li	a7,0
200026f8:	01c80863          	beq	a6,t3,20002708 <__subdf3+0x344>
200026fc:	04000893          	li	a7,64
20002700:	410888b3          	sub	a7,a7,a6
20002704:	011318b3          	sll	a7,t1,a7
20002708:	00c8e8b3          	or	a7,a7,a2
2000270c:	011038b3          	snez	a7,a7
20002710:	0116e6b3          	or	a3,a3,a7
20002714:	4801                	li	a6,0
20002716:	b765                	j	200026be <__subdf3+0x2fa>
20002718:	00c366b3          	or	a3,t1,a2
2000271c:	00d036b3          	snez	a3,a3
20002720:	bfd5                	j	20002714 <__subdf3+0x350>
20002722:	0a080d63          	beqz	a6,200027dc <__subdf3+0x418>
20002726:	40ee0833          	sub	a6,t3,a4
2000272a:	e70d                	bnez	a4,20002754 <__subdf3+0x390>
2000272c:	00a7e733          	or	a4,a5,a0
20002730:	c305                	beqz	a4,20002750 <__subdf3+0x38c>
20002732:	fff80713          	addi	a4,a6,-1
20002736:	eb19                	bnez	a4,2000274c <__subdf3+0x388>
20002738:	40a60533          	sub	a0,a2,a0
2000273c:	00a63733          	sltu	a4,a2,a0
20002740:	40f307b3          	sub	a5,t1,a5
20002744:	862a                	mv	a2,a0
20002746:	8f99                	sub	a5,a5,a4
20002748:	85b6                	mv	a1,a3
2000274a:	bf2d                	j	20002684 <__subdf3+0x2c0>
2000274c:	01181963          	bne	a6,a7,2000275e <__subdf3+0x39a>
20002750:	85b6                	mv	a1,a3
20002752:	bb5d                	j	20002508 <__subdf3+0x144>
20002754:	1f1e0a63          	beq	t3,a7,20002948 <__subdf3+0x584>
20002758:	29779793          	bseti	a5,a5,0x17
2000275c:	8742                	mv	a4,a6
2000275e:	03800593          	li	a1,56
20002762:	06e5c863          	blt	a1,a4,200027d2 <__subdf3+0x40e>
20002766:	45fd                	li	a1,31
20002768:	02000893          	li	a7,32
2000276c:	02e5ce63          	blt	a1,a4,200027a8 <__subdf3+0x3e4>
20002770:	40e888b3          	sub	a7,a7,a4
20002774:	011795b3          	sll	a1,a5,a7
20002778:	00e55833          	srl	a6,a0,a4
2000277c:	011518b3          	sll	a7,a0,a7
20002780:	0105e5b3          	or	a1,a1,a6
20002784:	011038b3          	snez	a7,a7
20002788:	0115e5b3          	or	a1,a1,a7
2000278c:	00e7d733          	srl	a4,a5,a4
20002790:	40b605b3          	sub	a1,a2,a1
20002794:	00b637b3          	sltu	a5,a2,a1
20002798:	40e30733          	sub	a4,t1,a4
2000279c:	862e                	mv	a2,a1
2000279e:	40f707b3          	sub	a5,a4,a5
200027a2:	85b6                	mv	a1,a3
200027a4:	8772                	mv	a4,t3
200027a6:	b725                	j	200026ce <__subdf3+0x30a>
200027a8:	fe070593          	addi	a1,a4,-32
200027ac:	00b7d5b3          	srl	a1,a5,a1
200027b0:	4801                	li	a6,0
200027b2:	01170863          	beq	a4,a7,200027c2 <__subdf3+0x3fe>
200027b6:	04000813          	li	a6,64
200027ba:	40e80833          	sub	a6,a6,a4
200027be:	01079833          	sll	a6,a5,a6
200027c2:	00a86833          	or	a6,a6,a0
200027c6:	01003833          	snez	a6,a6
200027ca:	0105e5b3          	or	a1,a1,a6
200027ce:	4701                	li	a4,0
200027d0:	b7c1                	j	20002790 <__subdf3+0x3cc>
200027d2:	00a7e5b3          	or	a1,a5,a0
200027d6:	00b035b3          	snez	a1,a1
200027da:	bfd5                	j	200027ce <__subdf3+0x40a>
200027dc:	00170813          	addi	a6,a4,1
200027e0:	7fe87813          	andi	a6,a6,2046
200027e4:	06081f63          	bnez	a6,20002862 <__subdf3+0x49e>
200027e8:	00c36833          	or	a6,t1,a2
200027ec:	00a7ee33          	or	t3,a5,a0
200027f0:	ef21                	bnez	a4,20002848 <__subdf3+0x484>
200027f2:	000e1763          	bnez	t3,20002800 <__subdf3+0x43c>
200027f6:	879a                	mv	a5,t1
200027f8:	02081a63          	bnez	a6,2000282c <__subdf3+0x468>
200027fc:	4581                	li	a1,0
200027fe:	bda9                	j	20002658 <__subdf3+0x294>
20002800:	12080d63          	beqz	a6,2000293a <__subdf3+0x576>
20002804:	40c508b3          	sub	a7,a0,a2
20002808:	01153e33          	sltu	t3,a0,a7
2000280c:	40678833          	sub	a6,a5,t1
20002810:	41c80833          	sub	a6,a6,t3
20002814:	00881e13          	slli	t3,a6,0x8
20002818:	020e5163          	bgez	t3,2000283a <__subdf3+0x476>
2000281c:	40a60533          	sub	a0,a2,a0
20002820:	00a63733          	sltu	a4,a2,a0
20002824:	40f307b3          	sub	a5,t1,a5
20002828:	862a                	mv	a2,a0
2000282a:	8f99                	sub	a5,a5,a4
2000282c:	85b6                	mv	a1,a3
2000282e:	00f66733          	or	a4,a2,a5
20002832:	e20703e3          	beqz	a4,20002658 <__subdf3+0x294>
20002836:	4701                	li	a4,0
20002838:	b3fd                	j	20002626 <__subdf3+0x262>
2000283a:	0108e633          	or	a2,a7,a6
2000283e:	10060963          	beqz	a2,20002950 <__subdf3+0x58c>
20002842:	87c2                	mv	a5,a6
20002844:	8646                	mv	a2,a7
20002846:	b7e5                	j	2000282e <__subdf3+0x46a>
20002848:	000e1a63          	bnez	t3,2000285c <__subdf3+0x498>
2000284c:	85b6                	mv	a1,a3
2000284e:	0e081863          	bnez	a6,2000293e <__subdf3+0x57a>
20002852:	4581                	li	a1,0
20002854:	004007b7          	lui	a5,0x400
20002858:	4601                	li	a2,0
2000285a:	a0dd                	j	20002940 <__subdf3+0x57c>
2000285c:	da0806e3          	beqz	a6,20002608 <__subdf3+0x244>
20002860:	bfcd                	j	20002852 <__subdf3+0x48e>
20002862:	40c50e33          	sub	t3,a0,a2
20002866:	01c53eb3          	sltu	t4,a0,t3
2000286a:	406788b3          	sub	a7,a5,t1
2000286e:	41d888b3          	sub	a7,a7,t4
20002872:	00889e93          	slli	t4,a7,0x8
20002876:	8872                	mv	a6,t3
20002878:	060ed563          	bgez	t4,200028e2 <__subdf3+0x51e>
2000287c:	40a60833          	sub	a6,a2,a0
20002880:	40f308b3          	sub	a7,t1,a5
20002884:	01063633          	sltu	a2,a2,a6
20002888:	40c888b3          	sub	a7,a7,a2
2000288c:	85b6                	mv	a1,a3
2000288e:	06088163          	beqz	a7,200028f0 <__subdf3+0x52c>
20002892:	60089693          	clz	a3,a7
20002896:	16e1                	addi	a3,a3,-8
20002898:	02000793          	li	a5,32
2000289c:	8f95                	sub	a5,a5,a3
2000289e:	00d898b3          	sll	a7,a7,a3
200028a2:	00f857b3          	srl	a5,a6,a5
200028a6:	0117e7b3          	or	a5,a5,a7
200028aa:	00d81633          	sll	a2,a6,a3
200028ae:	08e6c063          	blt	a3,a4,2000292e <__subdf3+0x56a>
200028b2:	8e99                	sub	a3,a3,a4
200028b4:	00168813          	addi	a6,a3,1
200028b8:	477d                	li	a4,31
200028ba:	02000513          	li	a0,32
200028be:	05074563          	blt	a4,a6,20002908 <__subdf3+0x544>
200028c2:	41050533          	sub	a0,a0,a6
200028c6:	00a79733          	sll	a4,a5,a0
200028ca:	010656b3          	srl	a3,a2,a6
200028ce:	00a61533          	sll	a0,a2,a0
200028d2:	8f55                	or	a4,a4,a3
200028d4:	00a03533          	snez	a0,a0
200028d8:	00a76633          	or	a2,a4,a0
200028dc:	0107d7b3          	srl	a5,a5,a6
200028e0:	b7b9                	j	2000282e <__subdf3+0x46a>
200028e2:	011e6633          	or	a2,t3,a7
200028e6:	f645                	bnez	a2,2000288e <__subdf3+0x4ca>
200028e8:	4581                	li	a1,0
200028ea:	4781                	li	a5,0
200028ec:	4701                	li	a4,0
200028ee:	b9d9                	j	200025c4 <__subdf3+0x200>
200028f0:	60081793          	clz	a5,a6
200028f4:	01878693          	addi	a3,a5,24 # 400018 <HeapSize+0x3ff818>
200028f8:	467d                	li	a2,31
200028fa:	f8d65fe3          	bge	a2,a3,20002898 <__subdf3+0x4d4>
200028fe:	17e1                	addi	a5,a5,-8
20002900:	00f817b3          	sll	a5,a6,a5
20002904:	4601                	li	a2,0
20002906:	b765                	j	200028ae <__subdf3+0x4ea>
20002908:	1685                	addi	a3,a3,-31
2000290a:	00d7d6b3          	srl	a3,a5,a3
2000290e:	4701                	li	a4,0
20002910:	00a80863          	beq	a6,a0,20002920 <__subdf3+0x55c>
20002914:	04000713          	li	a4,64
20002918:	41070733          	sub	a4,a4,a6
2000291c:	00e79733          	sll	a4,a5,a4
20002920:	8f51                	or	a4,a4,a2
20002922:	00e03733          	snez	a4,a4
20002926:	00e6e633          	or	a2,a3,a4
2000292a:	4781                	li	a5,0
2000292c:	b709                	j	2000282e <__subdf3+0x46a>
2000292e:	8f15                	sub	a4,a4,a3
20002930:	49779793          	bclri	a5,a5,0x17
20002934:	b9cd                	j	20002626 <__subdf3+0x262>
20002936:	879a                	mv	a5,t1
20002938:	bddd                	j	2000282e <__subdf3+0x46a>
2000293a:	862a                	mv	a2,a0
2000293c:	bdcd                	j	2000282e <__subdf3+0x46a>
2000293e:	879a                	mv	a5,t1
20002940:	8746                	mv	a4,a7
20002942:	b149                	j	200025c4 <__subdf3+0x200>
20002944:	8736                	mv	a4,a3
20002946:	bb09                	j	20002658 <__subdf3+0x294>
20002948:	85b6                	mv	a1,a3
2000294a:	879a                	mv	a5,t1
2000294c:	8772                	mv	a4,t3
2000294e:	b99d                	j	200025c4 <__subdf3+0x200>
20002950:	4581                	li	a1,0
20002952:	4781                	li	a5,0
20002954:	b985                	j	200025c4 <__subdf3+0x200>

20002956 <__unorddf2>:
20002956:	001007b7          	lui	a5,0x100
2000295a:	17fd                	addi	a5,a5,-1 # fffff <HeapSize+0xff7ff>
2000295c:	00b7f733          	and	a4,a5,a1
20002960:	81d1                	srli	a1,a1,0x14
20002962:	8ff5                	and	a5,a5,a3
20002964:	7ff5f593          	andi	a1,a1,2047
20002968:	82d1                	srli	a3,a3,0x14
2000296a:	7ff00813          	li	a6,2047
2000296e:	7ff6f693          	andi	a3,a3,2047
20002972:	01059563          	bne	a1,a6,2000297c <__unorddf2+0x26>
20002976:	8f49                	or	a4,a4,a0
20002978:	4505                	li	a0,1
2000297a:	e719                	bnez	a4,20002988 <__unorddf2+0x32>
2000297c:	4501                	li	a0,0
2000297e:	01069563          	bne	a3,a6,20002988 <__unorddf2+0x32>
20002982:	8fd1                	or	a5,a5,a2
20002984:	00f03533          	snez	a0,a5
20002988:	8082                	ret

2000298a <__fixdfsi>:
2000298a:	0145d713          	srli	a4,a1,0x14
2000298e:	00c59793          	slli	a5,a1,0xc
20002992:	7ff77713          	andi	a4,a4,2047
20002996:	3fe00693          	li	a3,1022
2000299a:	83b1                	srli	a5,a5,0xc
2000299c:	81fd                	srli	a1,a1,0x1f
2000299e:	04e6d463          	bge	a3,a4,200029e6 <__fixdfsi+0x5c>
200029a2:	41d00693          	li	a3,1053
200029a6:	00e6d763          	bge	a3,a4,200029b4 <__fixdfsi+0x2a>
200029aa:	80000537          	lui	a0,0x80000
200029ae:	157d                	addi	a0,a0,-1 # 7fffffff <__StackTop+0x5ff7dfff>
200029b0:	952e                	add	a0,a0,a1
200029b2:	8082                	ret
200029b4:	41300693          	li	a3,1043
200029b8:	29479793          	bseti	a5,a5,0x14
200029bc:	02e6d163          	bge	a3,a4,200029de <__fixdfsi+0x54>
200029c0:	bed70693          	addi	a3,a4,-1043
200029c4:	00d797b3          	sll	a5,a5,a3
200029c8:	43300693          	li	a3,1075
200029cc:	40e68733          	sub	a4,a3,a4
200029d0:	00e55533          	srl	a0,a0,a4
200029d4:	8d5d                	or	a0,a0,a5
200029d6:	c989                	beqz	a1,200029e8 <__fixdfsi+0x5e>
200029d8:	40a00533          	neg	a0,a0
200029dc:	8082                	ret
200029de:	8e99                	sub	a3,a3,a4
200029e0:	00d7d533          	srl	a0,a5,a3
200029e4:	bfcd                	j	200029d6 <__fixdfsi+0x4c>
200029e6:	4501                	li	a0,0
200029e8:	8082                	ret

200029ea <__fixunsdfsi>:
200029ea:	0145d713          	srli	a4,a1,0x14
200029ee:	00c59793          	slli	a5,a1,0xc
200029f2:	7ff77713          	andi	a4,a4,2047
200029f6:	3fe00693          	li	a3,1022
200029fa:	862a                	mv	a2,a0
200029fc:	83b1                	srli	a5,a5,0xc
200029fe:	81fd                	srli	a1,a1,0x1f
20002a00:	04e6d263          	bge	a3,a4,20002a44 <__fixunsdfsi+0x5a>
20002a04:	41f00693          	li	a3,1055
20002a08:	8e8d                	sub	a3,a3,a1
20002a0a:	fff58513          	addi	a0,a1,-1
20002a0e:	02d75c63          	bge	a4,a3,20002a46 <__fixunsdfsi+0x5c>
20002a12:	4501                	li	a0,0
20002a14:	e98d                	bnez	a1,20002a46 <__fixunsdfsi+0x5c>
20002a16:	41300693          	li	a3,1043
20002a1a:	29479793          	bseti	a5,a5,0x14
20002a1e:	00e6df63          	bge	a3,a4,20002a3c <__fixunsdfsi+0x52>
20002a22:	bed70693          	addi	a3,a4,-1043
20002a26:	00d797b3          	sll	a5,a5,a3
20002a2a:	43300693          	li	a3,1075
20002a2e:	40e68733          	sub	a4,a3,a4
20002a32:	00e65633          	srl	a2,a2,a4
20002a36:	00c7e533          	or	a0,a5,a2
20002a3a:	8082                	ret
20002a3c:	8e99                	sub	a3,a3,a4
20002a3e:	00d7d533          	srl	a0,a5,a3
20002a42:	8082                	ret
20002a44:	4501                	li	a0,0
20002a46:	8082                	ret

20002a48 <__floatsidf>:
20002a48:	c529                	beqz	a0,20002a92 <__floatsidf+0x4a>
20002a4a:	40a00733          	neg	a4,a0
20002a4e:	0ae56733          	max	a4,a0,a4
20002a52:	01f55613          	srli	a2,a0,0x1f
20002a56:	60071693          	clz	a3,a4
20002a5a:	41e00513          	li	a0,1054
20002a5e:	47a9                	li	a5,10
20002a60:	8d15                	sub	a0,a0,a3
20002a62:	02d7c363          	blt	a5,a3,20002a88 <__floatsidf+0x40>
20002a66:	47ad                	li	a5,11
20002a68:	8f95                	sub	a5,a5,a3
20002a6a:	06d5                	addi	a3,a3,21
20002a6c:	00f757b3          	srl	a5,a4,a5
20002a70:	00d71733          	sll	a4,a4,a3
20002a74:	07b2                	slli	a5,a5,0xc
20002a76:	83b1                	srli	a5,a5,0xc
20002a78:	0552                	slli	a0,a0,0x14
20002a7a:	8d5d                	or	a0,a0,a5
20002a7c:	067e                	slli	a2,a2,0x1f
20002a7e:	00c567b3          	or	a5,a0,a2
20002a82:	85be                	mv	a1,a5
20002a84:	853a                	mv	a0,a4
20002a86:	8082                	ret
20002a88:	16d5                	addi	a3,a3,-11
20002a8a:	00d717b3          	sll	a5,a4,a3
20002a8e:	4701                	li	a4,0
20002a90:	b7d5                	j	20002a74 <__floatsidf+0x2c>
20002a92:	4601                	li	a2,0
20002a94:	4781                	li	a5,0
20002a96:	bfe5                	j	20002a8e <__floatsidf+0x46>

20002a98 <__floatunsidf>:
20002a98:	c91d                	beqz	a0,20002ace <__floatunsidf+0x36>
20002a9a:	60051713          	clz	a4,a0
20002a9e:	41e00693          	li	a3,1054
20002aa2:	47a9                	li	a5,10
20002aa4:	8e99                	sub	a3,a3,a4
20002aa6:	00e7cf63          	blt	a5,a4,20002ac4 <__floatunsidf+0x2c>
20002aaa:	47ad                	li	a5,11
20002aac:	8f99                	sub	a5,a5,a4
20002aae:	0755                	addi	a4,a4,21
20002ab0:	00f557b3          	srl	a5,a0,a5
20002ab4:	00e51533          	sll	a0,a0,a4
20002ab8:	07b2                	slli	a5,a5,0xc
20002aba:	06d2                	slli	a3,a3,0x14
20002abc:	83b1                	srli	a5,a5,0xc
20002abe:	00f6e5b3          	or	a1,a3,a5
20002ac2:	8082                	ret
20002ac4:	1755                	addi	a4,a4,-11
20002ac6:	00e517b3          	sll	a5,a0,a4
20002aca:	4501                	li	a0,0
20002acc:	b7f5                	j	20002ab8 <__floatunsidf+0x20>
20002ace:	4781                	li	a5,0
20002ad0:	4681                	li	a3,0
20002ad2:	b7dd                	j	20002ab8 <__floatunsidf+0x20>
20002ad4:	1e3a                	slli	t3,t3,0x2e
20002ad6:	2000                	.insn	2, 0x2000
20002ad8:	1d90                	addi	a2,sp,752
20002ada:	2000                	.insn	2, 0x2000
20002adc:	1d7a                	slli	s10,s10,0x3e
20002ade:	2000                	.insn	2, 0x2000
20002ae0:	1d90                	addi	a2,sp,752
20002ae2:	2000                	.insn	2, 0x2000
20002ae4:	1e2c                	addi	a1,sp,824
20002ae6:	2000                	.insn	2, 0x2000
20002ae8:	1d90                	addi	a2,sp,752
20002aea:	2000                	.insn	2, 0x2000
20002aec:	1d7a                	slli	s10,s10,0x3e
20002aee:	2000                	.insn	2, 0x2000
20002af0:	1e3a                	slli	t3,t3,0x2e
20002af2:	2000                	.insn	2, 0x2000
20002af4:	1e3a                	slli	t3,t3,0x2e
20002af6:	2000                	.insn	2, 0x2000
20002af8:	1e2c                	addi	a1,sp,824
20002afa:	2000                	.insn	2, 0x2000
20002afc:	1d7a                	slli	s10,s10,0x3e
20002afe:	2000                	.insn	2, 0x2000
20002b00:	1d96                	slli	s11,s11,0x25
20002b02:	2000                	.insn	2, 0x2000
20002b04:	1d96                	slli	s11,s11,0x25
20002b06:	2000                	.insn	2, 0x2000
20002b08:	1d96                	slli	s11,s11,0x25
20002b0a:	2000                	.insn	2, 0x2000
20002b0c:	1e2c                	addi	a1,sp,824
20002b0e:	2000                	.insn	2, 0x2000

20002b10 <__clz_tab>:
20002b10:	0100 0202 0303 0303 0404 0404 0404 0404     ................
20002b20:	0505 0505 0505 0505 0505 0505 0505 0505     ................
20002b30:	0606 0606 0606 0606 0606 0606 0606 0606     ................
20002b40:	0606 0606 0606 0606 0606 0606 0606 0606     ................
20002b50:	0707 0707 0707 0707 0707 0707 0707 0707     ................
20002b60:	0707 0707 0707 0707 0707 0707 0707 0707     ................
20002b70:	0707 0707 0707 0707 0707 0707 0707 0707     ................
20002b80:	0707 0707 0707 0707 0707 0707 0707 0707     ................
20002b90:	0808 0808 0808 0808 0808 0808 0808 0808     ................
20002ba0:	0808 0808 0808 0808 0808 0808 0808 0808     ................
20002bb0:	0808 0808 0808 0808 0808 0808 0808 0808     ................
20002bc0:	0808 0808 0808 0808 0808 0808 0808 0808     ................
20002bd0:	0808 0808 0808 0808 0808 0808 0808 0808     ................
20002be0:	0808 0808 0808 0808 0808 0808 0808 0808     ................
20002bf0:	0808 0808 0808 0808 0808 0808 0808 0808     ................
20002c00:	0808 0808 0808 0808 0808 0808 0808 0808     ................

20002c10 <init_cmd_buf>:
20002c10:	ff7e 0006 0000 0000 ef00 0000               ~...........

20002c1c <irq_handler_chain_slots>:
	...
20002c24:	0000                	unimp
20002c26:	0001                	nop
	...
20002c30:	0000                	unimp
20002c32:	0002                	c.slli64	zero
	...
20002c3c:	0000                	unimp
20002c3e:	00000003          	lb	zero,0(zero) # 0 <next_slot_number-0x5>
	...
20002c4a:	00ff                	.short	0x00ff

20002c4c <irq_handler_chain_first_slot>:
20002c4c:	b842                	cm.push	{ra},-16
20002c4e:	00428093          	addi	ra,t0,4
20002c52:	0002a283          	lw	t0,0(t0)
20002c56:	8282                	jr	t0

20002c58 <irq_handler_chain_remove_tail>:
20002c58:	ff608513          	addi	a0,ra,-10
20002c5c:	efffe097          	auipc	ra,0xefffe
20002c60:	e14080e7          	jalr	-492(ra) # 10000a70 <irq_add_tail_to_free_list>
20002c64:	be42                	cm.popret	{ra},16
	...

20002c68 <default_alarm_pool>:
	...
20002c7c:	2e68 2000                                   h.. 

20002c80 <__VECTOR_TABLE>:
20002c80:	1a00006f          	j	20002e20 <__default_isrs_start>
	...
20002c8c:	1960006f          	j	20002e22 <isr_riscv_machine_soft_irq>
	...
20002c9c:	1840006f          	j	20002e20 <__default_isrs_start>
	...

20002cac <isr_riscv_machine_external_irq>:
20002cac:	715d                	addi	sp,sp,-80
20002cae:	c006                	sw	ra,0(sp)
20002cb0:	c216                	sw	t0,4(sp)
20002cb2:	c41a                	sw	t1,8(sp)
20002cb4:	c61e                	sw	t2,12(sp)
20002cb6:	c82a                	sw	a0,16(sp)
20002cb8:	ca2e                	sw	a1,20(sp)
20002cba:	cc32                	sw	a2,24(sp)
20002cbc:	ce36                	sw	a3,28(sp)
20002cbe:	d03a                	sw	a4,32(sp)
20002cc0:	d23e                	sw	a5,36(sp)
20002cc2:	d442                	sw	a6,40(sp)
20002cc4:	d646                	sw	a7,44(sp)
20002cc6:	d872                	sw	t3,48(sp)
20002cc8:	da76                	sw	t4,52(sp)
20002cca:	dc7a                	sw	t5,56(sp)
20002ccc:	de7e                	sw	t6,60(sp)
20002cce:	34102573          	csrr	a0,mepc
20002cd2:	300025f3          	csrr	a1,mstatus
20002cd6:	c0aa                	sw	a0,64(sp)
20002cd8:	c2ae                	sw	a1,68(sp)

20002cda <save_meicontext>:
20002cda:	be516673          	csrrsi	a2,0xbe5,2
20002cde:	c4b2                	sw	a2,72(sp)

20002ce0 <get_first_irq>:
20002ce0:	be40e573          	csrrsi	a0,0xbe4,1
20002ce4:	02054163          	bltz	a0,20002d06 <no_more_irqs>

20002ce8 <dispatch_irq>:
20002ce8:	30046073          	csrsi	mstatus,8
20002cec:	200035b7          	lui	a1,0x20003
20002cf0:	95aa                	add	a1,a1,a0
20002cf2:	d505a583          	lw	a1,-688(a1) # 20002d50 <__soft_vector_table>
20002cf6:	000580e7          	jalr	a1
20002cfa:	30047073          	csrci	mstatus,8

20002cfe <get_next_irq>:
20002cfe:	be40e573          	csrrsi	a0,0xbe4,1
20002d02:	fe0553e3          	bgez	a0,20002ce8 <dispatch_irq>

20002d06 <no_more_irqs>:
20002d06:	4506                	lw	a0,64(sp)
20002d08:	4596                	lw	a1,68(sp)
20002d0a:	4626                	lw	a2,72(sp)
20002d0c:	34151073          	csrw	mepc,a0
20002d10:	30059073          	csrw	mstatus,a1
20002d14:	be561073          	csrw	0xbe5,a2
20002d18:	4082                	lw	ra,0(sp)
20002d1a:	4292                	lw	t0,4(sp)
20002d1c:	4322                	lw	t1,8(sp)
20002d1e:	43b2                	lw	t2,12(sp)
20002d20:	45d2                	lw	a1,20(sp)
20002d22:	4662                	lw	a2,24(sp)
20002d24:	46f2                	lw	a3,28(sp)
20002d26:	5702                	lw	a4,32(sp)
20002d28:	5792                	lw	a5,36(sp)
20002d2a:	5822                	lw	a6,40(sp)
20002d2c:	58b2                	lw	a7,44(sp)
20002d2e:	5e42                	lw	t3,48(sp)
20002d30:	5ed2                	lw	t4,52(sp)
20002d32:	5f62                	lw	t5,56(sp)
20002d34:	5ff2                	lw	t6,60(sp)

20002d36 <check_irq_before_exit>:
20002d36:	be402573          	csrr	a0,0xbe4
20002d3a:	fa0550e3          	bgez	a0,20002cda <save_meicontext>
20002d3e:	4542                	lw	a0,16(sp)
20002d40:	6161                	addi	sp,sp,80
20002d42:	30200073          	mret
	...

20002d50 <__soft_vector_table>:
20002d50:	2e24                	.insn	2, 0x2e24
20002d52:	2000                	.insn	2, 0x2000
20002d54:	2e24                	.insn	2, 0x2e24
20002d56:	2000                	.insn	2, 0x2000
20002d58:	2e24                	.insn	2, 0x2e24
20002d5a:	2000                	.insn	2, 0x2000
20002d5c:	2e24                	.insn	2, 0x2e24
20002d5e:	2000                	.insn	2, 0x2000
20002d60:	2e24                	.insn	2, 0x2e24
20002d62:	2000                	.insn	2, 0x2000
20002d64:	2e24                	.insn	2, 0x2e24
20002d66:	2000                	.insn	2, 0x2000
20002d68:	2e24                	.insn	2, 0x2e24
20002d6a:	2000                	.insn	2, 0x2000
20002d6c:	2e24                	.insn	2, 0x2e24
20002d6e:	2000                	.insn	2, 0x2000
20002d70:	2e24                	.insn	2, 0x2e24
20002d72:	2000                	.insn	2, 0x2000
20002d74:	2e24                	.insn	2, 0x2e24
20002d76:	2000                	.insn	2, 0x2000
20002d78:	2e24                	.insn	2, 0x2e24
20002d7a:	2000                	.insn	2, 0x2000
20002d7c:	2e24                	.insn	2, 0x2e24
20002d7e:	2000                	.insn	2, 0x2000
20002d80:	2e24                	.insn	2, 0x2e24
20002d82:	2000                	.insn	2, 0x2000
20002d84:	2e24                	.insn	2, 0x2e24
20002d86:	2000                	.insn	2, 0x2000
20002d88:	2e24                	.insn	2, 0x2e24
20002d8a:	2000                	.insn	2, 0x2000
20002d8c:	2e24                	.insn	2, 0x2e24
20002d8e:	2000                	.insn	2, 0x2000
20002d90:	2e24                	.insn	2, 0x2e24
20002d92:	2000                	.insn	2, 0x2000
20002d94:	2e24                	.insn	2, 0x2e24
20002d96:	2000                	.insn	2, 0x2000
20002d98:	2e24                	.insn	2, 0x2e24
20002d9a:	2000                	.insn	2, 0x2000
20002d9c:	2e24                	.insn	2, 0x2e24
20002d9e:	2000                	.insn	2, 0x2000
20002da0:	2e24                	.insn	2, 0x2e24
20002da2:	2000                	.insn	2, 0x2000
20002da4:	2e24                	.insn	2, 0x2e24
20002da6:	2000                	.insn	2, 0x2000
20002da8:	2e24                	.insn	2, 0x2e24
20002daa:	2000                	.insn	2, 0x2000
20002dac:	2e24                	.insn	2, 0x2e24
20002dae:	2000                	.insn	2, 0x2000
20002db0:	2e24                	.insn	2, 0x2e24
20002db2:	2000                	.insn	2, 0x2000
20002db4:	2e24                	.insn	2, 0x2e24
20002db6:	2000                	.insn	2, 0x2000
20002db8:	2e24                	.insn	2, 0x2e24
20002dba:	2000                	.insn	2, 0x2000
20002dbc:	2e24                	.insn	2, 0x2e24
20002dbe:	2000                	.insn	2, 0x2000
20002dc0:	2e24                	.insn	2, 0x2e24
20002dc2:	2000                	.insn	2, 0x2000
20002dc4:	2e24                	.insn	2, 0x2e24
20002dc6:	2000                	.insn	2, 0x2000
20002dc8:	2e24                	.insn	2, 0x2e24
20002dca:	2000                	.insn	2, 0x2000
20002dcc:	2e24                	.insn	2, 0x2e24
20002dce:	2000                	.insn	2, 0x2000
20002dd0:	2e24                	.insn	2, 0x2e24
20002dd2:	2000                	.insn	2, 0x2000
20002dd4:	2e24                	.insn	2, 0x2e24
20002dd6:	2000                	.insn	2, 0x2000
20002dd8:	2e24                	.insn	2, 0x2e24
20002dda:	2000                	.insn	2, 0x2000
20002ddc:	2e24                	.insn	2, 0x2e24
20002dde:	2000                	.insn	2, 0x2000
20002de0:	2e24                	.insn	2, 0x2e24
20002de2:	2000                	.insn	2, 0x2000
20002de4:	2e24                	.insn	2, 0x2e24
20002de6:	2000                	.insn	2, 0x2000
20002de8:	2e24                	.insn	2, 0x2e24
20002dea:	2000                	.insn	2, 0x2000
20002dec:	2e24                	.insn	2, 0x2e24
20002dee:	2000                	.insn	2, 0x2000
20002df0:	2e24                	.insn	2, 0x2e24
20002df2:	2000                	.insn	2, 0x2000
20002df4:	2e24                	.insn	2, 0x2e24
20002df6:	2000                	.insn	2, 0x2000
20002df8:	2e24                	.insn	2, 0x2e24
20002dfa:	2000                	.insn	2, 0x2000
20002dfc:	2e24                	.insn	2, 0x2e24
20002dfe:	2000                	.insn	2, 0x2000
20002e00:	2e24                	.insn	2, 0x2e24
20002e02:	2000                	.insn	2, 0x2000
20002e04:	2e24                	.insn	2, 0x2e24
20002e06:	2000                	.insn	2, 0x2000
20002e08:	2e24                	.insn	2, 0x2e24
20002e0a:	2000                	.insn	2, 0x2000
20002e0c:	2e24                	.insn	2, 0x2e24
20002e0e:	2000                	.insn	2, 0x2000
20002e10:	2e24                	.insn	2, 0x2e24
20002e12:	2000                	.insn	2, 0x2000
20002e14:	2e24                	.insn	2, 0x2e24
20002e16:	2000                	.insn	2, 0x2000
20002e18:	2e24                	.insn	2, 0x2e24
20002e1a:	2000                	.insn	2, 0x2000
20002e1c:	2e24                	.insn	2, 0x2e24
20002e1e:	2000                	.insn	2, 0x2000

20002e20 <__default_isrs_start>:
20002e20:	9002                	ebreak

20002e22 <isr_riscv_machine_soft_irq>:
20002e22:	9002                	ebreak

20002e24 <__unhandled_user_irq>:
20002e24:	8109                	srli	a0,a0,0x2
20002e26:	9002                	ebreak

20002e28 <stdio_usb>:
20002e28:	3bd0 1000 3b6e 1000 3ad2 1000 3a40 1000     .;..n;...:..@:..
20002e38:	0000 0000 0100 0000                         ........

20002e40 <_usbd_qdef>:
20002e40:	3214 2000 0010 000c 0000 0000 0000 0000     .2. ............
	...

20002e5c <dfplayer_checksum_tx>:
20002e5c:	                                             .

20002e5d <striped_spin_lock_num>:
20002e5d:	                                             .

20002e5e <_usbd_rhport>:
20002e5e:	00ff                                        ..

20002e60 <print_mutex>:
	...
