
/home/aiden/misc_hardware/RobotX2026/task-2/light-node/firmware/build/light-node-firmware.elf:     file format elf32-littlearm

Sections:
Idx Name          Size      VMA       LMA       File off  Algn
  0 .text         00007a50  10000000  10000000  00001000  2**3
                  CONTENTS, ALLOC, LOAD, READONLY, CODE
  1 .rodata       000004dc  10007a50  10007a50  00008a50  2**3
                  CONTENTS, ALLOC, LOAD, READONLY, DATA
  2 .ARM.exidx    00000008  10007f2c  10007f2c  00008f2c  2**2
                  CONTENTS, ALLOC, LOAD, READONLY, DATA
  3 .binary_info  00000020  10007f34  10007f34  00008f34  2**2
                  CONTENTS, ALLOC, LOAD, READONLY, DATA
  4 .ram_vector_table 00000110  20000000  20000000  0000c000  2**2
                  ALLOC
  5 .uninitialized_data 00000000  20000110  20000110  0000b8f8  2**0
                  CONTENTS
  6 .data         00001990  20000110  10007f54  00009110  2**3
                  CONTENTS, ALLOC, LOAD, READONLY, CODE
  7 .tdata        00000000  20001aa0  20001aa0  0000b8f8  2**0
                  CONTENTS, ALLOC, LOAD, DATA, THREAD_LOCAL
  8 .tbss         00000000  20001aa0  20001aa0  00000000  2**0
                  ALLOC, THREAD_LOCAL
  9 .bss          00000f7c  20001aa0  100098e4  0000baa0  2**3
                  ALLOC
 10 .heap         00000800  20002a1c  100098e4  0000ba1c  2**2
                  ALLOC, READONLY
 11 .scratch_x    00000000  20080000  20080000  0000b8f8  2**0
                  CONTENTS
 12 .scratch_y    00000000  20081000  20081000  0000b8f8  2**0
                  CONTENTS
 13 .stack_dummy  00000800  20081000  20081000  0000c000  2**5
                  ALLOC, READONLY
 14 .flash_end    00000014  100098e4  100098e4  0000b8e4  2**2
                  CONTENTS, ALLOC, LOAD, READONLY, DATA
 15 .ARM.attributes 00000034  00000000  00000000  0000b8f8  2**0
                  CONTENTS, READONLY
 16 .comment      00000026  00000000  00000000  0000b92c  2**0
                  CONTENTS, READONLY
 17 .debug_info   0004a7bb  00000000  00000000  0000b952  2**0
                  CONTENTS, READONLY, DEBUGGING, OCTETS
 18 .debug_abbrev 0000ca7c  00000000  00000000  0005610d  2**0
                  CONTENTS, READONLY, DEBUGGING, OCTETS
 19 .debug_loclists 00022d6f  00000000  00000000  00062b89  2**0
                  CONTENTS, READONLY, DEBUGGING, OCTETS
 20 .debug_aranges 000018a8  00000000  00000000  000858f8  2**3
                  CONTENTS, READONLY, DEBUGGING, OCTETS
 21 .debug_rnglists 00005c0d  00000000  00000000  000871a0  2**0
                  CONTENTS, READONLY, DEBUGGING, OCTETS
 22 .debug_line   0002985b  00000000  00000000  0008cdad  2**0
                  CONTENTS, READONLY, DEBUGGING, OCTETS
 23 .debug_str    0000cc1d  00000000  00000000  000b6608  2**0
                  CONTENTS, READONLY, DEBUGGING, OCTETS
 24 .debug_frame  000040ec  00000000  00000000  000c3228  2**2
                  CONTENTS, READONLY, DEBUGGING, OCTETS
 25 .debug_line_str 00000218  00000000  00000000  000c7314  2**0
                  CONTENTS, READONLY, DEBUGGING, OCTETS

/home/aiden/misc_hardware/RobotX2026/task-2/light-node/firmware/build/light-node-firmware.elf:     file format elf32-littlearm


Disassembly of section .text:

10000000 <__VECTOR_TABLE>:
10000000:	20082000 	.word	0x20082000
10000004:	1000015d 	.word	0x1000015d
10000008:	1000011b 	.word	0x1000011b
1000000c:	1000011d 	.word	0x1000011d
10000010:	10000111 	.word	0x10000111
10000014:	10000111 	.word	0x10000111
10000018:	10000111 	.word	0x10000111
1000001c:	10000111 	.word	0x10000111
10000020:	10000119 	.word	0x10000119
10000024:	10000119 	.word	0x10000119
10000028:	10000119 	.word	0x10000119
1000002c:	1000011f 	.word	0x1000011f
10000030:	10000111 	.word	0x10000111
10000034:	10000119 	.word	0x10000119
10000038:	10000121 	.word	0x10000121
1000003c:	10000123 	.word	0x10000123
10000040:	10000111 	.word	0x10000111
10000044:	10000111 	.word	0x10000111
10000048:	10000111 	.word	0x10000111
1000004c:	10000111 	.word	0x10000111
10000050:	10000111 	.word	0x10000111
10000054:	10000111 	.word	0x10000111
10000058:	10000111 	.word	0x10000111
1000005c:	10000111 	.word	0x10000111
10000060:	10000111 	.word	0x10000111
10000064:	10000111 	.word	0x10000111
10000068:	10000111 	.word	0x10000111
1000006c:	10000111 	.word	0x10000111
10000070:	10000111 	.word	0x10000111
10000074:	10000111 	.word	0x10000111
10000078:	10000111 	.word	0x10000111
1000007c:	10000111 	.word	0x10000111
10000080:	10000111 	.word	0x10000111
10000084:	10000111 	.word	0x10000111
10000088:	10000111 	.word	0x10000111
1000008c:	10000111 	.word	0x10000111
10000090:	10000111 	.word	0x10000111
10000094:	10000111 	.word	0x10000111
10000098:	10000111 	.word	0x10000111
1000009c:	10000111 	.word	0x10000111
100000a0:	10000111 	.word	0x10000111
100000a4:	10000111 	.word	0x10000111
100000a8:	10000111 	.word	0x10000111
100000ac:	10000111 	.word	0x10000111
100000b0:	10000111 	.word	0x10000111
100000b4:	10000111 	.word	0x10000111
100000b8:	10000111 	.word	0x10000111
100000bc:	10000111 	.word	0x10000111
100000c0:	10000111 	.word	0x10000111
100000c4:	10000111 	.word	0x10000111
100000c8:	10000111 	.word	0x10000111
100000cc:	10000111 	.word	0x10000111
100000d0:	10000111 	.word	0x10000111
100000d4:	10000111 	.word	0x10000111
100000d8:	10000111 	.word	0x10000111
100000dc:	10000111 	.word	0x10000111
100000e0:	10000111 	.word	0x10000111
100000e4:	10000111 	.word	0x10000111
100000e8:	10000111 	.word	0x10000111
100000ec:	10000111 	.word	0x10000111
100000f0:	10000111 	.word	0x10000111
100000f4:	10000111 	.word	0x10000111
100000f8:	10000111 	.word	0x10000111
100000fc:	10000111 	.word	0x10000111
10000100:	10000111 	.word	0x10000111
10000104:	10000111 	.word	0x10000111
10000108:	10000111 	.word	0x10000111
1000010c:	10000111 	.word	0x10000111

10000110 <__unhandled_user_irq>:
10000110:	f3ef 8005 	mrs	r0, IPSR
10000114:	3810      	subs	r0, #16

10000116 <unhandled_user_irq_num_in_r0>:
10000116:	be00      	bkpt	0x0000

10000118 <isr_invalid>:
10000118:	be00      	bkpt	0x0000

1000011a <isr_nmi>:
1000011a:	be00      	bkpt	0x0000

1000011c <isr_hardfault>:
1000011c:	be00      	bkpt	0x0000

1000011e <isr_svcall>:
1000011e:	be00      	bkpt	0x0000

10000120 <isr_pendsv>:
10000120:	be00      	bkpt	0x0000

10000122 <isr_systick>:
10000122:	be00      	bkpt	0x0000

10000124 <__default_isrs_end>:
10000124:	7188ebf2 	.word	0x7188ebf2
10000128:	10007f34 	.word	0x10007f34
1000012c:	10007f54 	.word	0x10007f54
10000130:	100001a0 	.word	0x100001a0
10000134:	e71aa390 	.word	0xe71aa390

10000138 <__binary_info_header_end>:
10000138:	ffffded3 	.word	0xffffded3
1000013c:	10210142 	.word	0x10210142
10000140:	000001ff 	.word	0x000001ff
10000144:	000097ac 	.word	0x000097ac
10000148:	ab123579 	.word	0xab123579

1000014c <_entry_point>:
1000014c:	f04f 0000 	mov.w	r0, #0

10000150 <_enter_vtable_in_r0>:
10000150:	491e      	ldr	r1, [pc, #120]	@ (100001cc <data_cpy_table+0x2c>)
10000152:	6008      	str	r0, [r1, #0]
10000154:	c806      	ldmia	r0!, {r1, r2}
10000156:	f381 8808 	msr	MSP, r1
1000015a:	4710      	bx	r2

1000015c <_reset_handler>:
1000015c:	f04f 4050 	mov.w	r0, #3489660928	@ 0xd0000000
10000160:	6800      	ldr	r0, [r0, #0]
10000162:	b110      	cbz	r0, 1000016a <hold_non_core0_in_bootrom+0x6>

10000164 <hold_non_core0_in_bootrom>:
10000164:	f04f 0000 	mov.w	r0, #0
10000168:	e7f2      	b.n	10000150 <_enter_vtable_in_r0>
1000016a:	a40d      	add	r4, pc, #52	@ (adr r4, 100001a0 <data_cpy_table>)
1000016c:	cc0e      	ldmia	r4!, {r1, r2, r3}
1000016e:	2900      	cmp	r1, #0
10000170:	d002      	beq.n	10000178 <hold_non_core0_in_bootrom+0x14>
10000172:	f000 f812 	bl	1000019a <data_cpy>
10000176:	e7f9      	b.n	1000016c <hold_non_core0_in_bootrom+0x8>
10000178:	4915      	ldr	r1, [pc, #84]	@ (100001d0 <data_cpy_table+0x30>)
1000017a:	4a16      	ldr	r2, [pc, #88]	@ (100001d4 <data_cpy_table+0x34>)
1000017c:	2000      	movs	r0, #0
1000017e:	e000      	b.n	10000182 <bss_fill_test>

10000180 <bss_fill_loop>:
10000180:	c101      	stmia	r1!, {r0}

10000182 <bss_fill_test>:
10000182:	4291      	cmp	r1, r2
10000184:	d1fc      	bne.n	10000180 <bss_fill_loop>

10000186 <platform_entry>:
10000186:	4914      	ldr	r1, [pc, #80]	@ (100001d8 <data_cpy_table+0x38>)
10000188:	4788      	blx	r1
1000018a:	4914      	ldr	r1, [pc, #80]	@ (100001dc <data_cpy_table+0x3c>)
1000018c:	4788      	blx	r1
1000018e:	4914      	ldr	r1, [pc, #80]	@ (100001e0 <data_cpy_table+0x40>)
10000190:	4788      	blx	r1
10000192:	be00      	bkpt	0x0000
10000194:	e7fd      	b.n	10000192 <platform_entry+0xc>

10000196 <data_cpy_loop>:
10000196:	c901      	ldmia	r1!, {r0}
10000198:	c201      	stmia	r2!, {r0}

1000019a <data_cpy>:
1000019a:	429a      	cmp	r2, r3
1000019c:	d3fb      	bcc.n	10000196 <data_cpy_loop>
1000019e:	4770      	bx	lr

100001a0 <data_cpy_table>:
100001a0:	10007f54 	.word	0x10007f54
100001a4:	20000110 	.word	0x20000110
100001a8:	20001aa0 	.word	0x20001aa0
100001ac:	100098e4 	.word	0x100098e4
100001b0:	20080000 	.word	0x20080000
100001b4:	20080000 	.word	0x20080000
100001b8:	100098e4 	.word	0x100098e4
100001bc:	20081000 	.word	0x20081000
100001c0:	20081000 	.word	0x20081000
100001c4:	00000000 	.word	0x00000000
100001c8:	4770      	bx	lr
100001ca:	0000      	.short	0x0000
100001cc:	e000ed08 	.word	0xe000ed08
100001d0:	20001aa0 	.word	0x20001aa0
100001d4:	20002a1c 	.word	0x20002a1c
100001d8:	100036c5 	.word	0x100036c5
100001dc:	100005ad 	.word	0x100005ad
100001e0:	100036bd 	.word	0x100036bd

100001e4 <_init>:
100001e4:	b5f8      	push	{r3, r4, r5, r6, r7, lr}
100001e6:	bf00      	nop

100001e8 <deregister_tm_clones>:
100001e8:	4803      	ldr	r0, [pc, #12]	@ (100001f8 <deregister_tm_clones+0x10>)
100001ea:	4b04      	ldr	r3, [pc, #16]	@ (100001fc <deregister_tm_clones+0x14>)
100001ec:	4283      	cmp	r3, r0
100001ee:	d002      	beq.n	100001f6 <deregister_tm_clones+0xe>
100001f0:	4b03      	ldr	r3, [pc, #12]	@ (10000200 <deregister_tm_clones+0x18>)
100001f2:	b103      	cbz	r3, 100001f6 <deregister_tm_clones+0xe>
100001f4:	4718      	bx	r3
100001f6:	4770      	bx	lr
100001f8:	20001aa0 	.word	0x20001aa0
100001fc:	20001aa0 	.word	0x20001aa0
10000200:	00000000 	.word	0x00000000

10000204 <register_tm_clones>:
10000204:	4b06      	ldr	r3, [pc, #24]	@ (10000220 <register_tm_clones+0x1c>)
10000206:	4907      	ldr	r1, [pc, #28]	@ (10000224 <register_tm_clones+0x20>)
10000208:	1ac9      	subs	r1, r1, r3
1000020a:	1089      	asrs	r1, r1, #2
1000020c:	bf48      	it	mi
1000020e:	3101      	addmi	r1, #1
10000210:	1049      	asrs	r1, r1, #1
10000212:	d003      	beq.n	1000021c <register_tm_clones+0x18>
10000214:	4b04      	ldr	r3, [pc, #16]	@ (10000228 <register_tm_clones+0x24>)
10000216:	b10b      	cbz	r3, 1000021c <register_tm_clones+0x18>
10000218:	4801      	ldr	r0, [pc, #4]	@ (10000220 <register_tm_clones+0x1c>)
1000021a:	4718      	bx	r3
1000021c:	4770      	bx	lr
1000021e:	bf00      	nop
10000220:	20001aa0 	.word	0x20001aa0
10000224:	20001aa0 	.word	0x20001aa0
10000228:	00000000 	.word	0x00000000

1000022c <__do_global_dtors_aux>:
1000022c:	b510      	push	{r4, lr}
1000022e:	4c06      	ldr	r4, [pc, #24]	@ (10000248 <__do_global_dtors_aux+0x1c>)
10000230:	7823      	ldrb	r3, [r4, #0]
10000232:	b943      	cbnz	r3, 10000246 <__do_global_dtors_aux+0x1a>
10000234:	f7ff ffd8 	bl	100001e8 <deregister_tm_clones>
10000238:	4b04      	ldr	r3, [pc, #16]	@ (1000024c <__do_global_dtors_aux+0x20>)
1000023a:	b113      	cbz	r3, 10000242 <__do_global_dtors_aux+0x16>
1000023c:	4804      	ldr	r0, [pc, #16]	@ (10000250 <__do_global_dtors_aux+0x24>)
1000023e:	f3af 8000 	nop.w
10000242:	2301      	movs	r3, #1
10000244:	7023      	strb	r3, [r4, #0]
10000246:	bd10      	pop	{r4, pc}
10000248:	20001d18 	.word	0x20001d18
1000024c:	00000000 	.word	0x00000000
10000250:	10007a50 	.word	0x10007a50

10000254 <frame_dummy>:
10000254:	b508      	push	{r3, lr}
10000256:	4b04      	ldr	r3, [pc, #16]	@ (10000268 <frame_dummy+0x14>)
10000258:	b11b      	cbz	r3, 10000262 <frame_dummy+0xe>
1000025a:	4904      	ldr	r1, [pc, #16]	@ (1000026c <frame_dummy+0x18>)
1000025c:	4804      	ldr	r0, [pc, #16]	@ (10000270 <frame_dummy+0x1c>)
1000025e:	f3af 8000 	nop.w
10000262:	e8bd 4008 	ldmia.w	sp!, {r3, lr}
10000266:	e7cd      	b.n	10000204 <register_tm_clones>
10000268:	00000000 	.word	0x00000000
1000026c:	20001d1c 	.word	0x20001d1c
10000270:	10007a50 	.word	0x10007a50

10000274 <_Z23mag_hold_alarm_callbacklPv>:
10000274:	2201      	movs	r2, #1
10000276:	4b02      	ldr	r3, [pc, #8]	@ (10000280 <_Z23mag_hold_alarm_callbacklPv+0xc>)
10000278:	2000      	movs	r0, #0
1000027a:	2100      	movs	r1, #0
1000027c:	701a      	strb	r2, [r3, #0]
1000027e:	4770      	bx	lr
10000280:	20002a14 	.word	0x20002a14

10000284 <_Z23magneto_act_on_max_axis11magneto_pos.part.0>:
10000284:	b5f0      	push	{r4, r5, r6, r7, lr}
10000286:	b085      	sub	sp, #20
10000288:	2805      	cmp	r0, #5
1000028a:	d833      	bhi.n	100002f4 <_Z23magneto_act_on_max_axis11magneto_pos.part.0+0x70>
1000028c:	e8df f000 	tbb	[pc, r0]
10000290:	87504834 	.word	0x87504834
10000294:	03bf      	.short	0x03bf
10000296:	4c75      	ldr	r4, [pc, #468]	@ (1000046c <_Z23magneto_act_on_max_axis11magneto_pos.part.0+0x1e8>)
10000298:	4d75      	ldr	r5, [pc, #468]	@ (10000470 <_Z23magneto_act_on_max_axis11magneto_pos.part.0+0x1ec>)
1000029a:	7823      	ldrb	r3, [r4, #0]
1000029c:	2b05      	cmp	r3, #5
1000029e:	d005      	beq.n	100002ac <_Z23magneto_act_on_max_axis11magneto_pos.part.0+0x28>
100002a0:	682e      	ldr	r6, [r5, #0]
100002a2:	f000 ffd5 	bl	10001250 <alarm_pool_get_default>
100002a6:	4631      	mov	r1, r6
100002a8:	f001 f8a8 	bl	100013fc <alarm_pool_cancel_alarm>
100002ac:	f000 ffd0 	bl	10001250 <alarm_pool_get_default>
100002b0:	4606      	mov	r6, r0
100002b2:	f001 f9d1 	bl	10001658 <time_us_64>
100002b6:	f04f 3eff 	mov.w	lr, #4294967295	@ 0xffffffff
100002ba:	f06f 4c00 	mvn.w	ip, #2147483648	@ 0x80000000
100002be:	4a6d      	ldr	r2, [pc, #436]	@ (10000474 <_Z23magneto_act_on_max_axis11magneto_pos.part.0+0x1f0>)
100002c0:	1882      	adds	r2, r0, r2
100002c2:	4630      	mov	r0, r6
100002c4:	f04f 0600 	mov.w	r6, #0
100002c8:	f141 0300 	adc.w	r3, r1, #0
100002cc:	4596      	cmp	lr, r2
100002ce:	eb7c 0103 	sbcs.w	r1, ip, r3
100002d2:	4969      	ldr	r1, [pc, #420]	@ (10000478 <_Z23magneto_act_on_max_axis11magneto_pos.part.0+0x1f4>)
100002d4:	bf3c      	itt	cc
100002d6:	4672      	movcc	r2, lr
100002d8:	4663      	movcc	r3, ip
100002da:	9100      	str	r1, [sp, #0]
100002dc:	e9cd 6601 	strd	r6, r6, [sp, #4]
100002e0:	f000 ffba 	bl	10001258 <alarm_pool_add_alarm_at>
100002e4:	2105      	movs	r1, #5
100002e6:	4b65      	ldr	r3, [pc, #404]	@ (1000047c <_Z23magneto_act_on_max_axis11magneto_pos.part.0+0x1f8>)
100002e8:	6028      	str	r0, [r5, #0]
100002ea:	781a      	ldrb	r2, [r3, #0]
100002ec:	7021      	strb	r1, [r4, #0]
100002ee:	2a00      	cmp	r2, #0
100002f0:	f040 80b6 	bne.w	10000460 <_Z23magneto_act_on_max_axis11magneto_pos.part.0+0x1dc>
100002f4:	b005      	add	sp, #20
100002f6:	bdf0      	pop	{r4, r5, r6, r7, pc}
100002f8:	20c8      	movs	r0, #200	@ 0xc8
100002fa:	f001 f91f 	bl	1000153c <sleep_ms>
100002fe:	4a60      	ldr	r2, [pc, #384]	@ (10000480 <_Z23magneto_act_on_max_axis11magneto_pos.part.0+0x1fc>)
10000300:	4860      	ldr	r0, [pc, #384]	@ (10000484 <_Z23magneto_act_on_max_axis11magneto_pos.part.0+0x200>)
10000302:	8813      	ldrh	r3, [r2, #0]
10000304:	3301      	adds	r3, #1
10000306:	b21b      	sxth	r3, r3
10000308:	f383 0308 	usat	r3, #8, r3
1000030c:	b2d9      	uxtb	r1, r3
1000030e:	8013      	strh	r3, [r2, #0]
10000310:	f006 fb66 	bl	100069e0 <_ZN17Adafruit_NeoPixel13setBrightnessEh>
10000314:	485b      	ldr	r0, [pc, #364]	@ (10000484 <_Z23magneto_act_on_max_axis11magneto_pos.part.0+0x200>)
10000316:	b005      	add	sp, #20
10000318:	e8bd 40f0 	ldmia.w	sp!, {r4, r5, r6, r7, lr}
1000031c:	f006 baa4 	b.w	10006868 <_ZN17Adafruit_NeoPixel4showEv>
10000320:	20c8      	movs	r0, #200	@ 0xc8
10000322:	f001 f90b 	bl	1000153c <sleep_ms>
10000326:	4a56      	ldr	r2, [pc, #344]	@ (10000480 <_Z23magneto_act_on_max_axis11magneto_pos.part.0+0x1fc>)
10000328:	4856      	ldr	r0, [pc, #344]	@ (10000484 <_Z23magneto_act_on_max_axis11magneto_pos.part.0+0x200>)
1000032a:	8813      	ldrh	r3, [r2, #0]
1000032c:	3b01      	subs	r3, #1
1000032e:	e7ea      	b.n	10000306 <_Z23magneto_act_on_max_axis11magneto_pos.part.0+0x82>
10000330:	4c4e      	ldr	r4, [pc, #312]	@ (1000046c <_Z23magneto_act_on_max_axis11magneto_pos.part.0+0x1e8>)
10000332:	4d4f      	ldr	r5, [pc, #316]	@ (10000470 <_Z23magneto_act_on_max_axis11magneto_pos.part.0+0x1ec>)
10000334:	7823      	ldrb	r3, [r4, #0]
10000336:	2b02      	cmp	r3, #2
10000338:	d005      	beq.n	10000346 <_Z23magneto_act_on_max_axis11magneto_pos.part.0+0xc2>
1000033a:	682e      	ldr	r6, [r5, #0]
1000033c:	f000 ff88 	bl	10001250 <alarm_pool_get_default>
10000340:	4631      	mov	r1, r6
10000342:	f001 f85b 	bl	100013fc <alarm_pool_cancel_alarm>
10000346:	f000 ff83 	bl	10001250 <alarm_pool_get_default>
1000034a:	4606      	mov	r6, r0
1000034c:	f001 f984 	bl	10001658 <time_us_64>
10000350:	f04f 3eff 	mov.w	lr, #4294967295	@ 0xffffffff
10000354:	f06f 4c00 	mvn.w	ip, #2147483648	@ 0x80000000
10000358:	4a46      	ldr	r2, [pc, #280]	@ (10000474 <_Z23magneto_act_on_max_axis11magneto_pos.part.0+0x1f0>)
1000035a:	4f48      	ldr	r7, [pc, #288]	@ (1000047c <_Z23magneto_act_on_max_axis11magneto_pos.part.0+0x1f8>)
1000035c:	1882      	adds	r2, r0, r2
1000035e:	4630      	mov	r0, r6
10000360:	f04f 0600 	mov.w	r6, #0
10000364:	f141 0300 	adc.w	r3, r1, #0
10000368:	4596      	cmp	lr, r2
1000036a:	eb7c 0103 	sbcs.w	r1, ip, r3
1000036e:	4942      	ldr	r1, [pc, #264]	@ (10000478 <_Z23magneto_act_on_max_axis11magneto_pos.part.0+0x1f4>)
10000370:	bf3c      	itt	cc
10000372:	4672      	movcc	r2, lr
10000374:	4663      	movcc	r3, ip
10000376:	e9cd 6601 	strd	r6, r6, [sp, #4]
1000037a:	9100      	str	r1, [sp, #0]
1000037c:	f000 ff6c 	bl	10001258 <alarm_pool_add_alarm_at>
10000380:	2202      	movs	r2, #2
10000382:	783b      	ldrb	r3, [r7, #0]
10000384:	6028      	str	r0, [r5, #0]
10000386:	7022      	strb	r2, [r4, #0]
10000388:	2b00      	cmp	r3, #0
1000038a:	d0b3      	beq.n	100002f4 <_Z23magneto_act_on_max_axis11magneto_pos.part.0+0x70>
1000038c:	2310      	movs	r3, #16
1000038e:	4632      	mov	r2, r6
10000390:	f44f 417f 	mov.w	r1, #65280	@ 0xff00
10000394:	483b      	ldr	r0, [pc, #236]	@ (10000484 <_Z23magneto_act_on_max_axis11magneto_pos.part.0+0x200>)
10000396:	703e      	strb	r6, [r7, #0]
10000398:	f006 fa8a 	bl	100068b0 <_ZN17Adafruit_NeoPixel4fillEmtt>
1000039c:	e7ba      	b.n	10000314 <_Z23magneto_act_on_max_axis11magneto_pos.part.0+0x90>
1000039e:	4c33      	ldr	r4, [pc, #204]	@ (1000046c <_Z23magneto_act_on_max_axis11magneto_pos.part.0+0x1e8>)
100003a0:	4d33      	ldr	r5, [pc, #204]	@ (10000470 <_Z23magneto_act_on_max_axis11magneto_pos.part.0+0x1ec>)
100003a2:	7823      	ldrb	r3, [r4, #0]
100003a4:	2b03      	cmp	r3, #3
100003a6:	d005      	beq.n	100003b4 <_Z23magneto_act_on_max_axis11magneto_pos.part.0+0x130>
100003a8:	682e      	ldr	r6, [r5, #0]
100003aa:	f000 ff51 	bl	10001250 <alarm_pool_get_default>
100003ae:	4631      	mov	r1, r6
100003b0:	f001 f824 	bl	100013fc <alarm_pool_cancel_alarm>
100003b4:	f000 ff4c 	bl	10001250 <alarm_pool_get_default>
100003b8:	4606      	mov	r6, r0
100003ba:	f001 f94d 	bl	10001658 <time_us_64>
100003be:	f04f 3eff 	mov.w	lr, #4294967295	@ 0xffffffff
100003c2:	f06f 4c00 	mvn.w	ip, #2147483648	@ 0x80000000
100003c6:	4a2b      	ldr	r2, [pc, #172]	@ (10000474 <_Z23magneto_act_on_max_axis11magneto_pos.part.0+0x1f0>)
100003c8:	1882      	adds	r2, r0, r2
100003ca:	f141 0300 	adc.w	r3, r1, #0
100003ce:	4596      	cmp	lr, r2
100003d0:	eb7c 0103 	sbcs.w	r1, ip, r3
100003d4:	f04f 0100 	mov.w	r1, #0
100003d8:	4630      	mov	r0, r6
100003da:	4e27      	ldr	r6, [pc, #156]	@ (10000478 <_Z23magneto_act_on_max_axis11magneto_pos.part.0+0x1f4>)
100003dc:	bf3c      	itt	cc
100003de:	4672      	movcc	r2, lr
100003e0:	4663      	movcc	r3, ip
100003e2:	e9cd 1101 	strd	r1, r1, [sp, #4]
100003e6:	9600      	str	r6, [sp, #0]
100003e8:	f000 ff36 	bl	10001258 <alarm_pool_add_alarm_at>
100003ec:	2203      	movs	r2, #3
100003ee:	4e23      	ldr	r6, [pc, #140]	@ (1000047c <_Z23magneto_act_on_max_axis11magneto_pos.part.0+0x1f8>)
100003f0:	6028      	str	r0, [r5, #0]
100003f2:	7833      	ldrb	r3, [r6, #0]
100003f4:	7022      	strb	r2, [r4, #0]
100003f6:	2b00      	cmp	r3, #0
100003f8:	f43f af7c 	beq.w	100002f4 <_Z23magneto_act_on_max_axis11magneto_pos.part.0+0x70>
100003fc:	2200      	movs	r2, #0
100003fe:	2310      	movs	r3, #16
10000400:	f44f 017f 	mov.w	r1, #16711680	@ 0xff0000
10000404:	481f      	ldr	r0, [pc, #124]	@ (10000484 <_Z23magneto_act_on_max_axis11magneto_pos.part.0+0x200>)
10000406:	7032      	strb	r2, [r6, #0]
10000408:	f006 fa52 	bl	100068b0 <_ZN17Adafruit_NeoPixel4fillEmtt>
1000040c:	e782      	b.n	10000314 <_Z23magneto_act_on_max_axis11magneto_pos.part.0+0x90>
1000040e:	4c17      	ldr	r4, [pc, #92]	@ (1000046c <_Z23magneto_act_on_max_axis11magneto_pos.part.0+0x1e8>)
10000410:	4d17      	ldr	r5, [pc, #92]	@ (10000470 <_Z23magneto_act_on_max_axis11magneto_pos.part.0+0x1ec>)
10000412:	7823      	ldrb	r3, [r4, #0]
10000414:	2b04      	cmp	r3, #4
10000416:	d005      	beq.n	10000424 <_Z23magneto_act_on_max_axis11magneto_pos.part.0+0x1a0>
10000418:	682e      	ldr	r6, [r5, #0]
1000041a:	f000 ff19 	bl	10001250 <alarm_pool_get_default>
1000041e:	4631      	mov	r1, r6
10000420:	f000 ffec 	bl	100013fc <alarm_pool_cancel_alarm>
10000424:	f000 ff14 	bl	10001250 <alarm_pool_get_default>
10000428:	4606      	mov	r6, r0
1000042a:	f001 f915 	bl	10001658 <time_us_64>
1000042e:	f04f 3eff 	mov.w	lr, #4294967295	@ 0xffffffff
10000432:	f06f 4c00 	mvn.w	ip, #2147483648	@ 0x80000000
10000436:	4a14      	ldr	r2, [pc, #80]	@ (10000488 <_Z23magneto_act_on_max_axis11magneto_pos.part.0+0x204>)
10000438:	1882      	adds	r2, r0, r2
1000043a:	f141 0300 	adc.w	r3, r1, #0
1000043e:	4596      	cmp	lr, r2
10000440:	eb7c 0103 	sbcs.w	r1, ip, r3
10000444:	f04f 0100 	mov.w	r1, #0
10000448:	4630      	mov	r0, r6
1000044a:	4e0b      	ldr	r6, [pc, #44]	@ (10000478 <_Z23magneto_act_on_max_axis11magneto_pos.part.0+0x1f4>)
1000044c:	bf3c      	itt	cc
1000044e:	4672      	movcc	r2, lr
10000450:	4663      	movcc	r3, ip
10000452:	e9cd 1101 	strd	r1, r1, [sp, #4]
10000456:	9600      	str	r6, [sp, #0]
10000458:	f000 fefe 	bl	10001258 <alarm_pool_add_alarm_at>
1000045c:	2204      	movs	r2, #4
1000045e:	e7c6      	b.n	100003ee <_Z23magneto_act_on_max_axis11magneto_pos.part.0+0x16a>
10000460:	4808      	ldr	r0, [pc, #32]	@ (10000484 <_Z23magneto_act_on_max_axis11magneto_pos.part.0+0x200>)
10000462:	701e      	strb	r6, [r3, #0]
10000464:	f006 faea 	bl	10006a3c <_ZN17Adafruit_NeoPixel5clearEv>
10000468:	e754      	b.n	10000314 <_Z23magneto_act_on_max_axis11magneto_pos.part.0+0x90>
1000046a:	bf00      	nop
1000046c:	20002a15 	.word	0x20002a15
10000470:	200014b0 	.word	0x200014b0
10000474:	000f4240 	.word	0x000f4240
10000478:	10000275 	.word	0x10000275
1000047c:	20002a14 	.word	0x20002a14
10000480:	200014b4 	.word	0x200014b4
10000484:	20001cf0 	.word	0x20001cf0
10000488:	001e8480 	.word	0x001e8480

1000048c <_Z12tlv493d_initv>:
1000048c:	b510      	push	{r4, lr}
1000048e:	2400      	movs	r4, #0
10000490:	b086      	sub	sp, #24
10000492:	230a      	movs	r3, #10
10000494:	215e      	movs	r1, #94	@ 0x5e
10000496:	4815      	ldr	r0, [pc, #84]	@ (100004ec <_Z12tlv493d_initv+0x60>)
10000498:	aa03      	add	r2, sp, #12
1000049a:	9400      	str	r4, [sp, #0]
1000049c:	f005 ffa0 	bl	100063e0 <i2c_read_blocking>
100004a0:	3001      	adds	r0, #1
100004a2:	d01f      	beq.n	100004e4 <_Z12tlv493d_initv+0x58>
100004a4:	f89d 2013 	ldrb.w	r2, [sp, #19]
100004a8:	f89d c015 	ldrb.w	ip, [sp, #21]
100004ac:	f002 0218 	and.w	r2, r2, #24
100004b0:	f89d e014 	ldrb.w	lr, [sp, #20]
100004b4:	f042 0203 	orr.w	r2, r2, #3
100004b8:	f00c 0c1f 	and.w	ip, ip, #31
100004bc:	f88d 2009 	strb.w	r2, [sp, #9]
100004c0:	2304      	movs	r3, #4
100004c2:	215e      	movs	r1, #94	@ 0x5e
100004c4:	9400      	str	r4, [sp, #0]
100004c6:	aa02      	add	r2, sp, #8
100004c8:	4808      	ldr	r0, [pc, #32]	@ (100004ec <_Z12tlv493d_initv+0x60>)
100004ca:	f88d 4008 	strb.w	r4, [sp, #8]
100004ce:	f88d e00a 	strb.w	lr, [sp, #10]
100004d2:	f88d c00b 	strb.w	ip, [sp, #11]
100004d6:	f005 ff7b 	bl	100063d0 <i2c_write_blocking>
100004da:	3001      	adds	r0, #1
100004dc:	bf18      	it	ne
100004de:	2001      	movne	r0, #1
100004e0:	b006      	add	sp, #24
100004e2:	bd10      	pop	{r4, pc}
100004e4:	4620      	mov	r0, r4
100004e6:	b006      	add	sp, #24
100004e8:	bd10      	pop	{r4, pc}
100004ea:	bf00      	nop
100004ec:	20001550 	.word	0x20001550

100004f0 <_Z17tlv493d_read_dataPfS_S_>:
100004f0:	b5f0      	push	{r4, r5, r6, r7, lr}
100004f2:	2700      	movs	r7, #0
100004f4:	b085      	sub	sp, #20
100004f6:	4606      	mov	r6, r0
100004f8:	460d      	mov	r5, r1
100004fa:	4614      	mov	r4, r2
100004fc:	2307      	movs	r3, #7
100004fe:	215e      	movs	r1, #94	@ 0x5e
10000500:	4828      	ldr	r0, [pc, #160]	@ (100005a4 <_Z17tlv493d_read_dataPfS_S_+0xb4>)
10000502:	aa02      	add	r2, sp, #8
10000504:	9700      	str	r7, [sp, #0]
10000506:	f005 ff6b 	bl	100063e0 <i2c_read_blocking>
1000050a:	3001      	adds	r0, #1
1000050c:	d046      	beq.n	1000059c <_Z17tlv493d_read_dataPfS_S_+0xac>
1000050e:	f89d c00d 	ldrb.w	ip, [sp, #13]
10000512:	f89d 300c 	ldrb.w	r3, [sp, #12]
10000516:	f89d 200a 	ldrb.w	r2, [sp, #10]
1000051a:	f89d 1008 	ldrb.w	r1, [sp, #8]
1000051e:	f00c 0c0f 	and.w	ip, ip, #15
10000522:	ea4c 1c02 	orr.w	ip, ip, r2, lsl #4
10000526:	091a      	lsrs	r2, r3, #4
10000528:	ea42 1201 	orr.w	r2, r2, r1, lsl #4
1000052c:	09c9      	lsrs	r1, r1, #7
1000052e:	bf18      	it	ne
10000530:	ea6f 5202 	mvnne.w	r2, r2, lsl #20
10000534:	f89d 0009 	ldrb.w	r0, [sp, #9]
10000538:	f003 030f 	and.w	r3, r3, #15
1000053c:	ea43 1300 	orr.w	r3, r3, r0, lsl #4
10000540:	bf18      	it	ne
10000542:	ea6f 5212 	mvnne.w	r2, r2, lsr #20
10000546:	0519      	lsls	r1, r3, #20
10000548:	bf44      	itt	mi
1000054a:	ea6f 5303 	mvnmi.w	r3, r3, lsl #20
1000054e:	ea6f 5313 	mvnmi.w	r3, r3, lsr #20
10000552:	f41c 6f00 	tst.w	ip, #2048	@ 0x800
10000556:	bf18      	it	ne
10000558:	ea6f 5c0c 	mvnne.w	ip, ip, lsl #20
1000055c:	ee07 2a90 	vmov	s15, r2
10000560:	bf18      	it	ne
10000562:	ea6f 5c1c 	mvnne.w	ip, ip, lsr #20
10000566:	eef8 6ae7 	vcvt.f32.s32	s13, s15
1000056a:	ee07 ca10 	vmov	s14, ip
1000056e:	ee07 3a90 	vmov	s15, r3
10000572:	ed9f 6a0d 	vldr	s12, [pc, #52]	@ 100005a8 <_Z17tlv493d_read_dataPfS_S_+0xb8>
10000576:	eef8 7ae7 	vcvt.f32.s32	s15, s15
1000057a:	eeb8 7ac7 	vcvt.f32.s32	s14, s14
1000057e:	2001      	movs	r0, #1
10000580:	ee66 6a86 	vmul.f32	s13, s13, s12
10000584:	ee67 7a86 	vmul.f32	s15, s15, s12
10000588:	ee27 7a06 	vmul.f32	s14, s14, s12
1000058c:	edc6 6a00 	vstr	s13, [r6]
10000590:	edc5 7a00 	vstr	s15, [r5]
10000594:	ed84 7a00 	vstr	s14, [r4]
10000598:	b005      	add	sp, #20
1000059a:	bdf0      	pop	{r4, r5, r6, r7, pc}
1000059c:	4638      	mov	r0, r7
1000059e:	b005      	add	sp, #20
100005a0:	bdf0      	pop	{r4, r5, r6, r7, pc}
100005a2:	bf00      	nop
100005a4:	20001550 	.word	0x20001550
100005a8:	3dc8b439 	.word	0x3dc8b439

100005ac <main>:
100005ac:	e92d 41f0 	stmdb	sp!, {r4, r5, r6, r7, r8, lr}
100005b0:	ed2d 8b04 	vpush	{d8-d9}
100005b4:	b088      	sub	sp, #32
100005b6:	f003 f9b1 	bl	1000391c <stdio_init_all>
100005ba:	4958      	ldr	r1, [pc, #352]	@ (1000071c <main+0x170>)
100005bc:	4858      	ldr	r0, [pc, #352]	@ (10000720 <main+0x174>)
100005be:	f005 fee1 	bl	10006384 <i2c_init>
100005c2:	2103      	movs	r1, #3
100005c4:	2010      	movs	r0, #16
100005c6:	f000 f8c5 	bl	10000754 <gpio_set_function>
100005ca:	2103      	movs	r1, #3
100005cc:	2011      	movs	r0, #17
100005ce:	f000 f8c1 	bl	10000754 <gpio_set_function>
100005d2:	f44f 707a 	mov.w	r0, #1000	@ 0x3e8
100005d6:	f000 ffb1 	bl	1000153c <sleep_ms>
100005da:	4852      	ldr	r0, [pc, #328]	@ (10000724 <main+0x178>)
100005dc:	f003 f9e2 	bl	100039a4 <__wrap_puts>
100005e0:	f7ff ff54 	bl	1000048c <_Z12tlv493d_initv>
100005e4:	b918      	cbnz	r0, 100005ee <main+0x42>
100005e6:	4850      	ldr	r0, [pc, #320]	@ (10000728 <main+0x17c>)
100005e8:	f003 f9dc 	bl	100039a4 <__wrap_puts>
100005ec:	e7fe      	b.n	100005ec <main+0x40>
100005ee:	4c4f      	ldr	r4, [pc, #316]	@ (1000072c <main+0x180>)
100005f0:	484f      	ldr	r0, [pc, #316]	@ (10000730 <main+0x184>)
100005f2:	f003 f9d7 	bl	100039a4 <__wrap_puts>
100005f6:	f44f 5116 	mov.w	r1, #9600	@ 0x2580
100005fa:	4620      	mov	r0, r4
100005fc:	f001 f87a 	bl	100016f4 <uart_init>
10000600:	2102      	movs	r1, #2
10000602:	2004      	movs	r0, #4
10000604:	f000 f8a6 	bl	10000754 <gpio_set_function>
10000608:	2102      	movs	r1, #2
1000060a:	2005      	movs	r0, #5
1000060c:	f000 f8a2 	bl	10000754 <gpio_set_function>
10000610:	6b20      	ldr	r0, [r4, #48]	@ 0x30
10000612:	4d48      	ldr	r5, [pc, #288]	@ (10000734 <main+0x188>)
10000614:	f400 4040 	and.w	r0, r0, #49152	@ 0xc000
10000618:	2300      	movs	r3, #0
1000061a:	2201      	movs	r2, #1
1000061c:	6328      	str	r0, [r5, #48]	@ 0x30
1000061e:	2108      	movs	r1, #8
10000620:	4620      	mov	r0, r4
10000622:	f001 f8e9 	bl	100017f8 <uart_set_format>
10000626:	2101      	movs	r1, #1
10000628:	4620      	mov	r0, r4
1000062a:	f001 f91d 	bl	10001868 <uart_set_fifo_enabled>
1000062e:	2006      	movs	r0, #6
10000630:	f000 f8ae 	bl	10000790 <gpio_init>
10000634:	2306      	movs	r3, #6
10000636:	f04f 0201 	mov.w	r2, #1
1000063a:	ec42 3044 	gpioc_bit_oe_put r3, r2
1000063e:	f04f 0200 	mov.w	r2, #0
10000642:	ec42 3040 	gpioc_bit_out_put r3, r2
10000646:	f8df 80f8 	ldr.w	r8, [pc, #248]	@ 10000740 <main+0x194>
1000064a:	4f3b      	ldr	r7, [pc, #236]	@ (10000738 <main+0x18c>)
1000064c:	4e3b      	ldr	r6, [pc, #236]	@ (1000073c <main+0x190>)
1000064e:	e030      	b.n	100006b2 <main+0x106>
10000650:	eddd 8a05 	vldr	s17, [sp, #20]
10000654:	ee18 0a90 	vmov	r0, s17
10000658:	f007 f9ae 	bl	100079b8 <____aeabi_f2d_veneer>
1000065c:	ed9d 8a07 	vldr	s16, [sp, #28]
10000660:	4604      	mov	r4, r0
10000662:	ee18 0a10 	vmov	r0, s16
10000666:	460d      	mov	r5, r1
10000668:	f007 f9a6 	bl	100079b8 <____aeabi_f2d_veneer>
1000066c:	ed9d 9a06 	vldr	s18, [sp, #24]
10000670:	4602      	mov	r2, r0
10000672:	460b      	mov	r3, r1
10000674:	ee19 0a10 	vmov	r0, s18
10000678:	e9cd 2302 	strd	r2, r3, [sp, #8]
1000067c:	f007 f99c 	bl	100079b8 <____aeabi_f2d_veneer>
10000680:	4622      	mov	r2, r4
10000682:	e9cd 0100 	strd	r0, r1, [sp]
10000686:	462b      	mov	r3, r5
10000688:	4630      	mov	r0, r6
1000068a:	f003 fa0d 	bl	10003aa8 <__wrap_printf>
1000068e:	ee69 7a09 	vmul.f32	s15, s18, s18
10000692:	eee8 7aa8 	vfma.f32	s15, s17, s17
10000696:	eee8 7a08 	vfma.f32	s15, s16, s16
1000069a:	eeb7 7a08 	vmov.f32	s14, #120	@ 0x3fc00000  1.5
1000069e:	eef1 6ae7 	vsqrt.f32	s13, s15
100006a2:	eef4 6ac7 	vcmpe.f32	s13, s14
100006a6:	eef1 fa10 	vmrs	APSR_nzcv, fpscr
100006aa:	dc0d      	bgt.n	100006c8 <main+0x11c>
100006ac:	20c8      	movs	r0, #200	@ 0xc8
100006ae:	f000 ff45 	bl	1000153c <sleep_ms>
100006b2:	aa07      	add	r2, sp, #28
100006b4:	a906      	add	r1, sp, #24
100006b6:	a805      	add	r0, sp, #20
100006b8:	f7ff ff1a 	bl	100004f0 <_Z17tlv493d_read_dataPfS_S_>
100006bc:	2800      	cmp	r0, #0
100006be:	d1c7      	bne.n	10000650 <main+0xa4>
100006c0:	4638      	mov	r0, r7
100006c2:	f003 f96f 	bl	100039a4 <__wrap_puts>
100006c6:	e7f1      	b.n	100006ac <main+0x100>
100006c8:	eef0 7ae8 	vabs.f32	s15, s17
100006cc:	eeb0 7ac9 	vabs.f32	s14, s18
100006d0:	eef4 7ac7 	vcmpe.f32	s15, s14
100006d4:	eef1 fa10 	vmrs	APSR_nzcv, fpscr
100006d8:	eef0 6ac8 	vabs.f32	s13, s16
100006dc:	fe77 7a87 	vselgt.f32	s15, s15, s14
100006e0:	eef4 7ae6 	vcmpe.f32	s15, s13
100006e4:	fe78 8a89 	vselgt.f32	s17, s17, s18
100006e8:	eef1 fa10 	vmrs	APSR_nzcv, fpscr
100006ec:	bf58      	it	pl
100006ee:	eeb0 8a68 	vmovpl.f32	s16, s17
100006f2:	eeb5 8a40 	vcmp.f32	s16, #0.0
100006f6:	bf4b      	itete	mi
100006f8:	2304      	movmi	r3, #4
100006fa:	2300      	movpl	r3, #0
100006fc:	2205      	movmi	r2, #5
100006fe:	2201      	movpl	r2, #1
10000700:	eef1 fa10 	vmrs	APSR_nzcv, fpscr
10000704:	bf48      	it	mi
10000706:	4613      	movmi	r3, r2
10000708:	f898 0000 	ldrb.w	r0, [r8]
1000070c:	4298      	cmp	r0, r3
1000070e:	d002      	beq.n	10000716 <main+0x16a>
10000710:	f888 3000 	strb.w	r3, [r8]
10000714:	e7ca      	b.n	100006ac <main+0x100>
10000716:	f7ff fdb5 	bl	10000284 <_Z23magneto_act_on_max_axis11magneto_pos.part.0>
1000071a:	e7c7      	b.n	100006ac <main+0x100>
1000071c:	000186a0 	.word	0x000186a0
10000720:	20001550 	.word	0x20001550
10000724:	10007a50 	.word	0x10007a50
10000728:	10007a70 	.word	0x10007a70
1000072c:	40078000 	.word	0x40078000
10000730:	10007aa4 	.word	0x10007aa4
10000734:	40079000 	.word	0x40079000
10000738:	10007af0 	.word	0x10007af0
1000073c:	10007ac8 	.word	0x10007ac8
10000740:	20002a19 	.word	0x20002a19

10000744 <_GLOBAL__sub_I_ring_brightness>:
10000744:	2352      	movs	r3, #82	@ 0x52
10000746:	221a      	movs	r2, #26
10000748:	2110      	movs	r1, #16
1000074a:	4801      	ldr	r0, [pc, #4]	@ (10000750 <_GLOBAL__sub_I_ring_brightness+0xc>)
1000074c:	f005 be7a 	b.w	10006444 <_ZN17Adafruit_NeoPixelC1Ettt>
10000750:	20001cf0 	.word	0x20001cf0

10000754 <gpio_set_function>:
10000754:	b410      	push	{r4}
10000756:	f44f 7480 	mov.w	r4, #256	@ 0x100
1000075a:	4b0c      	ldr	r3, [pc, #48]	@ (1000078c <gpio_set_function+0x38>)
1000075c:	f853 2020 	ldr.w	r2, [r3, r0, lsl #2]
10000760:	eb03 0380 	add.w	r3, r3, r0, lsl #2
10000764:	00c0      	lsls	r0, r0, #3
10000766:	f082 0240 	eor.w	r2, r2, #64	@ 0x40
1000076a:	f100 4080 	add.w	r0, r0, #1073741824	@ 0x40000000
1000076e:	f503 5c80 	add.w	ip, r3, #4096	@ 0x1000
10000772:	f002 02c0 	and.w	r2, r2, #192	@ 0xc0
10000776:	f500 3020 	add.w	r0, r0, #163840	@ 0x28000
1000077a:	f503 5340 	add.w	r3, r3, #12288	@ 0x3000
1000077e:	f8cc 2000 	str.w	r2, [ip]
10000782:	6041      	str	r1, [r0, #4]
10000784:	601c      	str	r4, [r3, #0]
10000786:	f85d 4b04 	ldr.w	r4, [sp], #4
1000078a:	4770      	bx	lr
1000078c:	40038004 	.word	0x40038004

10000790 <gpio_init>:
10000790:	b430      	push	{r4, r5}
10000792:	f04f 0300 	mov.w	r3, #0
10000796:	ec43 0044 	gpioc_bit_oe_put r0, r3
1000079a:	ec43 0040 	gpioc_bit_out_put r0, r3
1000079e:	2505      	movs	r5, #5
100007a0:	f44f 7480 	mov.w	r4, #256	@ 0x100
100007a4:	4b0b      	ldr	r3, [pc, #44]	@ (100007d4 <gpio_init+0x44>)
100007a6:	00c2      	lsls	r2, r0, #3
100007a8:	f853 1020 	ldr.w	r1, [r3, r0, lsl #2]
100007ac:	eb03 0080 	add.w	r0, r3, r0, lsl #2
100007b0:	f081 0140 	eor.w	r1, r1, #64	@ 0x40
100007b4:	f102 4380 	add.w	r3, r2, #1073741824	@ 0x40000000
100007b8:	f503 3320 	add.w	r3, r3, #163840	@ 0x28000
100007bc:	f001 02c0 	and.w	r2, r1, #192	@ 0xc0
100007c0:	f500 5180 	add.w	r1, r0, #4096	@ 0x1000
100007c4:	f500 5040 	add.w	r0, r0, #12288	@ 0x3000
100007c8:	600a      	str	r2, [r1, #0]
100007ca:	605d      	str	r5, [r3, #4]
100007cc:	6004      	str	r4, [r0, #0]
100007ce:	bc30      	pop	{r4, r5}
100007d0:	4770      	bx	lr
100007d2:	bf00      	nop
100007d4:	40038004 	.word	0x40038004

100007d8 <panic>:
100007d8:	b40f      	push	{r0, r1, r2, r3}
100007da:	b500      	push	{lr}
100007dc:	b083      	sub	sp, #12
100007de:	9c04      	ldr	r4, [sp, #16]
100007e0:	4807      	ldr	r0, [pc, #28]	@ (10000800 <panic+0x28>)
100007e2:	f003 f8df 	bl	100039a4 <__wrap_puts>
100007e6:	b13c      	cbz	r4, 100007f8 <panic+0x20>
100007e8:	a905      	add	r1, sp, #20
100007ea:	4620      	mov	r0, r4
100007ec:	9101      	str	r1, [sp, #4]
100007ee:	f002 ff35 	bl	1000365c <weak_raw_vprintf>
100007f2:	4804      	ldr	r0, [pc, #16]	@ (10000804 <panic+0x2c>)
100007f4:	f003 f8d6 	bl	100039a4 <__wrap_puts>
100007f8:	2001      	movs	r0, #1
100007fa:	f002 ff47 	bl	1000368c <_exit>
100007fe:	bf00      	nop
10000800:	10007b0c 	.word	0x10007b0c
10000804:	10007b1c 	.word	0x10007b1c

10000808 <hw_claim_lock>:
10000808:	f3ef 8010 	mrs	r0, PRIMASK
1000080c:	b672      	cpsid	i
1000080e:	4b06      	ldr	r3, [pc, #24]	@ (10000828 <hw_claim_lock+0x20>)
10000810:	e8d3 1fcf 	ldaexb	r1, [r3]
10000814:	2201      	movs	r2, #1
10000816:	2900      	cmp	r1, #0
10000818:	d1fa      	bne.n	10000810 <hw_claim_lock+0x8>
1000081a:	e8c3 2f41 	strexb	r1, r2, [r3]
1000081e:	2900      	cmp	r1, #0
10000820:	d1f6      	bne.n	10000810 <hw_claim_lock+0x8>
10000822:	f3bf 8f5f 	dmb	sy
10000826:	4770      	bx	lr
10000828:	2000212b 	.word	0x2000212b

1000082c <hw_claim_unlock>:
1000082c:	2300      	movs	r3, #0
1000082e:	4a03      	ldr	r2, [pc, #12]	@ (1000083c <hw_claim_unlock+0x10>)
10000830:	e8c2 3f8f 	stlb	r3, [r2]
10000834:	f380 8810 	msr	PRIMASK, r0
10000838:	4770      	bx	lr
1000083a:	bf00      	nop
1000083c:	2000212b 	.word	0x2000212b

10000840 <hw_claim_or_assert>:
10000840:	b570      	push	{r4, r5, r6, lr}
10000842:	4686      	mov	lr, r0
10000844:	f3ef 8510 	mrs	r5, PRIMASK
10000848:	b672      	cpsid	i
1000084a:	4c12      	ldr	r4, [pc, #72]	@ (10000894 <hw_claim_or_assert+0x54>)
1000084c:	e8d4 6fcf 	ldaexb	r6, [r4]
10000850:	2001      	movs	r0, #1
10000852:	2e00      	cmp	r6, #0
10000854:	d1fa      	bne.n	1000084c <hw_claim_or_assert+0xc>
10000856:	e8c4 0f46 	strexb	r6, r0, [r4]
1000085a:	2e00      	cmp	r6, #0
1000085c:	d1f6      	bne.n	1000084c <hw_claim_or_assert+0xc>
1000085e:	f3bf 8f5f 	dmb	sy
10000862:	f04f 0c01 	mov.w	ip, #1
10000866:	08c8      	lsrs	r0, r1, #3
10000868:	f001 0307 	and.w	r3, r1, #7
1000086c:	fa0c f303 	lsl.w	r3, ip, r3
10000870:	f81e c000 	ldrb.w	ip, [lr, r0]
10000874:	ea1c 0603 	ands.w	r6, ip, r3
10000878:	d108      	bne.n	1000088c <hw_claim_or_assert+0x4c>
1000087a:	ea4c 0c03 	orr.w	ip, ip, r3
1000087e:	f80e c000 	strb.w	ip, [lr, r0]
10000882:	e8c4 6f8f 	stlb	r6, [r4]
10000886:	f385 8810 	msr	PRIMASK, r5
1000088a:	bd70      	pop	{r4, r5, r6, pc}
1000088c:	4610      	mov	r0, r2
1000088e:	f7ff ffa3 	bl	100007d8 <panic>
10000892:	bf00      	nop
10000894:	2000212b 	.word	0x2000212b

10000898 <hw_claim_unused_from_range>:
10000898:	b5f8      	push	{r3, r4, r5, r6, r7, lr}
1000089a:	f3ef 8510 	mrs	r5, PRIMASK
1000089e:	b672      	cpsid	i
100008a0:	4c23      	ldr	r4, [pc, #140]	@ (10000930 <hw_claim_unused_from_range+0x98>)
100008a2:	e8d4 7fcf 	ldaexb	r7, [r4]
100008a6:	2601      	movs	r6, #1
100008a8:	2f00      	cmp	r7, #0
100008aa:	d1fa      	bne.n	100008a2 <hw_claim_unused_from_range+0xa>
100008ac:	e8c4 6f47 	strexb	r7, r6, [r4]
100008b0:	2f00      	cmp	r7, #0
100008b2:	d1f6      	bne.n	100008a2 <hw_claim_unused_from_range+0xa>
100008b4:	f3bf 8f5f 	dmb	sy
100008b8:	429a      	cmp	r2, r3
100008ba:	d827      	bhi.n	1000090c <hw_claim_unused_from_range+0x74>
100008bc:	2601      	movs	r6, #1
100008be:	08d7      	lsrs	r7, r2, #3
100008c0:	f810 e007 	ldrb.w	lr, [r0, r7]
100008c4:	f002 0c07 	and.w	ip, r2, #7
100008c8:	fa06 fc0c 	lsl.w	ip, r6, ip
100008cc:	ea1e 0f0c 	tst.w	lr, ip
100008d0:	eb00 07d2 	add.w	r7, r0, r2, lsr #3
100008d4:	d10d      	bne.n	100008f2 <hw_claim_unused_from_range+0x5a>
100008d6:	e025      	b.n	10000924 <hw_claim_unused_from_range+0x8c>
100008d8:	ea4f 0ed2 	mov.w	lr, r2, lsr #3
100008dc:	f810 e00e 	ldrb.w	lr, [r0, lr]
100008e0:	f002 0c07 	and.w	ip, r2, #7
100008e4:	fa06 fc0c 	lsl.w	ip, r6, ip
100008e8:	ea1e 0f0c 	tst.w	lr, ip
100008ec:	eb00 07d2 	add.w	r7, r0, r2, lsr #3
100008f0:	d018      	beq.n	10000924 <hw_claim_unused_from_range+0x8c>
100008f2:	3201      	adds	r2, #1
100008f4:	4293      	cmp	r3, r2
100008f6:	d2ef      	bcs.n	100008d8 <hw_claim_unused_from_range+0x40>
100008f8:	f04f 30ff 	mov.w	r0, #4294967295	@ 0xffffffff
100008fc:	2300      	movs	r3, #0
100008fe:	e8c4 3f8f 	stlb	r3, [r4]
10000902:	f385 8810 	msr	PRIMASK, r5
10000906:	4298      	cmp	r0, r3
10000908:	db07      	blt.n	1000091a <hw_claim_unused_from_range+0x82>
1000090a:	bdf8      	pop	{r3, r4, r5, r6, r7, pc}
1000090c:	2300      	movs	r3, #0
1000090e:	e8c4 3f8f 	stlb	r3, [r4]
10000912:	f385 8810 	msr	PRIMASK, r5
10000916:	f04f 30ff 	mov.w	r0, #4294967295	@ 0xffffffff
1000091a:	2900      	cmp	r1, #0
1000091c:	d0f5      	beq.n	1000090a <hw_claim_unused_from_range+0x72>
1000091e:	9806      	ldr	r0, [sp, #24]
10000920:	f7ff ff5a 	bl	100007d8 <panic>
10000924:	ea4e 0e0c 	orr.w	lr, lr, ip
10000928:	4610      	mov	r0, r2
1000092a:	f887 e000 	strb.w	lr, [r7]
1000092e:	e7e5      	b.n	100008fc <hw_claim_unused_from_range+0x64>
10000930:	2000212b 	.word	0x2000212b

10000934 <next_striped_spin_lock_num>:
10000934:	4a04      	ldr	r2, [pc, #16]	@ (10000948 <next_striped_spin_lock_num+0x14>)
10000936:	7810      	ldrb	r0, [r2, #0]
10000938:	1c43      	adds	r3, r0, #1
1000093a:	b2db      	uxtb	r3, r3
1000093c:	2b18      	cmp	r3, #24
1000093e:	bf28      	it	cs
10000940:	2310      	movcs	r3, #16
10000942:	7013      	strb	r3, [r2, #0]
10000944:	4770      	bx	lr
10000946:	bf00      	nop
10000948:	200014b6 	.word	0x200014b6

1000094c <spin_lock_claim_unused>:
1000094c:	b510      	push	{r4, lr}
1000094e:	4c05      	ldr	r4, [pc, #20]	@ (10000964 <spin_lock_claim_unused+0x18>)
10000950:	b082      	sub	sp, #8
10000952:	4601      	mov	r1, r0
10000954:	231f      	movs	r3, #31
10000956:	2218      	movs	r2, #24
10000958:	9400      	str	r4, [sp, #0]
1000095a:	4803      	ldr	r0, [pc, #12]	@ (10000968 <spin_lock_claim_unused+0x1c>)
1000095c:	f7ff ff9c 	bl	10000898 <hw_claim_unused_from_range>
10000960:	b002      	add	sp, #8
10000962:	bd10      	pop	{r4, pc}
10000964:	10007b20 	.word	0x10007b20
10000968:	20002548 	.word	0x20002548

1000096c <spinlock_set_extexclall>:
1000096c:	f04f 22e0 	mov.w	r2, #3758153728	@ 0xe000e000
10000970:	6893      	ldr	r3, [r2, #8]
10000972:	f043 5300 	orr.w	r3, r3, #536870912	@ 0x20000000
10000976:	6093      	str	r3, [r2, #8]
10000978:	4770      	bx	lr
1000097a:	bf00      	nop

1000097c <spin_locks_reset>:
1000097c:	2100      	movs	r1, #0
1000097e:	4b04      	ldr	r3, [pc, #16]	@ (10000990 <spin_locks_reset+0x14>)
10000980:	f103 0220 	add.w	r2, r3, #32
10000984:	e8c3 1f8f 	stlb	r1, [r3]
10000988:	3301      	adds	r3, #1
1000098a:	4293      	cmp	r3, r2
1000098c:	d1fa      	bne.n	10000984 <spin_locks_reset+0x8>
1000098e:	4770      	bx	lr
10000990:	20002120 	.word	0x20002120

10000994 <runtime_init_per_core_irq_priorities>:
10000994:	f04f 23e0 	mov.w	r3, #3758153728	@ 0xe000e000
10000998:	f04f 3280 	mov.w	r2, #2155905152	@ 0x80808080
1000099c:	f8c3 2400 	str.w	r2, [r3, #1024]	@ 0x400
100009a0:	f8c3 2404 	str.w	r2, [r3, #1028]	@ 0x404
100009a4:	f8c3 2408 	str.w	r2, [r3, #1032]	@ 0x408
100009a8:	f8c3 240c 	str.w	r2, [r3, #1036]	@ 0x40c
100009ac:	f8c3 2410 	str.w	r2, [r3, #1040]	@ 0x410
100009b0:	f8c3 2414 	str.w	r2, [r3, #1044]	@ 0x414
100009b4:	f8c3 2418 	str.w	r2, [r3, #1048]	@ 0x418
100009b8:	f8c3 241c 	str.w	r2, [r3, #1052]	@ 0x41c
100009bc:	f8c3 2420 	str.w	r2, [r3, #1056]	@ 0x420
100009c0:	f8c3 2424 	str.w	r2, [r3, #1060]	@ 0x424
100009c4:	f8c3 2428 	str.w	r2, [r3, #1064]	@ 0x428
100009c8:	f8c3 242c 	str.w	r2, [r3, #1068]	@ 0x42c
100009cc:	f8c3 2430 	str.w	r2, [r3, #1072]	@ 0x430
100009d0:	b662      	cpsie	i
100009d2:	4770      	bx	lr

100009d4 <irq_set_enabled>:
100009d4:	2301      	movs	r3, #1
100009d6:	f000 021f 	and.w	r2, r0, #31
100009da:	4093      	lsls	r3, r2
100009dc:	0940      	lsrs	r0, r0, #5
100009de:	b141      	cbz	r1, 100009f2 <irq_set_enabled+0x1e>
100009e0:	0080      	lsls	r0, r0, #2
100009e2:	f100 4060 	add.w	r0, r0, #3758096384	@ 0xe0000000
100009e6:	f500 4061 	add.w	r0, r0, #57600	@ 0xe100
100009ea:	f8c0 3180 	str.w	r3, [r0, #384]	@ 0x180
100009ee:	6003      	str	r3, [r0, #0]
100009f0:	4770      	bx	lr
100009f2:	4a02      	ldr	r2, [pc, #8]	@ (100009fc <irq_set_enabled+0x28>)
100009f4:	3020      	adds	r0, #32
100009f6:	f842 3020 	str.w	r3, [r2, r0, lsl #2]
100009fa:	4770      	bx	lr
100009fc:	e000e100 	.word	0xe000e100

10000a00 <irq_is_enabled>:
10000a00:	2301      	movs	r3, #1
10000a02:	4a06      	ldr	r2, [pc, #24]	@ (10000a1c <irq_is_enabled+0x1c>)
10000a04:	0941      	lsrs	r1, r0, #5
10000a06:	f852 2021 	ldr.w	r2, [r2, r1, lsl #2]
10000a0a:	f000 001f 	and.w	r0, r0, #31
10000a0e:	4083      	lsls	r3, r0
10000a10:	4213      	tst	r3, r2
10000a12:	bf14      	ite	ne
10000a14:	2001      	movne	r0, #1
10000a16:	2000      	moveq	r0, #0
10000a18:	4770      	bx	lr
10000a1a:	bf00      	nop
10000a1c:	e000e100 	.word	0xe000e100

10000a20 <irq_set_pending>:
10000a20:	2201      	movs	r2, #1
10000a22:	0943      	lsrs	r3, r0, #5
10000a24:	4903      	ldr	r1, [pc, #12]	@ (10000a34 <irq_set_pending+0x14>)
10000a26:	f000 001f 	and.w	r0, r0, #31
10000a2a:	4082      	lsls	r2, r0
10000a2c:	3340      	adds	r3, #64	@ 0x40
10000a2e:	f841 2023 	str.w	r2, [r1, r3, lsl #2]
10000a32:	4770      	bx	lr
10000a34:	e000e100 	.word	0xe000e100

10000a38 <irq_has_shared_handler>:
10000a38:	4a05      	ldr	r2, [pc, #20]	@ (10000a50 <irq_has_shared_handler+0x18>)
10000a3a:	3010      	adds	r0, #16
10000a3c:	6892      	ldr	r2, [r2, #8]
10000a3e:	4b05      	ldr	r3, [pc, #20]	@ (10000a54 <irq_has_shared_handler+0x1c>)
10000a40:	f852 0020 	ldr.w	r0, [r2, r0, lsl #2]
10000a44:	1ac0      	subs	r0, r0, r3
10000a46:	282f      	cmp	r0, #47	@ 0x2f
10000a48:	bf8c      	ite	hi
10000a4a:	2000      	movhi	r0, #0
10000a4c:	2001      	movls	r0, #1
10000a4e:	4770      	bx	lr
10000a50:	e000ed00 	.word	0xe000ed00
10000a54:	200014b8 	.word	0x200014b8

10000a58 <irq_set_exclusive_handler>:
10000a58:	b5f8      	push	{r3, r4, r5, r6, r7, lr}
10000a5a:	460d      	mov	r5, r1
10000a5c:	f3ef 8710 	mrs	r7, PRIMASK
10000a60:	b672      	cpsid	i
10000a62:	4e12      	ldr	r6, [pc, #72]	@ (10000aac <irq_set_exclusive_handler+0x54>)
10000a64:	e8d6 2fcf 	ldaexb	r2, [r6]
10000a68:	2301      	movs	r3, #1
10000a6a:	2a00      	cmp	r2, #0
10000a6c:	d1fa      	bne.n	10000a64 <irq_set_exclusive_handler+0xc>
10000a6e:	e8c6 3f42 	strexb	r2, r3, [r6]
10000a72:	2a00      	cmp	r2, #0
10000a74:	d1f6      	bne.n	10000a64 <irq_set_exclusive_handler+0xc>
10000a76:	f3bf 8f5f 	dmb	sy
10000a7a:	4b0d      	ldr	r3, [pc, #52]	@ (10000ab0 <irq_set_exclusive_handler+0x58>)
10000a7c:	f100 0410 	add.w	r4, r0, #16
10000a80:	689b      	ldr	r3, [r3, #8]
10000a82:	4a0c      	ldr	r2, [pc, #48]	@ (10000ab4 <irq_set_exclusive_handler+0x5c>)
10000a84:	f853 3024 	ldr.w	r3, [r3, r4, lsl #2]
10000a88:	4293      	cmp	r3, r2
10000a8a:	d003      	beq.n	10000a94 <irq_set_exclusive_handler+0x3c>
10000a8c:	4299      	cmp	r1, r3
10000a8e:	d001      	beq.n	10000a94 <irq_set_exclusive_handler+0x3c>
10000a90:	f001 f888 	bl	10001ba4 <hard_assertion_failure>
10000a94:	4b06      	ldr	r3, [pc, #24]	@ (10000ab0 <irq_set_exclusive_handler+0x58>)
10000a96:	689b      	ldr	r3, [r3, #8]
10000a98:	f843 5024 	str.w	r5, [r3, r4, lsl #2]
10000a9c:	f3bf 8f5f 	dmb	sy
10000aa0:	2300      	movs	r3, #0
10000aa2:	e8c6 3f8f 	stlb	r3, [r6]
10000aa6:	f387 8810 	msr	PRIMASK, r7
10000aaa:	bdf8      	pop	{r3, r4, r5, r6, r7, pc}
10000aac:	20002129 	.word	0x20002129
10000ab0:	e000ed00 	.word	0xe000ed00
10000ab4:	10000111 	.word	0x10000111

10000ab8 <irq_add_shared_handler>:
10000ab8:	e92d 4ff0 	stmdb	sp!, {r4, r5, r6, r7, r8, r9, sl, fp, lr}
10000abc:	4681      	mov	r9, r0
10000abe:	468b      	mov	fp, r1
10000ac0:	4616      	mov	r6, r2
10000ac2:	b083      	sub	sp, #12
10000ac4:	f3ef 8310 	mrs	r3, PRIMASK
10000ac8:	b672      	cpsid	i
10000aca:	f8df a1d0 	ldr.w	sl, [pc, #464]	@ 10000c9c <irq_add_shared_handler+0x1e4>
10000ace:	9300      	str	r3, [sp, #0]
10000ad0:	e8da 1fcf 	ldaexb	r1, [sl]
10000ad4:	2301      	movs	r3, #1
10000ad6:	2900      	cmp	r1, #0
10000ad8:	d1fa      	bne.n	10000ad0 <irq_add_shared_handler+0x18>
10000ada:	e8ca 3f41 	strexb	r1, r3, [sl]
10000ade:	2900      	cmp	r1, #0
10000ae0:	d1f6      	bne.n	10000ad0 <irq_add_shared_handler+0x18>
10000ae2:	f3bf 8f5f 	dmb	sy
10000ae6:	4b66      	ldr	r3, [pc, #408]	@ (10000c80 <irq_add_shared_handler+0x1c8>)
10000ae8:	f993 4000 	ldrsb.w	r4, [r3]
10000aec:	2c00      	cmp	r4, #0
10000aee:	f2c0 80a0 	blt.w	10000c32 <irq_add_shared_handler+0x17a>
10000af2:	4d64      	ldr	r5, [pc, #400]	@ (10000c84 <irq_add_shared_handler+0x1cc>)
10000af4:	eb04 0744 	add.w	r7, r4, r4, lsl #1
10000af8:	eb05 0887 	add.w	r8, r5, r7, lsl #2
10000afc:	f898 1006 	ldrb.w	r1, [r8, #6]
10000b00:	f109 0910 	add.w	r9, r9, #16
10000b04:	7019      	strb	r1, [r3, #0]
10000b06:	4b60      	ldr	r3, [pc, #384]	@ (10000c88 <irq_add_shared_handler+0x1d0>)
10000b08:	00bf      	lsls	r7, r7, #2
10000b0a:	689b      	ldr	r3, [r3, #8]
10000b0c:	f853 0029 	ldr.w	r0, [r3, r9, lsl #2]
10000b10:	0063      	lsls	r3, r4, #1
10000b12:	1b41      	subs	r1, r0, r5
10000b14:	292f      	cmp	r1, #47	@ 0x2f
10000b16:	d92f      	bls.n	10000b78 <irq_add_shared_handler+0xc0>
10000b18:	495c      	ldr	r1, [pc, #368]	@ (10000c8c <irq_add_shared_handler+0x1d4>)
10000b1a:	4288      	cmp	r0, r1
10000b1c:	f040 80a4 	bne.w	10000c68 <irq_add_shared_handler+0x1b0>
10000b20:	441c      	add	r4, r3
10000b22:	4b5b      	ldr	r3, [pc, #364]	@ (10000c90 <irq_add_shared_handler+0x1d8>)
10000b24:	3702      	adds	r7, #2
10000b26:	442f      	add	r7, r5
10000b28:	3b04      	subs	r3, #4
10000b2a:	1bdb      	subs	r3, r3, r7
10000b2c:	f3c3 034a 	ubfx	r3, r3, #1, #11
10000b30:	ea6f 43c3 	mvn.w	r3, r3, lsl #19
10000b34:	f44f 4121 	mov.w	r1, #41216	@ 0xa100
10000b38:	ea6f 43d3 	mvn.w	r3, r3, lsr #19
10000b3c:	f825 1024 	strh.w	r1, [r5, r4, lsl #2]
10000b40:	eb05 0484 	add.w	r4, r5, r4, lsl #2
10000b44:	8063      	strh	r3, [r4, #2]
10000b46:	f64b 5301 	movw	r3, #48385	@ 0xbd01
10000b4a:	80a3      	strh	r3, [r4, #4]
10000b4c:	23ff      	movs	r3, #255	@ 0xff
10000b4e:	f048 0001 	orr.w	r0, r8, #1
10000b52:	71e6      	strb	r6, [r4, #7]
10000b54:	f8c4 b008 	str.w	fp, [r4, #8]
10000b58:	71a3      	strb	r3, [r4, #6]
10000b5a:	4b4b      	ldr	r3, [pc, #300]	@ (10000c88 <irq_add_shared_handler+0x1d0>)
10000b5c:	689b      	ldr	r3, [r3, #8]
10000b5e:	f843 0029 	str.w	r0, [r3, r9, lsl #2]
10000b62:	f3bf 8f5f 	dmb	sy
10000b66:	2300      	movs	r3, #0
10000b68:	e8ca 3f8f 	stlb	r3, [sl]
10000b6c:	9b00      	ldr	r3, [sp, #0]
10000b6e:	f383 8810 	msr	PRIMASK, r3
10000b72:	b003      	add	sp, #12
10000b74:	e8bd 8ff0 	ldmia.w	sp!, {r4, r5, r6, r7, r8, r9, sl, fp, pc}
10000b78:	f020 0e01 	bic.w	lr, r0, #1
10000b7c:	f89e 1007 	ldrb.w	r1, [lr, #7]
10000b80:	42b1      	cmp	r1, r6
10000b82:	d82e      	bhi.n	10000be2 <irq_add_shared_handler+0x12a>
10000b84:	f44f 4321 	mov.w	r3, #41216	@ 0xa100
10000b88:	53eb      	strh	r3, [r5, r7]
10000b8a:	4b41      	ldr	r3, [pc, #260]	@ (10000c90 <irq_add_shared_handler+0x1d8>)
10000b8c:	1cb9      	adds	r1, r7, #2
10000b8e:	4429      	add	r1, r5
10000b90:	3b04      	subs	r3, #4
10000b92:	3704      	adds	r7, #4
10000b94:	1a5b      	subs	r3, r3, r1
10000b96:	442f      	add	r7, r5
10000b98:	f1ae 0104 	sub.w	r1, lr, #4
10000b9c:	4c3d      	ldr	r4, [pc, #244]	@ (10000c94 <irq_add_shared_handler+0x1dc>)
10000b9e:	1bc9      	subs	r1, r1, r7
10000ba0:	f3c1 014a 	ubfx	r1, r1, #1, #11
10000ba4:	4321      	orrs	r1, r4
10000ba6:	f8a8 1004 	strh.w	r1, [r8, #4]
10000baa:	f3c3 034a 	ubfx	r3, r3, #1, #11
10000bae:	493a      	ldr	r1, [pc, #232]	@ (10000c98 <irq_add_shared_handler+0x1e0>)
10000bb0:	4323      	orrs	r3, r4
10000bb2:	f8a8 3002 	strh.w	r3, [r8, #2]
10000bb6:	f64a 20aa 	movw	r0, #43690	@ 0xaaaa
10000bba:	4673      	mov	r3, lr
10000bbc:	1b5b      	subs	r3, r3, r5
10000bbe:	415b      	adcs	r3, r3
10000bc0:	4358      	muls	r0, r3
10000bc2:	0d00      	lsrs	r0, r0, #20
10000bc4:	f888 6007 	strb.w	r6, [r8, #7]
10000bc8:	f888 0006 	strb.w	r0, [r8, #6]
10000bcc:	f8c8 b008 	str.w	fp, [r8, #8]
10000bd0:	f048 0001 	orr.w	r0, r8, #1
10000bd4:	f8ce 1000 	str.w	r1, [lr]
10000bd8:	e7bf      	b.n	10000b5a <irq_add_shared_handler+0xa2>
10000bda:	79d1      	ldrb	r1, [r2, #7]
10000bdc:	42b1      	cmp	r1, r6
10000bde:	d92e      	bls.n	10000c3e <irq_add_shared_handler+0x186>
10000be0:	4696      	mov	lr, r2
10000be2:	f99e c006 	ldrsb.w	ip, [lr, #6]
10000be6:	eb0c 024c 	add.w	r2, ip, ip, lsl #1
10000bea:	f1bc 0f00 	cmp.w	ip, #0
10000bee:	eb05 0282 	add.w	r2, r5, r2, lsl #2
10000bf2:	daf2      	bge.n	10000bda <irq_add_shared_handler+0x122>
10000bf4:	f64b 5101 	movw	r1, #48385	@ 0xbd01
10000bf8:	f10e 0204 	add.w	r2, lr, #4
10000bfc:	f1a8 0704 	sub.w	r7, r8, #4
10000c00:	1abf      	subs	r7, r7, r2
10000c02:	f3c7 074a 	ubfx	r7, r7, #1, #11
10000c06:	ea6f 47c7 	mvn.w	r7, r7, lsl #19
10000c0a:	ea6f 47d7 	mvn.w	r7, r7, lsr #19
10000c0e:	f88e 4006 	strb.w	r4, [lr, #6]
10000c12:	eb03 0804 	add.w	r8, r3, r4
10000c16:	4c20      	ldr	r4, [pc, #128]	@ (10000c98 <irq_add_shared_handler+0x1e0>)
10000c18:	eb05 0388 	add.w	r3, r5, r8, lsl #2
10000c1c:	f8ae 7004 	strh.w	r7, [lr, #4]
10000c20:	f845 4028 	str.w	r4, [r5, r8, lsl #2]
10000c24:	8099      	strh	r1, [r3, #4]
10000c26:	f883 c006 	strb.w	ip, [r3, #6]
10000c2a:	71de      	strb	r6, [r3, #7]
10000c2c:	f8c3 b008 	str.w	fp, [r3, #8]
10000c30:	e793      	b.n	10000b5a <irq_add_shared_handler+0xa2>
10000c32:	f000 ffb7 	bl	10001ba4 <hard_assertion_failure>
10000c36:	4b12      	ldr	r3, [pc, #72]	@ (10000c80 <irq_add_shared_handler+0x1c8>)
10000c38:	f993 4000 	ldrsb.w	r4, [r3]
10000c3c:	e759      	b.n	10000af2 <irq_add_shared_handler+0x3a>
10000c3e:	4672      	mov	r2, lr
10000c40:	f832 1f04 	ldrh.w	r1, [r2, #4]!
10000c44:	0549      	lsls	r1, r1, #21
10000c46:	d414      	bmi.n	10000c72 <irq_add_shared_handler+0x1ba>
10000c48:	1549      	asrs	r1, r1, #21
10000c4a:	3102      	adds	r1, #2
10000c4c:	eb02 0141 	add.w	r1, r2, r1, lsl #1
10000c50:	9101      	str	r1, [sp, #4]
10000c52:	f06f 0107 	mvn.w	r1, #7
10000c56:	1bc9      	subs	r1, r1, r7
10000c58:	9f01      	ldr	r7, [sp, #4]
10000c5a:	1b49      	subs	r1, r1, r5
10000c5c:	4439      	add	r1, r7
10000c5e:	f3c1 014a 	ubfx	r1, r1, #1, #11
10000c62:	f441 4160 	orr.w	r1, r1, #57344	@ 0xe000
10000c66:	e7c9      	b.n	10000bfc <irq_add_shared_handler+0x144>
10000c68:	9301      	str	r3, [sp, #4]
10000c6a:	f000 ff9b 	bl	10001ba4 <hard_assertion_failure>
10000c6e:	9b01      	ldr	r3, [sp, #4]
10000c70:	e756      	b.n	10000b20 <irq_add_shared_handler+0x68>
10000c72:	f501 11ff 	add.w	r1, r1, #2088960	@ 0x1fe000
10000c76:	f501 51ff 	add.w	r1, r1, #8160	@ 0x1fe0
10000c7a:	311f      	adds	r1, #31
10000c7c:	e7e4      	b.n	10000c48 <irq_add_shared_handler+0x190>
10000c7e:	bf00      	nop
10000c80:	20002a16 	.word	0x20002a16
10000c84:	200014b8 	.word	0x200014b8
10000c88:	e000ed00 	.word	0xe000ed00
10000c8c:	10000111 	.word	0x10000111
10000c90:	200014e8 	.word	0x200014e8
10000c94:	ffffe000 	.word	0xffffe000
10000c98:	47804801 	.word	0x47804801
10000c9c:	20002129 	.word	0x20002129

10000ca0 <irq_add_tail_to_free_list>:
10000ca0:	b5f0      	push	{r4, r5, r6, r7, lr}
10000ca2:	f3ef 8505 	mrs	r5, IPSR
10000ca6:	b2ed      	uxtb	r5, r5
10000ca8:	f3ef 8c10 	mrs	ip, PRIMASK
10000cac:	b672      	cpsid	i
10000cae:	4926      	ldr	r1, [pc, #152]	@ (10000d48 <irq_add_tail_to_free_list+0xa8>)
10000cb0:	e8d1 2fcf 	ldaexb	r2, [r1]
10000cb4:	2301      	movs	r3, #1
10000cb6:	2a00      	cmp	r2, #0
10000cb8:	d1fa      	bne.n	10000cb0 <irq_add_tail_to_free_list+0x10>
10000cba:	e8c1 3f42 	strexb	r2, r3, [r1]
10000cbe:	2a00      	cmp	r2, #0
10000cc0:	d1f6      	bne.n	10000cb0 <irq_add_tail_to_free_list+0x10>
10000cc2:	f3bf 8f5f 	dmb	sy
10000cc6:	4e21      	ldr	r6, [pc, #132]	@ (10000d4c <irq_add_tail_to_free_list+0xac>)
10000cc8:	f040 0e01 	orr.w	lr, r0, #1
10000ccc:	68b4      	ldr	r4, [r6, #8]
10000cce:	f64a 23aa 	movw	r3, #43690	@ 0xaaaa
10000cd2:	f854 7025 	ldr.w	r7, [r4, r5, lsl #2]
10000cd6:	4a1e      	ldr	r2, [pc, #120]	@ (10000d50 <irq_add_tail_to_free_list+0xb0>)
10000cd8:	4604      	mov	r4, r0
10000cda:	1aa4      	subs	r4, r4, r2
10000cdc:	4164      	adcs	r4, r4
10000cde:	4363      	muls	r3, r4
10000ce0:	0d1b      	lsrs	r3, r3, #20
10000ce2:	4577      	cmp	r7, lr
10000ce4:	b25b      	sxtb	r3, r3
10000ce6:	d01b      	beq.n	10000d20 <irq_add_tail_to_free_list+0x80>
10000ce8:	f992 4006 	ldrsb.w	r4, [r2, #6]
10000cec:	429c      	cmp	r4, r3
10000cee:	d01c      	beq.n	10000d2a <irq_add_tail_to_free_list+0x8a>
10000cf0:	f992 4012 	ldrsb.w	r4, [r2, #18]
10000cf4:	429c      	cmp	r4, r3
10000cf6:	d023      	beq.n	10000d40 <irq_add_tail_to_free_list+0xa0>
10000cf8:	f992 401e 	ldrsb.w	r4, [r2, #30]
10000cfc:	429c      	cmp	r4, r3
10000cfe:	d021      	beq.n	10000d44 <irq_add_tail_to_free_list+0xa4>
10000d00:	f992 402a 	ldrsb.w	r4, [r2, #42]	@ 0x2a
10000d04:	429c      	cmp	r4, r3
10000d06:	bf08      	it	eq
10000d08:	2403      	moveq	r4, #3
10000d0a:	d00f      	beq.n	10000d2c <irq_add_tail_to_free_list+0x8c>
10000d0c:	4a11      	ldr	r2, [pc, #68]	@ (10000d54 <irq_add_tail_to_free_list+0xb4>)
10000d0e:	2400      	movs	r4, #0
10000d10:	7815      	ldrb	r5, [r2, #0]
10000d12:	7013      	strb	r3, [r2, #0]
10000d14:	7185      	strb	r5, [r0, #6]
10000d16:	e8c1 4f8f 	stlb	r4, [r1]
10000d1a:	f38c 8810 	msr	PRIMASK, ip
10000d1e:	bdf0      	pop	{r4, r5, r6, r7, pc}
10000d20:	68b2      	ldr	r2, [r6, #8]
10000d22:	4c0d      	ldr	r4, [pc, #52]	@ (10000d58 <irq_add_tail_to_free_list+0xb8>)
10000d24:	f842 4025 	str.w	r4, [r2, r5, lsl #2]
10000d28:	e7f0      	b.n	10000d0c <irq_add_tail_to_free_list+0x6c>
10000d2a:	2400      	movs	r4, #0
10000d2c:	eb04 0444 	add.w	r4, r4, r4, lsl #1
10000d30:	eb02 0284 	add.w	r2, r2, r4, lsl #2
10000d34:	24ff      	movs	r4, #255	@ 0xff
10000d36:	7194      	strb	r4, [r2, #6]
10000d38:	f64b 5401 	movw	r4, #48385	@ 0xbd01
10000d3c:	8094      	strh	r4, [r2, #4]
10000d3e:	e7e5      	b.n	10000d0c <irq_add_tail_to_free_list+0x6c>
10000d40:	2401      	movs	r4, #1
10000d42:	e7f3      	b.n	10000d2c <irq_add_tail_to_free_list+0x8c>
10000d44:	2402      	movs	r4, #2
10000d46:	e7f1      	b.n	10000d2c <irq_add_tail_to_free_list+0x8c>
10000d48:	20002129 	.word	0x20002129
10000d4c:	e000ed00 	.word	0xe000ed00
10000d50:	200014b8 	.word	0x200014b8
10000d54:	20002a16 	.word	0x20002a16
10000d58:	10000111 	.word	0x10000111

10000d5c <user_irq_claim_unused>:
10000d5c:	b510      	push	{r4, lr}
10000d5e:	4c07      	ldr	r4, [pc, #28]	@ (10000d7c <user_irq_claim_unused+0x20>)
10000d60:	b082      	sub	sp, #8
10000d62:	4601      	mov	r1, r0
10000d64:	2305      	movs	r3, #5
10000d66:	2200      	movs	r2, #0
10000d68:	9400      	str	r4, [sp, #0]
10000d6a:	4805      	ldr	r0, [pc, #20]	@ (10000d80 <user_irq_claim_unused+0x24>)
10000d6c:	f7ff fd94 	bl	10000898 <hw_claim_unused_from_range>
10000d70:	2800      	cmp	r0, #0
10000d72:	bfa8      	it	ge
10000d74:	f1c0 0033 	rsbge	r0, r0, #51	@ 0x33
10000d78:	b002      	add	sp, #8
10000d7a:	bd10      	pop	{r4, pc}
10000d7c:	10007b3c 	.word	0x10007b3c
10000d80:	20002a1b 	.word	0x20002a1b

10000d84 <lock_init>:
10000d84:	4b01      	ldr	r3, [pc, #4]	@ (10000d8c <lock_init+0x8>)
10000d86:	440b      	add	r3, r1
10000d88:	6003      	str	r3, [r0, #0]
10000d8a:	4770      	bx	lr
10000d8c:	20002120 	.word	0x20002120

10000d90 <runtime_init_mutex>:
10000d90:	b570      	push	{r4, r5, r6, lr}
10000d92:	4c10      	ldr	r4, [pc, #64]	@ (10000dd4 <runtime_init_mutex+0x44>)
10000d94:	4d10      	ldr	r5, [pc, #64]	@ (10000dd8 <runtime_init_mutex+0x48>)
10000d96:	42ac      	cmp	r4, r5
10000d98:	d20e      	bcs.n	10000db8 <runtime_init_mutex+0x28>
10000d9a:	26ff      	movs	r6, #255	@ 0xff
10000d9c:	6823      	ldr	r3, [r4, #0]
10000d9e:	b163      	cbz	r3, 10000dba <runtime_init_mutex+0x2a>
10000da0:	f7ff fdc8 	bl	10000934 <next_striped_spin_lock_num>
10000da4:	4601      	mov	r1, r0
10000da6:	4620      	mov	r0, r4
10000da8:	f7ff ffec 	bl	10000d84 <lock_init>
10000dac:	80a6      	strh	r6, [r4, #4]
10000dae:	f3bf 8f5f 	dmb	sy
10000db2:	3408      	adds	r4, #8
10000db4:	42ac      	cmp	r4, r5
10000db6:	d3f1      	bcc.n	10000d9c <runtime_init_mutex+0xc>
10000db8:	bd70      	pop	{r4, r5, r6, pc}
10000dba:	f7ff fdbb 	bl	10000934 <next_striped_spin_lock_num>
10000dbe:	4601      	mov	r1, r0
10000dc0:	4620      	mov	r0, r4
10000dc2:	f7ff ffdf 	bl	10000d84 <lock_init>
10000dc6:	7126      	strb	r6, [r4, #4]
10000dc8:	f3bf 8f5f 	dmb	sy
10000dcc:	3408      	adds	r4, #8
10000dce:	42ac      	cmp	r4, r5
10000dd0:	d3e4      	bcc.n	10000d9c <runtime_init_mutex+0xc>
10000dd2:	bd70      	pop	{r4, r5, r6, pc}
10000dd4:	20001a98 	.word	0x20001a98
10000dd8:	20001aa0 	.word	0x20001aa0

10000ddc <mutex_init>:
10000ddc:	b510      	push	{r4, lr}
10000dde:	4604      	mov	r4, r0
10000de0:	f7ff fda8 	bl	10000934 <next_striped_spin_lock_num>
10000de4:	4601      	mov	r1, r0
10000de6:	4620      	mov	r0, r4
10000de8:	f7ff ffcc 	bl	10000d84 <lock_init>
10000dec:	23ff      	movs	r3, #255	@ 0xff
10000dee:	7123      	strb	r3, [r4, #4]
10000df0:	f3bf 8f5f 	dmb	sy
10000df4:	bd10      	pop	{r4, pc}
10000df6:	bf00      	nop

10000df8 <critical_section_init>:
10000df8:	b510      	push	{r4, lr}
10000dfa:	4604      	mov	r4, r0
10000dfc:	2001      	movs	r0, #1
10000dfe:	f7ff fda5 	bl	1000094c <spin_lock_claim_unused>
10000e02:	4b03      	ldr	r3, [pc, #12]	@ (10000e10 <critical_section_init+0x18>)
10000e04:	4403      	add	r3, r0
10000e06:	6023      	str	r3, [r4, #0]
10000e08:	f3bf 8f5f 	dmb	sy
10000e0c:	bd10      	pop	{r4, pc}
10000e0e:	bf00      	nop
10000e10:	20002120 	.word	0x20002120

10000e14 <critical_section_init_with_lock_num>:
10000e14:	4b02      	ldr	r3, [pc, #8]	@ (10000e20 <critical_section_init_with_lock_num+0xc>)
10000e16:	440b      	add	r3, r1
10000e18:	6003      	str	r3, [r0, #0]
10000e1a:	f3bf 8f5f 	dmb	sy
10000e1e:	4770      	bx	lr
10000e20:	20002120 	.word	0x20002120

10000e24 <sleep_until_callback>:
10000e24:	4b0d      	ldr	r3, [pc, #52]	@ (10000e5c <sleep_until_callback+0x38>)
10000e26:	681a      	ldr	r2, [r3, #0]
10000e28:	f3ef 8110 	mrs	r1, PRIMASK
10000e2c:	b672      	cpsid	i
10000e2e:	e8d2 cfcf 	ldaexb	ip, [r2]
10000e32:	2001      	movs	r0, #1
10000e34:	f1bc 0f00 	cmp.w	ip, #0
10000e38:	d1f9      	bne.n	10000e2e <sleep_until_callback+0xa>
10000e3a:	e8c2 0f4c 	strexb	ip, r0, [r2]
10000e3e:	f1bc 0f00 	cmp.w	ip, #0
10000e42:	d1f4      	bne.n	10000e2e <sleep_until_callback+0xa>
10000e44:	f3bf 8f5f 	dmb	sy
10000e48:	2200      	movs	r2, #0
10000e4a:	681b      	ldr	r3, [r3, #0]
10000e4c:	e8c3 2f8f 	stlb	r2, [r3]
10000e50:	f381 8810 	msr	PRIMASK, r1
10000e54:	bf40      	sev
10000e56:	2000      	movs	r0, #0
10000e58:	2100      	movs	r1, #0
10000e5a:	4770      	bx	lr
10000e5c:	200029f0 	.word	0x200029f0

10000e60 <alarm_pool_irq_handler>:
10000e60:	e92d 4ff0 	stmdb	sp!, {r4, r5, r6, r7, r8, r9, sl, fp, lr}
10000e64:	ed2d 8b02 	vpush	{d8}
10000e68:	b085      	sub	sp, #20
10000e6a:	f3ef 8305 	mrs	r3, IPSR
10000e6e:	b2db      	uxtb	r3, r3
10000e70:	3b10      	subs	r3, #16
10000e72:	089a      	lsrs	r2, r3, #2
10000e74:	bf18      	it	ne
10000e76:	2201      	movne	r2, #1
10000e78:	f04f 0101 	mov.w	r1, #1
10000e7c:	f003 0003 	and.w	r0, r3, #3
10000e80:	bf18      	it	ne
10000e82:	4daf      	ldrne	r5, [pc, #700]	@ (10001140 <alarm_pool_irq_handler+0x2e0>)
10000e84:	4baf      	ldr	r3, [pc, #700]	@ (10001144 <alarm_pool_irq_handler+0x2e4>)
10000e86:	bf08      	it	eq
10000e88:	4daf      	ldreq	r5, [pc, #700]	@ (10001148 <alarm_pool_irq_handler+0x2e8>)
10000e8a:	eb00 0282 	add.w	r2, r0, r2, lsl #2
10000e8e:	f853 6022 	ldr.w	r6, [r3, r2, lsl #2]
10000e92:	fa01 fb00 	lsl.w	fp, r1, r0
10000e96:	f505 5341 	add.w	r3, r5, #12352	@ 0x3040
10000e9a:	ed9f 8ba7 	vldr	d8, [pc, #668]	@ 10001138 <alarm_pool_irq_handler+0x2d8>
10000e9e:	9001      	str	r0, [sp, #4]
10000ea0:	f8c3 b004 	str.w	fp, [r3, #4]
10000ea4:	e02e      	b.n	10000f04 <alarm_pool_irq_handler+0xa4>
10000ea6:	88b3      	ldrh	r3, [r6, #4]
10000ea8:	0418      	lsls	r0, r3, #16
10000eaa:	f140 8092 	bpl.w	10000fd2 <alarm_pool_irq_handler+0x172>
10000eae:	79b3      	ldrb	r3, [r6, #6]
10000eb0:	2b00      	cmp	r3, #0
10000eb2:	f040 80dc 	bne.w	1000106e <alarm_pool_irq_handler+0x20e>
10000eb6:	f9b6 1008 	ldrsh.w	r1, [r6, #8]
10000eba:	2900      	cmp	r1, #0
10000ebc:	f2c0 811d 	blt.w	100010fa <alarm_pool_irq_handler+0x29a>
10000ec0:	6973      	ldr	r3, [r6, #20]
10000ec2:	eb01 0141 	add.w	r1, r1, r1, lsl #1
10000ec6:	eb03 03c1 	add.w	r3, r3, r1, lsl #3
10000eca:	e9d3 4702 	ldrd	r4, r7, [r3, #8]
10000ece:	f1b7 3fff 	cmp.w	r7, #4294967295	@ 0xffffffff
10000ed2:	bf08      	it	eq
10000ed4:	f1b4 3fff 	cmpeq.w	r4, #4294967295	@ 0xffffffff
10000ed8:	d00d      	beq.n	10000ef6 <alarm_pool_irq_handler+0x96>
10000eda:	9b01      	ldr	r3, [sp, #4]
10000edc:	eb05 0183 	add.w	r1, r5, r3, lsl #2
10000ee0:	6aab      	ldr	r3, [r5, #40]	@ 0x28
10000ee2:	690a      	ldr	r2, [r1, #16]
10000ee4:	1ad2      	subs	r2, r2, r3
10000ee6:	1ae3      	subs	r3, r4, r3
10000ee8:	4293      	cmp	r3, r2
10000eea:	d303      	bcc.n	10000ef4 <alarm_pool_irq_handler+0x94>
10000eec:	6a2b      	ldr	r3, [r5, #32]
10000eee:	ea13 0f0b 	tst.w	r3, fp
10000ef2:	d100      	bne.n	10000ef6 <alarm_pool_irq_handler+0x96>
10000ef4:	610c      	str	r4, [r1, #16]
10000ef6:	4628      	mov	r0, r5
10000ef8:	f000 fba6 	bl	10001648 <timer_time_us_64>
10000efc:	42a0      	cmp	r0, r4
10000efe:	41b9      	sbcs	r1, r7
10000f00:	f2c0 80fb 	blt.w	100010fa <alarm_pool_irq_handler+0x29a>
10000f04:	f9b6 3008 	ldrsh.w	r3, [r6, #8]
10000f08:	f8c5 b03c 	str.w	fp, [r5, #60]	@ 0x3c
10000f0c:	2b00      	cmp	r3, #0
10000f0e:	9300      	str	r3, [sp, #0]
10000f10:	dbc9      	blt.n	10000ea6 <alarm_pool_irq_handler+0x46>
10000f12:	f8d6 9014 	ldr.w	r9, [r6, #20]
10000f16:	eb03 0a43 	add.w	sl, r3, r3, lsl #1
10000f1a:	4628      	mov	r0, r5
10000f1c:	eb09 07ca 	add.w	r7, r9, sl, lsl #3
10000f20:	e9d7 4802 	ldrd	r4, r8, [r7, #8]
10000f24:	f000 fb90 	bl	10001648 <timer_time_us_64>
10000f28:	42a0      	cmp	r0, r4
10000f2a:	eb71 0108 	sbcs.w	r1, r1, r8
10000f2e:	dbba      	blt.n	10000ea6 <alarm_pool_irq_handler+0x46>
10000f30:	f1b8 0f00 	cmp.w	r8, #0
10000f34:	f2c0 80c3 	blt.w	100010be <alarm_pool_irq_handler+0x25e>
10000f38:	e9d7 3104 	ldrd	r3, r1, [r7, #16]
10000f3c:	4a83      	ldr	r2, [pc, #524]	@ (1000114c <alarm_pool_irq_handler+0x2ec>)
10000f3e:	4293      	cmp	r3, r2
10000f40:	f000 80ed 	beq.w	1000111e <alarm_pool_irq_handler+0x2be>
10000f44:	887a      	ldrh	r2, [r7, #2]
10000f46:	f9b6 0008 	ldrsh.w	r0, [r6, #8]
10000f4a:	b292      	uxth	r2, r2
10000f4c:	ea42 4000 	orr.w	r0, r2, r0, lsl #16
10000f50:	4798      	blx	r3
10000f52:	4602      	mov	r2, r0
10000f54:	460b      	mov	r3, r1
10000f56:	ea52 0103 	orrs.w	r1, r2, r3
10000f5a:	f000 80b0 	beq.w	100010be <alarm_pool_irq_handler+0x25e>
10000f5e:	2b00      	cmp	r3, #0
10000f60:	f280 80d1 	bge.w	10001106 <alarm_pool_irq_handler+0x2a6>
10000f64:	ebb4 0e02 	subs.w	lr, r4, r2
10000f68:	eb68 0803 	sbc.w	r8, r8, r3
10000f6c:	f939 303a 	ldrsh.w	r3, [r9, sl, lsl #3]
10000f70:	e9c7 e802 	strd	lr, r8, [r7, #8]
10000f74:	2b00      	cmp	r3, #0
10000f76:	db96      	blt.n	10000ea6 <alarm_pool_irq_handler+0x46>
10000f78:	6971      	ldr	r1, [r6, #20]
10000f7a:	eb03 0243 	add.w	r2, r3, r3, lsl #1
10000f7e:	eb01 02c2 	add.w	r2, r1, r2, lsl #3
10000f82:	e9d2 7002 	ldrd	r7, r0, [r2, #8]
10000f86:	45be      	cmp	lr, r7
10000f88:	eb78 0c00 	sbcs.w	ip, r8, r0
10000f8c:	ea4f 0243 	mov.w	r2, r3, lsl #1
10000f90:	db89      	blt.n	10000ea6 <alarm_pool_irq_handler+0x46>
10000f92:	46b4      	mov	ip, r6
10000f94:	f82c 3f08 	strh.w	r3, [ip, #8]!
10000f98:	e00b      	b.n	10000fb2 <alarm_pool_irq_handler+0x152>
10000f9a:	f931 3032 	ldrsh.w	r3, [r1, r2, lsl #3]
10000f9e:	46a4      	mov	ip, r4
10000fa0:	2b00      	cmp	r3, #0
10000fa2:	db0d      	blt.n	10000fc0 <alarm_pool_irq_handler+0x160>
10000fa4:	eb03 0043 	add.w	r0, r3, r3, lsl #1
10000fa8:	eb01 00c0 	add.w	r0, r1, r0, lsl #3
10000fac:	005a      	lsls	r2, r3, #1
10000fae:	e9d0 7002 	ldrd	r7, r0, [r0, #8]
10000fb2:	45be      	cmp	lr, r7
10000fb4:	441a      	add	r2, r3
10000fb6:	eb78 0000 	sbcs.w	r0, r8, r0
10000fba:	eb01 04c2 	add.w	r4, r1, r2, lsl #3
10000fbe:	daec      	bge.n	10000f9a <alarm_pool_irq_handler+0x13a>
10000fc0:	f829 303a 	strh.w	r3, [r9, sl, lsl #3]
10000fc4:	9b00      	ldr	r3, [sp, #0]
10000fc6:	f8ac 3000 	strh.w	r3, [ip]
10000fca:	88b3      	ldrh	r3, [r6, #4]
10000fcc:	0418      	lsls	r0, r3, #16
10000fce:	f53f af6e 	bmi.w	10000eae <alarm_pool_irq_handler+0x4e>
10000fd2:	6933      	ldr	r3, [r6, #16]
10000fd4:	f3ef 8210 	mrs	r2, PRIMASK
10000fd8:	b672      	cpsid	i
10000fda:	e8d3 0fcf 	ldaexb	r0, [r3]
10000fde:	2101      	movs	r1, #1
10000fe0:	2800      	cmp	r0, #0
10000fe2:	d1fa      	bne.n	10000fda <alarm_pool_irq_handler+0x17a>
10000fe4:	e8c3 1f40 	strexb	r0, r1, [r3]
10000fe8:	2800      	cmp	r0, #0
10000fea:	d1f6      	bne.n	10000fda <alarm_pool_irq_handler+0x17a>
10000fec:	f3bf 8f5f 	dmb	sy
10000ff0:	f64f 74ff 	movw	r4, #65535	@ 0xffff
10000ff4:	88b0      	ldrh	r0, [r6, #4]
10000ff6:	2300      	movs	r3, #0
10000ff8:	6931      	ldr	r1, [r6, #16]
10000ffa:	b200      	sxth	r0, r0
10000ffc:	80b4      	strh	r4, [r6, #4]
10000ffe:	e8c1 3f8f 	stlb	r3, [r1]
10001002:	f382 8810 	msr	PRIMASK, r2
10001006:	4298      	cmp	r0, r3
10001008:	f6ff af51 	blt.w	10000eae <alarm_pool_irq_handler+0x4e>
1000100c:	4607      	mov	r7, r0
1000100e:	46a9      	mov	r9, r5
10001010:	6974      	ldr	r4, [r6, #20]
10001012:	f106 0808 	add.w	r8, r6, #8
10001016:	eb07 0e47 	add.w	lr, r7, r7, lsl #1
1000101a:	eb04 03ce 	add.w	r3, r4, lr, lsl #3
1000101e:	e9d3 5002 	ldrd	r5, r0, [r3, #8]
10001022:	f9b6 3008 	ldrsh.w	r3, [r6, #8]
10001026:	46c4      	mov	ip, r8
10001028:	2b00      	cmp	r3, #0
1000102a:	db13      	blt.n	10001054 <alarm_pool_irq_handler+0x1f4>
1000102c:	46b2      	mov	sl, r6
1000102e:	9700      	str	r7, [sp, #0]
10001030:	e004      	b.n	1000103c <alarm_pool_irq_handler+0x1dc>
10001032:	f934 3036 	ldrsh.w	r3, [r4, r6, lsl #3]
10001036:	4694      	mov	ip, r2
10001038:	2b00      	cmp	r3, #0
1000103a:	db09      	blt.n	10001050 <alarm_pool_irq_handler+0x1f0>
1000103c:	eb03 0643 	add.w	r6, r3, r3, lsl #1
10001040:	eb04 02c6 	add.w	r2, r4, r6, lsl #3
10001044:	e9d2 7102 	ldrd	r7, r1, [r2, #8]
10001048:	42bd      	cmp	r5, r7
1000104a:	eb70 0101 	sbcs.w	r1, r0, r1
1000104e:	daf0      	bge.n	10001032 <alarm_pool_irq_handler+0x1d2>
10001050:	4656      	mov	r6, sl
10001052:	9f00      	ldr	r7, [sp, #0]
10001054:	f8ac 7000 	strh.w	r7, [ip]
10001058:	f934 703e 	ldrsh.w	r7, [r4, lr, lsl #3]
1000105c:	f824 303e 	strh.w	r3, [r4, lr, lsl #3]
10001060:	2f00      	cmp	r7, #0
10001062:	dad8      	bge.n	10001016 <alarm_pool_irq_handler+0x1b6>
10001064:	79b3      	ldrb	r3, [r6, #6]
10001066:	464d      	mov	r5, r9
10001068:	2b00      	cmp	r3, #0
1000106a:	f43f af24 	beq.w	10000eb6 <alarm_pool_irq_handler+0x56>
1000106e:	2300      	movs	r3, #0
10001070:	71b3      	strb	r3, [r6, #6]
10001072:	f9b6 3008 	ldrsh.w	r3, [r6, #8]
10001076:	f106 0808 	add.w	r8, r6, #8
1000107a:	1c59      	adds	r1, r3, #1
1000107c:	d03d      	beq.n	100010fa <alarm_pool_irq_handler+0x29a>
1000107e:	4619      	mov	r1, r3
10001080:	6977      	ldr	r7, [r6, #20]
10001082:	e003      	b.n	1000108c <alarm_pool_irq_handler+0x22c>
10001084:	4680      	mov	r8, r0
10001086:	1c5a      	adds	r2, r3, #1
10001088:	f43f af17 	beq.w	10000eba <alarm_pool_irq_handler+0x5a>
1000108c:	eb03 0243 	add.w	r2, r3, r3, lsl #1
10001090:	eb07 00c2 	add.w	r0, r7, r2, lsl #3
10001094:	f8b0 c002 	ldrh.w	ip, [r0, #2]
10001098:	461c      	mov	r4, r3
1000109a:	f41c 4f00 	tst.w	ip, #32768	@ 0x8000
1000109e:	469e      	mov	lr, r3
100010a0:	f937 3032 	ldrsh.w	r3, [r7, r2, lsl #3]
100010a4:	d0ee      	beq.n	10001084 <alarm_pool_irq_handler+0x224>
100010a6:	428c      	cmp	r4, r1
100010a8:	ed80 8b02 	vstr	d8, [r0, #8]
100010ac:	d005      	beq.n	100010ba <alarm_pool_irq_handler+0x25a>
100010ae:	f8a8 3000 	strh.w	r3, [r8]
100010b2:	8931      	ldrh	r1, [r6, #8]
100010b4:	f827 1032 	strh.w	r1, [r7, r2, lsl #3]
100010b8:	8134      	strh	r4, [r6, #8]
100010ba:	4671      	mov	r1, lr
100010bc:	e7e3      	b.n	10001086 <alarm_pool_irq_handler+0x226>
100010be:	f839 303a 	ldrh.w	r3, [r9, sl, lsl #3]
100010c2:	8133      	strh	r3, [r6, #8]
100010c4:	6933      	ldr	r3, [r6, #16]
100010c6:	f3ef 8210 	mrs	r2, PRIMASK
100010ca:	b672      	cpsid	i
100010cc:	e8d3 0fcf 	ldaexb	r0, [r3]
100010d0:	2101      	movs	r1, #1
100010d2:	2800      	cmp	r0, #0
100010d4:	d1fa      	bne.n	100010cc <alarm_pool_irq_handler+0x26c>
100010d6:	e8c3 1f40 	strexb	r0, r1, [r3]
100010da:	2800      	cmp	r0, #0
100010dc:	d1f6      	bne.n	100010cc <alarm_pool_irq_handler+0x26c>
100010de:	f3bf 8f5f 	dmb	sy
100010e2:	8873      	ldrh	r3, [r6, #2]
100010e4:	6931      	ldr	r1, [r6, #16]
100010e6:	f829 303a 	strh.w	r3, [r9, sl, lsl #3]
100010ea:	9b00      	ldr	r3, [sp, #0]
100010ec:	8073      	strh	r3, [r6, #2]
100010ee:	2300      	movs	r3, #0
100010f0:	e8c1 3f8f 	stlb	r3, [r1]
100010f4:	f382 8810 	msr	PRIMASK, r2
100010f8:	e6d5      	b.n	10000ea6 <alarm_pool_irq_handler+0x46>
100010fa:	bf40      	sev
100010fc:	b005      	add	sp, #20
100010fe:	ecbd 8b02 	vpop	{d8}
10001102:	e8bd 8ff0 	ldmia.w	sp!, {r4, r5, r6, r7, r8, r9, sl, fp, pc}
10001106:	4628      	mov	r0, r5
10001108:	e9cd 2302 	strd	r2, r3, [sp, #8]
1000110c:	f000 fa9c 	bl	10001648 <timer_time_us_64>
10001110:	9a02      	ldr	r2, [sp, #8]
10001112:	9b03      	ldr	r3, [sp, #12]
10001114:	eb10 0e02 	adds.w	lr, r0, r2
10001118:	eb43 0801 	adc.w	r8, r3, r1
1000111c:	e726      	b.n	10000f6c <alarm_pool_irq_handler+0x10c>
1000111e:	4608      	mov	r0, r1
10001120:	690b      	ldr	r3, [r1, #16]
10001122:	9102      	str	r1, [sp, #8]
10001124:	4798      	blx	r3
10001126:	2800      	cmp	r0, #0
10001128:	d0c9      	beq.n	100010be <alarm_pool_irq_handler+0x25e>
1000112a:	9902      	ldr	r1, [sp, #8]
1000112c:	e9d1 2300 	ldrd	r2, r3, [r1]
10001130:	e711      	b.n	10000f56 <alarm_pool_irq_handler+0xf6>
10001132:	bf00      	nop
10001134:	f3af 8000 	nop.w
10001138:	ffffffff 	.word	0xffffffff
1000113c:	ffffffff 	.word	0xffffffff
10001140:	400b8000 	.word	0x400b8000
10001144:	200029c8 	.word	0x200029c8
10001148:	400b0000 	.word	0x400b0000
1000114c:	10000e61 	.word	0x10000e61

10001150 <runtime_init_default_alarm_pool>:
10001150:	e92d 4ff8 	stmdb	sp!, {r3, r4, r5, r6, r7, r8, r9, sl, fp, lr}
10001154:	4c36      	ldr	r4, [pc, #216]	@ (10001230 <runtime_init_default_alarm_pool+0xe0>)
10001156:	6925      	ldr	r5, [r4, #16]
10001158:	b12d      	cbz	r5, 10001166 <runtime_init_default_alarm_pool+0x16>
1000115a:	e8bd 4ff8 	ldmia.w	sp!, {r3, r4, r5, r6, r7, r8, r9, sl, fp, lr}
1000115e:	210a      	movs	r1, #10
10001160:	4834      	ldr	r0, [pc, #208]	@ (10001234 <runtime_init_default_alarm_pool+0xe4>)
10001162:	f7ff be0f 	b.w	10000d84 <lock_init>
10001166:	f8df 80e4 	ldr.w	r8, [pc, #228]	@ 1000124c <runtime_init_default_alarm_pool+0xfc>
1000116a:	2103      	movs	r1, #3
1000116c:	4640      	mov	r0, r8
1000116e:	f000 fa59 	bl	10001624 <timer_hardware_alarm_claim>
10001172:	2603      	movs	r6, #3
10001174:	f8c4 800c 	str.w	r8, [r4, #12]
10001178:	f7ff fbdc 	bl	10000934 <next_striped_spin_lock_num>
1000117c:	f04f 4c50 	mov.w	ip, #3489660928	@ 0xd0000000
10001180:	4b2d      	ldr	r3, [pc, #180]	@ (10001238 <runtime_init_default_alarm_pool+0xe8>)
10001182:	7026      	strb	r6, [r4, #0]
10001184:	4403      	add	r3, r0
10001186:	6123      	str	r3, [r4, #16]
10001188:	f8dc 3000 	ldr.w	r3, [ip]
1000118c:	210f      	movs	r1, #15
1000118e:	7063      	strb	r3, [r4, #1]
10001190:	6963      	ldr	r3, [r4, #20]
10001192:	8061      	strh	r1, [r4, #2]
10001194:	831d      	strh	r5, [r3, #24]
10001196:	f04f 0504 	mov.w	r5, #4
1000119a:	f8a3 5078 	strh.w	r5, [r3, #120]	@ 0x78
1000119e:	f04f 0505 	mov.w	r5, #5
100011a2:	f8a3 5090 	strh.w	r5, [r3, #144]	@ 0x90
100011a6:	f04f 0506 	mov.w	r5, #6
100011aa:	f8a3 50a8 	strh.w	r5, [r3, #168]	@ 0xa8
100011ae:	f04f 0507 	mov.w	r5, #7
100011b2:	210e      	movs	r1, #14
100011b4:	f64f 72ff 	movw	r2, #65535	@ 0xffff
100011b8:	2708      	movs	r7, #8
100011ba:	f04f 0e0a 	mov.w	lr, #10
100011be:	f8a3 50c0 	strh.w	r5, [r3, #192]	@ 0xc0
100011c2:	f04f 0901 	mov.w	r9, #1
100011c6:	f04f 0c0c 	mov.w	ip, #12
100011ca:	f04f 0b02 	mov.w	fp, #2
100011ce:	f04f 0a09 	mov.w	sl, #9
100011d2:	200d      	movs	r0, #13
100011d4:	f04f 050b 	mov.w	r5, #11
100011d8:	f8a3 1168 	strh.w	r1, [r3, #360]	@ 0x168
100011dc:	4917      	ldr	r1, [pc, #92]	@ (1000123c <runtime_init_default_alarm_pool+0xec>)
100011de:	80a2      	strh	r2, [r4, #4]
100011e0:	f8a3 e108 	strh.w	lr, [r3, #264]	@ 0x108
100011e4:	60a1      	str	r1, [r4, #8]
100011e6:	f8a3 b048 	strh.w	fp, [r3, #72]	@ 0x48
100011ea:	f8a3 a0f0 	strh.w	sl, [r3, #240]	@ 0xf0
100011ee:	f8a3 5120 	strh.w	r5, [r3, #288]	@ 0x120
100011f2:	f8a3 c138 	strh.w	ip, [r3, #312]	@ 0x138
100011f6:	f8a3 0150 	strh.w	r0, [r3, #336]	@ 0x150
100011fa:	f8a3 9030 	strh.w	r9, [r3, #48]	@ 0x30
100011fe:	f8a3 6060 	strh.w	r6, [r3, #96]	@ 0x60
10001202:	f8a3 70d8 	strh.w	r7, [r3, #216]	@ 0xd8
10001206:	801a      	strh	r2, [r3, #0]
10001208:	4b0d      	ldr	r3, [pc, #52]	@ (10001240 <runtime_init_default_alarm_pool+0xf0>)
1000120a:	4630      	mov	r0, r6
1000120c:	f8c8 7020 	str.w	r7, [r8, #32]
10001210:	490c      	ldr	r1, [pc, #48]	@ (10001244 <runtime_init_default_alarm_pool+0xf4>)
10001212:	60dc      	str	r4, [r3, #12]
10001214:	f7ff fc20 	bl	10000a58 <irq_set_exclusive_handler>
10001218:	4649      	mov	r1, r9
1000121a:	4630      	mov	r0, r6
1000121c:	f7ff fbda 	bl	100009d4 <irq_set_enabled>
10001220:	4b09      	ldr	r3, [pc, #36]	@ (10001248 <runtime_init_default_alarm_pool+0xf8>)
10001222:	210a      	movs	r1, #10
10001224:	641f      	str	r7, [r3, #64]	@ 0x40
10001226:	4803      	ldr	r0, [pc, #12]	@ (10001234 <runtime_init_default_alarm_pool+0xe4>)
10001228:	e8bd 4ff8 	ldmia.w	sp!, {r3, r4, r5, r6, r7, r8, r9, sl, fp, lr}
1000122c:	f7ff bdaa 	b.w	10000d84 <lock_init>
10001230:	20001500 	.word	0x20001500
10001234:	200029f0 	.word	0x200029f0
10001238:	20002120 	.word	0x20002120
1000123c:	0010ffff 	.word	0x0010ffff
10001240:	200029c8 	.word	0x200029c8
10001244:	10000e61 	.word	0x10000e61
10001248:	400b2000 	.word	0x400b2000
1000124c:	400b0000 	.word	0x400b0000

10001250 <alarm_pool_get_default>:
10001250:	4800      	ldr	r0, [pc, #0]	@ (10001254 <alarm_pool_get_default+0x4>)
10001252:	4770      	bx	lr
10001254:	20001500 	.word	0x20001500

10001258 <alarm_pool_add_alarm_at>:
10001258:	b5f8      	push	{r3, r4, r5, r6, r7, lr}
1000125a:	f89d 7020 	ldrb.w	r7, [sp, #32]
1000125e:	4604      	mov	r4, r0
10001260:	4616      	mov	r6, r2
10001262:	461d      	mov	r5, r3
10001264:	b937      	cbnz	r7, 10001274 <alarm_pool_add_alarm_at+0x1c>
10001266:	f000 f9f7 	bl	10001658 <time_us_64>
1000126a:	4286      	cmp	r6, r0
1000126c:	eb65 0101 	sbc.w	r1, r5, r1
10001270:	2900      	cmp	r1, #0
10001272:	db5c      	blt.n	1000132e <alarm_pool_add_alarm_at+0xd6>
10001274:	6923      	ldr	r3, [r4, #16]
10001276:	f3ef 8710 	mrs	r7, PRIMASK
1000127a:	b672      	cpsid	i
1000127c:	e8d3 1fcf 	ldaexb	r1, [r3]
10001280:	2201      	movs	r2, #1
10001282:	2900      	cmp	r1, #0
10001284:	d1fa      	bne.n	1000127c <alarm_pool_add_alarm_at+0x24>
10001286:	e8c3 2f41 	strexb	r1, r2, [r3]
1000128a:	2900      	cmp	r1, #0
1000128c:	d1f6      	bne.n	1000127c <alarm_pool_add_alarm_at+0x24>
1000128e:	f3bf 8f5f 	dmb	sy
10001292:	f9b4 c002 	ldrsh.w	ip, [r4, #2]
10001296:	6963      	ldr	r3, [r4, #20]
10001298:	eb0c 014c 	add.w	r1, ip, ip, lsl #1
1000129c:	f1bc 0f00 	cmp.w	ip, #0
100012a0:	ea4f 02c1 	mov.w	r2, r1, lsl #3
100012a4:	eb03 01c1 	add.w	r1, r3, r1, lsl #3
100012a8:	db38      	blt.n	1000131c <alarm_pool_add_alarm_at+0xc4>
100012aa:	5a98      	ldrh	r0, [r3, r2]
100012ac:	f04f 0e00 	mov.w	lr, #0
100012b0:	8060      	strh	r0, [r4, #2]
100012b2:	6920      	ldr	r0, [r4, #16]
100012b4:	e8c0 ef8f 	stlb	lr, [r0]
100012b8:	f387 8810 	msr	PRIMASK, r7
100012bc:	9806      	ldr	r0, [sp, #24]
100012be:	e9c1 6502 	strd	r6, r5, [r1, #8]
100012c2:	6108      	str	r0, [r1, #16]
100012c4:	9807      	ldr	r0, [sp, #28]
100012c6:	6148      	str	r0, [r1, #20]
100012c8:	8848      	ldrh	r0, [r1, #2]
100012ca:	3001      	adds	r0, #1
100012cc:	f3c0 000e 	ubfx	r0, r0, #0, #15
100012d0:	2801      	cmp	r0, #1
100012d2:	bf38      	it	cc
100012d4:	2001      	movcc	r0, #1
100012d6:	8048      	strh	r0, [r1, #2]
100012d8:	ea40 400c 	orr.w	r0, r0, ip, lsl #16
100012dc:	6921      	ldr	r1, [r4, #16]
100012de:	f3ef 8510 	mrs	r5, PRIMASK
100012e2:	b672      	cpsid	i
100012e4:	e8d1 7fcf 	ldaexb	r7, [r1]
100012e8:	2601      	movs	r6, #1
100012ea:	2f00      	cmp	r7, #0
100012ec:	d1fa      	bne.n	100012e4 <alarm_pool_add_alarm_at+0x8c>
100012ee:	e8c1 6f47 	strexb	r7, r6, [r1]
100012f2:	2f00      	cmp	r7, #0
100012f4:	d1f6      	bne.n	100012e4 <alarm_pool_add_alarm_at+0x8c>
100012f6:	f3bf 8f5f 	dmb	sy
100012fa:	88a1      	ldrh	r1, [r4, #4]
100012fc:	5299      	strh	r1, [r3, r2]
100012fe:	f8a4 c004 	strh.w	ip, [r4, #4]
10001302:	6923      	ldr	r3, [r4, #16]
10001304:	e8c3 ef8f 	stlb	lr, [r3]
10001308:	f385 8810 	msr	PRIMASK, r5
1000130c:	2201      	movs	r2, #1
1000130e:	68e3      	ldr	r3, [r4, #12]
10001310:	7821      	ldrb	r1, [r4, #0]
10001312:	f503 5301 	add.w	r3, r3, #8256	@ 0x2040
10001316:	408a      	lsls	r2, r1
10001318:	605a      	str	r2, [r3, #4]
1000131a:	bdf8      	pop	{r3, r4, r5, r6, r7, pc}
1000131c:	2300      	movs	r3, #0
1000131e:	6922      	ldr	r2, [r4, #16]
10001320:	e8c2 3f8f 	stlb	r3, [r2]
10001324:	f387 8810 	msr	PRIMASK, r7
10001328:	f04f 30ff 	mov.w	r0, #4294967295	@ 0xffffffff
1000132c:	bdf8      	pop	{r3, r4, r5, r6, r7, pc}
1000132e:	4638      	mov	r0, r7
10001330:	bdf8      	pop	{r3, r4, r5, r6, r7, pc}
10001332:	bf00      	nop

10001334 <alarm_pool_add_alarm_at_force_in_context>:
10001334:	4601      	mov	r1, r0
10001336:	b5f0      	push	{r4, r5, r6, r7, lr}
10001338:	6900      	ldr	r0, [r0, #16]
1000133a:	f3ef 8710 	mrs	r7, PRIMASK
1000133e:	b672      	cpsid	i
10001340:	e8d0 5fcf 	ldaexb	r5, [r0]
10001344:	2401      	movs	r4, #1
10001346:	2d00      	cmp	r5, #0
10001348:	d1fa      	bne.n	10001340 <alarm_pool_add_alarm_at_force_in_context+0xc>
1000134a:	e8c0 4f45 	strexb	r5, r4, [r0]
1000134e:	2d00      	cmp	r5, #0
10001350:	d1f6      	bne.n	10001340 <alarm_pool_add_alarm_at_force_in_context+0xc>
10001352:	f3bf 8f5f 	dmb	sy
10001356:	f9b1 e002 	ldrsh.w	lr, [r1, #2]
1000135a:	694c      	ldr	r4, [r1, #20]
1000135c:	eb0e 0c4e 	add.w	ip, lr, lr, lsl #1
10001360:	f1be 0f00 	cmp.w	lr, #0
10001364:	ea4f 05cc 	mov.w	r5, ip, lsl #3
10001368:	eb04 0ccc 	add.w	ip, r4, ip, lsl #3
1000136c:	db3d      	blt.n	100013ea <alarm_pool_add_alarm_at_force_in_context+0xb6>
1000136e:	5b60      	ldrh	r0, [r4, r5]
10001370:	2600      	movs	r6, #0
10001372:	8048      	strh	r0, [r1, #2]
10001374:	6908      	ldr	r0, [r1, #16]
10001376:	e8c0 6f8f 	stlb	r6, [r0]
1000137a:	f387 8810 	msr	PRIMASK, r7
1000137e:	f8bc 0002 	ldrh.w	r0, [ip, #2]
10001382:	e9cc 2302 	strd	r2, r3, [ip, #8]
10001386:	3001      	adds	r0, #1
10001388:	f3c0 000e 	ubfx	r0, r0, #0, #15
1000138c:	2801      	cmp	r0, #1
1000138e:	bf38      	it	cc
10001390:	2001      	movcc	r0, #1
10001392:	9b05      	ldr	r3, [sp, #20]
10001394:	f8ac 0002 	strh.w	r0, [ip, #2]
10001398:	f8cc 3010 	str.w	r3, [ip, #16]
1000139c:	9b06      	ldr	r3, [sp, #24]
1000139e:	ea40 400e 	orr.w	r0, r0, lr, lsl #16
100013a2:	f8cc 3014 	str.w	r3, [ip, #20]
100013a6:	690b      	ldr	r3, [r1, #16]
100013a8:	f3ef 8210 	mrs	r2, PRIMASK
100013ac:	b672      	cpsid	i
100013ae:	e8d3 cfcf 	ldaexb	ip, [r3]
100013b2:	2701      	movs	r7, #1
100013b4:	f1bc 0f00 	cmp.w	ip, #0
100013b8:	d1f9      	bne.n	100013ae <alarm_pool_add_alarm_at_force_in_context+0x7a>
100013ba:	e8c3 7f4c 	strexb	ip, r7, [r3]
100013be:	f1bc 0f00 	cmp.w	ip, #0
100013c2:	d1f4      	bne.n	100013ae <alarm_pool_add_alarm_at_force_in_context+0x7a>
100013c4:	f3bf 8f5f 	dmb	sy
100013c8:	888b      	ldrh	r3, [r1, #4]
100013ca:	5363      	strh	r3, [r4, r5]
100013cc:	f8a1 e004 	strh.w	lr, [r1, #4]
100013d0:	690b      	ldr	r3, [r1, #16]
100013d2:	e8c3 6f8f 	stlb	r6, [r3]
100013d6:	f382 8810 	msr	PRIMASK, r2
100013da:	2201      	movs	r2, #1
100013dc:	68cb      	ldr	r3, [r1, #12]
100013de:	7809      	ldrb	r1, [r1, #0]
100013e0:	f503 5301 	add.w	r3, r3, #8256	@ 0x2040
100013e4:	408a      	lsls	r2, r1
100013e6:	605a      	str	r2, [r3, #4]
100013e8:	bdf0      	pop	{r4, r5, r6, r7, pc}
100013ea:	2300      	movs	r3, #0
100013ec:	690a      	ldr	r2, [r1, #16]
100013ee:	e8c2 3f8f 	stlb	r3, [r2]
100013f2:	f387 8810 	msr	PRIMASK, r7
100013f6:	f04f 30ff 	mov.w	r0, #4294967295	@ 0xffffffff
100013fa:	bdf0      	pop	{r4, r5, r6, r7, pc}

100013fc <alarm_pool_cancel_alarm>:
100013fc:	4603      	mov	r3, r0
100013fe:	8940      	ldrh	r0, [r0, #10]
10001400:	ebb0 4f21 	cmp.w	r0, r1, asr #16
10001404:	dd37      	ble.n	10001476 <alarm_pool_cancel_alarm+0x7a>
10001406:	6958      	ldr	r0, [r3, #20]
10001408:	140a      	asrs	r2, r1, #16
1000140a:	eb02 0242 	add.w	r2, r2, r2, lsl #1
1000140e:	b510      	push	{r4, lr}
10001410:	eb00 00c2 	add.w	r0, r0, r2, lsl #3
10001414:	691c      	ldr	r4, [r3, #16]
10001416:	f3ef 8c10 	mrs	ip, PRIMASK
1000141a:	b672      	cpsid	i
1000141c:	e8d4 efcf 	ldaexb	lr, [r4]
10001420:	2201      	movs	r2, #1
10001422:	f1be 0f00 	cmp.w	lr, #0
10001426:	d1f9      	bne.n	1000141c <alarm_pool_cancel_alarm+0x20>
10001428:	e8c4 2f4e 	strexb	lr, r2, [r4]
1000142c:	f1be 0f00 	cmp.w	lr, #0
10001430:	d1f4      	bne.n	1000141c <alarm_pool_cancel_alarm+0x20>
10001432:	f3bf 8f5f 	dmb	sy
10001436:	8842      	ldrh	r2, [r0, #2]
10001438:	b289      	uxth	r1, r1
1000143a:	b292      	uxth	r2, r2
1000143c:	428a      	cmp	r2, r1
1000143e:	d007      	beq.n	10001450 <alarm_pool_cancel_alarm+0x54>
10001440:	2200      	movs	r2, #0
10001442:	691b      	ldr	r3, [r3, #16]
10001444:	e8c3 2f8f 	stlb	r2, [r3]
10001448:	f38c 8810 	msr	PRIMASK, ip
1000144c:	2000      	movs	r0, #0
1000144e:	bd10      	pop	{r4, pc}
10001450:	f442 4200 	orr.w	r2, r2, #32768	@ 0x8000
10001454:	8042      	strh	r2, [r0, #2]
10001456:	2101      	movs	r1, #1
10001458:	2200      	movs	r2, #0
1000145a:	6918      	ldr	r0, [r3, #16]
1000145c:	7199      	strb	r1, [r3, #6]
1000145e:	e8c0 2f8f 	stlb	r2, [r0]
10001462:	f38c 8810 	msr	PRIMASK, ip
10001466:	781c      	ldrb	r4, [r3, #0]
10001468:	68da      	ldr	r2, [r3, #12]
1000146a:	4608      	mov	r0, r1
1000146c:	f502 5301 	add.w	r3, r2, #8256	@ 0x2040
10001470:	40a1      	lsls	r1, r4
10001472:	6059      	str	r1, [r3, #4]
10001474:	bd10      	pop	{r4, pc}
10001476:	2000      	movs	r0, #0
10001478:	4770      	bx	lr
1000147a:	bf00      	nop

1000147c <alarm_pool_core_num>:
1000147c:	7840      	ldrb	r0, [r0, #1]
1000147e:	4770      	bx	lr

10001480 <sleep_until>:
10001480:	e92d 41f0 	stmdb	sp!, {r4, r5, r6, r7, r8, lr}
10001484:	1f86      	subs	r6, r0, #6
10001486:	f141 35ff 	adc.w	r5, r1, #4294967295	@ 0xffffffff
1000148a:	42b0      	cmp	r0, r6
1000148c:	eb71 0305 	sbcs.w	r3, r1, r5
10001490:	bf38      	it	cc
10001492:	2600      	movcc	r6, #0
10001494:	b082      	sub	sp, #8
10001496:	bf38      	it	cc
10001498:	4635      	movcc	r5, r6
1000149a:	4604      	mov	r4, r0
1000149c:	460f      	mov	r7, r1
1000149e:	f000 f8db 	bl	10001658 <time_us_64>
100014a2:	1a30      	subs	r0, r6, r0
100014a4:	eb65 0301 	sbc.w	r3, r5, r1
100014a8:	2801      	cmp	r0, #1
100014aa:	f173 0300 	sbcs.w	r3, r3, #0
100014ae:	da06      	bge.n	100014be <sleep_until+0x3e>
100014b0:	4620      	mov	r0, r4
100014b2:	4639      	mov	r1, r7
100014b4:	b002      	add	sp, #8
100014b6:	e8bd 41f0 	ldmia.w	sp!, {r4, r5, r6, r7, r8, lr}
100014ba:	f000 b909 	b.w	100016d0 <busy_wait_until>
100014be:	f000 f8cb 	bl	10001658 <time_us_64>
100014c2:	4286      	cmp	r6, r0
100014c4:	eb65 0101 	sbc.w	r1, r5, r1
100014c8:	2900      	cmp	r1, #0
100014ca:	db0a      	blt.n	100014e2 <sleep_until+0x62>
100014cc:	2100      	movs	r1, #0
100014ce:	4b17      	ldr	r3, [pc, #92]	@ (1000152c <sleep_until+0xac>)
100014d0:	4632      	mov	r2, r6
100014d2:	9300      	str	r3, [sp, #0]
100014d4:	4816      	ldr	r0, [pc, #88]	@ (10001530 <sleep_until+0xb0>)
100014d6:	462b      	mov	r3, r5
100014d8:	9101      	str	r1, [sp, #4]
100014da:	f7ff ff2b 	bl	10001334 <alarm_pool_add_alarm_at_force_in_context>
100014de:	2800      	cmp	r0, #0
100014e0:	dbe6      	blt.n	100014b0 <sleep_until+0x30>
100014e2:	f04f 0c00 	mov.w	ip, #0
100014e6:	4813      	ldr	r0, [pc, #76]	@ (10001534 <sleep_until+0xb4>)
100014e8:	4a13      	ldr	r2, [pc, #76]	@ (10001538 <sleep_until+0xb8>)
100014ea:	6a43      	ldr	r3, [r0, #36]	@ 0x24
100014ec:	429d      	cmp	r5, r3
100014ee:	d804      	bhi.n	100014fa <sleep_until+0x7a>
100014f0:	6a81      	ldr	r1, [r0, #40]	@ 0x28
100014f2:	42b1      	cmp	r1, r6
100014f4:	d2dc      	bcs.n	100014b0 <sleep_until+0x30>
100014f6:	429d      	cmp	r5, r3
100014f8:	d1da      	bne.n	100014b0 <sleep_until+0x30>
100014fa:	6813      	ldr	r3, [r2, #0]
100014fc:	f3ef 8110 	mrs	r1, PRIMASK
10001500:	b672      	cpsid	i
10001502:	e8d3 8fcf 	ldaexb	r8, [r3]
10001506:	f05f 0e01 	movs.w	lr, #1
1000150a:	f1b8 0f00 	cmp.w	r8, #0
1000150e:	d1f8      	bne.n	10001502 <sleep_until+0x82>
10001510:	e8c3 ef48 	strexb	r8, lr, [r3]
10001514:	f1b8 0f00 	cmp.w	r8, #0
10001518:	d1f3      	bne.n	10001502 <sleep_until+0x82>
1000151a:	f3bf 8f5f 	dmb	sy
1000151e:	6813      	ldr	r3, [r2, #0]
10001520:	e8c3 cf8f 	stlb	ip, [r3]
10001524:	f381 8810 	msr	PRIMASK, r1
10001528:	bf20      	wfe
1000152a:	e7de      	b.n	100014ea <sleep_until+0x6a>
1000152c:	10000e25 	.word	0x10000e25
10001530:	20001500 	.word	0x20001500
10001534:	400b0000 	.word	0x400b0000
10001538:	200029f0 	.word	0x200029f0

1000153c <sleep_ms>:
1000153c:	b510      	push	{r4, lr}
1000153e:	4604      	mov	r4, r0
10001540:	f000 f88a 	bl	10001658 <time_us_64>
10001544:	f44f 737a 	mov.w	r3, #1000	@ 0x3e8
10001548:	f04f 3cff 	mov.w	ip, #4294967295	@ 0xffffffff
1000154c:	f06f 4200 	mvn.w	r2, #2147483648	@ 0x80000000
10001550:	fbe4 0103 	umlal	r0, r1, r4, r3
10001554:	e8bd 4010 	ldmia.w	sp!, {r4, lr}
10001558:	4584      	cmp	ip, r0
1000155a:	eb72 0301 	sbcs.w	r3, r2, r1
1000155e:	bf3c      	itt	cc
10001560:	4660      	movcc	r0, ip
10001562:	4611      	movcc	r1, r2
10001564:	f7ff bf8c 	b.w	10001480 <sleep_until>

10001568 <best_effort_wfe_or_timeout>:
10001568:	e92d 43f0 	stmdb	sp!, {r4, r5, r6, r7, r8, r9, lr}
1000156c:	4606      	mov	r6, r0
1000156e:	460d      	mov	r5, r1
10001570:	b083      	sub	sp, #12
10001572:	f3ef 8405 	mrs	r4, IPSR
10001576:	b2e4      	uxtb	r4, r4
10001578:	b13c      	cbz	r4, 1000158a <best_effort_wfe_or_timeout+0x22>
1000157a:	4b27      	ldr	r3, [pc, #156]	@ (10001618 <best_effort_wfe_or_timeout+0xb0>)
1000157c:	6a58      	ldr	r0, [r3, #36]	@ 0x24
1000157e:	42a8      	cmp	r0, r5
10001580:	d21c      	bcs.n	100015bc <best_effort_wfe_or_timeout+0x54>
10001582:	2000      	movs	r0, #0
10001584:	b003      	add	sp, #12
10001586:	e8bd 83f0 	ldmia.w	sp!, {r4, r5, r6, r7, r8, r9, pc}
1000158a:	4f24      	ldr	r7, [pc, #144]	@ (1000161c <best_effort_wfe_or_timeout+0xb4>)
1000158c:	f8d7 900c 	ldr.w	r9, [r7, #12]
10001590:	f897 8000 	ldrb.w	r8, [r7]
10001594:	4648      	mov	r0, r9
10001596:	f000 f857 	bl	10001648 <timer_time_us_64>
1000159a:	f108 0804 	add.w	r8, r8, #4
1000159e:	f859 3028 	ldr.w	r3, [r9, r8, lsl #2]
100015a2:	1a1b      	subs	r3, r3, r0
100015a4:	1a30      	subs	r0, r6, r0
100015a6:	eb65 0101 	sbc.w	r1, r5, r1
100015aa:	4298      	cmp	r0, r3
100015ac:	f171 0100 	sbcs.w	r1, r1, #0
100015b0:	db11      	blt.n	100015d6 <best_effort_wfe_or_timeout+0x6e>
100015b2:	bf20      	wfe
100015b4:	4b18      	ldr	r3, [pc, #96]	@ (10001618 <best_effort_wfe_or_timeout+0xb0>)
100015b6:	6a58      	ldr	r0, [r3, #36]	@ 0x24
100015b8:	42a8      	cmp	r0, r5
100015ba:	d3e2      	bcc.n	10001582 <best_effort_wfe_or_timeout+0x1a>
100015bc:	6a9b      	ldr	r3, [r3, #40]	@ 0x28
100015be:	42b3      	cmp	r3, r6
100015c0:	d303      	bcc.n	100015ca <best_effort_wfe_or_timeout+0x62>
100015c2:	2001      	movs	r0, #1
100015c4:	b003      	add	sp, #12
100015c6:	e8bd 83f0 	ldmia.w	sp!, {r4, r5, r6, r7, r8, r9, pc}
100015ca:	1b40      	subs	r0, r0, r5
100015cc:	bf18      	it	ne
100015ce:	2001      	movne	r0, #1
100015d0:	b003      	add	sp, #12
100015d2:	e8bd 83f0 	ldmia.w	sp!, {r4, r5, r6, r7, r8, r9, pc}
100015d6:	f000 f83f 	bl	10001658 <time_us_64>
100015da:	4286      	cmp	r6, r0
100015dc:	eb65 0101 	sbc.w	r1, r5, r1
100015e0:	2900      	cmp	r1, #0
100015e2:	dbca      	blt.n	1000157a <best_effort_wfe_or_timeout+0x12>
100015e4:	4b0e      	ldr	r3, [pc, #56]	@ (10001620 <best_effort_wfe_or_timeout+0xb8>)
100015e6:	4638      	mov	r0, r7
100015e8:	e9cd 3400 	strd	r3, r4, [sp]
100015ec:	4632      	mov	r2, r6
100015ee:	462b      	mov	r3, r5
100015f0:	f7ff fea0 	bl	10001334 <alarm_pool_add_alarm_at_force_in_context>
100015f4:	1e01      	subs	r1, r0, #0
100015f6:	ddc0      	ble.n	1000157a <best_effort_wfe_or_timeout+0x12>
100015f8:	4b07      	ldr	r3, [pc, #28]	@ (10001618 <best_effort_wfe_or_timeout+0xb0>)
100015fa:	6a5a      	ldr	r2, [r3, #36]	@ 0x24
100015fc:	42aa      	cmp	r2, r5
100015fe:	d308      	bcc.n	10001612 <best_effort_wfe_or_timeout+0xaa>
10001600:	6a9b      	ldr	r3, [r3, #40]	@ 0x28
10001602:	42b3      	cmp	r3, r6
10001604:	d303      	bcc.n	1000160e <best_effort_wfe_or_timeout+0xa6>
10001606:	4805      	ldr	r0, [pc, #20]	@ (1000161c <best_effort_wfe_or_timeout+0xb4>)
10001608:	f7ff fef8 	bl	100013fc <alarm_pool_cancel_alarm>
1000160c:	e7b5      	b.n	1000157a <best_effort_wfe_or_timeout+0x12>
1000160e:	42aa      	cmp	r2, r5
10001610:	d1f9      	bne.n	10001606 <best_effort_wfe_or_timeout+0x9e>
10001612:	bf20      	wfe
10001614:	e7f7      	b.n	10001606 <best_effort_wfe_or_timeout+0x9e>
10001616:	bf00      	nop
10001618:	400b0000 	.word	0x400b0000
1000161c:	20001500 	.word	0x20001500
10001620:	10000e25 	.word	0x10000e25

10001624 <timer_hardware_alarm_claim>:
10001624:	b410      	push	{r4}
10001626:	4b05      	ldr	r3, [pc, #20]	@ (1000163c <timer_hardware_alarm_claim+0x18>)
10001628:	4c05      	ldr	r4, [pc, #20]	@ (10001640 <timer_hardware_alarm_claim+0x1c>)
1000162a:	4a06      	ldr	r2, [pc, #24]	@ (10001644 <timer_hardware_alarm_claim+0x20>)
1000162c:	42a0      	cmp	r0, r4
1000162e:	bf14      	ite	ne
10001630:	4618      	movne	r0, r3
10001632:	1c58      	addeq	r0, r3, #1
10001634:	f85d 4b04 	ldr.w	r4, [sp], #4
10001638:	f7ff b902 	b.w	10000840 <hw_claim_or_assert>
1000163c:	2000254c 	.word	0x2000254c
10001640:	400b8000 	.word	0x400b8000
10001644:	10007b58 	.word	0x10007b58

10001648 <timer_time_us_64>:
10001648:	4603      	mov	r3, r0
1000164a:	6a41      	ldr	r1, [r0, #36]	@ 0x24
1000164c:	460a      	mov	r2, r1
1000164e:	6a98      	ldr	r0, [r3, #40]	@ 0x28
10001650:	6a59      	ldr	r1, [r3, #36]	@ 0x24
10001652:	428a      	cmp	r2, r1
10001654:	d1fa      	bne.n	1000164c <timer_time_us_64+0x4>
10001656:	4770      	bx	lr

10001658 <time_us_64>:
10001658:	4b03      	ldr	r3, [pc, #12]	@ (10001668 <time_us_64+0x10>)
1000165a:	6a59      	ldr	r1, [r3, #36]	@ 0x24
1000165c:	460a      	mov	r2, r1
1000165e:	6a98      	ldr	r0, [r3, #40]	@ 0x28
10001660:	6a59      	ldr	r1, [r3, #36]	@ 0x24
10001662:	4291      	cmp	r1, r2
10001664:	d1fa      	bne.n	1000165c <time_us_64+0x4>
10001666:	4770      	bx	lr
10001668:	400b0000 	.word	0x400b0000

1000166c <busy_wait_us>:
1000166c:	b410      	push	{r4}
1000166e:	4a17      	ldr	r2, [pc, #92]	@ (100016cc <busy_wait_us+0x60>)
10001670:	6a53      	ldr	r3, [r2, #36]	@ 0x24
10001672:	469c      	mov	ip, r3
10001674:	6a94      	ldr	r4, [r2, #40]	@ 0x28
10001676:	6a53      	ldr	r3, [r2, #36]	@ 0x24
10001678:	4563      	cmp	r3, ip
1000167a:	d1fa      	bne.n	10001672 <busy_wait_us+0x6>
1000167c:	1900      	adds	r0, r0, r4
1000167e:	4159      	adcs	r1, r3
10001680:	f04f 0200 	mov.w	r2, #0
10001684:	bf28      	it	cs
10001686:	2201      	movcs	r2, #1
10001688:	4603      	mov	r3, r0
1000168a:	b1ca      	cbz	r2, 100016c0 <busy_wait_us+0x54>
1000168c:	4b0f      	ldr	r3, [pc, #60]	@ (100016cc <busy_wait_us+0x60>)
1000168e:	6a59      	ldr	r1, [r3, #36]	@ 0x24
10001690:	1c4b      	adds	r3, r1, #1
10001692:	bf08      	it	eq
10001694:	460b      	moveq	r3, r1
10001696:	d008      	beq.n	100016aa <busy_wait_us+0x3e>
10001698:	f04f 31ff 	mov.w	r1, #4294967295	@ 0xffffffff
1000169c:	460b      	mov	r3, r1
1000169e:	480b      	ldr	r0, [pc, #44]	@ (100016cc <busy_wait_us+0x60>)
100016a0:	6a42      	ldr	r2, [r0, #36]	@ 0x24
100016a2:	428a      	cmp	r2, r1
100016a4:	d3fc      	bcc.n	100016a0 <busy_wait_us+0x34>
100016a6:	428a      	cmp	r2, r1
100016a8:	d107      	bne.n	100016ba <busy_wait_us+0x4e>
100016aa:	4a08      	ldr	r2, [pc, #32]	@ (100016cc <busy_wait_us+0x60>)
100016ac:	e002      	b.n	100016b4 <busy_wait_us+0x48>
100016ae:	6a50      	ldr	r0, [r2, #36]	@ 0x24
100016b0:	4288      	cmp	r0, r1
100016b2:	d102      	bne.n	100016ba <busy_wait_us+0x4e>
100016b4:	6a90      	ldr	r0, [r2, #40]	@ 0x28
100016b6:	4298      	cmp	r0, r3
100016b8:	d3f9      	bcc.n	100016ae <busy_wait_us+0x42>
100016ba:	f85d 4b04 	ldr.w	r4, [sp], #4
100016be:	4770      	bx	lr
100016c0:	4a02      	ldr	r2, [pc, #8]	@ (100016cc <busy_wait_us+0x60>)
100016c2:	6a52      	ldr	r2, [r2, #36]	@ 0x24
100016c4:	4291      	cmp	r1, r2
100016c6:	d8ea      	bhi.n	1000169e <busy_wait_us+0x32>
100016c8:	e7ed      	b.n	100016a6 <busy_wait_us+0x3a>
100016ca:	bf00      	nop
100016cc:	400b0000 	.word	0x400b0000

100016d0 <busy_wait_until>:
100016d0:	4a07      	ldr	r2, [pc, #28]	@ (100016f0 <busy_wait_until+0x20>)
100016d2:	6a53      	ldr	r3, [r2, #36]	@ 0x24
100016d4:	4299      	cmp	r1, r3
100016d6:	d8fc      	bhi.n	100016d2 <busy_wait_until+0x2>
100016d8:	4299      	cmp	r1, r3
100016da:	d107      	bne.n	100016ec <busy_wait_until+0x1c>
100016dc:	4b04      	ldr	r3, [pc, #16]	@ (100016f0 <busy_wait_until+0x20>)
100016de:	e002      	b.n	100016e6 <busy_wait_until+0x16>
100016e0:	6a5a      	ldr	r2, [r3, #36]	@ 0x24
100016e2:	4291      	cmp	r1, r2
100016e4:	d102      	bne.n	100016ec <busy_wait_until+0x1c>
100016e6:	6a9a      	ldr	r2, [r3, #40]	@ 0x28
100016e8:	4282      	cmp	r2, r0
100016ea:	d3f9      	bcc.n	100016e0 <busy_wait_until+0x10>
100016ec:	4770      	bx	lr
100016ee:	bf00      	nop
100016f0:	400b0000 	.word	0x400b0000

100016f4 <uart_init>:
100016f4:	b5f8      	push	{r3, r4, r5, r6, r7, lr}
100016f6:	4605      	mov	r5, r0
100016f8:	2006      	movs	r0, #6
100016fa:	460e      	mov	r6, r1
100016fc:	f000 f948 	bl	10001990 <clock_get_hz>
10001700:	2800      	cmp	r0, #0
10001702:	d042      	beq.n	1000178a <uart_init+0x96>
10001704:	4a35      	ldr	r2, [pc, #212]	@ (100017dc <uart_init+0xe8>)
10001706:	4836      	ldr	r0, [pc, #216]	@ (100017e0 <uart_init+0xec>)
10001708:	4295      	cmp	r5, r2
1000170a:	bf14      	ite	ne
1000170c:	f04f 6280 	movne.w	r2, #67108864	@ 0x4000000
10001710:	f04f 6200 	moveq.w	r2, #134217728	@ 0x8000000
10001714:	4b33      	ldr	r3, [pc, #204]	@ (100017e4 <uart_init+0xf0>)
10001716:	4934      	ldr	r1, [pc, #208]	@ (100017e8 <uart_init+0xf4>)
10001718:	6002      	str	r2, [r0, #0]
1000171a:	601a      	str	r2, [r3, #0]
1000171c:	688c      	ldr	r4, [r1, #8]
1000171e:	ea32 0404 	bics.w	r4, r2, r4
10001722:	d1fb      	bne.n	1000171c <uart_init+0x28>
10001724:	4b2d      	ldr	r3, [pc, #180]	@ (100017dc <uart_init+0xe8>)
10001726:	f44f 7180 	mov.w	r1, #256	@ 0x100
1000172a:	1aeb      	subs	r3, r5, r3
1000172c:	fab3 f383 	clz	r3, r3
10001730:	4a2e      	ldr	r2, [pc, #184]	@ (100017ec <uart_init+0xf8>)
10001732:	095b      	lsrs	r3, r3, #5
10001734:	2006      	movs	r0, #6
10001736:	f822 1013 	strh.w	r1, [r2, r3, lsl #1]
1000173a:	f000 f929 	bl	10001990 <clock_get_hz>
1000173e:	00c3      	lsls	r3, r0, #3
10001740:	fbb3 f3f6 	udiv	r3, r3, r6
10001744:	3301      	adds	r3, #1
10001746:	09da      	lsrs	r2, r3, #7
10001748:	d120      	bne.n	1000178c <uart_init+0x98>
1000174a:	2640      	movs	r6, #64	@ 0x40
1000174c:	2101      	movs	r1, #1
1000174e:	6269      	str	r1, [r5, #36]	@ 0x24
10001750:	62aa      	str	r2, [r5, #40]	@ 0x28
10001752:	6b2f      	ldr	r7, [r5, #48]	@ 0x30
10001754:	07fb      	lsls	r3, r7, #31
10001756:	d422      	bmi.n	1000179e <uart_init+0xaa>
10001758:	462b      	mov	r3, r5
1000175a:	2200      	movs	r2, #0
1000175c:	f853 1f2c 	ldr.w	r1, [r3, #44]!
10001760:	2006      	movs	r0, #6
10001762:	f503 5480 	add.w	r4, r3, #4096	@ 0x1000
10001766:	6022      	str	r2, [r4, #0]
10001768:	632f      	str	r7, [r5, #48]	@ 0x30
1000176a:	f000 f911 	bl	10001990 <clock_get_hz>
1000176e:	f240 3101 	movw	r1, #769	@ 0x301
10001772:	2203      	movs	r2, #3
10001774:	0080      	lsls	r0, r0, #2
10001776:	fbb0 f0f6 	udiv	r0, r0, r6
1000177a:	6aeb      	ldr	r3, [r5, #44]	@ 0x2c
1000177c:	f083 0370 	eor.w	r3, r3, #112	@ 0x70
10001780:	f003 037e 	and.w	r3, r3, #126	@ 0x7e
10001784:	6023      	str	r3, [r4, #0]
10001786:	6329      	str	r1, [r5, #48]	@ 0x30
10001788:	64aa      	str	r2, [r5, #72]	@ 0x48
1000178a:	bdf8      	pop	{r3, r4, r5, r6, r7, pc}
1000178c:	f64f 71fe 	movw	r1, #65534	@ 0xfffe
10001790:	428a      	cmp	r2, r1
10001792:	d91b      	bls.n	100017cc <uart_init+0xd8>
10001794:	4622      	mov	r2, r4
10001796:	f64f 71ff 	movw	r1, #65535	@ 0xffff
1000179a:	4e15      	ldr	r6, [pc, #84]	@ (100017f0 <uart_init+0xfc>)
1000179c:	e7d7      	b.n	1000174e <uart_init+0x5a>
1000179e:	f240 3201 	movw	r2, #769	@ 0x301
100017a2:	f505 5340 	add.w	r3, r5, #12288	@ 0x3000
100017a6:	631a      	str	r2, [r3, #48]	@ 0x30
100017a8:	6a6b      	ldr	r3, [r5, #36]	@ 0x24
100017aa:	6aac      	ldr	r4, [r5, #40]	@ 0x28
100017ac:	2006      	movs	r0, #6
100017ae:	eb04 1483 	add.w	r4, r4, r3, lsl #6
100017b2:	f000 f8ed 	bl	10001990 <clock_get_hz>
100017b6:	4b0f      	ldr	r3, [pc, #60]	@ (100017f4 <uart_init+0x100>)
100017b8:	02a4      	lsls	r4, r4, #10
100017ba:	fba3 2300 	umull	r2, r3, r3, r0
100017be:	0adb      	lsrs	r3, r3, #11
100017c0:	2100      	movs	r1, #0
100017c2:	fbb4 f0f3 	udiv	r0, r4, r3
100017c6:	f7ff ff51 	bl	1000166c <busy_wait_us>
100017ca:	e7c5      	b.n	10001758 <uart_init+0x64>
100017cc:	f3c3 0345 	ubfx	r3, r3, #1, #6
100017d0:	4611      	mov	r1, r2
100017d2:	eb03 1682 	add.w	r6, r3, r2, lsl #6
100017d6:	461a      	mov	r2, r3
100017d8:	e7b9      	b.n	1000174e <uart_init+0x5a>
100017da:	bf00      	nop
100017dc:	40078000 	.word	0x40078000
100017e0:	40022000 	.word	0x40022000
100017e4:	40023000 	.word	0x40023000
100017e8:	40020000 	.word	0x40020000
100017ec:	200029fc 	.word	0x200029fc
100017f0:	003fffc0 	.word	0x003fffc0
100017f4:	8f2b7b75 	.word	0x8f2b7b75

100017f8 <uart_set_format>:
100017f8:	3a01      	subs	r2, #1
100017fa:	3905      	subs	r1, #5
100017fc:	00d2      	lsls	r2, r2, #3
100017fe:	b5f8      	push	{r3, r4, r5, r6, r7, lr}
10001800:	4605      	mov	r5, r0
10001802:	ea42 1441 	orr.w	r4, r2, r1, lsl #5
10001806:	b143      	cbz	r3, 1000181a <uart_set_format+0x22>
10001808:	f1a3 0301 	sub.w	r3, r3, #1
1000180c:	fab3 f383 	clz	r3, r3
10001810:	095b      	lsrs	r3, r3, #5
10001812:	ea44 0383 	orr.w	r3, r4, r3, lsl #2
10001816:	f043 0402 	orr.w	r4, r3, #2
1000181a:	6b2e      	ldr	r6, [r5, #48]	@ 0x30
1000181c:	07f3      	lsls	r3, r6, #31
1000181e:	d40a      	bmi.n	10001836 <uart_set_format+0x3e>
10001820:	462b      	mov	r3, r5
10001822:	f853 2f2c 	ldr.w	r2, [r3, #44]!
10001826:	4062      	eors	r2, r4
10001828:	f002 026e 	and.w	r2, r2, #110	@ 0x6e
1000182c:	f503 5380 	add.w	r3, r3, #4096	@ 0x1000
10001830:	601a      	str	r2, [r3, #0]
10001832:	632e      	str	r6, [r5, #48]	@ 0x30
10001834:	bdf8      	pop	{r3, r4, r5, r6, r7, pc}
10001836:	f240 3201 	movw	r2, #769	@ 0x301
1000183a:	f505 5340 	add.w	r3, r5, #12288	@ 0x3000
1000183e:	631a      	str	r2, [r3, #48]	@ 0x30
10001840:	6a6b      	ldr	r3, [r5, #36]	@ 0x24
10001842:	6aaf      	ldr	r7, [r5, #40]	@ 0x28
10001844:	2006      	movs	r0, #6
10001846:	eb07 1783 	add.w	r7, r7, r3, lsl #6
1000184a:	f000 f8a1 	bl	10001990 <clock_get_hz>
1000184e:	4b05      	ldr	r3, [pc, #20]	@ (10001864 <uart_set_format+0x6c>)
10001850:	02bf      	lsls	r7, r7, #10
10001852:	fba3 3000 	umull	r3, r0, r3, r0
10001856:	0ac0      	lsrs	r0, r0, #11
10001858:	2100      	movs	r1, #0
1000185a:	fbb7 f0f0 	udiv	r0, r7, r0
1000185e:	f7ff ff05 	bl	1000166c <busy_wait_us>
10001862:	e7dd      	b.n	10001820 <uart_set_format+0x28>
10001864:	8f2b7b75 	.word	0x8f2b7b75

10001868 <uart_set_fifo_enabled>:
10001868:	b5f8      	push	{r3, r4, r5, r6, r7, lr}
1000186a:	6b06      	ldr	r6, [r0, #48]	@ 0x30
1000186c:	4605      	mov	r5, r0
1000186e:	07f3      	lsls	r3, r6, #31
10001870:	ea4f 1401 	mov.w	r4, r1, lsl #4
10001874:	d40a      	bmi.n	1000188c <uart_set_fifo_enabled+0x24>
10001876:	462b      	mov	r3, r5
10001878:	f853 2f2c 	ldr.w	r2, [r3, #44]!
1000187c:	4054      	eors	r4, r2
1000187e:	f004 0410 	and.w	r4, r4, #16
10001882:	f503 5380 	add.w	r3, r3, #4096	@ 0x1000
10001886:	601c      	str	r4, [r3, #0]
10001888:	632e      	str	r6, [r5, #48]	@ 0x30
1000188a:	bdf8      	pop	{r3, r4, r5, r6, r7, pc}
1000188c:	f240 3201 	movw	r2, #769	@ 0x301
10001890:	f500 5340 	add.w	r3, r0, #12288	@ 0x3000
10001894:	631a      	str	r2, [r3, #48]	@ 0x30
10001896:	6a6b      	ldr	r3, [r5, #36]	@ 0x24
10001898:	6aaf      	ldr	r7, [r5, #40]	@ 0x28
1000189a:	2006      	movs	r0, #6
1000189c:	eb07 1783 	add.w	r7, r7, r3, lsl #6
100018a0:	f000 f876 	bl	10001990 <clock_get_hz>
100018a4:	4b05      	ldr	r3, [pc, #20]	@ (100018bc <uart_set_fifo_enabled+0x54>)
100018a6:	02bf      	lsls	r7, r7, #10
100018a8:	fba3 3000 	umull	r3, r0, r3, r0
100018ac:	0ac0      	lsrs	r0, r0, #11
100018ae:	2100      	movs	r1, #0
100018b0:	fbb7 f0f0 	udiv	r0, r7, r0
100018b4:	f7ff feda 	bl	1000166c <busy_wait_us>
100018b8:	e7dd      	b.n	10001876 <uart_set_fifo_enabled+0xe>
100018ba:	bf00      	nop
100018bc:	8f2b7b75 	.word	0x8f2b7b75

100018c0 <clock_configure_undivided>:
100018c0:	eb00 0c40 	add.w	ip, r0, r0, lsl #1
100018c4:	ea4f 0c8c 	mov.w	ip, ip, lsl #2
100018c8:	f10c 4c80 	add.w	ip, ip, #1073741824	@ 0x40000000
100018cc:	f50c 3c80 	add.w	ip, ip, #65536	@ 0x10000
100018d0:	b5f0      	push	{r4, r5, r6, r7, lr}
100018d2:	4616      	mov	r6, r2
100018d4:	f8dc 2004 	ldr.w	r2, [ip, #4]
100018d8:	1f05      	subs	r5, r0, #4
100018da:	f5b2 3f80 	cmp.w	r2, #65536	@ 0x10000
100018de:	bf38      	it	cc
100018e0:	f44f 3280 	movcc.w	r2, #65536	@ 0x10000
100018e4:	b2ed      	uxtb	r5, r5
100018e6:	bf38      	it	cc
100018e8:	f8cc 2004 	strcc.w	r2, [ip, #4]
100018ec:	2d01      	cmp	r5, #1
100018ee:	d92a      	bls.n	10001946 <clock_configure_undivided+0x86>
100018f0:	f44f 6700 	mov.w	r7, #2048	@ 0x800
100018f4:	4c25      	ldr	r4, [pc, #148]	@ (1000198c <clock_configure_undivided+0xcc>)
100018f6:	f50c 5240 	add.w	r2, ip, #12288	@ 0x3000
100018fa:	6017      	str	r7, [r2, #0]
100018fc:	f854 2020 	ldr.w	r2, [r4, r0, lsl #2]
10001900:	b9b2      	cbnz	r2, 10001930 <clock_configure_undivided+0x70>
10001902:	f8dc 2000 	ldr.w	r2, [ip]
10001906:	2d01      	cmp	r5, #1
10001908:	ea82 1246 	eor.w	r2, r2, r6, lsl #5
1000190c:	f002 02e0 	and.w	r2, r2, #224	@ 0xe0
10001910:	f50c 5680 	add.w	r6, ip, #4096	@ 0x1000
10001914:	6032      	str	r2, [r6, #0]
10001916:	d92a      	bls.n	1000196e <clock_configure_undivided+0xae>
10001918:	f44f 6100 	mov.w	r1, #2048	@ 0x800
1000191c:	f844 3020 	str.w	r3, [r4, r0, lsl #2]
10001920:	f44f 3380 	mov.w	r3, #65536	@ 0x10000
10001924:	f50c 5200 	add.w	r2, ip, #8192	@ 0x2000
10001928:	6011      	str	r1, [r2, #0]
1000192a:	f8cc 3004 	str.w	r3, [ip, #4]
1000192e:	bdf0      	pop	{r4, r5, r6, r7, pc}
10001930:	6967      	ldr	r7, [r4, #20]
10001932:	fbb7 fef2 	udiv	lr, r7, r2
10001936:	f10e 0e01 	add.w	lr, lr, #1
1000193a:	eb0e 0e4e 	add.w	lr, lr, lr, lsl #1
1000193e:	f1be 0e03 	subs.w	lr, lr, #3
10001942:	d2fc      	bcs.n	1000193e <clock_configure_undivided+0x7e>
10001944:	e7dd      	b.n	10001902 <clock_configure_undivided+0x42>
10001946:	2901      	cmp	r1, #1
10001948:	d1d2      	bne.n	100018f0 <clock_configure_undivided+0x30>
1000194a:	2403      	movs	r4, #3
1000194c:	f50c 5240 	add.w	r2, ip, #12288	@ 0x3000
10001950:	6014      	str	r4, [r2, #0]
10001952:	f8dc 2008 	ldr.w	r2, [ip, #8]
10001956:	07d2      	lsls	r2, r2, #31
10001958:	d5fb      	bpl.n	10001952 <clock_configure_undivided+0x92>
1000195a:	f8dc 2000 	ldr.w	r2, [ip]
1000195e:	4c0b      	ldr	r4, [pc, #44]	@ (1000198c <clock_configure_undivided+0xcc>)
10001960:	ea82 1246 	eor.w	r2, r2, r6, lsl #5
10001964:	f002 02e0 	and.w	r2, r2, #224	@ 0xe0
10001968:	f50c 5680 	add.w	r6, ip, #4096	@ 0x1000
1000196c:	6032      	str	r2, [r6, #0]
1000196e:	2201      	movs	r2, #1
10001970:	f8dc 5000 	ldr.w	r5, [ip]
10001974:	404d      	eors	r5, r1
10001976:	f005 0503 	and.w	r5, r5, #3
1000197a:	6035      	str	r5, [r6, #0]
1000197c:	fa02 f101 	lsl.w	r1, r2, r1
10001980:	f8dc 2008 	ldr.w	r2, [ip, #8]
10001984:	420a      	tst	r2, r1
10001986:	d0fb      	beq.n	10001980 <clock_configure_undivided+0xc0>
10001988:	e7c6      	b.n	10001918 <clock_configure_undivided+0x58>
1000198a:	bf00      	nop
1000198c:	20002554 	.word	0x20002554

10001990 <clock_get_hz>:
10001990:	4b01      	ldr	r3, [pc, #4]	@ (10001998 <clock_get_hz+0x8>)
10001992:	f853 0020 	ldr.w	r0, [r3, r0, lsl #2]
10001996:	4770      	bx	lr
10001998:	20002554 	.word	0x20002554

1000199c <pll_init>:
1000199c:	b470      	push	{r4, r5, r6}
1000199e:	9d03      	ldr	r5, [sp, #12]
100019a0:	6804      	ldr	r4, [r0, #0]
100019a2:	032d      	lsls	r5, r5, #12
100019a4:	ea45 4503 	orr.w	r5, r5, r3, lsl #16
100019a8:	4b1b      	ldr	r3, [pc, #108]	@ (10001a18 <pll_init+0x7c>)
100019aa:	2c00      	cmp	r4, #0
100019ac:	fbb3 f3f1 	udiv	r3, r3, r1
100019b0:	fbb2 f6f3 	udiv	r6, r2, r3
100019b4:	db1f      	blt.n	100019f6 <pll_init+0x5a>
100019b6:	4a19      	ldr	r2, [pc, #100]	@ (10001a1c <pll_init+0x80>)
100019b8:	4b19      	ldr	r3, [pc, #100]	@ (10001a20 <pll_init+0x84>)
100019ba:	4290      	cmp	r0, r2
100019bc:	bf14      	ite	ne
100019be:	f44f 4280 	movne.w	r2, #16384	@ 0x4000
100019c2:	f44f 4200 	moveq.w	r2, #32768	@ 0x8000
100019c6:	4c17      	ldr	r4, [pc, #92]	@ (10001a24 <pll_init+0x88>)
100019c8:	601a      	str	r2, [r3, #0]
100019ca:	f503 5380 	add.w	r3, r3, #4096	@ 0x1000
100019ce:	601a      	str	r2, [r3, #0]
100019d0:	68a3      	ldr	r3, [r4, #8]
100019d2:	ea32 0303 	bics.w	r3, r2, r3
100019d6:	d1fb      	bne.n	100019d0 <pll_init+0x34>
100019d8:	2221      	movs	r2, #33	@ 0x21
100019da:	f500 5340 	add.w	r3, r0, #12288	@ 0x3000
100019de:	3304      	adds	r3, #4
100019e0:	6001      	str	r1, [r0, #0]
100019e2:	6086      	str	r6, [r0, #8]
100019e4:	601a      	str	r2, [r3, #0]
100019e6:	6802      	ldr	r2, [r0, #0]
100019e8:	2a00      	cmp	r2, #0
100019ea:	dafc      	bge.n	100019e6 <pll_init+0x4a>
100019ec:	2208      	movs	r2, #8
100019ee:	60c5      	str	r5, [r0, #12]
100019f0:	601a      	str	r2, [r3, #0]
100019f2:	bc70      	pop	{r4, r5, r6}
100019f4:	4770      	bx	lr
100019f6:	6803      	ldr	r3, [r0, #0]
100019f8:	f003 033f 	and.w	r3, r3, #63	@ 0x3f
100019fc:	428b      	cmp	r3, r1
100019fe:	d1da      	bne.n	100019b6 <pll_init+0x1a>
10001a00:	6883      	ldr	r3, [r0, #8]
10001a02:	f3c3 030b 	ubfx	r3, r3, #0, #12
10001a06:	42b3      	cmp	r3, r6
10001a08:	d1d5      	bne.n	100019b6 <pll_init+0x1a>
10001a0a:	68c3      	ldr	r3, [r0, #12]
10001a0c:	f403 23ee 	and.w	r3, r3, #487424	@ 0x77000
10001a10:	42ab      	cmp	r3, r5
10001a12:	d1d0      	bne.n	100019b6 <pll_init+0x1a>
10001a14:	e7ed      	b.n	100019f2 <pll_init+0x56>
10001a16:	bf00      	nop
10001a18:	00b71b00 	.word	0x00b71b00
10001a1c:	40058000 	.word	0x40058000
10001a20:	40022000 	.word	0x40022000
10001a24:	40020000 	.word	0x40020000

10001a28 <watchdog_reboot>:
10001a28:	b430      	push	{r4, r5}
10001a2a:	f04f 4480 	mov.w	r4, #1073741824	@ 0x40000000
10001a2e:	4b1c      	ldr	r3, [pc, #112]	@ (10001aa0 <watchdog_reboot+0x78>)
10001a30:	601c      	str	r4, [r3, #0]
10001a32:	b1e0      	cbz	r0, 10001a6e <watchdog_reboot+0x46>
10001a34:	4c1b      	ldr	r4, [pc, #108]	@ (10001aa4 <watchdog_reboot+0x7c>)
10001a36:	f5a3 5340 	sub.w	r3, r3, #12288	@ 0x3000
10001a3a:	61dc      	str	r4, [r3, #28]
10001a3c:	4c1a      	ldr	r4, [pc, #104]	@ (10001aa8 <watchdog_reboot+0x80>)
10001a3e:	f040 0001 	orr.w	r0, r0, #1
10001a42:	4044      	eors	r4, r0
10001a44:	621c      	str	r4, [r3, #32]
10001a46:	6259      	str	r1, [r3, #36]	@ 0x24
10001a48:	6298      	str	r0, [r3, #40]	@ 0x28
10001a4a:	f04f 4580 	mov.w	r5, #1073741824	@ 0x40000000
10001a4e:	f04f 61e0 	mov.w	r1, #117440512	@ 0x7000000
10001a52:	4b13      	ldr	r3, [pc, #76]	@ (10001aa0 <watchdog_reboot+0x78>)
10001a54:	4815      	ldr	r0, [pc, #84]	@ (10001aac <watchdog_reboot+0x84>)
10001a56:	4c16      	ldr	r4, [pc, #88]	@ (10001ab0 <watchdog_reboot+0x88>)
10001a58:	601d      	str	r5, [r3, #0]
10001a5a:	6084      	str	r4, [r0, #8]
10001a5c:	6019      	str	r1, [r3, #0]
10001a5e:	b94a      	cbnz	r2, 10001a74 <watchdog_reboot+0x4c>
10001a60:	bc30      	pop	{r4, r5}
10001a62:	f04f 4200 	mov.w	r2, #2147483648	@ 0x80000000
10001a66:	f5a3 5380 	sub.w	r3, r3, #4096	@ 0x1000
10001a6a:	601a      	str	r2, [r3, #0]
10001a6c:	4770      	bx	lr
10001a6e:	4b11      	ldr	r3, [pc, #68]	@ (10001ab4 <watchdog_reboot+0x8c>)
10001a70:	61d8      	str	r0, [r3, #28]
10001a72:	e7ea      	b.n	10001a4a <watchdog_reboot+0x22>
10001a74:	f44f 737a 	mov.w	r3, #1000	@ 0x3e8
10001a78:	fb03 f202 	mul.w	r2, r3, r2
10001a7c:	f1b2 7f80 	cmp.w	r2, #16777216	@ 0x1000000
10001a80:	bf2a      	itet	cs
10001a82:	f06f 437f 	mvncs.w	r3, #4278190080	@ 0xff000000
10001a86:	4613      	movcc	r3, r2
10001a88:	461a      	movcs	r2, r3
10001a8a:	f04f 4180 	mov.w	r1, #1073741824	@ 0x40000000
10001a8e:	4c0a      	ldr	r4, [pc, #40]	@ (10001ab8 <watchdog_reboot+0x90>)
10001a90:	4808      	ldr	r0, [pc, #32]	@ (10001ab4 <watchdog_reboot+0x8c>)
10001a92:	6023      	str	r3, [r4, #0]
10001a94:	4b09      	ldr	r3, [pc, #36]	@ (10001abc <watchdog_reboot+0x94>)
10001a96:	6042      	str	r2, [r0, #4]
10001a98:	bc30      	pop	{r4, r5}
10001a9a:	6019      	str	r1, [r3, #0]
10001a9c:	4770      	bx	lr
10001a9e:	bf00      	nop
10001aa0:	400db000 	.word	0x400db000
10001aa4:	b007c0d3 	.word	0xb007c0d3
10001aa8:	4ff83f2d 	.word	0x4ff83f2d
10001aac:	4001a000 	.word	0x4001a000
10001ab0:	01fffff3 	.word	0x01fffff3
10001ab4:	400d8000 	.word	0x400d8000
10001ab8:	200029b8 	.word	0x200029b8
10001abc:	400da000 	.word	0x400da000

10001ac0 <tick_start>:
10001ac0:	2301      	movs	r3, #1
10001ac2:	eb00 0040 	add.w	r0, r0, r0, lsl #1
10001ac6:	0080      	lsls	r0, r0, #2
10001ac8:	f100 4080 	add.w	r0, r0, #1073741824	@ 0x40000000
10001acc:	f500 1084 	add.w	r0, r0, #1081344	@ 0x108000
10001ad0:	6041      	str	r1, [r0, #4]
10001ad2:	6003      	str	r3, [r0, #0]
10001ad4:	4770      	bx	lr
10001ad6:	bf00      	nop

10001ad8 <rom_reboot.constprop.0.isra.0>:
10001ad8:	2300      	movs	r3, #0
10001ada:	b570      	push	{r4, r5, r6, lr}
10001adc:	8adb      	ldrh	r3, [r3, #22]
10001ade:	4604      	mov	r4, r0
10001ae0:	460d      	mov	r5, r1
10001ae2:	2200      	movs	r2, #0
10001ae4:	e842 f200 	tt	r2, r2
10001ae8:	0252      	lsls	r2, r2, #9
10001aea:	bf54      	ite	pl
10001aec:	2110      	movpl	r1, #16
10001aee:	2104      	movmi	r1, #4
10001af0:	f244 2052 	movw	r0, #16978	@ 0x4252
10001af4:	4798      	blx	r3
10001af6:	4686      	mov	lr, r0
10001af8:	462b      	mov	r3, r5
10001afa:	4622      	mov	r2, r4
10001afc:	46f4      	mov	ip, lr
10001afe:	e8bd 4070 	ldmia.w	sp!, {r4, r5, r6, lr}
10001b02:	210a      	movs	r1, #10
10001b04:	f44f 7081 	mov.w	r0, #258	@ 0x102
10001b08:	4760      	bx	ip
10001b0a:	bf00      	nop

10001b0c <rom_func_lookup>:
10001b0c:	2300      	movs	r3, #0
10001b0e:	8adb      	ldrh	r3, [r3, #22]
10001b10:	2200      	movs	r2, #0
10001b12:	e842 f200 	tt	r2, r2
10001b16:	0252      	lsls	r2, r2, #9
10001b18:	d401      	bmi.n	10001b1e <rom_func_lookup+0x12>
10001b1a:	2110      	movs	r1, #16
10001b1c:	4718      	bx	r3
10001b1e:	2104      	movs	r1, #4
10001b20:	4718      	bx	r3
10001b22:	bf00      	nop

10001b24 <rom_reset_usb_boot_extra>:
10001b24:	b508      	push	{r3, lr}
10001b26:	4603      	mov	r3, r0
10001b28:	4608      	mov	r0, r1
10001b2a:	1e19      	subs	r1, r3, #0
10001b2c:	db02      	blt.n	10001b34 <rom_reset_usb_boot_extra+0x10>
10001b2e:	b11a      	cbz	r2, 10001b38 <rom_reset_usb_boot_extra+0x14>
10001b30:	f040 0030 	orr.w	r0, r0, #48	@ 0x30
10001b34:	f7ff ffd0 	bl	10001ad8 <rom_reboot.constprop.0.isra.0>
10001b38:	f040 0020 	orr.w	r0, r0, #32
10001b3c:	e7fa      	b.n	10001b34 <rom_reset_usb_boot_extra+0x10>
10001b3e:	bf00      	nop

10001b40 <runtime_init_bootrom_locking_enable>:
10001b40:	4a03      	ldr	r2, [pc, #12]	@ (10001b50 <runtime_init_bootrom_locking_enable+0x10>)
10001b42:	f8d2 3828 	ldr.w	r3, [r2, #2088]	@ 0x828
10001b46:	2b00      	cmp	r3, #0
10001b48:	d0fb      	beq.n	10001b42 <runtime_init_bootrom_locking_enable+0x2>
10001b4a:	f3bf 8f5f 	dmb	sy
10001b4e:	4770      	bx	lr
10001b50:	400e0000 	.word	0x400e0000

10001b54 <runtime_init_boot_locks_reset>:
10001b54:	2100      	movs	r1, #0
10001b56:	4b04      	ldr	r3, [pc, #16]	@ (10001b68 <runtime_init_boot_locks_reset+0x14>)
10001b58:	4a04      	ldr	r2, [pc, #16]	@ (10001b6c <runtime_init_boot_locks_reset+0x18>)
10001b5a:	f3bf 8f5f 	dmb	sy
10001b5e:	f843 1b04 	str.w	r1, [r3], #4
10001b62:	4293      	cmp	r3, r2
10001b64:	d1f9      	bne.n	10001b5a <runtime_init_boot_locks_reset+0x6>
10001b66:	4770      	bx	lr
10001b68:	400e080c 	.word	0x400e080c
10001b6c:	400e082c 	.word	0x400e082c

10001b70 <xosc_init>:
10001b70:	b410      	push	{r4}
10001b72:	f44f 708d 	mov.w	r0, #282	@ 0x11a
10001b76:	f44f 642a 	mov.w	r4, #2720	@ 0xaa0
10001b7a:	4a06      	ldr	r2, [pc, #24]	@ (10001b94 <xosc_init+0x24>)
10001b7c:	4b06      	ldr	r3, [pc, #24]	@ (10001b98 <xosc_init+0x28>)
10001b7e:	4907      	ldr	r1, [pc, #28]	@ (10001b9c <xosc_init+0x2c>)
10001b80:	6014      	str	r4, [r2, #0]
10001b82:	60d0      	str	r0, [r2, #12]
10001b84:	6019      	str	r1, [r3, #0]
10001b86:	6853      	ldr	r3, [r2, #4]
10001b88:	2b00      	cmp	r3, #0
10001b8a:	dafc      	bge.n	10001b86 <xosc_init+0x16>
10001b8c:	f85d 4b04 	ldr.w	r4, [sp], #4
10001b90:	4770      	bx	lr
10001b92:	bf00      	nop
10001b94:	40048000 	.word	0x40048000
10001b98:	4004a000 	.word	0x4004a000
10001b9c:	00fab000 	.word	0x00fab000

10001ba0 <first_per_core_initializer>:
10001ba0:	4770      	bx	lr
10001ba2:	bf00      	nop

10001ba4 <hard_assertion_failure>:
10001ba4:	b508      	push	{r3, lr}
10001ba6:	4801      	ldr	r0, [pc, #4]	@ (10001bac <hard_assertion_failure+0x8>)
10001ba8:	f7fe fe16 	bl	100007d8 <panic>
10001bac:	10007b7c 	.word	0x10007b7c

10001bb0 <runtime_run_initializers>:
10001bb0:	b538      	push	{r3, r4, r5, lr}
10001bb2:	4c05      	ldr	r4, [pc, #20]	@ (10001bc8 <runtime_run_initializers+0x18>)
10001bb4:	4d05      	ldr	r5, [pc, #20]	@ (10001bcc <runtime_run_initializers+0x1c>)
10001bb6:	42ac      	cmp	r4, r5
10001bb8:	d204      	bcs.n	10001bc4 <runtime_run_initializers+0x14>
10001bba:	f854 3b04 	ldr.w	r3, [r4], #4
10001bbe:	4798      	blx	r3
10001bc0:	42ac      	cmp	r4, r5
10001bc2:	d3fa      	bcc.n	10001bba <runtime_run_initializers+0xa>
10001bc4:	bd38      	pop	{r3, r4, r5, pc}
10001bc6:	bf00      	nop
10001bc8:	10007a00 	.word	0x10007a00
10001bcc:	10007a40 	.word	0x10007a40

10001bd0 <runtime_init_early_resets>:
10001bd0:	b410      	push	{r4}
10001bd2:	4807      	ldr	r0, [pc, #28]	@ (10001bf0 <runtime_init_early_resets+0x20>)
10001bd4:	4c07      	ldr	r4, [pc, #28]	@ (10001bf4 <runtime_init_early_resets+0x24>)
10001bd6:	4b08      	ldr	r3, [pc, #32]	@ (10001bf8 <runtime_init_early_resets+0x28>)
10001bd8:	4a08      	ldr	r2, [pc, #32]	@ (10001bfc <runtime_init_early_resets+0x2c>)
10001bda:	4909      	ldr	r1, [pc, #36]	@ (10001c00 <runtime_init_early_resets+0x30>)
10001bdc:	6004      	str	r4, [r0, #0]
10001bde:	601a      	str	r2, [r3, #0]
10001be0:	688b      	ldr	r3, [r1, #8]
10001be2:	ea32 0303 	bics.w	r3, r2, r3
10001be6:	d1fb      	bne.n	10001be0 <runtime_init_early_resets+0x10>
10001be8:	f85d 4b04 	ldr.w	r4, [sp], #4
10001bec:	4770      	bx	lr
10001bee:	bf00      	nop
10001bf0:	40022000 	.word	0x40022000
10001bf4:	efef3b7f 	.word	0xefef3b7f
10001bf8:	40023000 	.word	0x40023000
10001bfc:	03f3fff6 	.word	0x03f3fff6
10001c00:	40020000 	.word	0x40020000

10001c04 <runtime_init_usb_power_down>:
10001c04:	4b04      	ldr	r3, [pc, #16]	@ (10001c18 <runtime_init_usb_power_down+0x14>)
10001c06:	6cdb      	ldr	r3, [r3, #76]	@ 0x4c
10001c08:	f5b3 4f00 	cmp.w	r3, #32768	@ 0x8000
10001c0c:	d103      	bne.n	10001c16 <runtime_init_usb_power_down+0x12>
10001c0e:	f44f 2280 	mov.w	r2, #262144	@ 0x40000
10001c12:	4b02      	ldr	r3, [pc, #8]	@ (10001c1c <runtime_init_usb_power_down+0x18>)
10001c14:	64da      	str	r2, [r3, #76]	@ 0x4c
10001c16:	4770      	bx	lr
10001c18:	50110000 	.word	0x50110000
10001c1c:	50112000 	.word	0x50112000

10001c20 <runtime_init_per_core_enable_coprocessors>:
10001c20:	f04f 22e0 	mov.w	r2, #3758153728	@ 0xe000e000
10001c24:	4b04      	ldr	r3, [pc, #16]	@ (10001c38 <runtime_init_per_core_enable_coprocessors+0x18>)
10001c26:	f8d2 1d88 	ldr.w	r1, [r2, #3464]	@ 0xd88
10001c2a:	430b      	orrs	r3, r1
10001c2c:	f8c2 3d88 	str.w	r3, [r2, #3464]	@ 0xd88
10001c30:	ee10 0430 	dcp_rcmp r0
10001c34:	4770      	bx	lr
10001c36:	bf00      	nop
10001c38:	00300303 	.word	0x00300303

10001c3c <runtime_init_post_clock_resets>:
10001c3c:	f06f 4160 	mvn.w	r1, #3758096384	@ 0xe0000000
10001c40:	4b04      	ldr	r3, [pc, #16]	@ (10001c54 <runtime_init_post_clock_resets+0x18>)
10001c42:	4a05      	ldr	r2, [pc, #20]	@ (10001c58 <runtime_init_post_clock_resets+0x1c>)
10001c44:	6019      	str	r1, [r3, #0]
10001c46:	6893      	ldr	r3, [r2, #8]
10001c48:	43db      	mvns	r3, r3
10001c4a:	f033 4360 	bics.w	r3, r3, #3758096384	@ 0xe0000000
10001c4e:	d1fa      	bne.n	10001c46 <runtime_init_post_clock_resets+0xa>
10001c50:	4770      	bx	lr
10001c52:	bf00      	nop
10001c54:	40023000 	.word	0x40023000
10001c58:	40020000 	.word	0x40020000

10001c5c <runtime_init_bootrom_reset>:
10001c5c:	b510      	push	{r4, lr}
10001c5e:	f245 2053 	movw	r0, #21075	@ 0x5253
10001c62:	f7ff ff53 	bl	10001b0c <rom_func_lookup>
10001c66:	e8bd 4010 	ldmia.w	sp!, {r4, lr}
10001c6a:	4603      	mov	r3, r0
10001c6c:	2004      	movs	r0, #4
10001c6e:	4718      	bx	r3

10001c70 <runtime_init_per_core_bootrom_reset>:
10001c70:	b510      	push	{r4, lr}
10001c72:	f245 2053 	movw	r0, #21075	@ 0x5253
10001c76:	f7ff ff49 	bl	10001b0c <rom_func_lookup>
10001c7a:	e8bd 4010 	ldmia.w	sp!, {r4, lr}
10001c7e:	4603      	mov	r3, r0
10001c80:	2001      	movs	r0, #1
10001c82:	4718      	bx	r3

10001c84 <runtime_init_spin_locks_reset>:
10001c84:	f7fe be7a 	b.w	1000097c <spin_locks_reset>

10001c88 <runtime_init_install_ram_vector_table>:
10001c88:	b570      	push	{r4, r5, r6, lr}
10001c8a:	4914      	ldr	r1, [pc, #80]	@ (10001cdc <runtime_init_install_ram_vector_table+0x54>)
10001c8c:	4c14      	ldr	r4, [pc, #80]	@ (10001ce0 <runtime_init_install_ram_vector_table+0x58>)
10001c8e:	4d15      	ldr	r5, [pc, #84]	@ (10001ce4 <runtime_init_install_ram_vector_table+0x5c>)
10001c90:	1a64      	subs	r4, r4, r1
10001c92:	10a6      	asrs	r6, r4, #2
10001c94:	2e44      	cmp	r6, #68	@ 0x44
10001c96:	4632      	mov	r2, r6
10001c98:	bf28      	it	cs
10001c9a:	2244      	movcs	r2, #68	@ 0x44
10001c9c:	4628      	mov	r0, r5
10001c9e:	0092      	lsls	r2, r2, #2
10001ca0:	f005 fd5a 	bl	10007758 <memcpy>
10001ca4:	f5b4 7f86 	cmp.w	r4, #268	@ 0x10c
10001ca8:	d813      	bhi.n	10001cd2 <runtime_init_install_ram_vector_table+0x4a>
10001caa:	4a0f      	ldr	r2, [pc, #60]	@ (10001ce8 <runtime_init_install_ram_vector_table+0x60>)
10001cac:	f1c6 0144 	rsb	r1, r6, #68	@ 0x44
10001cb0:	d012      	beq.n	10001cd8 <runtime_init_install_ram_vector_table+0x50>
10001cb2:	192b      	adds	r3, r5, r4
10001cb4:	0848      	lsrs	r0, r1, #1
10001cb6:	eb03 00c0 	add.w	r0, r3, r0, lsl #3
10001cba:	e9c3 2200 	strd	r2, r2, [r3]
10001cbe:	3308      	adds	r3, #8
10001cc0:	4283      	cmp	r3, r0
10001cc2:	d1fa      	bne.n	10001cba <runtime_init_install_ram_vector_table+0x32>
10001cc4:	07cb      	lsls	r3, r1, #31
10001cc6:	d504      	bpl.n	10001cd2 <runtime_init_install_ram_vector_table+0x4a>
10001cc8:	f021 0301 	bic.w	r3, r1, #1
10001ccc:	4433      	add	r3, r6
10001cce:	f845 2023 	str.w	r2, [r5, r3, lsl #2]
10001cd2:	4b06      	ldr	r3, [pc, #24]	@ (10001cec <runtime_init_install_ram_vector_table+0x64>)
10001cd4:	609d      	str	r5, [r3, #8]
10001cd6:	bd70      	pop	{r4, r5, r6, pc}
10001cd8:	2343      	movs	r3, #67	@ 0x43
10001cda:	e7f8      	b.n	10001cce <runtime_init_install_ram_vector_table+0x46>
10001cdc:	10000000 	.word	0x10000000
10001ce0:	10000110 	.word	0x10000110
10001ce4:	20000000 	.word	0x20000000
10001ce8:	10000111 	.word	0x10000111
10001cec:	e000ed00 	.word	0xe000ed00

10001cf0 <runtime_init_clocks>:
10001cf0:	2300      	movs	r3, #0
10001cf2:	b570      	push	{r4, r5, r6, lr}
10001cf4:	4c2b      	ldr	r4, [pc, #172]	@ (10001da4 <runtime_init_clocks+0xb4>)
10001cf6:	b082      	sub	sp, #8
10001cf8:	f8c4 3084 	str.w	r3, [r4, #132]	@ 0x84
10001cfc:	f7ff ff38 	bl	10001b70 <xosc_init>
10001d00:	2201      	movs	r2, #1
10001d02:	4b29      	ldr	r3, [pc, #164]	@ (10001da8 <runtime_init_clocks+0xb8>)
10001d04:	63da      	str	r2, [r3, #60]	@ 0x3c
10001d06:	6c63      	ldr	r3, [r4, #68]	@ 0x44
10001d08:	2b01      	cmp	r3, #1
10001d0a:	d1fc      	bne.n	10001d06 <runtime_init_clocks+0x16>
10001d0c:	2103      	movs	r1, #3
10001d0e:	4a26      	ldr	r2, [pc, #152]	@ (10001da8 <runtime_init_clocks+0xb8>)
10001d10:	4b24      	ldr	r3, [pc, #144]	@ (10001da4 <runtime_init_clocks+0xb4>)
10001d12:	6311      	str	r1, [r2, #48]	@ 0x30
10001d14:	6b9c      	ldr	r4, [r3, #56]	@ 0x38
10001d16:	2c01      	cmp	r4, #1
10001d18:	d1fc      	bne.n	10001d14 <runtime_init_clocks+0x24>
10001d1a:	2602      	movs	r6, #2
10001d1c:	2505      	movs	r5, #5
10001d1e:	4621      	mov	r1, r4
10001d20:	2305      	movs	r3, #5
10001d22:	4a22      	ldr	r2, [pc, #136]	@ (10001dac <runtime_init_clocks+0xbc>)
10001d24:	4822      	ldr	r0, [pc, #136]	@ (10001db0 <runtime_init_clocks+0xc0>)
10001d26:	9600      	str	r6, [sp, #0]
10001d28:	f7ff fe38 	bl	1000199c <pll_init>
10001d2c:	4621      	mov	r1, r4
10001d2e:	462b      	mov	r3, r5
10001d30:	4a20      	ldr	r2, [pc, #128]	@ (10001db4 <runtime_init_clocks+0xc4>)
10001d32:	4821      	ldr	r0, [pc, #132]	@ (10001db8 <runtime_init_clocks+0xc8>)
10001d34:	9500      	str	r5, [sp, #0]
10001d36:	f7ff fe31 	bl	1000199c <pll_init>
10001d3a:	2200      	movs	r2, #0
10001d3c:	2004      	movs	r0, #4
10001d3e:	4631      	mov	r1, r6
10001d40:	4b1e      	ldr	r3, [pc, #120]	@ (10001dbc <runtime_init_clocks+0xcc>)
10001d42:	f7ff fdbd 	bl	100018c0 <clock_configure_undivided>
10001d46:	4621      	mov	r1, r4
10001d48:	4628      	mov	r0, r5
10001d4a:	2200      	movs	r2, #0
10001d4c:	4b1c      	ldr	r3, [pc, #112]	@ (10001dc0 <runtime_init_clocks+0xd0>)
10001d4e:	f7ff fdb7 	bl	100018c0 <clock_configure_undivided>
10001d52:	2200      	movs	r2, #0
10001d54:	2008      	movs	r0, #8
10001d56:	4611      	mov	r1, r2
10001d58:	4b1a      	ldr	r3, [pc, #104]	@ (10001dc4 <runtime_init_clocks+0xd4>)
10001d5a:	f7ff fdb1 	bl	100018c0 <clock_configure_undivided>
10001d5e:	2200      	movs	r2, #0
10001d60:	2009      	movs	r0, #9
10001d62:	4611      	mov	r1, r2
10001d64:	4b17      	ldr	r3, [pc, #92]	@ (10001dc4 <runtime_init_clocks+0xd4>)
10001d66:	f7ff fdab 	bl	100018c0 <clock_configure_undivided>
10001d6a:	2200      	movs	r2, #0
10001d6c:	2006      	movs	r0, #6
10001d6e:	4611      	mov	r1, r2
10001d70:	4b13      	ldr	r3, [pc, #76]	@ (10001dc0 <runtime_init_clocks+0xd0>)
10001d72:	f7ff fda5 	bl	100018c0 <clock_configure_undivided>
10001d76:	2200      	movs	r2, #0
10001d78:	4b11      	ldr	r3, [pc, #68]	@ (10001dc0 <runtime_init_clocks+0xd0>)
10001d7a:	2007      	movs	r0, #7
10001d7c:	4611      	mov	r1, r2
10001d7e:	f7ff fd9f 	bl	100018c0 <clock_configure_undivided>
10001d82:	2004      	movs	r0, #4
10001d84:	f7ff fe04 	bl	10001990 <clock_get_hz>
10001d88:	2400      	movs	r4, #0
10001d8a:	4b0f      	ldr	r3, [pc, #60]	@ (10001dc8 <runtime_init_clocks+0xd8>)
10001d8c:	fba3 3500 	umull	r3, r5, r3, r0
10001d90:	0cad      	lsrs	r5, r5, #18
10001d92:	b2e0      	uxtb	r0, r4
10001d94:	4629      	mov	r1, r5
10001d96:	3401      	adds	r4, #1
10001d98:	f7ff fe92 	bl	10001ac0 <tick_start>
10001d9c:	2c06      	cmp	r4, #6
10001d9e:	d1f8      	bne.n	10001d92 <runtime_init_clocks+0xa2>
10001da0:	b002      	add	sp, #8
10001da2:	bd70      	pop	{r4, r5, r6, pc}
10001da4:	40010000 	.word	0x40010000
10001da8:	40013000 	.word	0x40013000
10001dac:	59682f00 	.word	0x59682f00
10001db0:	40050000 	.word	0x40050000
10001db4:	47868c00 	.word	0x47868c00
10001db8:	40058000 	.word	0x40058000
10001dbc:	00b71b00 	.word	0x00b71b00
10001dc0:	08f0d180 	.word	0x08f0d180
10001dc4:	02dc6c00 	.word	0x02dc6c00
10001dc8:	431bde83 	.word	0x431bde83

10001dcc <generic_save_state>:
10001dcc:	b086      	sub	sp, #24
10001dce:	b403      	push	{r0, r1}
10001dd0:	fc51 0408 	dcp_pxmd r0, r1
10001dd4:	e9cd 0102 	strd	r0, r1, [sp, #8]
10001dd8:	fc51 0409 	dcp_pymd r0, r1
10001ddc:	e9cd 0104 	strd	r0, r1, [sp, #16]
10001de0:	ec51 040a 	dcp_refd r0, r1
10001de4:	e9cd 0106 	strd	r0, r1, [sp, #24]
10001de8:	bc03      	pop	{r0, r1}
10001dea:	47f0      	blx	lr

10001dec <generic_restore_state>:
10001dec:	e8bd 5000 	ldmia.w	sp!, {ip, lr}
10001df0:	ec4e c400 	dcp_wxmd ip, lr
10001df4:	e8bd 5000 	ldmia.w	sp!, {ip, lr}
10001df8:	ec4e c401 	dcp_wymd ip, lr
10001dfc:	e8bd 5000 	ldmia.w	sp!, {ip, lr}
10001e00:	ec4e c402 	dcp_wefd ip, lr
10001e04:	bd00      	pop	{pc}
10001e06:	0000      	movs	r0, r0
10001e08:	b500      	push	{lr}
10001e0a:	f7ff ffdf 	bl	10001dcc <generic_save_state>
10001e0e:	e002      	b.n	10001e16 <__wrap___aeabi_dadd+0x6>

10001e10 <__wrap___aeabi_dadd>:
10001e10:	fe10 f430 	dcp_pcmp APSR_nzcv
10001e14:	d4f8      	bmi.n	10001e08 <generic_restore_state+0x1c>
10001e16:	ec41 0410 	dcp_wxup r0, r1
10001e1a:	ec43 2411 	dcp_wyup r2, r3
10001e1e:	ee00 0401 	dcp_add0
10001e22:	ee10 0401 	dcp_add1
10001e26:	ee80 0420 	dcp_nrdd
10001e2a:	ec51 0410 	dcp_rdda r0, r1
10001e2e:	4770      	bx	lr
10001e30:	b500      	push	{lr}
10001e32:	f7ff ffcb 	bl	10001dcc <generic_save_state>
10001e36:	e002      	b.n	10001e3e <__wrap___aeabi_dsub+0x6>

10001e38 <__wrap___aeabi_dsub>:
10001e38:	fe10 f430 	dcp_pcmp APSR_nzcv
10001e3c:	d4f8      	bmi.n	10001e30 <__wrap___aeabi_dadd+0x20>
10001e3e:	ec41 0410 	dcp_wxup r0, r1
10001e42:	ec43 2411 	dcp_wyup r2, r3
10001e46:	ee00 0401 	dcp_add0
10001e4a:	ee10 0421 	dcp_sub1
10001e4e:	ee80 0420 	dcp_nrdd
10001e52:	ec51 0430 	dcp_rdds r0, r1
10001e56:	4770      	bx	lr
10001e58:	b500      	push	{lr}
10001e5a:	f7ff ffb7 	bl	10001dcc <generic_save_state>
10001e5e:	e002      	b.n	10001e66 <__wrap___aeabi_dmul+0x6>

10001e60 <__wrap___aeabi_dmul>:
10001e60:	fe10 f430 	dcp_pcmp APSR_nzcv
10001e64:	d4f8      	bmi.n	10001e58 <__wrap___aeabi_dsub+0x20>
10001e66:	b510      	push	{r4, lr}
10001e68:	ec41 0410 	dcp_wxup r0, r1
10001e6c:	ec43 2411 	dcp_wyup r2, r3
10001e70:	ec51 0404 	dcp_rxms r0, r1, #0x0
10001e74:	ec53 2405 	dcp_ryms r2, r3, #0x0
10001e78:	fba0 4c02 	umull	r4, ip, r0, r2
10001e7c:	f05f 0e00 	movs.w	lr, #0
10001e80:	fbe0 ce03 	umlal	ip, lr, r0, r3
10001e84:	fbe1 ce02 	umlal	ip, lr, r1, r2
10001e88:	ec4c 4420 	dcp_wxms r4, ip
10001e8c:	2400      	movs	r4, #0
10001e8e:	fbe1 e403 	umlal	lr, r4, r1, r3
10001e92:	ec44 e430 	dcp_wxmo lr, r4
10001e96:	ee80 0420 	dcp_nrdd
10001e9a:	ec51 0450 	dcp_rddm r0, r1
10001e9e:	e8bd 4010 	ldmia.w	sp!, {r4, lr}
10001ea2:	4770      	bx	lr
10001ea4:	b500      	push	{lr}
10001ea6:	f7ff ff91 	bl	10001dcc <generic_save_state>
10001eaa:	e002      	b.n	10001eb2 <__wrap___aeabi_ddiv+0x6>

10001eac <__wrap___aeabi_ddiv>:
10001eac:	fe10 f430 	dcp_pcmp APSR_nzcv
10001eb0:	d4f8      	bmi.n	10001ea4 <__wrap___aeabi_dmul+0x44>
10001eb2:	ec41 0410 	dcp_wxup r0, r1
10001eb6:	ec43 2411 	dcp_wyup r2, r3
10001eba:	ec51 0421 	dcp_rymr r0, r1
10001ebe:	fba0 1201 	umull	r1, r2, r0, r1
10001ec2:	ea6f 0282 	mvn.w	r2, r2, lsl #2
10001ec6:	fb52 0010 	smmlar	r0, r2, r0, r0
10001eca:	fb52 f212 	smmulr	r2, r2, r2
10001ece:	fb52 0010 	smmlar	r0, r2, r0, r0
10001ed2:	eba0 7cd0 	sub.w	ip, r0, r0, lsr #31
10001ed6:	ec53 2404 	dcp_rxms r2, r3, #0x0
10001eda:	fb5c f113 	smmulr	r1, ip, r3
10001ede:	ec53 2415 	dcp_ryms r2, r3, #0x1
10001ee2:	fba1 2002 	umull	r2, r0, r1, r2
10001ee6:	fb01 0003 	mla	r0, r1, r3, r0
10001eea:	ec53 2444 	dcp_rxms r2, r3, #0x4
10001eee:	eba2 0000 	sub.w	r0, r2, r0
10001ef2:	fb50 f21c 	smmulr	r2, r0, ip
10001ef6:	ea4f 1311 	mov.w	r3, r1, lsr #4
10001efa:	eb12 7001 	adds.w	r0, r2, r1, lsl #28
10001efe:	eb43 71e2 	adc.w	r1, r3, r2, asr #31
10001f02:	ea40 5051 	orr.w	r0, r0, r1, lsr #21
10001f06:	ea20 5091 	bic.w	r0, r0, r1, lsr #22
10001f0a:	f020 0007 	bic.w	r0, r0, #7
10001f0e:	ec53 2475 	dcp_ryms r2, r3, #0x7
10001f12:	fba0 3c02 	umull	r3, ip, r0, r2
10001f16:	ec53 2475 	dcp_ryms r2, r3, #0x7
10001f1a:	fb00 cc03 	mla	ip, r0, r3, ip
10001f1e:	fb01 cc02 	mla	ip, r1, r2, ip
10001f22:	ec53 2404 	dcp_rxms r2, r3, #0x0
10001f26:	ebac 4c82 	sub.w	ip, ip, r2, lsl #18
10001f2a:	ea40 705c 	orr.w	r0, r0, ip, lsr #29
10001f2e:	f1a0 0001 	sub.w	r0, r0, #1
10001f32:	ec41 0440 	dcp_wxdd r0, r1
10001f36:	ee80 0420 	dcp_nrdd
10001f3a:	ec51 0470 	dcp_rddd r0, r1
10001f3e:	4770      	bx	lr
10001f40:	b500      	push	{lr}
10001f42:	f7ff ff43 	bl	10001dcc <generic_save_state>
10001f46:	e002      	b.n	10001f4e <__wrap___aeabi_i2d+0x6>

10001f48 <__wrap___aeabi_i2d>:
10001f48:	fe10 f430 	dcp_pcmp APSR_nzcv
10001f4c:	d4f8      	bmi.n	10001f40 <__wrap___aeabi_ddiv+0x94>
10001f4e:	ec40 0470 	dcp_wxic r0, r0
10001f52:	ee00 0401 	dcp_add0
10001f56:	ee10 0421 	dcp_sub1
10001f5a:	ee80 0420 	dcp_nrdd
10001f5e:	ec51 0430 	dcp_rdds r0, r1
10001f62:	4770      	bx	lr
10001f64:	b500      	push	{lr}
10001f66:	f7ff ff31 	bl	10001dcc <generic_save_state>
10001f6a:	e002      	b.n	10001f72 <__wrap___aeabi_ui2d+0x6>

10001f6c <__wrap___aeabi_ui2d>:
10001f6c:	fe10 f430 	dcp_pcmp APSR_nzcv
10001f70:	d4f8      	bmi.n	10001f64 <__wrap___aeabi_i2d+0x1c>
10001f72:	ec40 0460 	dcp_wxuc r0, r0
10001f76:	ee00 0401 	dcp_add0
10001f7a:	ee10 0421 	dcp_sub1
10001f7e:	ee80 0420 	dcp_nrdd
10001f82:	ec51 0430 	dcp_rdds r0, r1
10001f86:	4770      	bx	lr
10001f88:	b500      	push	{lr}
10001f8a:	f7ff ff1f 	bl	10001dcc <generic_save_state>
10001f8e:	e002      	b.n	10001f96 <double2int_z_entry>

10001f90 <__wrap___aeabi_d2iz>:
10001f90:	fe10 f430 	dcp_pcmp APSR_nzcv
10001f94:	d4f8      	bmi.n	10001f88 <__wrap___aeabi_ui2d+0x1c>

10001f96 <double2int_z_entry>:
10001f96:	ec41 0480 	dcp_wxdc r0, r1
10001f9a:	ee00 0401 	dcp_add0
10001f9e:	ee10 0401 	dcp_add1
10001fa2:	ee80 0440 	dcp_ntdc
10001fa6:	ee10 0413 	dcp_rdic r0
10001faa:	4770      	bx	lr
10001fac:	b500      	push	{lr}
10001fae:	f7ff ff0d 	bl	10001dcc <generic_save_state>
10001fb2:	e002      	b.n	10001fba <double2uint_z_entry>

10001fb4 <__wrap___aeabi_d2uiz>:
10001fb4:	fe10 f430 	dcp_pcmp APSR_nzcv
10001fb8:	d4f8      	bmi.n	10001fac <double2int_z_entry+0x16>

10001fba <double2uint_z_entry>:
10001fba:	ec41 0480 	dcp_wxdc r0, r1
10001fbe:	ee00 0401 	dcp_add0
10001fc2:	ee10 0401 	dcp_add1
10001fc6:	ee80 0440 	dcp_ntdc
10001fca:	ee10 0433 	dcp_rduc r0
10001fce:	4770      	bx	lr
10001fd0:	b500      	push	{lr}
10001fd2:	f7ff fefb 	bl	10001dcc <generic_save_state>
10001fd6:	e002      	b.n	10001fde <__wrap___aeabi_dcmpun+0x6>

10001fd8 <__wrap___aeabi_dcmpun>:
10001fd8:	fe10 f430 	dcp_pcmp APSR_nzcv
10001fdc:	d4f8      	bmi.n	10001fd0 <double2uint_z_entry+0x16>
10001fde:	ec41 0410 	dcp_wxup r0, r1
10001fe2:	ec43 2411 	dcp_wyup r2, r3
10001fe6:	ee00 0401 	dcp_add0
10001fea:	ee10 0430 	dcp_rcmp r0
10001fee:	f3c0 7000 	ubfx	r0, r0, #28, #1
10001ff2:	4770      	bx	lr
10001ff4:	b500      	push	{lr}
10001ff6:	f7ff fee9 	bl	10001dcc <generic_save_state>
10001ffa:	e002      	b.n	10002002 <__wrap___aeabi_dcmplt+0x6>

10001ffc <__wrap___aeabi_dcmplt>:
10001ffc:	fe10 f430 	dcp_pcmp APSR_nzcv
10002000:	d4f8      	bmi.n	10001ff4 <__wrap___aeabi_dcmpun+0x1c>
10002002:	ec43 2410 	dcp_wxup r2, r3
10002006:	ec41 0411 	dcp_wyup r0, r1
1000200a:	ee00 0401 	dcp_add0
1000200e:	ee10 f430 	dcp_rcmp APSR_nzcv
10002012:	bf8c      	ite	hi
10002014:	2001      	movhi	r0, #1
10002016:	2000      	movls	r0, #0
10002018:	4770      	bx	lr
1000201a:	bf00      	nop
1000201c:	b500      	push	{lr}
1000201e:	f7ff fed5 	bl	10001dcc <generic_save_state>
10002022:	e002      	b.n	1000202a <__wrap___aeabi_dcmpge+0x6>

10002024 <__wrap___aeabi_dcmpge>:
10002024:	fe10 f430 	dcp_pcmp APSR_nzcv
10002028:	d4f8      	bmi.n	1000201c <__wrap___aeabi_dcmplt+0x20>
1000202a:	ec41 0410 	dcp_wxup r0, r1
1000202e:	ec43 2411 	dcp_wyup r2, r3
10002032:	ee00 0401 	dcp_add0
10002036:	ee10 f430 	dcp_rcmp APSR_nzcv
1000203a:	bf2c      	ite	cs
1000203c:	2001      	movcs	r0, #1
1000203e:	2000      	movcc	r0, #0
10002040:	4770      	bx	lr
10002042:	bf00      	nop
10002044:	b500      	push	{lr}
10002046:	f7ff fec1 	bl	10001dcc <generic_save_state>
1000204a:	e002      	b.n	10002052 <__wrap___aeabi_dcmpgt+0x6>

1000204c <__wrap___aeabi_dcmpgt>:
1000204c:	fe10 f430 	dcp_pcmp APSR_nzcv
10002050:	d4f8      	bmi.n	10002044 <__wrap___aeabi_dcmpge+0x20>
10002052:	ec41 0410 	dcp_wxup r0, r1
10002056:	ec43 2411 	dcp_wyup r2, r3
1000205a:	ee00 0401 	dcp_add0
1000205e:	ee10 f430 	dcp_rcmp APSR_nzcv
10002062:	bf8c      	ite	hi
10002064:	2001      	movhi	r0, #1
10002066:	2000      	movls	r0, #0
10002068:	4770      	bx	lr
1000206a:	bf00      	nop

1000206c <__wrap_calloc>:
1000206c:	b538      	push	{r3, r4, r5, lr}
1000206e:	4604      	mov	r4, r0
10002070:	460d      	mov	r5, r1
10002072:	f004 ff25 	bl	10006ec0 <calloc>
10002076:	fb05 f404 	mul.w	r4, r5, r4
1000207a:	b128      	cbz	r0, 10002088 <__wrap_calloc+0x1c>
1000207c:	4603      	mov	r3, r0
1000207e:	4a04      	ldr	r2, [pc, #16]	@ (10002090 <__wrap_calloc+0x24>)
10002080:	4423      	add	r3, r4
10002082:	4293      	cmp	r3, r2
10002084:	d800      	bhi.n	10002088 <__wrap_calloc+0x1c>
10002086:	bd38      	pop	{r3, r4, r5, pc}
10002088:	4802      	ldr	r0, [pc, #8]	@ (10002094 <__wrap_calloc+0x28>)
1000208a:	f7fe fba5 	bl	100007d8 <panic>
1000208e:	bf00      	nop
10002090:	20080000 	.word	0x20080000
10002094:	10007b88 	.word	0x10007b88

10002098 <__wrap_free>:
10002098:	f005 bb56 	b.w	10007748 <free>

1000209c <_out_null>:
1000209c:	4770      	bx	lr
1000209e:	bf00      	nop

100020a0 <_out_rev>:
100020a0:	e92d 4ff0 	stmdb	sp!, {r4, r5, r6, r7, r8, r9, sl, fp, lr}
100020a4:	b083      	sub	sp, #12
100020a6:	4699      	mov	r9, r3
100020a8:	e9dd ab0d 	ldrd	sl, fp, [sp, #52]	@ 0x34
100020ac:	9b0f      	ldr	r3, [sp, #60]	@ 0x3c
100020ae:	4688      	mov	r8, r1
100020b0:	4611      	mov	r1, r2
100020b2:	079a      	lsls	r2, r3, #30
100020b4:	4607      	mov	r7, r0
100020b6:	d116      	bne.n	100020e6 <_out_rev+0x46>
100020b8:	45da      	cmp	sl, fp
100020ba:	d23a      	bcs.n	10002132 <_out_rev+0x92>
100020bc:	460c      	mov	r4, r1
100020be:	460d      	mov	r5, r1
100020c0:	ebab 060a 	sub.w	r6, fp, sl
100020c4:	440e      	add	r6, r1
100020c6:	4622      	mov	r2, r4
100020c8:	464b      	mov	r3, r9
100020ca:	4641      	mov	r1, r8
100020cc:	2020      	movs	r0, #32
100020ce:	3401      	adds	r4, #1
100020d0:	47b8      	blx	r7
100020d2:	42b4      	cmp	r4, r6
100020d4:	d1f7      	bne.n	100020c6 <_out_rev+0x26>
100020d6:	4629      	mov	r1, r5
100020d8:	f1ba 0f00 	cmp.w	sl, #0
100020dc:	d108      	bne.n	100020f0 <_out_rev+0x50>
100020de:	4620      	mov	r0, r4
100020e0:	b003      	add	sp, #12
100020e2:	e8bd 8ff0 	ldmia.w	sp!, {r4, r5, r6, r7, r8, r9, sl, fp, pc}
100020e6:	460c      	mov	r4, r1
100020e8:	f1ba 0f00 	cmp.w	sl, #0
100020ec:	d010      	beq.n	10002110 <_out_rev+0x70>
100020ee:	460e      	mov	r6, r1
100020f0:	4655      	mov	r5, sl
100020f2:	9b0c      	ldr	r3, [sp, #48]	@ 0x30
100020f4:	442e      	add	r6, r5
100020f6:	449a      	add	sl, r3
100020f8:	9101      	str	r1, [sp, #4]
100020fa:	1b72      	subs	r2, r6, r5
100020fc:	464b      	mov	r3, r9
100020fe:	3d01      	subs	r5, #1
10002100:	4641      	mov	r1, r8
10002102:	f81a 0d01 	ldrb.w	r0, [sl, #-1]!
10002106:	4634      	mov	r4, r6
10002108:	47b8      	blx	r7
1000210a:	2d00      	cmp	r5, #0
1000210c:	d1f5      	bne.n	100020fa <_out_rev+0x5a>
1000210e:	9901      	ldr	r1, [sp, #4]
10002110:	9b0f      	ldr	r3, [sp, #60]	@ 0x3c
10002112:	079b      	lsls	r3, r3, #30
10002114:	d5e3      	bpl.n	100020de <_out_rev+0x3e>
10002116:	1a65      	subs	r5, r4, r1
10002118:	45ab      	cmp	fp, r5
1000211a:	d9e0      	bls.n	100020de <_out_rev+0x3e>
1000211c:	4622      	mov	r2, r4
1000211e:	464b      	mov	r3, r9
10002120:	4641      	mov	r1, r8
10002122:	2020      	movs	r0, #32
10002124:	3501      	adds	r5, #1
10002126:	47b8      	blx	r7
10002128:	455d      	cmp	r5, fp
1000212a:	f104 0401 	add.w	r4, r4, #1
1000212e:	d3f5      	bcc.n	1000211c <_out_rev+0x7c>
10002130:	e7d5      	b.n	100020de <_out_rev+0x3e>
10002132:	f1ba 0f00 	cmp.w	sl, #0
10002136:	d1da      	bne.n	100020ee <_out_rev+0x4e>
10002138:	460c      	mov	r4, r1
1000213a:	e7d0      	b.n	100020de <_out_rev+0x3e>

1000213c <_ntoa_format>:
1000213c:	e92d 4ff0 	stmdb	sp!, {r4, r5, r6, r7, r8, r9, sl, fp, lr}
10002140:	9f0f      	ldr	r7, [sp, #60]	@ 0x3c
10002142:	f8dd e024 	ldr.w	lr, [sp, #36]	@ 0x24
10002146:	f017 0f02 	tst.w	r7, #2
1000214a:	9c0a      	ldr	r4, [sp, #40]	@ 0x28
1000214c:	f89d 902c 	ldrb.w	r9, [sp, #44]	@ 0x2c
10002150:	9d0e      	ldr	r5, [sp, #56]	@ 0x38
10002152:	e9dd 860c 	ldrd	r8, r6, [sp, #48]	@ 0x30
10002156:	d129      	bne.n	100021ac <_ntoa_format+0x70>
10002158:	2d00      	cmp	r5, #0
1000215a:	d16f      	bne.n	1000223c <_ntoa_format+0x100>
1000215c:	42b4      	cmp	r4, r6
1000215e:	d225      	bcs.n	100021ac <_ntoa_format+0x70>
10002160:	2c20      	cmp	r4, #32
10002162:	f007 0b01 	and.w	fp, r7, #1
10002166:	f000 8112 	beq.w	1000238e <_ntoa_format+0x252>
1000216a:	f104 3cff 	add.w	ip, r4, #4294967295	@ 0xffffffff
1000216e:	f04f 0a30 	mov.w	sl, #48	@ 0x30
10002172:	44f4      	add	ip, lr
10002174:	e001      	b.n	1000217a <_ntoa_format+0x3e>
10002176:	2c20      	cmp	r4, #32
10002178:	d07a      	beq.n	10002270 <_ntoa_format+0x134>
1000217a:	3401      	adds	r4, #1
1000217c:	42a6      	cmp	r6, r4
1000217e:	f80c af01 	strb.w	sl, [ip, #1]!
10002182:	d8f8      	bhi.n	10002176 <_ntoa_format+0x3a>
10002184:	f1bb 0f00 	cmp.w	fp, #0
10002188:	d010      	beq.n	100021ac <_ntoa_format+0x70>
1000218a:	42ac      	cmp	r4, r5
1000218c:	d20e      	bcs.n	100021ac <_ntoa_format+0x70>
1000218e:	2c20      	cmp	r4, #32
10002190:	d074      	beq.n	1000227c <_ntoa_format+0x140>
10002192:	f104 3cff 	add.w	ip, r4, #4294967295	@ 0xffffffff
10002196:	f04f 0a30 	mov.w	sl, #48	@ 0x30
1000219a:	44f4      	add	ip, lr
1000219c:	e001      	b.n	100021a2 <_ntoa_format+0x66>
1000219e:	2c20      	cmp	r4, #32
100021a0:	d029      	beq.n	100021f6 <_ntoa_format+0xba>
100021a2:	3401      	adds	r4, #1
100021a4:	42ac      	cmp	r4, r5
100021a6:	f80c af01 	strb.w	sl, [ip, #1]!
100021aa:	d1f8      	bne.n	1000219e <_ntoa_format+0x62>
100021ac:	f017 0f10 	tst.w	r7, #16
100021b0:	d03a      	beq.n	10002228 <_ntoa_format+0xec>
100021b2:	f417 6f80 	tst.w	r7, #1024	@ 0x400
100021b6:	d128      	bne.n	1000220a <_ntoa_format+0xce>
100021b8:	bb1c      	cbnz	r4, 10002202 <_ntoa_format+0xc6>
100021ba:	f1b8 0f10 	cmp.w	r8, #16
100021be:	f000 80ca 	beq.w	10002356 <_ntoa_format+0x21a>
100021c2:	f1b8 0f02 	cmp.w	r8, #2
100021c6:	f000 80d4 	beq.w	10002372 <_ntoa_format+0x236>
100021ca:	2430      	movs	r4, #48	@ 0x30
100021cc:	f88e 4000 	strb.w	r4, [lr]
100021d0:	2401      	movs	r4, #1
100021d2:	f1b9 0f00 	cmp.w	r9, #0
100021d6:	d167      	bne.n	100022a8 <_ntoa_format+0x16c>
100021d8:	077e      	lsls	r6, r7, #29
100021da:	f140 80aa 	bpl.w	10002332 <_ntoa_format+0x1f6>
100021de:	262b      	movs	r6, #43	@ 0x2b
100021e0:	f80e 6004 	strb.w	r6, [lr, r4]
100021e4:	3401      	adds	r4, #1
100021e6:	e9cd 570b 	strd	r5, r7, [sp, #44]	@ 0x2c
100021ea:	e9cd e409 	strd	lr, r4, [sp, #36]	@ 0x24
100021ee:	e8bd 4ff0 	ldmia.w	sp!, {r4, r5, r6, r7, r8, r9, sl, fp, lr}
100021f2:	f7ff bf55 	b.w	100020a0 <_out_rev>
100021f6:	06fc      	lsls	r4, r7, #27
100021f8:	f140 8089 	bpl.w	1000230e <_ntoa_format+0x1d2>
100021fc:	057c      	lsls	r4, r7, #21
100021fe:	d435      	bmi.n	1000226c <_ntoa_format+0x130>
10002200:	2420      	movs	r4, #32
10002202:	42a6      	cmp	r6, r4
10002204:	d06a      	beq.n	100022dc <_ntoa_format+0x1a0>
10002206:	42ac      	cmp	r4, r5
10002208:	d068      	beq.n	100022dc <_ntoa_format+0x1a0>
1000220a:	f1b8 0f10 	cmp.w	r8, #16
1000220e:	f000 8087 	beq.w	10002320 <_ntoa_format+0x1e4>
10002212:	f1b8 0f02 	cmp.w	r8, #2
10002216:	d05a      	beq.n	100022ce <_ntoa_format+0x192>
10002218:	2c20      	cmp	r4, #32
1000221a:	d0e4      	beq.n	100021e6 <_ntoa_format+0xaa>
1000221c:	4626      	mov	r6, r4
1000221e:	3401      	adds	r4, #1
10002220:	f04f 0c30 	mov.w	ip, #48	@ 0x30
10002224:	f80e c006 	strb.w	ip, [lr, r6]
10002228:	2c20      	cmp	r4, #32
1000222a:	d1d2      	bne.n	100021d2 <_ntoa_format+0x96>
1000222c:	e9cd 570b 	strd	r5, r7, [sp, #44]	@ 0x2c
10002230:	e9cd e409 	strd	lr, r4, [sp, #36]	@ 0x24
10002234:	e8bd 4ff0 	ldmia.w	sp!, {r4, r5, r6, r7, r8, r9, sl, fp, lr}
10002238:	f7ff bf32 	b.w	100020a0 <_out_rev>
1000223c:	f017 0b01 	ands.w	fp, r7, #1
10002240:	d03e      	beq.n	100022c0 <_ntoa_format+0x184>
10002242:	f1b9 0f00 	cmp.w	r9, #0
10002246:	d147      	bne.n	100022d8 <_ntoa_format+0x19c>
10002248:	f017 0f0c 	tst.w	r7, #12
1000224c:	d144      	bne.n	100022d8 <_ntoa_format+0x19c>
1000224e:	42b4      	cmp	r4, r6
10002250:	d29b      	bcs.n	1000218a <_ntoa_format+0x4e>
10002252:	2c20      	cmp	r4, #32
10002254:	d189      	bne.n	1000216a <_ntoa_format+0x2e>
10002256:	2d20      	cmp	r5, #32
10002258:	d810      	bhi.n	1000227c <_ntoa_format+0x140>
1000225a:	06fc      	lsls	r4, r7, #27
1000225c:	d557      	bpl.n	1000230e <_ntoa_format+0x1d2>
1000225e:	057c      	lsls	r4, r7, #21
10002260:	d455      	bmi.n	1000230e <_ntoa_format+0x1d2>
10002262:	2e20      	cmp	r6, #32
10002264:	f000 80b9 	beq.w	100023da <_ntoa_format+0x29e>
10002268:	2d20      	cmp	r5, #32
1000226a:	d010      	beq.n	1000228e <_ntoa_format+0x152>
1000226c:	2420      	movs	r4, #32
1000226e:	e7cc      	b.n	1000220a <_ntoa_format+0xce>
10002270:	f1bb 0f00 	cmp.w	fp, #0
10002274:	f000 80a5 	beq.w	100023c2 <_ntoa_format+0x286>
10002278:	2d20      	cmp	r5, #32
1000227a:	d9bc      	bls.n	100021f6 <_ntoa_format+0xba>
1000227c:	06fc      	lsls	r4, r7, #27
1000227e:	d546      	bpl.n	1000230e <_ntoa_format+0x1d2>
10002280:	057c      	lsls	r4, r7, #21
10002282:	d444      	bmi.n	1000230e <_ntoa_format+0x1d2>
10002284:	2e20      	cmp	r6, #32
10002286:	f000 80a8 	beq.w	100023da <_ntoa_format+0x29e>
1000228a:	2d20      	cmp	r5, #32
1000228c:	d13f      	bne.n	1000230e <_ntoa_format+0x1d2>
1000228e:	462c      	mov	r4, r5
10002290:	261f      	movs	r6, #31
10002292:	f1b8 0f10 	cmp.w	r8, #16
10002296:	d07f      	beq.n	10002398 <_ntoa_format+0x25c>
10002298:	f1b8 0f02 	cmp.w	r8, #2
1000229c:	d1c0      	bne.n	10002220 <_ntoa_format+0xe4>
1000229e:	f04f 0c62 	mov.w	ip, #98	@ 0x62
100022a2:	f80e c006 	strb.w	ip, [lr, r6]
100022a6:	e7b7      	b.n	10002218 <_ntoa_format+0xdc>
100022a8:	262d      	movs	r6, #45	@ 0x2d
100022aa:	f80e 6004 	strb.w	r6, [lr, r4]
100022ae:	3401      	adds	r4, #1
100022b0:	e9cd 570b 	strd	r5, r7, [sp, #44]	@ 0x2c
100022b4:	e9cd e409 	strd	lr, r4, [sp, #36]	@ 0x24
100022b8:	e8bd 4ff0 	ldmia.w	sp!, {r4, r5, r6, r7, r8, r9, sl, fp, lr}
100022bc:	f7ff bef0 	b.w	100020a0 <_out_rev>
100022c0:	42b4      	cmp	r4, r6
100022c2:	f4bf af73 	bcs.w	100021ac <_ntoa_format+0x70>
100022c6:	2c20      	cmp	r4, #32
100022c8:	f47f af4f 	bne.w	1000216a <_ntoa_format+0x2e>
100022cc:	e7d6      	b.n	1000227c <_ntoa_format+0x140>
100022ce:	2c20      	cmp	r4, #32
100022d0:	d089      	beq.n	100021e6 <_ntoa_format+0xaa>
100022d2:	4626      	mov	r6, r4
100022d4:	3401      	adds	r4, #1
100022d6:	e7e2      	b.n	1000229e <_ntoa_format+0x162>
100022d8:	3d01      	subs	r5, #1
100022da:	e7b8      	b.n	1000224e <_ntoa_format+0x112>
100022dc:	1e66      	subs	r6, r4, #1
100022de:	d1d8      	bne.n	10002292 <_ntoa_format+0x156>
100022e0:	f1b8 0f10 	cmp.w	r8, #16
100022e4:	d064      	beq.n	100023b0 <_ntoa_format+0x274>
100022e6:	f1b8 0f02 	cmp.w	r8, #2
100022ea:	f47f af6e 	bne.w	100021ca <_ntoa_format+0x8e>
100022ee:	2662      	movs	r6, #98	@ 0x62
100022f0:	f88e 6000 	strb.w	r6, [lr]
100022f4:	2630      	movs	r6, #48	@ 0x30
100022f6:	4644      	mov	r4, r8
100022f8:	f88e 6001 	strb.w	r6, [lr, #1]
100022fc:	f1b9 0f00 	cmp.w	r9, #0
10002300:	f43f af6a 	beq.w	100021d8 <_ntoa_format+0x9c>
10002304:	e7d0      	b.n	100022a8 <_ntoa_format+0x16c>
10002306:	f1b8 0f10 	cmp.w	r8, #16
1000230a:	f47f af6c 	bne.w	100021e6 <_ntoa_format+0xaa>
1000230e:	2420      	movs	r4, #32
10002310:	e9cd 570b 	strd	r5, r7, [sp, #44]	@ 0x2c
10002314:	e9cd e409 	strd	lr, r4, [sp, #36]	@ 0x24
10002318:	e8bd 4ff0 	ldmia.w	sp!, {r4, r5, r6, r7, r8, r9, sl, fp, lr}
1000231c:	f7ff bec0 	b.w	100020a0 <_out_rev>
10002320:	06be      	lsls	r6, r7, #26
10002322:	d40e      	bmi.n	10002342 <_ntoa_format+0x206>
10002324:	2c20      	cmp	r4, #32
10002326:	d0f2      	beq.n	1000230e <_ntoa_format+0x1d2>
10002328:	2678      	movs	r6, #120	@ 0x78
1000232a:	f80e 6004 	strb.w	r6, [lr, r4]
1000232e:	3401      	adds	r4, #1
10002330:	e772      	b.n	10002218 <_ntoa_format+0xdc>
10002332:	073e      	lsls	r6, r7, #28
10002334:	f57f af57 	bpl.w	100021e6 <_ntoa_format+0xaa>
10002338:	2620      	movs	r6, #32
1000233a:	f80e 6004 	strb.w	r6, [lr, r4]
1000233e:	3401      	adds	r4, #1
10002340:	e751      	b.n	100021e6 <_ntoa_format+0xaa>
10002342:	2c20      	cmp	r4, #32
10002344:	d0e3      	beq.n	1000230e <_ntoa_format+0x1d2>
10002346:	f04f 0c58 	mov.w	ip, #88	@ 0x58
1000234a:	eb0e 0604 	add.w	r6, lr, r4
1000234e:	f886 c000 	strb.w	ip, [r6]
10002352:	3401      	adds	r4, #1
10002354:	e760      	b.n	10002218 <_ntoa_format+0xdc>
10002356:	06be      	lsls	r6, r7, #26
10002358:	d517      	bpl.n	1000238a <_ntoa_format+0x24e>
1000235a:	2458      	movs	r4, #88	@ 0x58
1000235c:	f88e 4000 	strb.w	r4, [lr]
10002360:	2430      	movs	r4, #48	@ 0x30
10002362:	f88e 4001 	strb.w	r4, [lr, #1]
10002366:	2402      	movs	r4, #2
10002368:	f1b9 0f00 	cmp.w	r9, #0
1000236c:	f43f af34 	beq.w	100021d8 <_ntoa_format+0x9c>
10002370:	e79a      	b.n	100022a8 <_ntoa_format+0x16c>
10002372:	2462      	movs	r4, #98	@ 0x62
10002374:	f88e 4000 	strb.w	r4, [lr]
10002378:	2430      	movs	r4, #48	@ 0x30
1000237a:	f88e 4001 	strb.w	r4, [lr, #1]
1000237e:	2402      	movs	r4, #2
10002380:	f1b9 0f00 	cmp.w	r9, #0
10002384:	f43f af28 	beq.w	100021d8 <_ntoa_format+0x9c>
10002388:	e78e      	b.n	100022a8 <_ntoa_format+0x16c>
1000238a:	2478      	movs	r4, #120	@ 0x78
1000238c:	e7f2      	b.n	10002374 <_ntoa_format+0x238>
1000238e:	f1bb 0f00 	cmp.w	fp, #0
10002392:	f47f af62 	bne.w	1000225a <_ntoa_format+0x11e>
10002396:	e771      	b.n	1000227c <_ntoa_format+0x140>
10002398:	f017 0f20 	tst.w	r7, #32
1000239c:	bf0c      	ite	eq
1000239e:	f04f 0c78 	moveq.w	ip, #120	@ 0x78
100023a2:	f04f 0c58 	movne.w	ip, #88	@ 0x58
100023a6:	1ea6      	subs	r6, r4, #2
100023a8:	f80e c006 	strb.w	ip, [lr, r6]
100023ac:	3c01      	subs	r4, #1
100023ae:	e735      	b.n	1000221c <_ntoa_format+0xe0>
100023b0:	06bc      	lsls	r4, r7, #26
100023b2:	d5ea      	bpl.n	1000238a <_ntoa_format+0x24e>
100023b4:	2458      	movs	r4, #88	@ 0x58
100023b6:	f88e 4000 	strb.w	r4, [lr]
100023ba:	2430      	movs	r4, #48	@ 0x30
100023bc:	f88e 4001 	strb.w	r4, [lr, #1]
100023c0:	e7dd      	b.n	1000237e <_ntoa_format+0x242>
100023c2:	f017 0f10 	tst.w	r7, #16
100023c6:	f43f af0e 	beq.w	100021e6 <_ntoa_format+0xaa>
100023ca:	f417 6f80 	tst.w	r7, #1024	@ 0x400
100023ce:	d19a      	bne.n	10002306 <_ntoa_format+0x1ca>
100023d0:	2e20      	cmp	r6, #32
100023d2:	f47f af18 	bne.w	10002206 <_ntoa_format+0xca>
100023d6:	261f      	movs	r6, #31
100023d8:	e75b      	b.n	10002292 <_ntoa_format+0x156>
100023da:	4634      	mov	r4, r6
100023dc:	261f      	movs	r6, #31
100023de:	e758      	b.n	10002292 <_ntoa_format+0x156>

100023e0 <_out_char>:
100023e0:	b900      	cbnz	r0, 100023e4 <_out_char+0x4>
100023e2:	4770      	bx	lr
100023e4:	f001 ba9c 	b.w	10003920 <__wrap_putchar>

100023e8 <_out_fct>:
100023e8:	b110      	cbz	r0, 100023f0 <_out_fct+0x8>
100023ea:	e9d1 3100 	ldrd	r3, r1, [r1]
100023ee:	4718      	bx	r3
100023f0:	4770      	bx	lr
100023f2:	bf00      	nop
100023f4:	0000      	movs	r0, r0
	...

100023f8 <_etoa>:
100023f8:	e92d 4ff0 	stmdb	sp!, {r4, r5, r6, r7, r8, r9, sl, fp, lr}
100023fc:	b09f      	sub	sp, #124	@ 0x7c
100023fe:	ed9d 7b28 	vldr	d7, [sp, #160]	@ 0xa0
10002402:	e9dd a52a 	ldrd	sl, r5, [sp, #168]	@ 0xa8
10002406:	ec58 7b17 	vmov	r7, r8, d7
1000240a:	4683      	mov	fp, r0
1000240c:	461e      	mov	r6, r3
1000240e:	910d      	str	r1, [sp, #52]	@ 0x34
10002410:	9210      	str	r2, [sp, #64]	@ 0x40
10002412:	4643      	mov	r3, r8
10002414:	463a      	mov	r2, r7
10002416:	4638      	mov	r0, r7
10002418:	4641      	mov	r1, r8
1000241a:	ed8d 7b08 	vstr	d7, [sp, #32]
1000241e:	9c2c      	ldr	r4, [sp, #176]	@ 0xb0
10002420:	f7ff fdda 	bl	10001fd8 <__wrap___aeabi_dcmpun>
10002424:	2800      	cmp	r0, #0
10002426:	f040 80d8 	bne.w	100025da <_etoa+0x1e2>
1000242a:	4638      	mov	r0, r7
1000242c:	4641      	mov	r1, r8
1000242e:	f04f 32ff 	mov.w	r2, #4294967295	@ 0xffffffff
10002432:	4b75      	ldr	r3, [pc, #468]	@ (10002608 <_etoa+0x210>)
10002434:	f7ff fe0a 	bl	1000204c <__wrap___aeabi_dcmpgt>
10002438:	2800      	cmp	r0, #0
1000243a:	f040 80ce 	bne.w	100025da <_etoa+0x1e2>
1000243e:	4638      	mov	r0, r7
10002440:	4641      	mov	r1, r8
10002442:	f04f 32ff 	mov.w	r2, #4294967295	@ 0xffffffff
10002446:	f46f 1380 	mvn.w	r3, #1048576	@ 0x100000
1000244a:	f7ff fdd7 	bl	10001ffc <__wrap___aeabi_dcmplt>
1000244e:	2800      	cmp	r0, #0
10002450:	f040 80c3 	bne.w	100025da <_etoa+0x1e2>
10002454:	e9dd 7808 	ldrd	r7, r8, [sp, #32]
10002458:	2200      	movs	r2, #0
1000245a:	4638      	mov	r0, r7
1000245c:	4641      	mov	r1, r8
1000245e:	2300      	movs	r3, #0
10002460:	f7ff fdcc 	bl	10001ffc <__wrap___aeabi_dcmplt>
10002464:	2800      	cmp	r0, #0
10002466:	f040 81c0 	bne.w	100027ea <_etoa+0x3f2>
1000246a:	e9cd 780a 	strd	r7, r8, [sp, #40]	@ 0x28
1000246e:	e9dd 230a 	ldrd	r2, r3, [sp, #40]	@ 0x28
10002472:	4690      	mov	r8, r2
10002474:	461f      	mov	r7, r3
10002476:	f414 6380 	ands.w	r3, r4, #1024	@ 0x400
1000247a:	bf08      	it	eq
1000247c:	f04f 0a06 	moveq.w	sl, #6
10002480:	9313      	str	r3, [sp, #76]	@ 0x4c
10002482:	f404 6200 	and.w	r2, r4, #2048	@ 0x800
10002486:	ea58 0307 	orrs.w	r3, r8, r7
1000248a:	9211      	str	r2, [sp, #68]	@ 0x44
1000248c:	f040 80c0 	bne.w	10002610 <_etoa+0x218>
10002490:	2a00      	cmp	r2, #0
10002492:	f000 81a2 	beq.w	100027da <_etoa+0x3e2>
10002496:	ed9f 7b5a 	vldr	d7, [pc, #360]	@ 10002600 <_etoa+0x208>
1000249a:	2700      	movs	r7, #0
1000249c:	ed8d 7b0e 	vstr	d7, [sp, #56]	@ 0x38
100024a0:	f04f 0900 	mov.w	r9, #0
100024a4:	45ba      	cmp	sl, r7
100024a6:	bfcc      	ite	gt
100024a8:	ebaa 0a07 	subgt.w	sl, sl, r7
100024ac:	f04f 0a00 	movle.w	sl, #0
100024b0:	464f      	mov	r7, r9
100024b2:	bfc8      	it	gt
100024b4:	f10a 3aff 	addgt.w	sl, sl, #4294967295	@ 0xffffffff
100024b8:	f444 6480 	orr.w	r4, r4, #1024	@ 0x400
100024bc:	454d      	cmp	r5, r9
100024be:	bf94      	ite	ls
100024c0:	f04f 0800 	movls.w	r8, #0
100024c4:	eba5 0809 	subhi.w	r8, r5, r9
100024c8:	f014 0302 	ands.w	r3, r4, #2
100024cc:	9311      	str	r3, [sp, #68]	@ 0x44
100024ce:	d004      	beq.n	100024da <_etoa+0xe2>
100024d0:	f1b9 0f00 	cmp.w	r9, #0
100024d4:	bf18      	it	ne
100024d6:	f04f 0800 	movne.w	r8, #0
100024da:	b13f      	cbz	r7, 100024ec <_etoa+0xf4>
100024dc:	e9dd 010a 	ldrd	r0, r1, [sp, #40]	@ 0x28
100024e0:	e9dd 230e 	ldrd	r2, r3, [sp, #56]	@ 0x38
100024e4:	f7ff fce2 	bl	10001eac <__wrap___aeabi_ddiv>
100024e8:	e9cd 010a 	strd	r0, r1, [sp, #40]	@ 0x28
100024ec:	e9dd 0108 	ldrd	r0, r1, [sp, #32]
100024f0:	2200      	movs	r2, #0
100024f2:	2300      	movs	r3, #0
100024f4:	f7ff fd82 	bl	10001ffc <__wrap___aeabi_dcmplt>
100024f8:	b130      	cbz	r0, 10002508 <_etoa+0x110>
100024fa:	e9dd 010a 	ldrd	r0, r1, [sp, #40]	@ 0x28
100024fe:	4602      	mov	r2, r0
10002500:	f101 4300 	add.w	r3, r1, #2147483648	@ 0x80000000
10002504:	e9cd 230a 	strd	r2, r3, [sp, #40]	@ 0x28
10002508:	ed9d 7b0a 	vldr	d7, [sp, #40]	@ 0x28
1000250c:	e9cd a802 	strd	sl, r8, [sp, #8]
10002510:	f8dd a034 	ldr.w	sl, [sp, #52]	@ 0x34
10002514:	f424 6300 	bic.w	r3, r4, #2048	@ 0x800
10002518:	9304      	str	r3, [sp, #16]
1000251a:	ed8d 7b00 	vstr	d7, [sp]
1000251e:	4633      	mov	r3, r6
10002520:	4651      	mov	r1, sl
10002522:	4658      	mov	r0, fp
10002524:	9a10      	ldr	r2, [sp, #64]	@ 0x40
10002526:	f000 f997 	bl	10002858 <_ftoa>
1000252a:	4680      	mov	r8, r0
1000252c:	f1b9 0f00 	cmp.w	r9, #0
10002530:	d04f      	beq.n	100025d2 <_etoa+0x1da>
10002532:	f014 0f20 	tst.w	r4, #32
10002536:	4602      	mov	r2, r0
10002538:	f100 0401 	add.w	r4, r0, #1
1000253c:	4633      	mov	r3, r6
1000253e:	bf0c      	ite	eq
10002540:	2065      	moveq	r0, #101	@ 0x65
10002542:	2045      	movne	r0, #69	@ 0x45
10002544:	4651      	mov	r1, sl
10002546:	47d8      	blx	fp
10002548:	f109 30ff 	add.w	r0, r9, #4294967295	@ 0xffffffff
1000254c:	ea87 7ce7 	eor.w	ip, r7, r7, asr #31
10002550:	f10d 0958 	add.w	r9, sp, #88	@ 0x58
10002554:	2200      	movs	r2, #0
10002556:	464b      	mov	r3, r9
10002558:	f8df 80b0 	ldr.w	r8, [pc, #176]	@ 1000260c <_etoa+0x214>
1000255c:	ebac 7ce7 	sub.w	ip, ip, r7, asr #31
10002560:	ea4f 7ed7 	mov.w	lr, r7, lsr #31
10002564:	e001      	b.n	1000256a <_etoa+0x172>
10002566:	2a20      	cmp	r2, #32
10002568:	d010      	beq.n	1000258c <_etoa+0x194>
1000256a:	46e2      	mov	sl, ip
1000256c:	fba8 710c 	umull	r7, r1, r8, ip
10002570:	08c9      	lsrs	r1, r1, #3
10002572:	eb01 0781 	add.w	r7, r1, r1, lsl #2
10002576:	ebac 0747 	sub.w	r7, ip, r7, lsl #1
1000257a:	3730      	adds	r7, #48	@ 0x30
1000257c:	f1ba 0f09 	cmp.w	sl, #9
10002580:	468c      	mov	ip, r1
10002582:	f102 0201 	add.w	r2, r2, #1
10002586:	f803 7b01 	strb.w	r7, [r3], #1
1000258a:	d8ec      	bhi.n	10002566 <_etoa+0x16e>
1000258c:	2305      	movs	r3, #5
1000258e:	9005      	str	r0, [sp, #20]
10002590:	9306      	str	r3, [sp, #24]
10002592:	2000      	movs	r0, #0
10002594:	230a      	movs	r3, #10
10002596:	9f0d      	ldr	r7, [sp, #52]	@ 0x34
10002598:	e9cd 3003 	strd	r3, r0, [sp, #12]
1000259c:	e9cd 2e01 	strd	r2, lr, [sp, #4]
100025a0:	4633      	mov	r3, r6
100025a2:	4622      	mov	r2, r4
100025a4:	4639      	mov	r1, r7
100025a6:	4658      	mov	r0, fp
100025a8:	f8cd 9000 	str.w	r9, [sp]
100025ac:	f7ff fdc6 	bl	1000213c <_ntoa_format>
100025b0:	9b11      	ldr	r3, [sp, #68]	@ 0x44
100025b2:	4680      	mov	r8, r0
100025b4:	b16b      	cbz	r3, 100025d2 <_etoa+0x1da>
100025b6:	9b10      	ldr	r3, [sp, #64]	@ 0x40
100025b8:	1ac4      	subs	r4, r0, r3
100025ba:	42a5      	cmp	r5, r4
100025bc:	d909      	bls.n	100025d2 <_etoa+0x1da>
100025be:	4642      	mov	r2, r8
100025c0:	4633      	mov	r3, r6
100025c2:	4639      	mov	r1, r7
100025c4:	2020      	movs	r0, #32
100025c6:	3401      	adds	r4, #1
100025c8:	47d8      	blx	fp
100025ca:	42a5      	cmp	r5, r4
100025cc:	f108 0801 	add.w	r8, r8, #1
100025d0:	d8f5      	bhi.n	100025be <_etoa+0x1c6>
100025d2:	4640      	mov	r0, r8
100025d4:	b01f      	add	sp, #124	@ 0x7c
100025d6:	e8bd 8ff0 	ldmia.w	sp!, {r4, r5, r6, r7, r8, r9, sl, fp, pc}
100025da:	ed9d 7b08 	vldr	d7, [sp, #32]
100025de:	4633      	mov	r3, r6
100025e0:	4658      	mov	r0, fp
100025e2:	9a10      	ldr	r2, [sp, #64]	@ 0x40
100025e4:	990d      	ldr	r1, [sp, #52]	@ 0x34
100025e6:	ed8d 7b28 	vstr	d7, [sp, #160]	@ 0xa0
100025ea:	e9cd 542b 	strd	r5, r4, [sp, #172]	@ 0xac
100025ee:	f8cd a0a8 	str.w	sl, [sp, #168]	@ 0xa8
100025f2:	b01f      	add	sp, #124	@ 0x7c
100025f4:	e8bd 4ff0 	ldmia.w	sp!, {r4, r5, r6, r7, r8, r9, sl, fp, lr}
100025f8:	f000 b92e 	b.w	10002858 <_ftoa>
100025fc:	f3af 8000 	nop.w
	...
10002608:	7fefffff 	.word	0x7fefffff
1000260c:	cccccccd 	.word	0xcccccccd
10002610:	f3c7 500a 	ubfx	r0, r7, #20, #11
10002614:	f2a0 30ff 	subw	r0, r0, #1023	@ 0x3ff
10002618:	f7ff fc96 	bl	10001f48 <__wrap___aeabi_i2d>
1000261c:	a38a      	add	r3, pc, #552	@ (adr r3, 10002848 <_etoa+0x450>)
1000261e:	e9d3 2300 	ldrd	r2, r3, [r3]
10002622:	f7ff fc1d 	bl	10001e60 <__wrap___aeabi_dmul>
10002626:	a38a      	add	r3, pc, #552	@ (adr r3, 10002850 <_etoa+0x458>)
10002628:	e9d3 2300 	ldrd	r2, r3, [r3]
1000262c:	f7ff fbf0 	bl	10001e10 <__wrap___aeabi_dadd>
10002630:	f3c7 0713 	ubfx	r7, r7, #0, #20
10002634:	e9cd 010e 	strd	r0, r1, [sp, #56]	@ 0x38
10002638:	f047 517f 	orr.w	r1, r7, #1069547520	@ 0x3fc00000
1000263c:	4640      	mov	r0, r8
1000263e:	2200      	movs	r2, #0
10002640:	4b7b      	ldr	r3, [pc, #492]	@ (10002830 <_etoa+0x438>)
10002642:	f441 1140 	orr.w	r1, r1, #3145728	@ 0x300000
10002646:	f7ff fbf7 	bl	10001e38 <__wrap___aeabi_dsub>
1000264a:	a36b      	add	r3, pc, #428	@ (adr r3, 100027f8 <_etoa+0x400>)
1000264c:	e9d3 2300 	ldrd	r2, r3, [r3]
10002650:	f7ff fc06 	bl	10001e60 <__wrap___aeabi_dmul>
10002654:	4602      	mov	r2, r0
10002656:	460b      	mov	r3, r1
10002658:	e9dd 010e 	ldrd	r0, r1, [sp, #56]	@ 0x38
1000265c:	f7ff fbd8 	bl	10001e10 <__wrap___aeabi_dadd>
10002660:	f7ff fc96 	bl	10001f90 <__wrap___aeabi_d2iz>
10002664:	4607      	mov	r7, r0
10002666:	f7ff fc6f 	bl	10001f48 <__wrap___aeabi_i2d>
1000266a:	a365      	add	r3, pc, #404	@ (adr r3, 10002800 <_etoa+0x408>)
1000266c:	e9d3 2300 	ldrd	r2, r3, [r3]
10002670:	4680      	mov	r8, r0
10002672:	4689      	mov	r9, r1
10002674:	f7ff fbf4 	bl	10001e60 <__wrap___aeabi_dmul>
10002678:	2200      	movs	r2, #0
1000267a:	4b6e      	ldr	r3, [pc, #440]	@ (10002834 <_etoa+0x43c>)
1000267c:	f7ff fbc8 	bl	10001e10 <__wrap___aeabi_dadd>
10002680:	f7ff fc86 	bl	10001f90 <__wrap___aeabi_d2iz>
10002684:	4603      	mov	r3, r0
10002686:	4649      	mov	r1, r9
10002688:	4640      	mov	r0, r8
1000268a:	9312      	str	r3, [sp, #72]	@ 0x48
1000268c:	a35e      	add	r3, pc, #376	@ (adr r3, 10002808 <_etoa+0x410>)
1000268e:	e9d3 2300 	ldrd	r2, r3, [r3]
10002692:	f7ff fbe5 	bl	10001e60 <__wrap___aeabi_dmul>
10002696:	4680      	mov	r8, r0
10002698:	9812      	ldr	r0, [sp, #72]	@ 0x48
1000269a:	4689      	mov	r9, r1
1000269c:	f7ff fc54 	bl	10001f48 <__wrap___aeabi_i2d>
100026a0:	a35b      	add	r3, pc, #364	@ (adr r3, 10002810 <_etoa+0x418>)
100026a2:	e9d3 2300 	ldrd	r2, r3, [r3]
100026a6:	f7ff fbdb 	bl	10001e60 <__wrap___aeabi_dmul>
100026aa:	4602      	mov	r2, r0
100026ac:	460b      	mov	r3, r1
100026ae:	4640      	mov	r0, r8
100026b0:	4649      	mov	r1, r9
100026b2:	f7ff fbc1 	bl	10001e38 <__wrap___aeabi_dsub>
100026b6:	4602      	mov	r2, r0
100026b8:	460b      	mov	r3, r1
100026ba:	4680      	mov	r8, r0
100026bc:	4689      	mov	r9, r1
100026be:	f7ff fbcf 	bl	10001e60 <__wrap___aeabi_dmul>
100026c2:	4642      	mov	r2, r8
100026c4:	464b      	mov	r3, r9
100026c6:	e9cd 010e 	strd	r0, r1, [sp, #56]	@ 0x38
100026ca:	4640      	mov	r0, r8
100026cc:	4649      	mov	r1, r9
100026ce:	f7ff fb9f 	bl	10001e10 <__wrap___aeabi_dadd>
100026d2:	2200      	movs	r2, #0
100026d4:	e9cd 0114 	strd	r0, r1, [sp, #80]	@ 0x50
100026d8:	e9dd 010e 	ldrd	r0, r1, [sp, #56]	@ 0x38
100026dc:	4b56      	ldr	r3, [pc, #344]	@ (10002838 <_etoa+0x440>)
100026de:	f7ff fbe5 	bl	10001eac <__wrap___aeabi_ddiv>
100026e2:	2200      	movs	r2, #0
100026e4:	4b55      	ldr	r3, [pc, #340]	@ (1000283c <_etoa+0x444>)
100026e6:	f7ff fb93 	bl	10001e10 <__wrap___aeabi_dadd>
100026ea:	4602      	mov	r2, r0
100026ec:	460b      	mov	r3, r1
100026ee:	e9dd 010e 	ldrd	r0, r1, [sp, #56]	@ 0x38
100026f2:	f7ff fbdb 	bl	10001eac <__wrap___aeabi_ddiv>
100026f6:	2200      	movs	r2, #0
100026f8:	4b51      	ldr	r3, [pc, #324]	@ (10002840 <_etoa+0x448>)
100026fa:	f7ff fb89 	bl	10001e10 <__wrap___aeabi_dadd>
100026fe:	4602      	mov	r2, r0
10002700:	460b      	mov	r3, r1
10002702:	e9dd 010e 	ldrd	r0, r1, [sp, #56]	@ 0x38
10002706:	f7ff fbd1 	bl	10001eac <__wrap___aeabi_ddiv>
1000270a:	4642      	mov	r2, r8
1000270c:	464b      	mov	r3, r9
1000270e:	4680      	mov	r8, r0
10002710:	4689      	mov	r9, r1
10002712:	2000      	movs	r0, #0
10002714:	f04f 4180 	mov.w	r1, #1073741824	@ 0x40000000
10002718:	f7ff fb8e 	bl	10001e38 <__wrap___aeabi_dsub>
1000271c:	4602      	mov	r2, r0
1000271e:	460b      	mov	r3, r1
10002720:	4640      	mov	r0, r8
10002722:	4649      	mov	r1, r9
10002724:	f7ff fb74 	bl	10001e10 <__wrap___aeabi_dadd>
10002728:	4602      	mov	r2, r0
1000272a:	460b      	mov	r3, r1
1000272c:	e9dd 0114 	ldrd	r0, r1, [sp, #80]	@ 0x50
10002730:	f7ff fbbc 	bl	10001eac <__wrap___aeabi_ddiv>
10002734:	2200      	movs	r2, #0
10002736:	4b43      	ldr	r3, [pc, #268]	@ (10002844 <_etoa+0x44c>)
10002738:	f7ff fb6a 	bl	10001e10 <__wrap___aeabi_dadd>
1000273c:	9b12      	ldr	r3, [sp, #72]	@ 0x48
1000273e:	2200      	movs	r2, #0
10002740:	f203 3cff 	addw	ip, r3, #1023	@ 0x3ff
10002744:	ea4f 530c 	mov.w	r3, ip, lsl #20
10002748:	f7ff fb8a 	bl	10001e60 <__wrap___aeabi_dmul>
1000274c:	4680      	mov	r8, r0
1000274e:	4689      	mov	r9, r1
10002750:	e9dd 010a 	ldrd	r0, r1, [sp, #40]	@ 0x28
10002754:	4642      	mov	r2, r8
10002756:	464b      	mov	r3, r9
10002758:	e9cd 890e 	strd	r8, r9, [sp, #56]	@ 0x38
1000275c:	f7ff fc4e 	bl	10001ffc <__wrap___aeabi_dcmplt>
10002760:	bb68      	cbnz	r0, 100027be <_etoa+0x3c6>
10002762:	4643      	mov	r3, r8
10002764:	4649      	mov	r1, r9
10002766:	f107 0263 	add.w	r2, r7, #99	@ 0x63
1000276a:	2ac6      	cmp	r2, #198	@ 0xc6
1000276c:	9a11      	ldr	r2, [sp, #68]	@ 0x44
1000276e:	bf8c      	ite	hi
10002770:	f04f 0905 	movhi.w	r9, #5
10002774:	f04f 0904 	movls.w	r9, #4
10002778:	2a00      	cmp	r2, #0
1000277a:	f43f ae9f 	beq.w	100024bc <_etoa+0xc4>
1000277e:	430b      	orrs	r3, r1
10002780:	f43f ae8e 	beq.w	100024a0 <_etoa+0xa8>
10002784:	e9dd 010a 	ldrd	r0, r1, [sp, #40]	@ 0x28
10002788:	a323      	add	r3, pc, #140	@ (adr r3, 10002818 <_etoa+0x420>)
1000278a:	e9d3 2300 	ldrd	r2, r3, [r3]
1000278e:	f7ff fc49 	bl	10002024 <__wrap___aeabi_dcmpge>
10002792:	b148      	cbz	r0, 100027a8 <_etoa+0x3b0>
10002794:	e9dd 010a 	ldrd	r0, r1, [sp, #40]	@ 0x28
10002798:	a321      	add	r3, pc, #132	@ (adr r3, 10002820 <_etoa+0x428>)
1000279a:	e9d3 2300 	ldrd	r2, r3, [r3]
1000279e:	f7ff fc2d 	bl	10001ffc <__wrap___aeabi_dcmplt>
100027a2:	2800      	cmp	r0, #0
100027a4:	f47f ae7c 	bne.w	100024a0 <_etoa+0xa8>
100027a8:	f1ba 0f00 	cmp.w	sl, #0
100027ac:	f43f ae86 	beq.w	100024bc <_etoa+0xc4>
100027b0:	9b13      	ldr	r3, [sp, #76]	@ 0x4c
100027b2:	2b00      	cmp	r3, #0
100027b4:	f43f ae82 	beq.w	100024bc <_etoa+0xc4>
100027b8:	f10a 3aff 	add.w	sl, sl, #4294967295	@ 0xffffffff
100027bc:	e67e      	b.n	100024bc <_etoa+0xc4>
100027be:	2200      	movs	r2, #0
100027c0:	4b1e      	ldr	r3, [pc, #120]	@ (1000283c <_etoa+0x444>)
100027c2:	4640      	mov	r0, r8
100027c4:	4649      	mov	r1, r9
100027c6:	f7ff fb71 	bl	10001eac <__wrap___aeabi_ddiv>
100027ca:	460a      	mov	r2, r1
100027cc:	4601      	mov	r1, r0
100027ce:	4603      	mov	r3, r0
100027d0:	e9cd 120e 	strd	r1, r2, [sp, #56]	@ 0x38
100027d4:	3f01      	subs	r7, #1
100027d6:	4611      	mov	r1, r2
100027d8:	e7c5      	b.n	10002766 <_etoa+0x36e>
100027da:	ed9f 7b13 	vldr	d7, [pc, #76]	@ 10002828 <_etoa+0x430>
100027de:	4617      	mov	r7, r2
100027e0:	f04f 0904 	mov.w	r9, #4
100027e4:	ed8d 7b0e 	vstr	d7, [sp, #56]	@ 0x38
100027e8:	e668      	b.n	100024bc <_etoa+0xc4>
100027ea:	f108 4300 	add.w	r3, r8, #2147483648	@ 0x80000000
100027ee:	970a      	str	r7, [sp, #40]	@ 0x28
100027f0:	930b      	str	r3, [sp, #44]	@ 0x2c
100027f2:	e63c      	b.n	1000246e <_etoa+0x76>
100027f4:	f3af 8000 	nop.w
100027f8:	636f4361 	.word	0x636f4361
100027fc:	3fd287a7 	.word	0x3fd287a7
10002800:	0979a371 	.word	0x0979a371
10002804:	400a934f 	.word	0x400a934f
10002808:	bbb55516 	.word	0xbbb55516
1000280c:	40026bb1 	.word	0x40026bb1
10002810:	fefa39ef 	.word	0xfefa39ef
10002814:	3fe62e42 	.word	0x3fe62e42
10002818:	eb1c432d 	.word	0xeb1c432d
1000281c:	3f1a36e2 	.word	0x3f1a36e2
10002820:	00000000 	.word	0x00000000
10002824:	412e8480 	.word	0x412e8480
	...
10002830:	3ff80000 	.word	0x3ff80000
10002834:	3fe00000 	.word	0x3fe00000
10002838:	402c0000 	.word	0x402c0000
1000283c:	40240000 	.word	0x40240000
10002840:	40180000 	.word	0x40180000
10002844:	3ff00000 	.word	0x3ff00000
10002848:	509f79fb 	.word	0x509f79fb
1000284c:	3fd34413 	.word	0x3fd34413
10002850:	8b60c8b3 	.word	0x8b60c8b3
10002854:	3fc68a28 	.word	0x3fc68a28

10002858 <_ftoa>:
10002858:	e92d 4ff0 	stmdb	sp!, {r4, r5, r6, r7, r8, r9, sl, fp, lr}
1000285c:	b097      	sub	sp, #92	@ 0x5c
1000285e:	e9dd 8920 	ldrd	r8, r9, [sp, #128]	@ 0x80
10002862:	e9cd 0104 	strd	r0, r1, [sp, #16]
10002866:	e9dd 4b22 	ldrd	r4, fp, [sp, #136]	@ 0x88
1000286a:	e9cd 2306 	strd	r2, r3, [sp, #24]
1000286e:	4640      	mov	r0, r8
10002870:	4642      	mov	r2, r8
10002872:	464b      	mov	r3, r9
10002874:	4649      	mov	r1, r9
10002876:	f8dd a090 	ldr.w	sl, [sp, #144]	@ 0x90
1000287a:	f7ff fbad 	bl	10001fd8 <__wrap___aeabi_dcmpun>
1000287e:	2800      	cmp	r0, #0
10002880:	f040 81c5 	bne.w	10002c0e <_ftoa+0x3b6>
10002884:	4640      	mov	r0, r8
10002886:	4649      	mov	r1, r9
10002888:	f04f 32ff 	mov.w	r2, #4294967295	@ 0xffffffff
1000288c:	f46f 1380 	mvn.w	r3, #1048576	@ 0x100000
10002890:	f7ff fbb4 	bl	10001ffc <__wrap___aeabi_dcmplt>
10002894:	2800      	cmp	r0, #0
10002896:	f040 811d 	bne.w	10002ad4 <_ftoa+0x27c>
1000289a:	4640      	mov	r0, r8
1000289c:	4649      	mov	r1, r9
1000289e:	f04f 32ff 	mov.w	r2, #4294967295	@ 0xffffffff
100028a2:	4bc1      	ldr	r3, [pc, #772]	@ (10002ba8 <_ftoa+0x350>)
100028a4:	f7ff fbd2 	bl	1000204c <__wrap___aeabi_dcmpgt>
100028a8:	2800      	cmp	r0, #0
100028aa:	f040 80e3 	bne.w	10002a74 <_ftoa+0x21c>
100028ae:	a3b8      	add	r3, pc, #736	@ (adr r3, 10002b90 <_ftoa+0x338>)
100028b0:	e9d3 2300 	ldrd	r2, r3, [r3]
100028b4:	4640      	mov	r0, r8
100028b6:	4649      	mov	r1, r9
100028b8:	f7ff fbc8 	bl	1000204c <__wrap___aeabi_dcmpgt>
100028bc:	2800      	cmp	r0, #0
100028be:	f040 80cb 	bne.w	10002a58 <_ftoa+0x200>
100028c2:	a3b5      	add	r3, pc, #724	@ (adr r3, 10002b98 <_ftoa+0x340>)
100028c4:	e9d3 2300 	ldrd	r2, r3, [r3]
100028c8:	4640      	mov	r0, r8
100028ca:	4649      	mov	r1, r9
100028cc:	f7ff fb96 	bl	10001ffc <__wrap___aeabi_dcmplt>
100028d0:	2800      	cmp	r0, #0
100028d2:	f040 80c1 	bne.w	10002a58 <_ftoa+0x200>
100028d6:	4640      	mov	r0, r8
100028d8:	4649      	mov	r1, r9
100028da:	2200      	movs	r2, #0
100028dc:	2300      	movs	r3, #0
100028de:	f7ff fb8d 	bl	10001ffc <__wrap___aeabi_dcmplt>
100028e2:	2800      	cmp	r0, #0
100028e4:	f040 80e0 	bne.w	10002aa8 <_ftoa+0x250>
100028e8:	f41a 6580 	ands.w	r5, sl, #1024	@ 0x400
100028ec:	900d      	str	r0, [sp, #52]	@ 0x34
100028ee:	f000 80e9 	beq.w	10002ac4 <_ftoa+0x26c>
100028f2:	2c09      	cmp	r4, #9
100028f4:	f240 8196 	bls.w	10002c24 <_ftoa+0x3cc>
100028f8:	ab0e      	add	r3, sp, #56	@ 0x38
100028fa:	461a      	mov	r2, r3
100028fc:	930c      	str	r3, [sp, #48]	@ 0x30
100028fe:	2130      	movs	r1, #48	@ 0x30
10002900:	2300      	movs	r3, #0
10002902:	f1a4 0509 	sub.w	r5, r4, #9
10002906:	3301      	adds	r3, #1
10002908:	2b20      	cmp	r3, #32
1000290a:	f802 1b01 	strb.w	r1, [r2], #1
1000290e:	eba4 0603 	sub.w	r6, r4, r3
10002912:	f000 813a 	beq.w	10002b8a <_ftoa+0x332>
10002916:	42ab      	cmp	r3, r5
10002918:	d1f5      	bne.n	10002906 <_ftoa+0xae>
1000291a:	ed9f 7b9d 	vldr	d7, [pc, #628]	@ 10002b90 <_ftoa+0x338>
1000291e:	ed8d 7b08 	vstr	d7, [sp, #32]
10002922:	4649      	mov	r1, r9
10002924:	4640      	mov	r0, r8
10002926:	f7ff fb33 	bl	10001f90 <__wrap___aeabi_d2iz>
1000292a:	4604      	mov	r4, r0
1000292c:	f7ff fb0c 	bl	10001f48 <__wrap___aeabi_i2d>
10002930:	4602      	mov	r2, r0
10002932:	460b      	mov	r3, r1
10002934:	4640      	mov	r0, r8
10002936:	4649      	mov	r1, r9
10002938:	f7ff fa7e 	bl	10001e38 <__wrap___aeabi_dsub>
1000293c:	e9dd 2308 	ldrd	r2, r3, [sp, #32]
10002940:	f7ff fa8e 	bl	10001e60 <__wrap___aeabi_dmul>
10002944:	4602      	mov	r2, r0
10002946:	460b      	mov	r3, r1
10002948:	e9cd 230a 	strd	r2, r3, [sp, #40]	@ 0x28
1000294c:	f7ff fb32 	bl	10001fb4 <__wrap___aeabi_d2uiz>
10002950:	4607      	mov	r7, r0
10002952:	f7ff fb0b 	bl	10001f6c <__wrap___aeabi_ui2d>
10002956:	4602      	mov	r2, r0
10002958:	460b      	mov	r3, r1
1000295a:	e9dd 010a 	ldrd	r0, r1, [sp, #40]	@ 0x28
1000295e:	f7ff fa6b 	bl	10001e38 <__wrap___aeabi_dsub>
10002962:	4602      	mov	r2, r0
10002964:	460b      	mov	r3, r1
10002966:	e9cd 230a 	strd	r2, r3, [sp, #40]	@ 0x28
1000296a:	2200      	movs	r2, #0
1000296c:	4b8f      	ldr	r3, [pc, #572]	@ (10002bac <_ftoa+0x354>)
1000296e:	f7ff fb6d 	bl	1000204c <__wrap___aeabi_dcmpgt>
10002972:	2800      	cmp	r0, #0
10002974:	f000 80db 	beq.w	10002b2e <_ftoa+0x2d6>
10002978:	3701      	adds	r7, #1
1000297a:	4638      	mov	r0, r7
1000297c:	f7ff faf6 	bl	10001f6c <__wrap___aeabi_ui2d>
10002980:	e9dd 2308 	ldrd	r2, r3, [sp, #32]
10002984:	f7ff fb4e 	bl	10002024 <__wrap___aeabi_dcmpge>
10002988:	b108      	cbz	r0, 1000298e <_ftoa+0x136>
1000298a:	2700      	movs	r7, #0
1000298c:	3401      	adds	r4, #1
1000298e:	2e00      	cmp	r6, #0
10002990:	f040 80b1 	bne.w	10002af6 <_ftoa+0x29e>
10002994:	4620      	mov	r0, r4
10002996:	f7ff fad7 	bl	10001f48 <__wrap___aeabi_i2d>
1000299a:	4602      	mov	r2, r0
1000299c:	460b      	mov	r3, r1
1000299e:	4640      	mov	r0, r8
100029a0:	4649      	mov	r1, r9
100029a2:	f7ff fa49 	bl	10001e38 <__wrap___aeabi_dsub>
100029a6:	2200      	movs	r2, #0
100029a8:	4b80      	ldr	r3, [pc, #512]	@ (10002bac <_ftoa+0x354>)
100029aa:	4606      	mov	r6, r0
100029ac:	460f      	mov	r7, r1
100029ae:	f7ff fb25 	bl	10001ffc <__wrap___aeabi_dcmplt>
100029b2:	b940      	cbnz	r0, 100029c6 <_ftoa+0x16e>
100029b4:	4630      	mov	r0, r6
100029b6:	4639      	mov	r1, r7
100029b8:	2200      	movs	r2, #0
100029ba:	4b7c      	ldr	r3, [pc, #496]	@ (10002bac <_ftoa+0x354>)
100029bc:	f7ff fb46 	bl	1000204c <__wrap___aeabi_dcmpgt>
100029c0:	2800      	cmp	r0, #0
100029c2:	f000 8115 	beq.w	10002bf0 <_ftoa+0x398>
100029c6:	9b0c      	ldr	r3, [sp, #48]	@ 0x30
100029c8:	1e69      	subs	r1, r5, #1
100029ca:	4879      	ldr	r0, [pc, #484]	@ (10002bb0 <_ftoa+0x358>)
100029cc:	4419      	add	r1, r3
100029ce:	e010      	b.n	100029f2 <_ftoa+0x19a>
100029d0:	fb80 6204 	smull	r6, r2, r0, r4
100029d4:	ebc3 03a2 	rsb	r3, r3, r2, asr #2
100029d8:	eb03 0283 	add.w	r2, r3, r3, lsl #2
100029dc:	eba4 0442 	sub.w	r4, r4, r2, lsl #1
100029e0:	f104 0230 	add.w	r2, r4, #48	@ 0x30
100029e4:	3501      	adds	r5, #1
100029e6:	461c      	mov	r4, r3
100029e8:	f801 2f01 	strb.w	r2, [r1, #1]!
100029ec:	2b00      	cmp	r3, #0
100029ee:	f000 80ab 	beq.w	10002b48 <_ftoa+0x2f0>
100029f2:	2d20      	cmp	r5, #32
100029f4:	ea4f 73e4 	mov.w	r3, r4, asr #31
100029f8:	d1ea      	bne.n	100029d0 <_ftoa+0x178>
100029fa:	f00a 0303 	and.w	r3, sl, #3
100029fe:	2b01      	cmp	r3, #1
10002a00:	d11c      	bne.n	10002a3c <_ftoa+0x1e4>
10002a02:	f1bb 0f00 	cmp.w	fp, #0
10002a06:	d019      	beq.n	10002a3c <_ftoa+0x1e4>
10002a08:	9b0d      	ldr	r3, [sp, #52]	@ 0x34
10002a0a:	2b00      	cmp	r3, #0
10002a0c:	f040 80f9 	bne.w	10002c02 <_ftoa+0x3aa>
10002a10:	f01a 0f0c 	tst.w	sl, #12
10002a14:	f040 80f5 	bne.w	10002c02 <_ftoa+0x3aa>
10002a18:	45ab      	cmp	fp, r5
10002a1a:	f240 80d3 	bls.w	10002bc4 <_ftoa+0x36c>
10002a1e:	2d20      	cmp	r5, #32
10002a20:	d00b      	beq.n	10002a3a <_ftoa+0x1e2>
10002a22:	2230      	movs	r2, #48	@ 0x30
10002a24:	990c      	ldr	r1, [sp, #48]	@ 0x30
10002a26:	1e6b      	subs	r3, r5, #1
10002a28:	440b      	add	r3, r1
10002a2a:	3501      	adds	r5, #1
10002a2c:	455d      	cmp	r5, fp
10002a2e:	f803 2f01 	strb.w	r2, [r3, #1]!
10002a32:	f000 808d 	beq.w	10002b50 <_ftoa+0x2f8>
10002a36:	2d20      	cmp	r5, #32
10002a38:	d1f7      	bne.n	10002a2a <_ftoa+0x1d2>
10002a3a:	2520      	movs	r5, #32
10002a3c:	e9dd 2306 	ldrd	r2, r3, [sp, #24]
10002a40:	e9dd 0104 	ldrd	r0, r1, [sp, #16]
10002a44:	9c0c      	ldr	r4, [sp, #48]	@ 0x30
10002a46:	e9cd ba02 	strd	fp, sl, [sp, #8]
10002a4a:	9501      	str	r5, [sp, #4]
10002a4c:	9400      	str	r4, [sp, #0]
10002a4e:	f7ff fb27 	bl	100020a0 <_out_rev>
10002a52:	b017      	add	sp, #92	@ 0x5c
10002a54:	e8bd 8ff0 	ldmia.w	sp!, {r4, r5, r6, r7, r8, r9, sl, fp, pc}
10002a58:	e9cd 8920 	strd	r8, r9, [sp, #128]	@ 0x80
10002a5c:	e9dd 2306 	ldrd	r2, r3, [sp, #24]
10002a60:	e9dd 0104 	ldrd	r0, r1, [sp, #16]
10002a64:	e9cd ba23 	strd	fp, sl, [sp, #140]	@ 0x8c
10002a68:	9422      	str	r4, [sp, #136]	@ 0x88
10002a6a:	b017      	add	sp, #92	@ 0x5c
10002a6c:	e8bd 4ff0 	ldmia.w	sp!, {r4, r5, r6, r7, r8, r9, sl, fp, lr}
10002a70:	f7ff bcc2 	b.w	100023f8 <_etoa>
10002a74:	4d4f      	ldr	r5, [pc, #316]	@ (10002bb4 <_ftoa+0x35c>)
10002a76:	f8cd a08c 	str.w	sl, [sp, #140]	@ 0x8c
10002a7a:	f00a 0a04 	and.w	sl, sl, #4
10002a7e:	f1ba 0f00 	cmp.w	sl, #0
10002a82:	4c4d      	ldr	r4, [pc, #308]	@ (10002bb8 <_ftoa+0x360>)
10002a84:	bf18      	it	ne
10002a86:	462c      	movne	r4, r5
10002a88:	e9dd 2306 	ldrd	r2, r3, [sp, #24]
10002a8c:	e9dd 0104 	ldrd	r0, r1, [sp, #16]
10002a90:	9420      	str	r4, [sp, #128]	@ 0x80
10002a92:	bf0c      	ite	eq
10002a94:	2403      	moveq	r4, #3
10002a96:	2404      	movne	r4, #4
10002a98:	f8cd b088 	str.w	fp, [sp, #136]	@ 0x88
10002a9c:	9421      	str	r4, [sp, #132]	@ 0x84
10002a9e:	b017      	add	sp, #92	@ 0x5c
10002aa0:	e8bd 4ff0 	ldmia.w	sp!, {r4, r5, r6, r7, r8, r9, sl, fp, lr}
10002aa4:	f7ff bafc 	b.w	100020a0 <_out_rev>
10002aa8:	464b      	mov	r3, r9
10002aaa:	4642      	mov	r2, r8
10002aac:	2000      	movs	r0, #0
10002aae:	2100      	movs	r1, #0
10002ab0:	f7ff f9c2 	bl	10001e38 <__wrap___aeabi_dsub>
10002ab4:	2301      	movs	r3, #1
10002ab6:	f41a 6580 	ands.w	r5, sl, #1024	@ 0x400
10002aba:	4680      	mov	r8, r0
10002abc:	4689      	mov	r9, r1
10002abe:	930d      	str	r3, [sp, #52]	@ 0x34
10002ac0:	f47f af17 	bne.w	100028f2 <_ftoa+0x9a>
10002ac4:	ed9f 7b36 	vldr	d7, [pc, #216]	@ 10002ba0 <_ftoa+0x348>
10002ac8:	ab0e      	add	r3, sp, #56	@ 0x38
10002aca:	2606      	movs	r6, #6
10002acc:	ed8d 7b08 	vstr	d7, [sp, #32]
10002ad0:	930c      	str	r3, [sp, #48]	@ 0x30
10002ad2:	e726      	b.n	10002922 <_ftoa+0xca>
10002ad4:	2404      	movs	r4, #4
10002ad6:	e9dd 2306 	ldrd	r2, r3, [sp, #24]
10002ada:	e9dd 0104 	ldrd	r0, r1, [sp, #16]
10002ade:	4d37      	ldr	r5, [pc, #220]	@ (10002bbc <_ftoa+0x364>)
10002ae0:	f8cd a08c 	str.w	sl, [sp, #140]	@ 0x8c
10002ae4:	f8cd b088 	str.w	fp, [sp, #136]	@ 0x88
10002ae8:	9520      	str	r5, [sp, #128]	@ 0x80
10002aea:	9421      	str	r4, [sp, #132]	@ 0x84
10002aec:	b017      	add	sp, #92	@ 0x5c
10002aee:	e8bd 4ff0 	ldmia.w	sp!, {r4, r5, r6, r7, r8, r9, sl, fp, lr}
10002af2:	f7ff bad5 	b.w	100020a0 <_out_rev>
10002af6:	9b0c      	ldr	r3, [sp, #48]	@ 0x30
10002af8:	1e68      	subs	r0, r5, #1
10002afa:	f8df c0c4 	ldr.w	ip, [pc, #196]	@ 10002bc0 <_ftoa+0x368>
10002afe:	4418      	add	r0, r3
10002b00:	e00d      	b.n	10002b1e <_ftoa+0x2c6>
10002b02:	fbac 2107 	umull	r2, r1, ip, r7
10002b06:	08c9      	lsrs	r1, r1, #3
10002b08:	eb01 0281 	add.w	r2, r1, r1, lsl #2
10002b0c:	eba7 0242 	sub.w	r2, r7, r2, lsl #1
10002b10:	3230      	adds	r2, #48	@ 0x30
10002b12:	2f09      	cmp	r7, #9
10002b14:	f800 2f01 	strb.w	r2, [r0, #1]!
10002b18:	d927      	bls.n	10002b6a <_ftoa+0x312>
10002b1a:	460f      	mov	r7, r1
10002b1c:	461d      	mov	r5, r3
10002b1e:	2d20      	cmp	r5, #32
10002b20:	f105 0301 	add.w	r3, r5, #1
10002b24:	f106 36ff 	add.w	r6, r6, #4294967295	@ 0xffffffff
10002b28:	d1eb      	bne.n	10002b02 <_ftoa+0x2aa>
10002b2a:	2520      	movs	r5, #32
10002b2c:	e74b      	b.n	100029c6 <_ftoa+0x16e>
10002b2e:	2200      	movs	r2, #0
10002b30:	e9dd 010a 	ldrd	r0, r1, [sp, #40]	@ 0x28
10002b34:	4b1d      	ldr	r3, [pc, #116]	@ (10002bac <_ftoa+0x354>)
10002b36:	f7ff fa61 	bl	10001ffc <__wrap___aeabi_dcmplt>
10002b3a:	2800      	cmp	r0, #0
10002b3c:	f47f af27 	bne.w	1000298e <_ftoa+0x136>
10002b40:	2f00      	cmp	r7, #0
10002b42:	d15a      	bne.n	10002bfa <_ftoa+0x3a2>
10002b44:	3701      	adds	r7, #1
10002b46:	e722      	b.n	1000298e <_ftoa+0x136>
10002b48:	f00a 0303 	and.w	r3, sl, #3
10002b4c:	2b01      	cmp	r3, #1
10002b4e:	d075      	beq.n	10002c3c <_ftoa+0x3e4>
10002b50:	2d20      	cmp	r5, #32
10002b52:	f43f af73 	beq.w	10002a3c <_ftoa+0x1e4>
10002b56:	9b0d      	ldr	r3, [sp, #52]	@ 0x34
10002b58:	b3bb      	cbz	r3, 10002bca <_ftoa+0x372>
10002b5a:	222d      	movs	r2, #45	@ 0x2d
10002b5c:	f105 0358 	add.w	r3, r5, #88	@ 0x58
10002b60:	446b      	add	r3, sp
10002b62:	f803 2c20 	strb.w	r2, [r3, #-32]
10002b66:	3501      	adds	r5, #1
10002b68:	e768      	b.n	10002a3c <_ftoa+0x1e4>
10002b6a:	2b20      	cmp	r3, #32
10002b6c:	d0dd      	beq.n	10002b2a <_ftoa+0x2d2>
10002b6e:	b3ae      	cbz	r6, 10002bdc <_ftoa+0x384>
10002b70:	9a0c      	ldr	r2, [sp, #48]	@ 0x30
10002b72:	441e      	add	r6, r3
10002b74:	4415      	add	r5, r2
10002b76:	2230      	movs	r2, #48	@ 0x30
10002b78:	e001      	b.n	10002b7e <_ftoa+0x326>
10002b7a:	42b3      	cmp	r3, r6
10002b7c:	d02e      	beq.n	10002bdc <_ftoa+0x384>
10002b7e:	3301      	adds	r3, #1
10002b80:	2b20      	cmp	r3, #32
10002b82:	f805 2f01 	strb.w	r2, [r5, #1]!
10002b86:	d1f8      	bne.n	10002b7a <_ftoa+0x322>
10002b88:	e7cf      	b.n	10002b2a <_ftoa+0x2d2>
10002b8a:	461d      	mov	r5, r3
10002b8c:	e6c5      	b.n	1000291a <_ftoa+0xc2>
10002b8e:	bf00      	nop
10002b90:	00000000 	.word	0x00000000
10002b94:	41cdcd65 	.word	0x41cdcd65
10002b98:	00000000 	.word	0x00000000
10002b9c:	c1cdcd65 	.word	0xc1cdcd65
10002ba0:	00000000 	.word	0x00000000
10002ba4:	412e8480 	.word	0x412e8480
10002ba8:	7fefffff 	.word	0x7fefffff
10002bac:	3fe00000 	.word	0x3fe00000
10002bb0:	66666667 	.word	0x66666667
10002bb4:	10007be0 	.word	0x10007be0
10002bb8:	10007be8 	.word	0x10007be8
10002bbc:	10007bf0 	.word	0x10007bf0
10002bc0:	cccccccd 	.word	0xcccccccd
10002bc4:	2d20      	cmp	r5, #32
10002bc6:	f43f af39 	beq.w	10002a3c <_ftoa+0x1e4>
10002bca:	f01a 0f04 	tst.w	sl, #4
10002bce:	d10d      	bne.n	10002bec <_ftoa+0x394>
10002bd0:	f01a 0f08 	tst.w	sl, #8
10002bd4:	f43f af32 	beq.w	10002a3c <_ftoa+0x1e4>
10002bd8:	2220      	movs	r2, #32
10002bda:	e7bf      	b.n	10002b5c <_ftoa+0x304>
10002bdc:	212e      	movs	r1, #46	@ 0x2e
10002bde:	f103 0258 	add.w	r2, r3, #88	@ 0x58
10002be2:	446a      	add	r2, sp
10002be4:	f802 1c20 	strb.w	r1, [r2, #-32]
10002be8:	1c5d      	adds	r5, r3, #1
10002bea:	e6ec      	b.n	100029c6 <_ftoa+0x16e>
10002bec:	222b      	movs	r2, #43	@ 0x2b
10002bee:	e7b5      	b.n	10002b5c <_ftoa+0x304>
10002bf0:	07e3      	lsls	r3, r4, #31
10002bf2:	f57f aee8 	bpl.w	100029c6 <_ftoa+0x16e>
10002bf6:	3401      	adds	r4, #1
10002bf8:	e6e5      	b.n	100029c6 <_ftoa+0x16e>
10002bfa:	07fa      	lsls	r2, r7, #31
10002bfc:	f57f aec7 	bpl.w	1000298e <_ftoa+0x136>
10002c00:	e7a0      	b.n	10002b44 <_ftoa+0x2ec>
10002c02:	f10b 3bff 	add.w	fp, fp, #4294967295	@ 0xffffffff
10002c06:	45ab      	cmp	fp, r5
10002c08:	f63f af09 	bhi.w	10002a1e <_ftoa+0x1c6>
10002c0c:	e7a0      	b.n	10002b50 <_ftoa+0x2f8>
10002c0e:	2403      	movs	r4, #3
10002c10:	e9dd 2306 	ldrd	r2, r3, [sp, #24]
10002c14:	e9dd 0104 	ldrd	r0, r1, [sp, #16]
10002c18:	4d0a      	ldr	r5, [pc, #40]	@ (10002c44 <_ftoa+0x3ec>)
10002c1a:	f8cd a08c 	str.w	sl, [sp, #140]	@ 0x8c
10002c1e:	f8cd b088 	str.w	fp, [sp, #136]	@ 0x88
10002c22:	e761      	b.n	10002ae8 <_ftoa+0x290>
10002c24:	4b08      	ldr	r3, [pc, #32]	@ (10002c48 <_ftoa+0x3f0>)
10002c26:	4626      	mov	r6, r4
10002c28:	eb03 03c4 	add.w	r3, r3, r4, lsl #3
10002c2c:	ed93 7b00 	vldr	d7, [r3]
10002c30:	ab0e      	add	r3, sp, #56	@ 0x38
10002c32:	ed8d 7b08 	vstr	d7, [sp, #32]
10002c36:	2500      	movs	r5, #0
10002c38:	930c      	str	r3, [sp, #48]	@ 0x30
10002c3a:	e672      	b.n	10002922 <_ftoa+0xca>
10002c3c:	f1bb 0f00 	cmp.w	fp, #0
10002c40:	d086      	beq.n	10002b50 <_ftoa+0x2f8>
10002c42:	e6e1      	b.n	10002a08 <_ftoa+0x1b0>
10002c44:	10007bec 	.word	0x10007bec
10002c48:	10007d10 	.word	0x10007d10

10002c4c <_vsnprintf>:
10002c4c:	e92d 4ff0 	stmdb	sp!, {r4, r5, r6, r7, r8, r9, sl, fp, lr}
10002c50:	469a      	mov	sl, r3
10002c52:	b09b      	sub	sp, #108	@ 0x6c
10002c54:	9c24      	ldr	r4, [sp, #144]	@ 0x90
10002c56:	4d96      	ldr	r5, [pc, #600]	@ (10002eb0 <_vsnprintf+0x264>)
10002c58:	940b      	str	r4, [sp, #44]	@ 0x2c
10002c5a:	4c96      	ldr	r4, [pc, #600]	@ (10002eb4 <_vsnprintf+0x268>)
10002c5c:	1e0b      	subs	r3, r1, #0
10002c5e:	bf18      	it	ne
10002c60:	4683      	movne	fp, r0
10002c62:	6025      	str	r5, [r4, #0]
10002c64:	f89a 0000 	ldrb.w	r0, [sl]
10002c68:	4c93      	ldr	r4, [pc, #588]	@ (10002eb8 <_vsnprintf+0x26c>)
10002c6a:	930a      	str	r3, [sp, #40]	@ 0x28
10002c6c:	bf08      	it	eq
10002c6e:	46a3      	moveq	fp, r4
10002c70:	9209      	str	r2, [sp, #36]	@ 0x24
10002c72:	2800      	cmp	r0, #0
10002c74:	f000 82bc 	beq.w	100031f0 <_vsnprintf+0x5a4>
10002c78:	f04f 0900 	mov.w	r9, #0
10002c7c:	e00a      	b.n	10002c94 <_vsnprintf+0x48>
10002c7e:	464a      	mov	r2, r9
10002c80:	9b09      	ldr	r3, [sp, #36]	@ 0x24
10002c82:	990a      	ldr	r1, [sp, #40]	@ 0x28
10002c84:	f109 0901 	add.w	r9, r9, #1
10002c88:	47d8      	blx	fp
10002c8a:	f89a 0000 	ldrb.w	r0, [sl]
10002c8e:	2800      	cmp	r0, #0
10002c90:	f000 80ce 	beq.w	10002e30 <_vsnprintf+0x1e4>
10002c94:	2825      	cmp	r0, #37	@ 0x25
10002c96:	f10a 0a01 	add.w	sl, sl, #1
10002c9a:	d1f0      	bne.n	10002c7e <_vsnprintf+0x32>
10002c9c:	2300      	movs	r3, #0
10002c9e:	4652      	mov	r2, sl
10002ca0:	f812 0b01 	ldrb.w	r0, [r2], #1
10002ca4:	f1a0 0120 	sub.w	r1, r0, #32
10002ca8:	2910      	cmp	r1, #16
10002caa:	d80a      	bhi.n	10002cc2 <_vsnprintf+0x76>
10002cac:	e8df f001 	tbb	[pc, r1]
10002cb0:	3c090940 	.word	0x3c090940
10002cb4:	09090909 	.word	0x09090909
10002cb8:	38090909 	.word	0x38090909
10002cbc:	09093409 	.word	0x09093409
10002cc0:	30          	.byte	0x30
10002cc1:	00          	.byte	0x00
10002cc2:	f1a0 0130 	sub.w	r1, r0, #48	@ 0x30
10002cc6:	2909      	cmp	r1, #9
10002cc8:	f240 808c 	bls.w	10002de4 <_vsnprintf+0x198>
10002ccc:	282a      	cmp	r0, #42	@ 0x2a
10002cce:	f000 80f5 	beq.w	10002ebc <_vsnprintf+0x270>
10002cd2:	2100      	movs	r1, #0
10002cd4:	910c      	str	r1, [sp, #48]	@ 0x30
10002cd6:	282e      	cmp	r0, #46	@ 0x2e
10002cd8:	f000 8099 	beq.w	10002e0e <_vsnprintf+0x1c2>
10002cdc:	2700      	movs	r7, #0
10002cde:	f1a0 0168 	sub.w	r1, r0, #104	@ 0x68
10002ce2:	2912      	cmp	r1, #18
10002ce4:	d82d      	bhi.n	10002d42 <_vsnprintf+0xf6>
10002ce6:	e8df f011 	tbh	[pc, r1, lsl #1]
10002cea:	0157      	.short	0x0157
10002cec:	0151002c 	.word	0x0151002c
10002cf0:	0145002c 	.word	0x0145002c
10002cf4:	002c002c 	.word	0x002c002c
10002cf8:	002c002c 	.word	0x002c002c
10002cfc:	002c002c 	.word	0x002c002c
10002d00:	0027002c 	.word	0x0027002c
10002d04:	002c002c 	.word	0x002c002c
10002d08:	002c002c 	.word	0x002c002c
10002d0c:	0027002c 	.word	0x0027002c
10002d10:	4692      	mov	sl, r2
10002d12:	f043 0301 	orr.w	r3, r3, #1
10002d16:	e7c2      	b.n	10002c9e <_vsnprintf+0x52>
10002d18:	4692      	mov	sl, r2
10002d1a:	f043 0302 	orr.w	r3, r3, #2
10002d1e:	e7be      	b.n	10002c9e <_vsnprintf+0x52>
10002d20:	4692      	mov	sl, r2
10002d22:	f043 0304 	orr.w	r3, r3, #4
10002d26:	e7ba      	b.n	10002c9e <_vsnprintf+0x52>
10002d28:	4692      	mov	sl, r2
10002d2a:	f043 0310 	orr.w	r3, r3, #16
10002d2e:	e7b6      	b.n	10002c9e <_vsnprintf+0x52>
10002d30:	4692      	mov	sl, r2
10002d32:	f043 0308 	orr.w	r3, r3, #8
10002d36:	e7b2      	b.n	10002c9e <_vsnprintf+0x52>
10002d38:	f89a 0001 	ldrb.w	r0, [sl, #1]
10002d3c:	f443 7380 	orr.w	r3, r3, #256	@ 0x100
10002d40:	3201      	adds	r2, #1
10002d42:	2867      	cmp	r0, #103	@ 0x67
10002d44:	4692      	mov	sl, r2
10002d46:	f200 8082 	bhi.w	10002e4e <_vsnprintf+0x202>
10002d4a:	2824      	cmp	r0, #36	@ 0x24
10002d4c:	f240 80c6 	bls.w	10002edc <_vsnprintf+0x290>
10002d50:	f1a0 0225 	sub.w	r2, r0, #37	@ 0x25
10002d54:	2a42      	cmp	r2, #66	@ 0x42
10002d56:	f200 80c1 	bhi.w	10002edc <_vsnprintf+0x290>
10002d5a:	e8df f012 	tbh	[pc, r2, lsl #1]
10002d5e:	015f      	.short	0x015f
10002d60:	00bf00bf 	.word	0x00bf00bf
10002d64:	00bf00bf 	.word	0x00bf00bf
10002d68:	00bf00bf 	.word	0x00bf00bf
10002d6c:	00bf00bf 	.word	0x00bf00bf
10002d70:	00bf00bf 	.word	0x00bf00bf
10002d74:	00bf00bf 	.word	0x00bf00bf
10002d78:	00bf00bf 	.word	0x00bf00bf
10002d7c:	00bf00bf 	.word	0x00bf00bf
10002d80:	00bf00bf 	.word	0x00bf00bf
10002d84:	00bf00bf 	.word	0x00bf00bf
10002d88:	00bf00bf 	.word	0x00bf00bf
10002d8c:	00bf00bf 	.word	0x00bf00bf
10002d90:	00bf00bf 	.word	0x00bf00bf
10002d94:	00bf00bf 	.word	0x00bf00bf
10002d98:	00bf00bf 	.word	0x00bf00bf
10002d9c:	012600bf 	.word	0x012600bf
10002da0:	01260145 	.word	0x01260145
10002da4:	00bf00bf 	.word	0x00bf00bf
10002da8:	00bf00bf 	.word	0x00bf00bf
10002dac:	00bf00bf 	.word	0x00bf00bf
10002db0:	00bf00bf 	.word	0x00bf00bf
10002db4:	00bf00bf 	.word	0x00bf00bf
10002db8:	00bf00bf 	.word	0x00bf00bf
10002dbc:	00bf00bf 	.word	0x00bf00bf
10002dc0:	00bf00bf 	.word	0x00bf00bf
10002dc4:	00bf01d3 	.word	0x00bf01d3
10002dc8:	00bf00bf 	.word	0x00bf00bf
10002dcc:	00bf00bf 	.word	0x00bf00bf
10002dd0:	00bf00bf 	.word	0x00bf00bf
10002dd4:	00bf00bf 	.word	0x00bf00bf
10002dd8:	016701d3 	.word	0x016701d3
10002ddc:	012601d3 	.word	0x012601d3
10002de0:	01260145 	.word	0x01260145
10002de4:	2100      	movs	r1, #0
10002de6:	e000      	b.n	10002dea <_vsnprintf+0x19e>
10002de8:	3201      	adds	r2, #1
10002dea:	eb01 0181 	add.w	r1, r1, r1, lsl #2
10002dee:	eb00 0141 	add.w	r1, r0, r1, lsl #1
10002df2:	7810      	ldrb	r0, [r2, #0]
10002df4:	4692      	mov	sl, r2
10002df6:	f1a0 0430 	sub.w	r4, r0, #48	@ 0x30
10002dfa:	2c09      	cmp	r4, #9
10002dfc:	f1a1 0130 	sub.w	r1, r1, #48	@ 0x30
10002e00:	d9f2      	bls.n	10002de8 <_vsnprintf+0x19c>
10002e02:	282e      	cmp	r0, #46	@ 0x2e
10002e04:	910c      	str	r1, [sp, #48]	@ 0x30
10002e06:	f102 0201 	add.w	r2, r2, #1
10002e0a:	f47f af67 	bne.w	10002cdc <_vsnprintf+0x90>
10002e0e:	f89a 0001 	ldrb.w	r0, [sl, #1]
10002e12:	4611      	mov	r1, r2
10002e14:	f1a0 0630 	sub.w	r6, r0, #48	@ 0x30
10002e18:	2e09      	cmp	r6, #9
10002e1a:	f443 6380 	orr.w	r3, r3, #1024	@ 0x400
10002e1e:	f240 8131 	bls.w	10003084 <_vsnprintf+0x438>
10002e22:	282a      	cmp	r0, #42	@ 0x2a
10002e24:	f000 813e 	beq.w	100030a4 <_vsnprintf+0x458>
10002e28:	4692      	mov	sl, r2
10002e2a:	2700      	movs	r7, #0
10002e2c:	3201      	adds	r2, #1
10002e2e:	e756      	b.n	10002cde <_vsnprintf+0x92>
10002e30:	464c      	mov	r4, r9
10002e32:	9b09      	ldr	r3, [sp, #36]	@ 0x24
10002e34:	4599      	cmp	r9, r3
10002e36:	d301      	bcc.n	10002e3c <_vsnprintf+0x1f0>
10002e38:	f103 39ff 	add.w	r9, r3, #4294967295	@ 0xffffffff
10002e3c:	464a      	mov	r2, r9
10002e3e:	2000      	movs	r0, #0
10002e40:	9b09      	ldr	r3, [sp, #36]	@ 0x24
10002e42:	990a      	ldr	r1, [sp, #40]	@ 0x28
10002e44:	47d8      	blx	fp
10002e46:	4620      	mov	r0, r4
10002e48:	b01b      	add	sp, #108	@ 0x6c
10002e4a:	e8bd 8ff0 	ldmia.w	sp!, {r4, r5, r6, r7, r8, r9, sl, fp, pc}
10002e4e:	f1a0 0269 	sub.w	r2, r0, #105	@ 0x69
10002e52:	b2d2      	uxtb	r2, r2
10002e54:	2a0f      	cmp	r2, #15
10002e56:	d841      	bhi.n	10002edc <_vsnprintf+0x290>
10002e58:	2601      	movs	r6, #1
10002e5a:	f249 0141 	movw	r1, #36929	@ 0x9041
10002e5e:	4096      	lsls	r6, r2
10002e60:	400e      	ands	r6, r1
10002e62:	f040 8101 	bne.w	10003068 <_vsnprintf+0x41c>
10002e66:	2a0a      	cmp	r2, #10
10002e68:	d03f      	beq.n	10002eea <_vsnprintf+0x29e>
10002e6a:	2a07      	cmp	r2, #7
10002e6c:	d136      	bne.n	10002edc <_vsnprintf+0x290>
10002e6e:	9c0b      	ldr	r4, [sp, #44]	@ 0x2c
10002e70:	f854 2b04 	ldr.w	r2, [r4], #4
10002e74:	2a00      	cmp	r2, #0
10002e76:	f000 8128 	beq.w	100030ca <_vsnprintf+0x47e>
10002e7a:	f043 0121 	orr.w	r1, r3, #33	@ 0x21
10002e7e:	f10d 0e48 	add.w	lr, sp, #72	@ 0x48
10002e82:	4670      	mov	r0, lr
10002e84:	e003      	b.n	10002e8e <_vsnprintf+0x242>
10002e86:	2e20      	cmp	r6, #32
10002e88:	f000 8129 	beq.w	100030de <_vsnprintf+0x492>
10002e8c:	461a      	mov	r2, r3
10002e8e:	f002 050f 	and.w	r5, r2, #15
10002e92:	462b      	mov	r3, r5
10002e94:	2d09      	cmp	r5, #9
10002e96:	bf94      	ite	ls
10002e98:	3330      	addls	r3, #48	@ 0x30
10002e9a:	3337      	addhi	r3, #55	@ 0x37
10002e9c:	2a0f      	cmp	r2, #15
10002e9e:	f800 3b01 	strb.w	r3, [r0], #1
10002ea2:	f106 0601 	add.w	r6, r6, #1
10002ea6:	ea4f 1312 	mov.w	r3, r2, lsr #4
10002eaa:	d8ec      	bhi.n	10002e86 <_vsnprintf+0x23a>
10002eac:	e117      	b.n	100030de <_vsnprintf+0x492>
10002eae:	bf00      	nop
10002eb0:	10002c4d 	.word	0x10002c4d
10002eb4:	200029b4 	.word	0x200029b4
10002eb8:	1000209d 	.word	0x1000209d
10002ebc:	9c0b      	ldr	r4, [sp, #44]	@ 0x2c
10002ebe:	f89a 0001 	ldrb.w	r0, [sl, #1]
10002ec2:	f854 5b04 	ldr.w	r5, [r4], #4
10002ec6:	4692      	mov	sl, r2
10002ec8:	2d00      	cmp	r5, #0
10002eca:	bfbd      	ittte	lt
10002ecc:	4269      	neglt	r1, r5
10002ece:	f043 0302 	orrlt.w	r3, r3, #2
10002ed2:	910c      	strlt	r1, [sp, #48]	@ 0x30
10002ed4:	950c      	strge	r5, [sp, #48]	@ 0x30
10002ed6:	940b      	str	r4, [sp, #44]	@ 0x2c
10002ed8:	3201      	adds	r2, #1
10002eda:	e6fc      	b.n	10002cd6 <_vsnprintf+0x8a>
10002edc:	464a      	mov	r2, r9
10002ede:	9b09      	ldr	r3, [sp, #36]	@ 0x24
10002ee0:	990a      	ldr	r1, [sp, #40]	@ 0x28
10002ee2:	f109 0901 	add.w	r9, r9, #1
10002ee6:	47d8      	blx	fp
10002ee8:	e6cf      	b.n	10002c8a <_vsnprintf+0x3e>
10002eea:	990b      	ldr	r1, [sp, #44]	@ 0x2c
10002eec:	f851 8b04 	ldr.w	r8, [r1], #4
10002ef0:	f898 2000 	ldrb.w	r2, [r8]
10002ef4:	4610      	mov	r0, r2
10002ef6:	2f00      	cmp	r7, #0
10002ef8:	f040 80e1 	bne.w	100030be <_vsnprintf+0x472>
10002efc:	b172      	cbz	r2, 10002f1c <_vsnprintf+0x2d0>
10002efe:	f06f 0c01 	mvn.w	ip, #1
10002f02:	f10c 0c01 	add.w	ip, ip, #1
10002f06:	4646      	mov	r6, r8
10002f08:	44c4      	add	ip, r8
10002f0a:	e001      	b.n	10002f10 <_vsnprintf+0x2c4>
10002f0c:	4566      	cmp	r6, ip
10002f0e:	d003      	beq.n	10002f18 <_vsnprintf+0x2cc>
10002f10:	f816 4f01 	ldrb.w	r4, [r6, #1]!
10002f14:	2c00      	cmp	r4, #0
10002f16:	d1f9      	bne.n	10002f0c <_vsnprintf+0x2c0>
10002f18:	eba6 0608 	sub.w	r6, r6, r8
10002f1c:	f413 6c80 	ands.w	ip, r3, #1024	@ 0x400
10002f20:	d002      	beq.n	10002f28 <_vsnprintf+0x2dc>
10002f22:	42be      	cmp	r6, r7
10002f24:	bf28      	it	cs
10002f26:	463e      	movcs	r6, r7
10002f28:	f013 0402 	ands.w	r4, r3, #2
10002f2c:	f000 8187 	beq.w	1000323e <_vsnprintf+0x5f2>
10002f30:	2a00      	cmp	r2, #0
10002f32:	f000 812b 	beq.w	1000318c <_vsnprintf+0x540>
10002f36:	f1bc 0f00 	cmp.w	ip, #0
10002f3a:	f000 8141 	beq.w	100031c0 <_vsnprintf+0x574>
10002f3e:	940b      	str	r4, [sp, #44]	@ 0x2c
10002f40:	960d      	str	r6, [sp, #52]	@ 0x34
10002f42:	464a      	mov	r2, r9
10002f44:	e9dd 5409 	ldrd	r5, r4, [sp, #36]	@ 0x24
10002f48:	460e      	mov	r6, r1
10002f4a:	444f      	add	r7, r9
10002f4c:	e008      	b.n	10002f60 <_vsnprintf+0x314>
10002f4e:	462b      	mov	r3, r5
10002f50:	4621      	mov	r1, r4
10002f52:	47d8      	blx	fp
10002f54:	f818 0f01 	ldrb.w	r0, [r8, #1]!
10002f58:	f109 0901 	add.w	r9, r9, #1
10002f5c:	b110      	cbz	r0, 10002f64 <_vsnprintf+0x318>
10002f5e:	464a      	mov	r2, r9
10002f60:	454f      	cmp	r7, r9
10002f62:	d1f4      	bne.n	10002f4e <_vsnprintf+0x302>
10002f64:	4631      	mov	r1, r6
10002f66:	9c0b      	ldr	r4, [sp, #44]	@ 0x2c
10002f68:	9e0d      	ldr	r6, [sp, #52]	@ 0x34
10002f6a:	2c00      	cmp	r4, #0
10002f6c:	f040 810e 	bne.w	1000318c <_vsnprintf+0x540>
10002f70:	910b      	str	r1, [sp, #44]	@ 0x2c
10002f72:	e68a      	b.n	10002c8a <_vsnprintf+0x3e>
10002f74:	f89a 0001 	ldrb.w	r0, [sl, #1]
10002f78:	286c      	cmp	r0, #108	@ 0x6c
10002f7a:	f47f aedf 	bne.w	10002d3c <_vsnprintf+0xf0>
10002f7e:	f89a 0002 	ldrb.w	r0, [sl, #2]
10002f82:	f443 7340 	orr.w	r3, r3, #768	@ 0x300
10002f86:	f10a 0203 	add.w	r2, sl, #3
10002f8a:	e6da      	b.n	10002d42 <_vsnprintf+0xf6>
10002f8c:	f89a 0001 	ldrb.w	r0, [sl, #1]
10002f90:	f443 7300 	orr.w	r3, r3, #512	@ 0x200
10002f94:	3201      	adds	r2, #1
10002f96:	e6d4      	b.n	10002d42 <_vsnprintf+0xf6>
10002f98:	f89a 0001 	ldrb.w	r0, [sl, #1]
10002f9c:	2868      	cmp	r0, #104	@ 0x68
10002f9e:	f000 8120 	beq.w	100031e2 <_vsnprintf+0x596>
10002fa2:	f043 0380 	orr.w	r3, r3, #128	@ 0x80
10002fa6:	3201      	adds	r2, #1
10002fa8:	e6cb      	b.n	10002d42 <_vsnprintf+0xf6>
10002faa:	2867      	cmp	r0, #103	@ 0x67
10002fac:	f000 80e7 	beq.w	1000317e <_vsnprintf+0x532>
10002fb0:	2847      	cmp	r0, #71	@ 0x47
10002fb2:	f000 8100 	beq.w	100031b6 <_vsnprintf+0x56a>
10002fb6:	2845      	cmp	r0, #69	@ 0x45
10002fb8:	f000 80ff 	beq.w	100031ba <_vsnprintf+0x56e>
10002fbc:	9c0b      	ldr	r4, [sp, #44]	@ 0x2c
10002fbe:	9304      	str	r3, [sp, #16]
10002fc0:	9b0c      	ldr	r3, [sp, #48]	@ 0x30
10002fc2:	3407      	adds	r4, #7
10002fc4:	e9cd 7302 	strd	r7, r3, [sp, #8]
10002fc8:	f024 0307 	bic.w	r3, r4, #7
10002fcc:	461c      	mov	r4, r3
10002fce:	e9dd 3109 	ldrd	r3, r1, [sp, #36]	@ 0x24
10002fd2:	e8f4 6702 	ldrd	r6, r7, [r4], #8
10002fd6:	464a      	mov	r2, r9
10002fd8:	4658      	mov	r0, fp
10002fda:	e9cd 6700 	strd	r6, r7, [sp]
10002fde:	940b      	str	r4, [sp, #44]	@ 0x2c
10002fe0:	f7ff fa0a 	bl	100023f8 <_etoa>
10002fe4:	4681      	mov	r9, r0
10002fe6:	e650      	b.n	10002c8a <_vsnprintf+0x3e>
10002fe8:	2846      	cmp	r0, #70	@ 0x46
10002fea:	9c0b      	ldr	r4, [sp, #44]	@ 0x2c
10002fec:	bf08      	it	eq
10002fee:	f043 0320 	orreq.w	r3, r3, #32
10002ff2:	9304      	str	r3, [sp, #16]
10002ff4:	9b0c      	ldr	r3, [sp, #48]	@ 0x30
10002ff6:	3407      	adds	r4, #7
10002ff8:	e9cd 7302 	strd	r7, r3, [sp, #8]
10002ffc:	f024 0307 	bic.w	r3, r4, #7
10003000:	461c      	mov	r4, r3
10003002:	e9dd 3109 	ldrd	r3, r1, [sp, #36]	@ 0x24
10003006:	e8f4 6702 	ldrd	r6, r7, [r4], #8
1000300a:	464a      	mov	r2, r9
1000300c:	4658      	mov	r0, fp
1000300e:	e9cd 6700 	strd	r6, r7, [sp]
10003012:	940b      	str	r4, [sp, #44]	@ 0x2c
10003014:	f7ff fc20 	bl	10002858 <_ftoa>
10003018:	4681      	mov	r9, r0
1000301a:	e636      	b.n	10002c8a <_vsnprintf+0x3e>
1000301c:	464a      	mov	r2, r9
1000301e:	2025      	movs	r0, #37	@ 0x25
10003020:	9b09      	ldr	r3, [sp, #36]	@ 0x24
10003022:	990a      	ldr	r1, [sp, #40]	@ 0x28
10003024:	f109 0901 	add.w	r9, r9, #1
10003028:	47d8      	blx	fp
1000302a:	e62e      	b.n	10002c8a <_vsnprintf+0x3e>
1000302c:	9a0b      	ldr	r2, [sp, #44]	@ 0x2c
1000302e:	079c      	lsls	r4, r3, #30
10003030:	f102 0704 	add.w	r7, r2, #4
10003034:	f109 0601 	add.w	r6, r9, #1
10003038:	f140 80e6 	bpl.w	10003208 <_vsnprintf+0x5bc>
1000303c:	7810      	ldrb	r0, [r2, #0]
1000303e:	9b09      	ldr	r3, [sp, #36]	@ 0x24
10003040:	464a      	mov	r2, r9
10003042:	990a      	ldr	r1, [sp, #40]	@ 0x28
10003044:	47d8      	blx	fp
10003046:	9b0c      	ldr	r3, [sp, #48]	@ 0x30
10003048:	2b01      	cmp	r3, #1
1000304a:	f240 812c 	bls.w	100032a6 <_vsnprintf+0x65a>
1000304e:	e9dd 5409 	ldrd	r5, r4, [sp, #36]	@ 0x24
10003052:	4499      	add	r9, r3
10003054:	4632      	mov	r2, r6
10003056:	462b      	mov	r3, r5
10003058:	4621      	mov	r1, r4
1000305a:	2020      	movs	r0, #32
1000305c:	3601      	adds	r6, #1
1000305e:	47d8      	blx	fp
10003060:	454e      	cmp	r6, r9
10003062:	d1f7      	bne.n	10003054 <_vsnprintf+0x408>
10003064:	970b      	str	r7, [sp, #44]	@ 0x2c
10003066:	e610      	b.n	10002c8a <_vsnprintf+0x3e>
10003068:	286f      	cmp	r0, #111	@ 0x6f
1000306a:	f000 808b 	beq.w	10003184 <_vsnprintf+0x538>
1000306e:	f240 8165 	bls.w	1000333c <_vsnprintf+0x6f0>
10003072:	2878      	cmp	r0, #120	@ 0x78
10003074:	f000 8108 	beq.w	10003288 <_vsnprintf+0x63c>
10003078:	f04f 080a 	mov.w	r8, #10
1000307c:	f023 0310 	bic.w	r3, r3, #16
10003080:	46c4      	mov	ip, r8
10003082:	e047      	b.n	10003114 <_vsnprintf+0x4c8>
10003084:	2700      	movs	r7, #0
10003086:	eb07 0787 	add.w	r7, r7, r7, lsl #2
1000308a:	eb00 0047 	add.w	r0, r0, r7, lsl #1
1000308e:	f1a0 0730 	sub.w	r7, r0, #48	@ 0x30
10003092:	f811 0f01 	ldrb.w	r0, [r1, #1]!
10003096:	f1a0 0230 	sub.w	r2, r0, #48	@ 0x30
1000309a:	2a09      	cmp	r2, #9
1000309c:	d9f3      	bls.n	10003086 <_vsnprintf+0x43a>
1000309e:	468a      	mov	sl, r1
100030a0:	1c4a      	adds	r2, r1, #1
100030a2:	e61c      	b.n	10002cde <_vsnprintf+0x92>
100030a4:	9c0b      	ldr	r4, [sp, #44]	@ 0x2c
100030a6:	f89a 0002 	ldrb.w	r0, [sl, #2]
100030aa:	f854 7b04 	ldr.w	r7, [r4], #4
100030ae:	f10a 0a02 	add.w	sl, sl, #2
100030b2:	f10a 0201 	add.w	r2, sl, #1
100030b6:	940b      	str	r4, [sp, #44]	@ 0x2c
100030b8:	ea27 77e7 	bic.w	r7, r7, r7, asr #31
100030bc:	e60f      	b.n	10002cde <_vsnprintf+0x92>
100030be:	2a00      	cmp	r2, #0
100030c0:	f43f af2c 	beq.w	10002f1c <_vsnprintf+0x2d0>
100030c4:	f107 3cff 	add.w	ip, r7, #4294967295	@ 0xffffffff
100030c8:	e71b      	b.n	10002f02 <_vsnprintf+0x2b6>
100030ca:	f023 0110 	bic.w	r1, r3, #16
100030ce:	f413 6280 	ands.w	r2, r3, #1024	@ 0x400
100030d2:	f041 0121 	orr.w	r1, r1, #33	@ 0x21
100030d6:	f43f aed2 	beq.w	10002e7e <_vsnprintf+0x232>
100030da:	f10d 0e48 	add.w	lr, sp, #72	@ 0x48
100030de:	2308      	movs	r3, #8
100030e0:	2010      	movs	r0, #16
100030e2:	9305      	str	r3, [sp, #20]
100030e4:	2300      	movs	r3, #0
100030e6:	464a      	mov	r2, r9
100030e8:	e9cd 3002 	strd	r3, r0, [sp, #8]
100030ec:	9106      	str	r1, [sp, #24]
100030ee:	4658      	mov	r0, fp
100030f0:	e9dd 3109 	ldrd	r3, r1, [sp, #36]	@ 0x24
100030f4:	e9cd e600 	strd	lr, r6, [sp]
100030f8:	9704      	str	r7, [sp, #16]
100030fa:	f7ff f81f 	bl	1000213c <_ntoa_format>
100030fe:	940b      	str	r4, [sp, #44]	@ 0x2c
10003100:	4681      	mov	r9, r0
10003102:	e5c2      	b.n	10002c8a <_vsnprintf+0x3e>
10003104:	2858      	cmp	r0, #88	@ 0x58
10003106:	d079      	beq.n	100031fc <_vsnprintf+0x5b0>
10003108:	2862      	cmp	r0, #98	@ 0x62
1000310a:	f040 8251 	bne.w	100035b0 <_vsnprintf+0x964>
1000310e:	f04f 0802 	mov.w	r8, #2
10003112:	46c4      	mov	ip, r8
10003114:	f413 6080 	ands.w	r0, r3, #1024	@ 0x400
10003118:	d16d      	bne.n	100031f6 <_vsnprintf+0x5aa>
1000311a:	f023 030c 	bic.w	r3, r3, #12
1000311e:	f413 7200 	ands.w	r2, r3, #512	@ 0x200
10003122:	f040 80c2 	bne.w	100032aa <_vsnprintf+0x65e>
10003126:	990b      	ldr	r1, [sp, #44]	@ 0x2c
10003128:	3104      	adds	r1, #4
1000312a:	910d      	str	r1, [sp, #52]	@ 0x34
1000312c:	f413 7180 	ands.w	r1, r3, #256	@ 0x100
10003130:	f040 822e 	bne.w	10003590 <_vsnprintf+0x944>
10003134:	065e      	lsls	r6, r3, #25
10003136:	9a0b      	ldr	r2, [sp, #44]	@ 0x2c
10003138:	f140 80aa 	bpl.w	10003290 <_vsnprintf+0x644>
1000313c:	7812      	ldrb	r2, [r2, #0]
1000313e:	2a00      	cmp	r2, #0
10003140:	f040 80da 	bne.w	100032f8 <_vsnprintf+0x6ac>
10003144:	f023 0310 	bic.w	r3, r3, #16
10003148:	2800      	cmp	r0, #0
1000314a:	f000 80d5 	beq.w	100032f8 <_vsnprintf+0x6ac>
1000314e:	4611      	mov	r1, r2
10003150:	f10d 0e48 	add.w	lr, sp, #72	@ 0x48
10003154:	9306      	str	r3, [sp, #24]
10003156:	9b0c      	ldr	r3, [sp, #48]	@ 0x30
10003158:	f8cd c00c 	str.w	ip, [sp, #12]
1000315c:	e9cd 7304 	strd	r7, r3, [sp, #16]
10003160:	9101      	str	r1, [sp, #4]
10003162:	2300      	movs	r3, #0
10003164:	464a      	mov	r2, r9
10003166:	9302      	str	r3, [sp, #8]
10003168:	4658      	mov	r0, fp
1000316a:	e9dd 3109 	ldrd	r3, r1, [sp, #36]	@ 0x24
1000316e:	f8cd e000 	str.w	lr, [sp]
10003172:	f7fe ffe3 	bl	1000213c <_ntoa_format>
10003176:	9b0d      	ldr	r3, [sp, #52]	@ 0x34
10003178:	4681      	mov	r9, r0
1000317a:	930b      	str	r3, [sp, #44]	@ 0x2c
1000317c:	e585      	b.n	10002c8a <_vsnprintf+0x3e>
1000317e:	f443 6300 	orr.w	r3, r3, #2048	@ 0x800
10003182:	e71b      	b.n	10002fbc <_vsnprintf+0x370>
10003184:	f04f 0808 	mov.w	r8, #8
10003188:	46c4      	mov	ip, r8
1000318a:	e7c3      	b.n	10003114 <_vsnprintf+0x4c8>
1000318c:	9b0c      	ldr	r3, [sp, #48]	@ 0x30
1000318e:	464c      	mov	r4, r9
10003190:	42b3      	cmp	r3, r6
10003192:	f67f aeed 	bls.w	10002f70 <_vsnprintf+0x324>
10003196:	460f      	mov	r7, r1
10003198:	444b      	add	r3, r9
1000319a:	eba3 0906 	sub.w	r9, r3, r6
1000319e:	e9dd 6509 	ldrd	r6, r5, [sp, #36]	@ 0x24
100031a2:	4622      	mov	r2, r4
100031a4:	4633      	mov	r3, r6
100031a6:	4629      	mov	r1, r5
100031a8:	2020      	movs	r0, #32
100031aa:	3401      	adds	r4, #1
100031ac:	47d8      	blx	fp
100031ae:	454c      	cmp	r4, r9
100031b0:	d1f7      	bne.n	100031a2 <_vsnprintf+0x556>
100031b2:	4639      	mov	r1, r7
100031b4:	e6dc      	b.n	10002f70 <_vsnprintf+0x324>
100031b6:	f443 6300 	orr.w	r3, r3, #2048	@ 0x800
100031ba:	f043 0320 	orr.w	r3, r3, #32
100031be:	e6fd      	b.n	10002fbc <_vsnprintf+0x370>
100031c0:	460f      	mov	r7, r1
100031c2:	940b      	str	r4, [sp, #44]	@ 0x2c
100031c4:	e9dd 5409 	ldrd	r5, r4, [sp, #36]	@ 0x24
100031c8:	464a      	mov	r2, r9
100031ca:	462b      	mov	r3, r5
100031cc:	4621      	mov	r1, r4
100031ce:	47d8      	blx	fp
100031d0:	f818 0f01 	ldrb.w	r0, [r8, #1]!
100031d4:	f109 0901 	add.w	r9, r9, #1
100031d8:	2800      	cmp	r0, #0
100031da:	d1f5      	bne.n	100031c8 <_vsnprintf+0x57c>
100031dc:	4639      	mov	r1, r7
100031de:	9c0b      	ldr	r4, [sp, #44]	@ 0x2c
100031e0:	e6c3      	b.n	10002f6a <_vsnprintf+0x31e>
100031e2:	f89a 0002 	ldrb.w	r0, [sl, #2]
100031e6:	f043 03c0 	orr.w	r3, r3, #192	@ 0xc0
100031ea:	f10a 0203 	add.w	r2, sl, #3
100031ee:	e5a8      	b.n	10002d42 <_vsnprintf+0xf6>
100031f0:	4604      	mov	r4, r0
100031f2:	4681      	mov	r9, r0
100031f4:	e61d      	b.n	10002e32 <_vsnprintf+0x1e6>
100031f6:	f023 030d 	bic.w	r3, r3, #13
100031fa:	e790      	b.n	1000311e <_vsnprintf+0x4d2>
100031fc:	f04f 0810 	mov.w	r8, #16
10003200:	f043 0320 	orr.w	r3, r3, #32
10003204:	46c4      	mov	ip, r8
10003206:	e785      	b.n	10003114 <_vsnprintf+0x4c8>
10003208:	9b0c      	ldr	r3, [sp, #48]	@ 0x30
1000320a:	2b01      	cmp	r3, #1
1000320c:	d945      	bls.n	1000329a <_vsnprintf+0x64e>
1000320e:	e9dd 5409 	ldrd	r5, r4, [sp, #36]	@ 0x24
10003212:	464e      	mov	r6, r9
10003214:	f109 38ff 	add.w	r8, r9, #4294967295	@ 0xffffffff
10003218:	4498      	add	r8, r3
1000321a:	4632      	mov	r2, r6
1000321c:	462b      	mov	r3, r5
1000321e:	4621      	mov	r1, r4
10003220:	2020      	movs	r0, #32
10003222:	3601      	adds	r6, #1
10003224:	47d8      	blx	fp
10003226:	4546      	cmp	r6, r8
10003228:	d1f7      	bne.n	1000321a <_vsnprintf+0x5ce>
1000322a:	9b0c      	ldr	r3, [sp, #48]	@ 0x30
1000322c:	4632      	mov	r2, r6
1000322e:	4499      	add	r9, r3
10003230:	9b0b      	ldr	r3, [sp, #44]	@ 0x2c
10003232:	7818      	ldrb	r0, [r3, #0]
10003234:	e9dd 3109 	ldrd	r3, r1, [sp, #36]	@ 0x24
10003238:	47d8      	blx	fp
1000323a:	970b      	str	r7, [sp, #44]	@ 0x2c
1000323c:	e525      	b.n	10002c8a <_vsnprintf+0x3e>
1000323e:	9b0c      	ldr	r3, [sp, #48]	@ 0x30
10003240:	42b3      	cmp	r3, r6
10003242:	f240 81ee 	bls.w	10003622 <_vsnprintf+0x9d6>
10003246:	e9cd 480d 	strd	r4, r8, [sp, #52]	@ 0x34
1000324a:	e9dd 5409 	ldrd	r5, r4, [sp, #36]	@ 0x24
1000324e:	4688      	mov	r8, r1
10003250:	444b      	add	r3, r9
10003252:	1b9e      	subs	r6, r3, r6
10003254:	f8cd c02c 	str.w	ip, [sp, #44]	@ 0x2c
10003258:	464a      	mov	r2, r9
1000325a:	462b      	mov	r3, r5
1000325c:	4621      	mov	r1, r4
1000325e:	2020      	movs	r0, #32
10003260:	f109 0901 	add.w	r9, r9, #1
10003264:	47d8      	blx	fp
10003266:	45b1      	cmp	r9, r6
10003268:	d1f6      	bne.n	10003258 <_vsnprintf+0x60c>
1000326a:	4641      	mov	r1, r8
1000326c:	f8dd 8038 	ldr.w	r8, [sp, #56]	@ 0x38
10003270:	9b0c      	ldr	r3, [sp, #48]	@ 0x30
10003272:	f8dd c02c 	ldr.w	ip, [sp, #44]	@ 0x2c
10003276:	9c0d      	ldr	r4, [sp, #52]	@ 0x34
10003278:	f898 2000 	ldrb.w	r2, [r8]
1000327c:	1c5e      	adds	r6, r3, #1
1000327e:	4610      	mov	r0, r2
10003280:	2a00      	cmp	r2, #0
10003282:	f47f ae58 	bne.w	10002f36 <_vsnprintf+0x2ea>
10003286:	e673      	b.n	10002f70 <_vsnprintf+0x324>
10003288:	f04f 0810 	mov.w	r8, #16
1000328c:	46c4      	mov	ip, r8
1000328e:	e741      	b.n	10003114 <_vsnprintf+0x4c8>
10003290:	061d      	lsls	r5, r3, #24
10003292:	bf4c      	ite	mi
10003294:	8812      	ldrhmi	r2, [r2, #0]
10003296:	6812      	ldrpl	r2, [r2, #0]
10003298:	e751      	b.n	1000313e <_vsnprintf+0x4f2>
1000329a:	4613      	mov	r3, r2
1000329c:	464a      	mov	r2, r9
1000329e:	7818      	ldrb	r0, [r3, #0]
100032a0:	e9dd 3109 	ldrd	r3, r1, [sp, #36]	@ 0x24
100032a4:	47d8      	blx	fp
100032a6:	46b1      	mov	r9, r6
100032a8:	e6dc      	b.n	10003064 <_vsnprintf+0x418>
100032aa:	9c0b      	ldr	r4, [sp, #44]	@ 0x2c
100032ac:	3407      	adds	r4, #7
100032ae:	f024 0407 	bic.w	r4, r4, #7
100032b2:	4622      	mov	r2, r4
100032b4:	6865      	ldr	r5, [r4, #4]
100032b6:	f852 4b08 	ldr.w	r4, [r2], #8
100032ba:	920b      	str	r2, [sp, #44]	@ 0x2c
100032bc:	ea54 0205 	orrs.w	r2, r4, r5
100032c0:	f040 812c 	bne.w	1000351c <_vsnprintf+0x8d0>
100032c4:	f023 0310 	bic.w	r3, r3, #16
100032c8:	2800      	cmp	r0, #0
100032ca:	f000 8127 	beq.w	1000351c <_vsnprintf+0x8d0>
100032ce:	2600      	movs	r6, #0
100032d0:	f10d 0e48 	add.w	lr, sp, #72	@ 0x48
100032d4:	9306      	str	r3, [sp, #24]
100032d6:	9b0c      	ldr	r3, [sp, #48]	@ 0x30
100032d8:	464a      	mov	r2, r9
100032da:	e9cd 7304 	strd	r7, r3, [sp, #16]
100032de:	2300      	movs	r3, #0
100032e0:	e9cd e600 	strd	lr, r6, [sp]
100032e4:	f8cd c00c 	str.w	ip, [sp, #12]
100032e8:	9302      	str	r3, [sp, #8]
100032ea:	4658      	mov	r0, fp
100032ec:	e9dd 3109 	ldrd	r3, r1, [sp, #36]	@ 0x24
100032f0:	f7fe ff24 	bl	1000213c <_ntoa_format>
100032f4:	4681      	mov	r9, r0
100032f6:	e4c8      	b.n	10002c8a <_vsnprintf+0x3e>
100032f8:	f013 0f20 	tst.w	r3, #32
100032fc:	bf14      	ite	ne
100032fe:	2041      	movne	r0, #65	@ 0x41
10003300:	2061      	moveq	r0, #97	@ 0x61
10003302:	f10d 0e48 	add.w	lr, sp, #72	@ 0x48
10003306:	4676      	mov	r6, lr
10003308:	f1a0 080a 	sub.w	r8, r0, #10
1000330c:	e003      	b.n	10003316 <_vsnprintf+0x6ca>
1000330e:	2920      	cmp	r1, #32
10003310:	f43f af20 	beq.w	10003154 <_vsnprintf+0x508>
10003314:	4622      	mov	r2, r4
10003316:	fbb2 f4fc 	udiv	r4, r2, ip
1000331a:	fb0c 2514 	mls	r5, ip, r4, r2
1000331e:	b2e8      	uxtb	r0, r5
10003320:	2d09      	cmp	r5, #9
10003322:	f100 0530 	add.w	r5, r0, #48	@ 0x30
10003326:	bf8a      	itet	hi
10003328:	4440      	addhi	r0, r8
1000332a:	b2e8      	uxtbls	r0, r5
1000332c:	b2c0      	uxtbhi	r0, r0
1000332e:	4562      	cmp	r2, ip
10003330:	f806 0b01 	strb.w	r0, [r6], #1
10003334:	f101 0101 	add.w	r1, r1, #1
10003338:	d2e9      	bcs.n	1000330e <_vsnprintf+0x6c2>
1000333a:	e70b      	b.n	10003154 <_vsnprintf+0x508>
1000333c:	f023 0210 	bic.w	r2, r3, #16
10003340:	2869      	cmp	r0, #105	@ 0x69
10003342:	920d      	str	r2, [sp, #52]	@ 0x34
10003344:	f040 816f 	bne.w	10003626 <_vsnprintf+0x9da>
10003348:	f413 6280 	ands.w	r2, r3, #1024	@ 0x400
1000334c:	d004      	beq.n	10003358 <_vsnprintf+0x70c>
1000334e:	f44f 6280 	mov.w	r2, #1024	@ 0x400
10003352:	f023 0311 	bic.w	r3, r3, #17
10003356:	930d      	str	r3, [sp, #52]	@ 0x34
10003358:	9b0d      	ldr	r3, [sp, #52]	@ 0x34
1000335a:	f413 7600 	ands.w	r6, r3, #512	@ 0x200
1000335e:	d140      	bne.n	100033e2 <_vsnprintf+0x796>
10003360:	9b0b      	ldr	r3, [sp, #44]	@ 0x2c
10003362:	f103 0804 	add.w	r8, r3, #4
10003366:	9b0d      	ldr	r3, [sp, #52]	@ 0x34
10003368:	f413 7080 	ands.w	r0, r3, #256	@ 0x100
1000336c:	f040 8098 	bne.w	100034a0 <_vsnprintf+0x854>
10003370:	0659      	lsls	r1, r3, #25
10003372:	f140 80c6 	bpl.w	10003502 <_vsnprintf+0x8b6>
10003376:	9b0b      	ldr	r3, [sp, #44]	@ 0x2c
10003378:	7819      	ldrb	r1, [r3, #0]
1000337a:	460c      	mov	r4, r1
1000337c:	0fcb      	lsrs	r3, r1, #31
1000337e:	2900      	cmp	r1, #0
10003380:	f000 80b9 	beq.w	100034f6 <_vsnprintf+0x8aa>
10003384:	4622      	mov	r2, r4
10003386:	f10d 0e48 	add.w	lr, sp, #72	@ 0x48
1000338a:	4674      	mov	r4, lr
1000338c:	4616      	mov	r6, r2
1000338e:	f8df c2a0 	ldr.w	ip, [pc, #672]	@ 10003630 <_vsnprintf+0x9e4>
10003392:	e001      	b.n	10003398 <_vsnprintf+0x74c>
10003394:	2820      	cmp	r0, #32
10003396:	d00f      	beq.n	100033b8 <_vsnprintf+0x76c>
10003398:	4635      	mov	r5, r6
1000339a:	fbac 2106 	umull	r2, r1, ip, r6
1000339e:	08c9      	lsrs	r1, r1, #3
100033a0:	eb01 0281 	add.w	r2, r1, r1, lsl #2
100033a4:	eba6 0242 	sub.w	r2, r6, r2, lsl #1
100033a8:	3230      	adds	r2, #48	@ 0x30
100033aa:	2d09      	cmp	r5, #9
100033ac:	460e      	mov	r6, r1
100033ae:	f100 0001 	add.w	r0, r0, #1
100033b2:	f804 2b01 	strb.w	r2, [r4], #1
100033b6:	d8ed      	bhi.n	10003394 <_vsnprintf+0x748>
100033b8:	9a0d      	ldr	r2, [sp, #52]	@ 0x34
100033ba:	e9cd 0301 	strd	r0, r3, [sp, #4]
100033be:	9206      	str	r2, [sp, #24]
100033c0:	9a0c      	ldr	r2, [sp, #48]	@ 0x30
100033c2:	e9cd 7204 	strd	r7, r2, [sp, #16]
100033c6:	230a      	movs	r3, #10
100033c8:	464a      	mov	r2, r9
100033ca:	9303      	str	r3, [sp, #12]
100033cc:	4658      	mov	r0, fp
100033ce:	e9dd 3109 	ldrd	r3, r1, [sp, #36]	@ 0x24
100033d2:	f8cd e000 	str.w	lr, [sp]
100033d6:	f7fe feb1 	bl	1000213c <_ntoa_format>
100033da:	f8cd 802c 	str.w	r8, [sp, #44]	@ 0x2c
100033de:	4681      	mov	r9, r0
100033e0:	e453      	b.n	10002c8a <_vsnprintf+0x3e>
100033e2:	9c0b      	ldr	r4, [sp, #44]	@ 0x2c
100033e4:	3407      	adds	r4, #7
100033e6:	f024 0407 	bic.w	r4, r4, #7
100033ea:	4621      	mov	r1, r4
100033ec:	4608      	mov	r0, r1
100033ee:	6863      	ldr	r3, [r4, #4]
100033f0:	f850 1b08 	ldr.w	r1, [r0], #8
100033f4:	0fdc      	lsrs	r4, r3, #31
100033f6:	900b      	str	r0, [sp, #44]	@ 0x2c
100033f8:	ea51 0003 	orrs.w	r0, r1, r3
100033fc:	f000 80c3 	beq.w	10003586 <_vsnprintf+0x93a>
10003400:	460a      	mov	r2, r1
10003402:	1e19      	subs	r1, r3, #0
10003404:	db48      	blt.n	10003498 <_vsnprintf+0x84c>
10003406:	4613      	mov	r3, r2
10003408:	f10d 0e48 	add.w	lr, sp, #72	@ 0x48
1000340c:	46f4      	mov	ip, lr
1000340e:	2600      	movs	r6, #0
10003410:	e9cd 940e 	strd	r9, r4, [sp, #56]	@ 0x38
10003414:	f8df 8218 	ldr.w	r8, [pc, #536]	@ 10003630 <_vsnprintf+0x9e4>
10003418:	e001      	b.n	1000341e <_vsnprintf+0x7d2>
1000341a:	2e20      	cmp	r6, #32
1000341c:	d02d      	beq.n	1000347a <_vsnprintf+0x82e>
1000341e:	185a      	adds	r2, r3, r1
10003420:	f142 0200 	adc.w	r2, r2, #0
10003424:	fba8 5902 	umull	r5, r9, r8, r2
10003428:	f029 0503 	bic.w	r5, r9, #3
1000342c:	eb05 0599 	add.w	r5, r5, r9, lsr #2
10003430:	1b52      	subs	r2, r2, r5
10003432:	461c      	mov	r4, r3
10003434:	1a9b      	subs	r3, r3, r2
10003436:	f161 0500 	sbc.w	r5, r1, #0
1000343a:	4608      	mov	r0, r1
1000343c:	f04f 31cc 	mov.w	r1, #3435973836	@ 0xcccccccc
10003440:	fb01 f103 	mul.w	r1, r1, r3
10003444:	fb08 1105 	mla	r1, r8, r5, r1
10003448:	fba3 5308 	umull	r5, r3, r3, r8
1000344c:	4419      	add	r1, r3
1000344e:	2305      	movs	r3, #5
10003450:	f005 0901 	and.w	r9, r5, #1
10003454:	fba9 3903 	umull	r3, r9, r9, r3
10003458:	189b      	adds	r3, r3, r2
1000345a:	2c0a      	cmp	r4, #10
1000345c:	f103 0330 	add.w	r3, r3, #48	@ 0x30
10003460:	ea4f 0555 	mov.w	r5, r5, lsr #1
10003464:	f170 0000 	sbcs.w	r0, r0, #0
10003468:	f80c 3b01 	strb.w	r3, [ip], #1
1000346c:	f106 0601 	add.w	r6, r6, #1
10003470:	ea45 73c1 	orr.w	r3, r5, r1, lsl #31
10003474:	ea4f 0151 	mov.w	r1, r1, lsr #1
10003478:	d2cf      	bcs.n	1000341a <_vsnprintf+0x7ce>
1000347a:	e9dd 940e 	ldrd	r9, r4, [sp, #56]	@ 0x38
1000347e:	9b0d      	ldr	r3, [sp, #52]	@ 0x34
10003480:	464a      	mov	r2, r9
10003482:	9306      	str	r3, [sp, #24]
10003484:	9b0c      	ldr	r3, [sp, #48]	@ 0x30
10003486:	e9cd 6401 	strd	r6, r4, [sp, #4]
1000348a:	e9cd 7304 	strd	r7, r3, [sp, #16]
1000348e:	230a      	movs	r3, #10
10003490:	f8cd e000 	str.w	lr, [sp]
10003494:	9303      	str	r3, [sp, #12]
10003496:	e728      	b.n	100032ea <_vsnprintf+0x69e>
10003498:	4252      	negs	r2, r2
1000349a:	eb61 0141 	sbc.w	r1, r1, r1, lsl #1
1000349e:	e7b2      	b.n	10003406 <_vsnprintf+0x7ba>
100034a0:	9b0b      	ldr	r3, [sp, #44]	@ 0x2c
100034a2:	6819      	ldr	r1, [r3, #0]
100034a4:	0fcb      	lsrs	r3, r1, #31
100034a6:	2900      	cmp	r1, #0
100034a8:	f000 80ab 	beq.w	10003602 <_vsnprintf+0x9b6>
100034ac:	ea81 72e1 	eor.w	r2, r1, r1, asr #31
100034b0:	eba2 72e1 	sub.w	r2, r2, r1, asr #31
100034b4:	f10d 0e48 	add.w	lr, sp, #72	@ 0x48
100034b8:	4670      	mov	r0, lr
100034ba:	f8df c174 	ldr.w	ip, [pc, #372]	@ 10003630 <_vsnprintf+0x9e4>
100034be:	e001      	b.n	100034c4 <_vsnprintf+0x878>
100034c0:	2e20      	cmp	r6, #32
100034c2:	d010      	beq.n	100034e6 <_vsnprintf+0x89a>
100034c4:	4615      	mov	r5, r2
100034c6:	fbac 4102 	umull	r4, r1, ip, r2
100034ca:	08c9      	lsrs	r1, r1, #3
100034cc:	eb01 0481 	add.w	r4, r1, r1, lsl #2
100034d0:	eba2 0444 	sub.w	r4, r2, r4, lsl #1
100034d4:	f104 0230 	add.w	r2, r4, #48	@ 0x30
100034d8:	2d09      	cmp	r5, #9
100034da:	f800 2b01 	strb.w	r2, [r0], #1
100034de:	f106 0601 	add.w	r6, r6, #1
100034e2:	460a      	mov	r2, r1
100034e4:	d8ec      	bhi.n	100034c0 <_vsnprintf+0x874>
100034e6:	9a0d      	ldr	r2, [sp, #52]	@ 0x34
100034e8:	e9cd 6301 	strd	r6, r3, [sp, #4]
100034ec:	9206      	str	r2, [sp, #24]
100034ee:	9a0c      	ldr	r2, [sp, #48]	@ 0x30
100034f0:	e9cd 7204 	strd	r7, r2, [sp, #16]
100034f4:	e767      	b.n	100033c6 <_vsnprintf+0x77a>
100034f6:	2a00      	cmp	r2, #0
100034f8:	f43f af45 	beq.w	10003386 <_vsnprintf+0x73a>
100034fc:	f10d 0e48 	add.w	lr, sp, #72	@ 0x48
10003500:	e75a      	b.n	100033b8 <_vsnprintf+0x76c>
10003502:	f013 0f80 	tst.w	r3, #128	@ 0x80
10003506:	9b0b      	ldr	r3, [sp, #44]	@ 0x2c
10003508:	f000 8081 	beq.w	1000360e <_vsnprintf+0x9c2>
1000350c:	f9b3 1000 	ldrsh.w	r1, [r3]
10003510:	ea81 74e1 	eor.w	r4, r1, r1, asr #31
10003514:	eba4 74e1 	sub.w	r4, r4, r1, asr #31
10003518:	b2a4      	uxth	r4, r4
1000351a:	e72f      	b.n	1000337c <_vsnprintf+0x730>
1000351c:	f013 0f20 	tst.w	r3, #32
10003520:	bf14      	ite	ne
10003522:	2241      	movne	r2, #65	@ 0x41
10003524:	2261      	moveq	r2, #97	@ 0x61
10003526:	f10d 0e48 	add.w	lr, sp, #72	@ 0x48
1000352a:	3a0a      	subs	r2, #10
1000352c:	e9cd 970d 	strd	r9, r7, [sp, #52]	@ 0x34
10003530:	f8cd b044 	str.w	fp, [sp, #68]	@ 0x44
10003534:	2600      	movs	r6, #0
10003536:	4677      	mov	r7, lr
10003538:	46f3      	mov	fp, lr
1000353a:	4691      	mov	r9, r2
1000353c:	e9cd 3c0f 	strd	r3, ip, [sp, #60]	@ 0x3c
10003540:	e003      	b.n	1000354a <_vsnprintf+0x8fe>
10003542:	2e20      	cmp	r6, #32
10003544:	d017      	beq.n	10003576 <_vsnprintf+0x92a>
10003546:	4604      	mov	r4, r0
10003548:	460d      	mov	r5, r1
1000354a:	4629      	mov	r1, r5
1000354c:	4642      	mov	r2, r8
1000354e:	2300      	movs	r3, #0
10003550:	4620      	mov	r0, r4
10003552:	f004 fa39 	bl	100079c8 <____aeabi_uldivmod_veneer>
10003556:	b2d2      	uxtb	r2, r2
10003558:	2a09      	cmp	r2, #9
1000355a:	f102 0330 	add.w	r3, r2, #48	@ 0x30
1000355e:	bf88      	it	hi
10003560:	eb02 0309 	addhi.w	r3, r2, r9
10003564:	4544      	cmp	r4, r8
10003566:	b2db      	uxtb	r3, r3
10003568:	f175 0500 	sbcs.w	r5, r5, #0
1000356c:	f807 3b01 	strb.w	r3, [r7], #1
10003570:	f106 0601 	add.w	r6, r6, #1
10003574:	d2e5      	bcs.n	10003542 <_vsnprintf+0x8f6>
10003576:	46de      	mov	lr, fp
10003578:	e9dd 970d 	ldrd	r9, r7, [sp, #52]	@ 0x34
1000357c:	e9dd 3c0f 	ldrd	r3, ip, [sp, #60]	@ 0x3c
10003580:	f8dd b044 	ldr.w	fp, [sp, #68]	@ 0x44
10003584:	e6a6      	b.n	100032d4 <_vsnprintf+0x688>
10003586:	2a00      	cmp	r2, #0
10003588:	d147      	bne.n	1000361a <_vsnprintf+0x9ce>
1000358a:	4613      	mov	r3, r2
1000358c:	4611      	mov	r1, r2
1000358e:	e73b      	b.n	10003408 <_vsnprintf+0x7bc>
10003590:	990b      	ldr	r1, [sp, #44]	@ 0x2c
10003592:	6809      	ldr	r1, [r1, #0]
10003594:	b9a1      	cbnz	r1, 100035c0 <_vsnprintf+0x974>
10003596:	f023 0310 	bic.w	r3, r3, #16
1000359a:	b188      	cbz	r0, 100035c0 <_vsnprintf+0x974>
1000359c:	f10d 0e48 	add.w	lr, sp, #72	@ 0x48
100035a0:	9306      	str	r3, [sp, #24]
100035a2:	9b0c      	ldr	r3, [sp, #48]	@ 0x30
100035a4:	f8cd c00c 	str.w	ip, [sp, #12]
100035a8:	e9cd 7304 	strd	r7, r3, [sp, #16]
100035ac:	9201      	str	r2, [sp, #4]
100035ae:	e5d8      	b.n	10003162 <_vsnprintf+0x516>
100035b0:	f413 6280 	ands.w	r2, r3, #1024	@ 0x400
100035b4:	f47f aecb 	bne.w	1000334e <_vsnprintf+0x702>
100035b8:	f023 0310 	bic.w	r3, r3, #16
100035bc:	930d      	str	r3, [sp, #52]	@ 0x34
100035be:	e6cb      	b.n	10003358 <_vsnprintf+0x70c>
100035c0:	f013 0f20 	tst.w	r3, #32
100035c4:	bf14      	ite	ne
100035c6:	2041      	movne	r0, #65	@ 0x41
100035c8:	2061      	moveq	r0, #97	@ 0x61
100035ca:	f10d 0e48 	add.w	lr, sp, #72	@ 0x48
100035ce:	4676      	mov	r6, lr
100035d0:	f1a0 080a 	sub.w	r8, r0, #10
100035d4:	e002      	b.n	100035dc <_vsnprintf+0x990>
100035d6:	2a20      	cmp	r2, #32
100035d8:	d0e2      	beq.n	100035a0 <_vsnprintf+0x954>
100035da:	4621      	mov	r1, r4
100035dc:	fbb1 f4fc 	udiv	r4, r1, ip
100035e0:	fb0c 1514 	mls	r5, ip, r4, r1
100035e4:	b2e8      	uxtb	r0, r5
100035e6:	2d09      	cmp	r5, #9
100035e8:	f100 0530 	add.w	r5, r0, #48	@ 0x30
100035ec:	bf8a      	itet	hi
100035ee:	4440      	addhi	r0, r8
100035f0:	b2e8      	uxtbls	r0, r5
100035f2:	b2c0      	uxtbhi	r0, r0
100035f4:	4561      	cmp	r1, ip
100035f6:	f806 0b01 	strb.w	r0, [r6], #1
100035fa:	f102 0201 	add.w	r2, r2, #1
100035fe:	d2ea      	bcs.n	100035d6 <_vsnprintf+0x98a>
10003600:	e7ce      	b.n	100035a0 <_vsnprintf+0x954>
10003602:	2a00      	cmp	r2, #0
10003604:	f43f af56 	beq.w	100034b4 <_vsnprintf+0x868>
10003608:	f10d 0e48 	add.w	lr, sp, #72	@ 0x48
1000360c:	e76b      	b.n	100034e6 <_vsnprintf+0x89a>
1000360e:	6819      	ldr	r1, [r3, #0]
10003610:	ea81 74e1 	eor.w	r4, r1, r1, asr #31
10003614:	eba4 74e1 	sub.w	r4, r4, r1, asr #31
10003618:	e6b0      	b.n	1000337c <_vsnprintf+0x730>
1000361a:	2600      	movs	r6, #0
1000361c:	f10d 0e48 	add.w	lr, sp, #72	@ 0x48
10003620:	e72d      	b.n	1000347e <_vsnprintf+0x832>
10003622:	3601      	adds	r6, #1
10003624:	e62b      	b.n	1000327e <_vsnprintf+0x632>
10003626:	f04f 080a 	mov.w	r8, #10
1000362a:	4613      	mov	r3, r2
1000362c:	46c4      	mov	ip, r8
1000362e:	e571      	b.n	10003114 <_vsnprintf+0x4c8>
10003630:	cccccccd 	.word	0xcccccccd

10003634 <vfctprintf>:
10003634:	b570      	push	{r4, r5, r6, lr}
10003636:	4694      	mov	ip, r2
10003638:	461e      	mov	r6, r3
1000363a:	4605      	mov	r5, r0
1000363c:	460c      	mov	r4, r1
1000363e:	b084      	sub	sp, #16
10003640:	f04f 32ff 	mov.w	r2, #4294967295	@ 0xffffffff
10003644:	4663      	mov	r3, ip
10003646:	a902      	add	r1, sp, #8
10003648:	9600      	str	r6, [sp, #0]
1000364a:	4803      	ldr	r0, [pc, #12]	@ (10003658 <vfctprintf+0x24>)
1000364c:	e9cd 5402 	strd	r5, r4, [sp, #8]
10003650:	f7ff fafc 	bl	10002c4c <_vsnprintf>
10003654:	b004      	add	sp, #16
10003656:	bd70      	pop	{r4, r5, r6, pc}
10003658:	100023e9 	.word	0x100023e9

1000365c <weak_raw_vprintf>:
1000365c:	b510      	push	{r4, lr}
1000365e:	4b09      	ldr	r3, [pc, #36]	@ (10003684 <weak_raw_vprintf+0x28>)
10003660:	b084      	sub	sp, #16
10003662:	681c      	ldr	r4, [r3, #0]
10003664:	b14c      	cbz	r4, 1000367a <weak_raw_vprintf+0x1e>
10003666:	4603      	mov	r3, r0
10003668:	9100      	str	r1, [sp, #0]
1000366a:	f04f 32ff 	mov.w	r2, #4294967295	@ 0xffffffff
1000366e:	a903      	add	r1, sp, #12
10003670:	4805      	ldr	r0, [pc, #20]	@ (10003688 <weak_raw_vprintf+0x2c>)
10003672:	47a0      	blx	r4
10003674:	2001      	movs	r0, #1
10003676:	b004      	add	sp, #16
10003678:	bd10      	pop	{r4, pc}
1000367a:	f000 f993 	bl	100039a4 <__wrap_puts>
1000367e:	4620      	mov	r0, r4
10003680:	b004      	add	sp, #16
10003682:	bd10      	pop	{r4, pc}
10003684:	200029b4 	.word	0x200029b4
10003688:	100023e1 	.word	0x100023e1

1000368c <_exit>:
1000368c:	be00      	bkpt	0x0000
1000368e:	e7fd      	b.n	1000368c <_exit>

10003690 <_sbrk>:
10003690:	4a07      	ldr	r2, [pc, #28]	@ (100036b0 <_sbrk+0x20>)
10003692:	4603      	mov	r3, r0
10003694:	6810      	ldr	r0, [r2, #0]
10003696:	b138      	cbz	r0, 100036a8 <_sbrk+0x18>
10003698:	4906      	ldr	r1, [pc, #24]	@ (100036b4 <_sbrk+0x24>)
1000369a:	4403      	add	r3, r0
1000369c:	428b      	cmp	r3, r1
1000369e:	bf8c      	ite	hi
100036a0:	f04f 30ff 	movhi.w	r0, #4294967295	@ 0xffffffff
100036a4:	6013      	strls	r3, [r2, #0]
100036a6:	4770      	bx	lr
100036a8:	4903      	ldr	r1, [pc, #12]	@ (100036b8 <_sbrk+0x28>)
100036aa:	4608      	mov	r0, r1
100036ac:	6011      	str	r1, [r2, #0]
100036ae:	e7f3      	b.n	10003698 <_sbrk+0x8>
100036b0:	200025b0 	.word	0x200025b0
100036b4:	20080000 	.word	0x20080000
100036b8:	20002a1c 	.word	0x20002a1c

100036bc <exit>:
100036bc:	b508      	push	{r3, lr}
100036be:	f7ff ffe5 	bl	1000368c <_exit>
100036c2:	bf00      	nop

100036c4 <runtime_init>:
100036c4:	b538      	push	{r3, r4, r5, lr}
100036c6:	4c06      	ldr	r4, [pc, #24]	@ (100036e0 <runtime_init+0x1c>)
100036c8:	4d06      	ldr	r5, [pc, #24]	@ (100036e4 <runtime_init+0x20>)
100036ca:	f7fe fa71 	bl	10001bb0 <runtime_run_initializers>
100036ce:	42ac      	cmp	r4, r5
100036d0:	d204      	bcs.n	100036dc <runtime_init+0x18>
100036d2:	f854 3b04 	ldr.w	r3, [r4], #4
100036d6:	4798      	blx	r3
100036d8:	42ac      	cmp	r4, r5
100036da:	d3fa      	bcc.n	100036d2 <runtime_init+0xe>
100036dc:	bd38      	pop	{r3, r4, r5, pc}
100036de:	bf00      	nop
100036e0:	10007a40 	.word	0x10007a40
100036e4:	10007a50 	.word	0x10007a50

100036e8 <stdio_out_chars_no_crlf>:
100036e8:	6803      	ldr	r3, [r0, #0]
100036ea:	4608      	mov	r0, r1
100036ec:	4611      	mov	r1, r2
100036ee:	4718      	bx	r3

100036f0 <stdio_out_chars_crlf>:
100036f0:	7d43      	ldrb	r3, [r0, #21]
100036f2:	e92d 47f0 	stmdb	sp!, {r4, r5, r6, r7, r8, r9, sl, lr}
100036f6:	4681      	mov	r9, r0
100036f8:	460f      	mov	r7, r1
100036fa:	4616      	mov	r6, r2
100036fc:	2b00      	cmp	r3, #0
100036fe:	d043      	beq.n	10003788 <stdio_out_chars_crlf+0x98>
10003700:	2a00      	cmp	r2, #0
10003702:	dd3b      	ble.n	1000377c <stdio_out_chars_crlf+0x8c>
10003704:	7d03      	ldrb	r3, [r0, #20]
10003706:	2000      	movs	r0, #0
10003708:	1e4d      	subs	r5, r1, #1
1000370a:	4601      	mov	r1, r0
1000370c:	f815 2f01 	ldrb.w	r2, [r5, #1]!
10003710:	f8df 8084 	ldr.w	r8, [pc, #132]	@ 10003798 <stdio_out_chars_crlf+0xa8>
10003714:	2a0a      	cmp	r2, #10
10003716:	f101 0401 	add.w	r4, r1, #1
1000371a:	d00e      	beq.n	1000373a <stdio_out_chars_crlf+0x4a>
1000371c:	42a6      	cmp	r6, r4
1000371e:	d01c      	beq.n	1000375a <stdio_out_chars_crlf+0x6a>
10003720:	782b      	ldrb	r3, [r5, #0]
10003722:	4621      	mov	r1, r4
10003724:	f1a3 030d 	sub.w	r3, r3, #13
10003728:	fab3 f383 	clz	r3, r3
1000372c:	f815 2f01 	ldrb.w	r2, [r5, #1]!
10003730:	095b      	lsrs	r3, r3, #5
10003732:	2a0a      	cmp	r2, #10
10003734:	f101 0401 	add.w	r4, r1, #1
10003738:	d1f0      	bne.n	1000371c <stdio_out_chars_crlf+0x2c>
1000373a:	2b00      	cmp	r3, #0
1000373c:	d1ee      	bne.n	1000371c <stdio_out_chars_crlf+0x2c>
1000373e:	4281      	cmp	r1, r0
10003740:	eba1 0100 	sub.w	r1, r1, r0
10003744:	4438      	add	r0, r7
10003746:	dc1b      	bgt.n	10003780 <stdio_out_chars_crlf+0x90>
10003748:	2102      	movs	r1, #2
1000374a:	4640      	mov	r0, r8
1000374c:	f8d9 3000 	ldr.w	r3, [r9]
10003750:	4798      	blx	r3
10003752:	42a6      	cmp	r6, r4
10003754:	d008      	beq.n	10003768 <stdio_out_chars_crlf+0x78>
10003756:	4620      	mov	r0, r4
10003758:	e7e2      	b.n	10003720 <stdio_out_chars_crlf+0x30>
1000375a:	4286      	cmp	r6, r0
1000375c:	dd04      	ble.n	10003768 <stdio_out_chars_crlf+0x78>
1000375e:	1a31      	subs	r1, r6, r0
10003760:	f8d9 3000 	ldr.w	r3, [r9]
10003764:	4438      	add	r0, r7
10003766:	4798      	blx	r3
10003768:	4437      	add	r7, r6
1000376a:	f817 3c01 	ldrb.w	r3, [r7, #-1]
1000376e:	f1a3 030d 	sub.w	r3, r3, #13
10003772:	fab3 f383 	clz	r3, r3
10003776:	095b      	lsrs	r3, r3, #5
10003778:	f889 3014 	strb.w	r3, [r9, #20]
1000377c:	e8bd 87f0 	ldmia.w	sp!, {r4, r5, r6, r7, r8, r9, sl, pc}
10003780:	f8d9 3000 	ldr.w	r3, [r9]
10003784:	4798      	blx	r3
10003786:	e7df      	b.n	10003748 <stdio_out_chars_crlf+0x58>
10003788:	4638      	mov	r0, r7
1000378a:	f8d9 3000 	ldr.w	r3, [r9]
1000378e:	4611      	mov	r1, r2
10003790:	e8bd 47f0 	ldmia.w	sp!, {r4, r5, r6, r7, r8, r9, sl, lr}
10003794:	4718      	bx	r3
10003796:	bf00      	nop
10003798:	10007d60 	.word	0x10007d60

1000379c <stdio_buffered_printer>:
1000379c:	680b      	ldr	r3, [r1, #0]
1000379e:	e92d 41f0 	stmdb	sp!, {r4, r5, r6, r7, r8, lr}
100037a2:	2b80      	cmp	r3, #128	@ 0x80
100037a4:	460d      	mov	r5, r1
100037a6:	4606      	mov	r6, r0
100037a8:	d005      	beq.n	100037b6 <stdio_buffered_printer+0x1a>
100037aa:	1c5a      	adds	r2, r3, #1
100037ac:	442b      	add	r3, r5
100037ae:	602a      	str	r2, [r5, #0]
100037b0:	711e      	strb	r6, [r3, #4]
100037b2:	e8bd 81f0 	ldmia.w	sp!, {r4, r5, r6, r7, r8, pc}
100037b6:	4b0f      	ldr	r3, [pc, #60]	@ (100037f4 <stdio_buffered_printer+0x58>)
100037b8:	681c      	ldr	r4, [r3, #0]
100037ba:	b1a4      	cbz	r4, 100037e6 <stdio_buffered_printer+0x4a>
100037bc:	4f0e      	ldr	r7, [pc, #56]	@ (100037f8 <stdio_buffered_printer+0x5c>)
100037be:	f101 0804 	add.w	r8, r1, #4
100037c2:	e001      	b.n	100037c8 <stdio_buffered_printer+0x2c>
100037c4:	6924      	ldr	r4, [r4, #16]
100037c6:	b174      	cbz	r4, 100037e6 <stdio_buffered_printer+0x4a>
100037c8:	6823      	ldr	r3, [r4, #0]
100037ca:	2b00      	cmp	r3, #0
100037cc:	d0fa      	beq.n	100037c4 <stdio_buffered_printer+0x28>
100037ce:	683b      	ldr	r3, [r7, #0]
100037d0:	b10b      	cbz	r3, 100037d6 <stdio_buffered_printer+0x3a>
100037d2:	42a3      	cmp	r3, r4
100037d4:	d1f6      	bne.n	100037c4 <stdio_buffered_printer+0x28>
100037d6:	4620      	mov	r0, r4
100037d8:	4641      	mov	r1, r8
100037da:	682a      	ldr	r2, [r5, #0]
100037dc:	f7ff ff88 	bl	100036f0 <stdio_out_chars_crlf>
100037e0:	6924      	ldr	r4, [r4, #16]
100037e2:	2c00      	cmp	r4, #0
100037e4:	d1f0      	bne.n	100037c8 <stdio_buffered_printer+0x2c>
100037e6:	2300      	movs	r3, #0
100037e8:	2201      	movs	r2, #1
100037ea:	442b      	add	r3, r5
100037ec:	602a      	str	r2, [r5, #0]
100037ee:	711e      	strb	r6, [r3, #4]
100037f0:	e8bd 81f0 	ldmia.w	sp!, {r4, r5, r6, r7, r8, pc}
100037f4:	200025a4 	.word	0x200025a4
100037f8:	200025ac 	.word	0x200025ac

100037fc <stdio_put_string>:
100037fc:	e92d 47f0 	stmdb	sp!, {r4, r5, r6, r7, r8, r9, sl, lr}
10003800:	b082      	sub	sp, #8
10003802:	460d      	mov	r5, r1
10003804:	4692      	mov	sl, r2
10003806:	4699      	mov	r9, r3
10003808:	4607      	mov	r7, r0
1000380a:	f7fd ff25 	bl	10001658 <time_us_64>
1000380e:	f04f 36ff 	mov.w	r6, #4294967295	@ 0xffffffff
10003812:	f06f 4400 	mvn.w	r4, #2147483648	@ 0x80000000
10003816:	4a2f      	ldr	r2, [pc, #188]	@ (100038d4 <stdio_put_string+0xd8>)
10003818:	1882      	adds	r2, r0, r2
1000381a:	f141 0300 	adc.w	r3, r1, #0
1000381e:	4296      	cmp	r6, r2
10003820:	eb74 0103 	sbcs.w	r1, r4, r3
10003824:	bf3c      	itt	cc
10003826:	4632      	movcc	r2, r6
10003828:	4623      	movcc	r3, r4
1000382a:	482b      	ldr	r0, [pc, #172]	@ (100038d8 <stdio_put_string+0xdc>)
1000382c:	f004 f8dc 	bl	100079e8 <__mutex_try_enter_block_until_veneer>
10003830:	1c6b      	adds	r3, r5, #1
10003832:	4680      	mov	r8, r0
10003834:	d103      	bne.n	1000383e <stdio_put_string+0x42>
10003836:	4638      	mov	r0, r7
10003838:	f004 f81c 	bl	10007874 <strlen>
1000383c:	4605      	mov	r5, r0
1000383e:	4b27      	ldr	r3, [pc, #156]	@ (100038dc <stdio_put_string+0xe0>)
10003840:	4e27      	ldr	r6, [pc, #156]	@ (100038e0 <stdio_put_string+0xe4>)
10003842:	681c      	ldr	r4, [r3, #0]
10003844:	4b27      	ldr	r3, [pc, #156]	@ (100038e4 <stdio_put_string+0xe8>)
10003846:	f1b9 0f00 	cmp.w	r9, #0
1000384a:	bf18      	it	ne
1000384c:	461e      	movne	r6, r3
1000384e:	b1b4      	cbz	r4, 1000387e <stdio_put_string+0x82>
10003850:	f1ba 0f00 	cmp.w	sl, #0
10003854:	d11a      	bne.n	1000388c <stdio_put_string+0x90>
10003856:	f8df 9090 	ldr.w	r9, [pc, #144]	@ 100038e8 <stdio_put_string+0xec>
1000385a:	e001      	b.n	10003860 <stdio_put_string+0x64>
1000385c:	6924      	ldr	r4, [r4, #16]
1000385e:	b174      	cbz	r4, 1000387e <stdio_put_string+0x82>
10003860:	6823      	ldr	r3, [r4, #0]
10003862:	2b00      	cmp	r3, #0
10003864:	d0fa      	beq.n	1000385c <stdio_put_string+0x60>
10003866:	f8d9 3000 	ldr.w	r3, [r9]
1000386a:	b10b      	cbz	r3, 10003870 <stdio_put_string+0x74>
1000386c:	429c      	cmp	r4, r3
1000386e:	d1f5      	bne.n	1000385c <stdio_put_string+0x60>
10003870:	4620      	mov	r0, r4
10003872:	462a      	mov	r2, r5
10003874:	4639      	mov	r1, r7
10003876:	47b0      	blx	r6
10003878:	6924      	ldr	r4, [r4, #16]
1000387a:	2c00      	cmp	r4, #0
1000387c:	d1f0      	bne.n	10003860 <stdio_put_string+0x64>
1000387e:	f1b8 0f00 	cmp.w	r8, #0
10003882:	d11f      	bne.n	100038c4 <stdio_put_string+0xc8>
10003884:	4628      	mov	r0, r5
10003886:	b002      	add	sp, #8
10003888:	e8bd 87f0 	ldmia.w	sp!, {r4, r5, r6, r7, r8, r9, sl, pc}
1000388c:	f04f 0a0a 	mov.w	sl, #10
10003890:	f8df 9054 	ldr.w	r9, [pc, #84]	@ 100038e8 <stdio_put_string+0xec>
10003894:	e002      	b.n	1000389c <stdio_put_string+0xa0>
10003896:	6924      	ldr	r4, [r4, #16]
10003898:	2c00      	cmp	r4, #0
1000389a:	d0f0      	beq.n	1000387e <stdio_put_string+0x82>
1000389c:	6823      	ldr	r3, [r4, #0]
1000389e:	2b00      	cmp	r3, #0
100038a0:	d0f9      	beq.n	10003896 <stdio_put_string+0x9a>
100038a2:	f8d9 3000 	ldr.w	r3, [r9]
100038a6:	b10b      	cbz	r3, 100038ac <stdio_put_string+0xb0>
100038a8:	42a3      	cmp	r3, r4
100038aa:	d1f4      	bne.n	10003896 <stdio_put_string+0x9a>
100038ac:	462a      	mov	r2, r5
100038ae:	4639      	mov	r1, r7
100038b0:	4620      	mov	r0, r4
100038b2:	47b0      	blx	r6
100038b4:	2201      	movs	r2, #1
100038b6:	4620      	mov	r0, r4
100038b8:	f10d 0107 	add.w	r1, sp, #7
100038bc:	f88d a007 	strb.w	sl, [sp, #7]
100038c0:	47b0      	blx	r6
100038c2:	e7e8      	b.n	10003896 <stdio_put_string+0x9a>
100038c4:	4804      	ldr	r0, [pc, #16]	@ (100038d8 <stdio_put_string+0xdc>)
100038c6:	f004 f883 	bl	100079d0 <__mutex_exit_veneer>
100038ca:	4628      	mov	r0, r5
100038cc:	b002      	add	sp, #8
100038ce:	e8bd 87f0 	ldmia.w	sp!, {r4, r5, r6, r7, r8, r9, sl, pc}
100038d2:	bf00      	nop
100038d4:	000f4240 	.word	0x000f4240
100038d8:	20001a98 	.word	0x20001a98
100038dc:	200025a4 	.word	0x200025a4
100038e0:	100036e9 	.word	0x100036e9
100038e4:	100036f1 	.word	0x100036f1
100038e8:	200025ac 	.word	0x200025ac

100038ec <stdio_set_driver_enabled>:
100038ec:	4a0a      	ldr	r2, [pc, #40]	@ (10003918 <stdio_set_driver_enabled+0x2c>)
100038ee:	6813      	ldr	r3, [r2, #0]
100038f0:	b14b      	cbz	r3, 10003906 <stdio_set_driver_enabled+0x1a>
100038f2:	4283      	cmp	r3, r0
100038f4:	d102      	bne.n	100038fc <stdio_set_driver_enabled+0x10>
100038f6:	e009      	b.n	1000390c <stdio_set_driver_enabled+0x20>
100038f8:	4298      	cmp	r0, r3
100038fa:	d007      	beq.n	1000390c <stdio_set_driver_enabled+0x20>
100038fc:	f103 0210 	add.w	r2, r3, #16
10003900:	691b      	ldr	r3, [r3, #16]
10003902:	2b00      	cmp	r3, #0
10003904:	d1f8      	bne.n	100038f8 <stdio_set_driver_enabled+0xc>
10003906:	b101      	cbz	r1, 1000390a <stdio_set_driver_enabled+0x1e>
10003908:	6010      	str	r0, [r2, #0]
1000390a:	4770      	bx	lr
1000390c:	2900      	cmp	r1, #0
1000390e:	d1fc      	bne.n	1000390a <stdio_set_driver_enabled+0x1e>
10003910:	6903      	ldr	r3, [r0, #16]
10003912:	6013      	str	r3, [r2, #0]
10003914:	6101      	str	r1, [r0, #16]
10003916:	4770      	bx	lr
10003918:	200025a4 	.word	0x200025a4

1000391c <stdio_init_all>:
1000391c:	f000 bae0 	b.w	10003ee0 <stdio_usb_init>

10003920 <__wrap_putchar>:
10003920:	b5f0      	push	{r4, r5, r6, r7, lr}
10003922:	b083      	sub	sp, #12
10003924:	4606      	mov	r6, r0
10003926:	f88d 0007 	strb.w	r0, [sp, #7]
1000392a:	f7fd fe95 	bl	10001658 <time_us_64>
1000392e:	f04f 35ff 	mov.w	r5, #4294967295	@ 0xffffffff
10003932:	f06f 4400 	mvn.w	r4, #2147483648	@ 0x80000000
10003936:	4a17      	ldr	r2, [pc, #92]	@ (10003994 <__wrap_putchar+0x74>)
10003938:	1882      	adds	r2, r0, r2
1000393a:	f141 0300 	adc.w	r3, r1, #0
1000393e:	4295      	cmp	r5, r2
10003940:	eb74 0103 	sbcs.w	r1, r4, r3
10003944:	bf3c      	itt	cc
10003946:	4623      	movcc	r3, r4
10003948:	462a      	movcc	r2, r5
1000394a:	4813      	ldr	r0, [pc, #76]	@ (10003998 <__wrap_putchar+0x78>)
1000394c:	f004 f84c 	bl	100079e8 <__mutex_try_enter_block_until_veneer>
10003950:	4b12      	ldr	r3, [pc, #72]	@ (1000399c <__wrap_putchar+0x7c>)
10003952:	4607      	mov	r7, r0
10003954:	681c      	ldr	r4, [r3, #0]
10003956:	b19c      	cbz	r4, 10003980 <__wrap_putchar+0x60>
10003958:	4d11      	ldr	r5, [pc, #68]	@ (100039a0 <__wrap_putchar+0x80>)
1000395a:	e001      	b.n	10003960 <__wrap_putchar+0x40>
1000395c:	6924      	ldr	r4, [r4, #16]
1000395e:	b17c      	cbz	r4, 10003980 <__wrap_putchar+0x60>
10003960:	6823      	ldr	r3, [r4, #0]
10003962:	2b00      	cmp	r3, #0
10003964:	d0fa      	beq.n	1000395c <__wrap_putchar+0x3c>
10003966:	682b      	ldr	r3, [r5, #0]
10003968:	b10b      	cbz	r3, 1000396e <__wrap_putchar+0x4e>
1000396a:	429c      	cmp	r4, r3
1000396c:	d1f6      	bne.n	1000395c <__wrap_putchar+0x3c>
1000396e:	4620      	mov	r0, r4
10003970:	2201      	movs	r2, #1
10003972:	f10d 0107 	add.w	r1, sp, #7
10003976:	f7ff febb 	bl	100036f0 <stdio_out_chars_crlf>
1000397a:	6924      	ldr	r4, [r4, #16]
1000397c:	2c00      	cmp	r4, #0
1000397e:	d1ef      	bne.n	10003960 <__wrap_putchar+0x40>
10003980:	b917      	cbnz	r7, 10003988 <__wrap_putchar+0x68>
10003982:	4630      	mov	r0, r6
10003984:	b003      	add	sp, #12
10003986:	bdf0      	pop	{r4, r5, r6, r7, pc}
10003988:	4803      	ldr	r0, [pc, #12]	@ (10003998 <__wrap_putchar+0x78>)
1000398a:	f004 f821 	bl	100079d0 <__mutex_exit_veneer>
1000398e:	4630      	mov	r0, r6
10003990:	b003      	add	sp, #12
10003992:	bdf0      	pop	{r4, r5, r6, r7, pc}
10003994:	000f4240 	.word	0x000f4240
10003998:	20001a98 	.word	0x20001a98
1000399c:	200025a4 	.word	0x200025a4
100039a0:	200025ac 	.word	0x200025ac

100039a4 <__wrap_puts>:
100039a4:	b538      	push	{r3, r4, r5, lr}
100039a6:	4604      	mov	r4, r0
100039a8:	f003 ff64 	bl	10007874 <strlen>
100039ac:	2301      	movs	r3, #1
100039ae:	4605      	mov	r5, r0
100039b0:	461a      	mov	r2, r3
100039b2:	4620      	mov	r0, r4
100039b4:	4629      	mov	r1, r5
100039b6:	f7ff ff21 	bl	100037fc <stdio_put_string>
100039ba:	4b08      	ldr	r3, [pc, #32]	@ (100039dc <__wrap_puts+0x38>)
100039bc:	681c      	ldr	r4, [r3, #0]
100039be:	b12c      	cbz	r4, 100039cc <__wrap_puts+0x28>
100039c0:	6863      	ldr	r3, [r4, #4]
100039c2:	b12b      	cbz	r3, 100039d0 <__wrap_puts+0x2c>
100039c4:	4798      	blx	r3
100039c6:	6924      	ldr	r4, [r4, #16]
100039c8:	2c00      	cmp	r4, #0
100039ca:	d1f9      	bne.n	100039c0 <__wrap_puts+0x1c>
100039cc:	4628      	mov	r0, r5
100039ce:	bd38      	pop	{r3, r4, r5, pc}
100039d0:	6924      	ldr	r4, [r4, #16]
100039d2:	2c00      	cmp	r4, #0
100039d4:	d1f4      	bne.n	100039c0 <__wrap_puts+0x1c>
100039d6:	4628      	mov	r0, r5
100039d8:	bd38      	pop	{r3, r4, r5, pc}
100039da:	bf00      	nop
100039dc:	200025a4 	.word	0x200025a4

100039e0 <__wrap_vprintf>:
100039e0:	e92d 41f0 	stmdb	sp!, {r4, r5, r6, r7, r8, lr}
100039e4:	b0a2      	sub	sp, #136	@ 0x88
100039e6:	4604      	mov	r4, r0
100039e8:	460d      	mov	r5, r1
100039ea:	f7fd fe35 	bl	10001658 <time_us_64>
100039ee:	f04f 37ff 	mov.w	r7, #4294967295	@ 0xffffffff
100039f2:	f06f 4600 	mvn.w	r6, #2147483648	@ 0x80000000
100039f6:	4a27      	ldr	r2, [pc, #156]	@ (10003a94 <__wrap_vprintf+0xb4>)
100039f8:	1882      	adds	r2, r0, r2
100039fa:	f141 0300 	adc.w	r3, r1, #0
100039fe:	4297      	cmp	r7, r2
10003a00:	eb76 0103 	sbcs.w	r1, r6, r3
10003a04:	bf3c      	itt	cc
10003a06:	463a      	movcc	r2, r7
10003a08:	4633      	movcc	r3, r6
10003a0a:	4823      	ldr	r0, [pc, #140]	@ (10003a98 <__wrap_vprintf+0xb8>)
10003a0c:	f003 ffec 	bl	100079e8 <__mutex_try_enter_block_until_veneer>
10003a10:	2600      	movs	r6, #0
10003a12:	462b      	mov	r3, r5
10003a14:	4607      	mov	r7, r0
10003a16:	4622      	mov	r2, r4
10003a18:	4820      	ldr	r0, [pc, #128]	@ (10003a9c <__wrap_vprintf+0xbc>)
10003a1a:	a901      	add	r1, sp, #4
10003a1c:	9601      	str	r6, [sp, #4]
10003a1e:	f7ff fe09 	bl	10003634 <vfctprintf>
10003a22:	9b01      	ldr	r3, [sp, #4]
10003a24:	4606      	mov	r6, r0
10003a26:	b97b      	cbnz	r3, 10003a48 <__wrap_vprintf+0x68>
10003a28:	4b1d      	ldr	r3, [pc, #116]	@ (10003aa0 <__wrap_vprintf+0xc0>)
10003a2a:	681c      	ldr	r4, [r3, #0]
10003a2c:	b12c      	cbz	r4, 10003a3a <__wrap_vprintf+0x5a>
10003a2e:	6863      	ldr	r3, [r4, #4]
10003a30:	b143      	cbz	r3, 10003a44 <__wrap_vprintf+0x64>
10003a32:	4798      	blx	r3
10003a34:	6924      	ldr	r4, [r4, #16]
10003a36:	2c00      	cmp	r4, #0
10003a38:	d1f9      	bne.n	10003a2e <__wrap_vprintf+0x4e>
10003a3a:	bb0f      	cbnz	r7, 10003a80 <__wrap_vprintf+0xa0>
10003a3c:	4630      	mov	r0, r6
10003a3e:	b022      	add	sp, #136	@ 0x88
10003a40:	e8bd 81f0 	ldmia.w	sp!, {r4, r5, r6, r7, r8, pc}
10003a44:	6924      	ldr	r4, [r4, #16]
10003a46:	e7f1      	b.n	10003a2c <__wrap_vprintf+0x4c>
10003a48:	f8df 8054 	ldr.w	r8, [pc, #84]	@ 10003aa0 <__wrap_vprintf+0xc0>
10003a4c:	f8d8 5000 	ldr.w	r5, [r8]
10003a50:	b1ed      	cbz	r5, 10003a8e <__wrap_vprintf+0xae>
10003a52:	4c14      	ldr	r4, [pc, #80]	@ (10003aa4 <__wrap_vprintf+0xc4>)
10003a54:	e001      	b.n	10003a5a <__wrap_vprintf+0x7a>
10003a56:	692d      	ldr	r5, [r5, #16]
10003a58:	b175      	cbz	r5, 10003a78 <__wrap_vprintf+0x98>
10003a5a:	682b      	ldr	r3, [r5, #0]
10003a5c:	2b00      	cmp	r3, #0
10003a5e:	d0fa      	beq.n	10003a56 <__wrap_vprintf+0x76>
10003a60:	6823      	ldr	r3, [r4, #0]
10003a62:	b10b      	cbz	r3, 10003a68 <__wrap_vprintf+0x88>
10003a64:	42ab      	cmp	r3, r5
10003a66:	d1f6      	bne.n	10003a56 <__wrap_vprintf+0x76>
10003a68:	4628      	mov	r0, r5
10003a6a:	9a01      	ldr	r2, [sp, #4]
10003a6c:	a902      	add	r1, sp, #8
10003a6e:	f7ff fe3f 	bl	100036f0 <stdio_out_chars_crlf>
10003a72:	692d      	ldr	r5, [r5, #16]
10003a74:	2d00      	cmp	r5, #0
10003a76:	d1f0      	bne.n	10003a5a <__wrap_vprintf+0x7a>
10003a78:	f8d8 4000 	ldr.w	r4, [r8]
10003a7c:	9501      	str	r5, [sp, #4]
10003a7e:	e7d5      	b.n	10003a2c <__wrap_vprintf+0x4c>
10003a80:	4805      	ldr	r0, [pc, #20]	@ (10003a98 <__wrap_vprintf+0xb8>)
10003a82:	f003 ffa5 	bl	100079d0 <__mutex_exit_veneer>
10003a86:	4630      	mov	r0, r6
10003a88:	b022      	add	sp, #136	@ 0x88
10003a8a:	e8bd 81f0 	ldmia.w	sp!, {r4, r5, r6, r7, r8, pc}
10003a8e:	9501      	str	r5, [sp, #4]
10003a90:	e7d3      	b.n	10003a3a <__wrap_vprintf+0x5a>
10003a92:	bf00      	nop
10003a94:	000f4240 	.word	0x000f4240
10003a98:	20001a98 	.word	0x20001a98
10003a9c:	1000379d 	.word	0x1000379d
10003aa0:	200025a4 	.word	0x200025a4
10003aa4:	200025ac 	.word	0x200025ac

10003aa8 <__wrap_printf>:
10003aa8:	b40f      	push	{r0, r1, r2, r3}
10003aaa:	b500      	push	{lr}
10003aac:	b083      	sub	sp, #12
10003aae:	a904      	add	r1, sp, #16
10003ab0:	f851 0b04 	ldr.w	r0, [r1], #4
10003ab4:	9101      	str	r1, [sp, #4]
10003ab6:	f7ff ff93 	bl	100039e0 <__wrap_vprintf>
10003aba:	b003      	add	sp, #12
10003abc:	f85d eb04 	ldr.w	lr, [sp], #4
10003ac0:	b004      	add	sp, #16
10003ac2:	4770      	bx	lr

10003ac4 <resetd_init>:
10003ac4:	4770      	bx	lr
10003ac6:	bf00      	nop

10003ac8 <resetd_reset>:
10003ac8:	2200      	movs	r2, #0
10003aca:	4b01      	ldr	r3, [pc, #4]	@ (10003ad0 <resetd_reset+0x8>)
10003acc:	701a      	strb	r2, [r3, #0]
10003ace:	4770      	bx	lr
10003ad0:	20002a17 	.word	0x20002a17

10003ad4 <resetd_open>:
10003ad4:	794b      	ldrb	r3, [r1, #5]
10003ad6:	2bff      	cmp	r3, #255	@ 0xff
10003ad8:	d10b      	bne.n	10003af2 <resetd_open+0x1e>
10003ada:	7988      	ldrb	r0, [r1, #6]
10003adc:	b948      	cbnz	r0, 10003af2 <resetd_open+0x1e>
10003ade:	79cb      	ldrb	r3, [r1, #7]
10003ae0:	2b01      	cmp	r3, #1
10003ae2:	d107      	bne.n	10003af4 <resetd_open+0x20>
10003ae4:	2a08      	cmp	r2, #8
10003ae6:	d905      	bls.n	10003af4 <resetd_open+0x20>
10003ae8:	4b03      	ldr	r3, [pc, #12]	@ (10003af8 <resetd_open+0x24>)
10003aea:	788a      	ldrb	r2, [r1, #2]
10003aec:	2009      	movs	r0, #9
10003aee:	701a      	strb	r2, [r3, #0]
10003af0:	4770      	bx	lr
10003af2:	2000      	movs	r0, #0
10003af4:	4770      	bx	lr
10003af6:	bf00      	nop
10003af8:	20002a17 	.word	0x20002a17

10003afc <resetd_xfer_cb>:
10003afc:	2001      	movs	r0, #1
10003afe:	4770      	bx	lr

10003b00 <resetd_control_xfer_cb>:
10003b00:	2901      	cmp	r1, #1
10003b02:	d001      	beq.n	10003b08 <resetd_control_xfer_cb+0x8>
10003b04:	2001      	movs	r0, #1
10003b06:	4770      	bx	lr
10003b08:	b508      	push	{r3, lr}
10003b0a:	4b10      	ldr	r3, [pc, #64]	@ (10003b4c <resetd_control_xfer_cb+0x4c>)
10003b0c:	8891      	ldrh	r1, [r2, #4]
10003b0e:	781b      	ldrb	r3, [r3, #0]
10003b10:	4299      	cmp	r1, r3
10003b12:	d001      	beq.n	10003b18 <resetd_control_xfer_cb+0x18>
10003b14:	2000      	movs	r0, #0
10003b16:	bd08      	pop	{r3, pc}
10003b18:	7853      	ldrb	r3, [r2, #1]
10003b1a:	2b01      	cmp	r3, #1
10003b1c:	d008      	beq.n	10003b30 <resetd_control_xfer_cb+0x30>
10003b1e:	2b02      	cmp	r3, #2
10003b20:	d1f8      	bne.n	10003b14 <resetd_control_xfer_cb+0x14>
10003b22:	2100      	movs	r1, #0
10003b24:	2264      	movs	r2, #100	@ 0x64
10003b26:	4608      	mov	r0, r1
10003b28:	f7fd ff7e 	bl	10001a28 <watchdog_reboot>
10003b2c:	2001      	movs	r0, #1
10003b2e:	bd08      	pop	{r3, pc}
10003b30:	8851      	ldrh	r1, [r2, #2]
10003b32:	05cb      	lsls	r3, r1, #23
10003b34:	bf4b      	itete	mi
10003b36:	0a4a      	lsrmi	r2, r1, #9
10003b38:	0a4a      	lsrpl	r2, r1, #9
10003b3a:	4610      	movmi	r0, r2
10003b3c:	f04f 30ff 	movpl.w	r0, #4294967295	@ 0xffffffff
10003b40:	f002 0201 	and.w	r2, r2, #1
10003b44:	f001 017f 	and.w	r1, r1, #127	@ 0x7f
10003b48:	f7fd ffec 	bl	10001b24 <rom_reset_usb_boot_extra>
10003b4c:	20002a17 	.word	0x20002a17

10003b50 <tud_descriptor_bos_cb>:
10003b50:	4800      	ldr	r0, [pc, #0]	@ (10003b54 <tud_descriptor_bos_cb+0x4>)
10003b52:	4770      	bx	lr
10003b54:	10007e2c 	.word	0x10007e2c

10003b58 <tud_vendor_control_xfer_cb>:
10003b58:	2901      	cmp	r1, #1
10003b5a:	d107      	bne.n	10003b6c <tud_vendor_control_xfer_cb+0x14>
10003b5c:	7853      	ldrb	r3, [r2, #1]
10003b5e:	2b01      	cmp	r3, #1
10003b60:	d102      	bne.n	10003b68 <tud_vendor_control_xfer_cb+0x10>
10003b62:	8893      	ldrh	r3, [r2, #4]
10003b64:	2b07      	cmp	r3, #7
10003b66:	d003      	beq.n	10003b70 <tud_vendor_control_xfer_cb+0x18>
10003b68:	2000      	movs	r0, #0
10003b6a:	4770      	bx	lr
10003b6c:	2001      	movs	r0, #1
10003b6e:	4770      	bx	lr
10003b70:	4611      	mov	r1, r2
10003b72:	23a6      	movs	r3, #166	@ 0xa6
10003b74:	4a01      	ldr	r2, [pc, #4]	@ (10003b7c <tud_vendor_control_xfer_cb+0x24>)
10003b76:	f001 ba41 	b.w	10004ffc <tud_control_xfer>
10003b7a:	bf00      	nop
10003b7c:	10007d84 	.word	0x10007d84

10003b80 <usbd_app_driver_get_cb>:
10003b80:	4603      	mov	r3, r0
10003b82:	2201      	movs	r2, #1
10003b84:	4801      	ldr	r0, [pc, #4]	@ (10003b8c <usbd_app_driver_get_cb+0xc>)
10003b86:	701a      	strb	r2, [r3, #0]
10003b88:	4770      	bx	lr
10003b8a:	bf00      	nop
10003b8c:	10007d64 	.word	0x10007d64

10003b90 <tud_cdc_line_coding_cb>:
10003b90:	b508      	push	{r3, lr}
10003b92:	680b      	ldr	r3, [r1, #0]
10003b94:	f5b3 6f96 	cmp.w	r3, #1200	@ 0x4b0
10003b98:	d000      	beq.n	10003b9c <tud_cdc_line_coding_cb+0xc>
10003b9a:	bd08      	pop	{r3, pc}
10003b9c:	2200      	movs	r2, #0
10003b9e:	f04f 30ff 	mov.w	r0, #4294967295	@ 0xffffffff
10003ba2:	4611      	mov	r1, r2
10003ba4:	f7fd ffbe 	bl	10001b24 <rom_reset_usb_boot_extra>

10003ba8 <stdio_usb_set_chars_available_callback>:
10003ba8:	4a02      	ldr	r2, [pc, #8]	@ (10003bb4 <stdio_usb_set_chars_available_callback+0xc>)
10003baa:	4b03      	ldr	r3, [pc, #12]	@ (10003bb8 <stdio_usb_set_chars_available_callback+0x10>)
10003bac:	6010      	str	r0, [r2, #0]
10003bae:	6019      	str	r1, [r3, #0]
10003bb0:	4770      	bx	lr
10003bb2:	bf00      	nop
10003bb4:	20002540 	.word	0x20002540
10003bb8:	20002544 	.word	0x20002544

10003bbc <timer_task>:
10003bbc:	4b18      	ldr	r3, [pc, #96]	@ (10003c20 <timer_task+0x64>)
10003bbe:	b570      	push	{r4, r5, r6, lr}
10003bc0:	681a      	ldr	r2, [r3, #0]
10003bc2:	2a00      	cmp	r2, #0
10003bc4:	d028      	beq.n	10003c18 <timer_task+0x5c>
10003bc6:	f3ef 8110 	mrs	r1, PRIMASK
10003bca:	b672      	cpsid	i
10003bcc:	e8d2 4fcf 	ldaexb	r4, [r2]
10003bd0:	2001      	movs	r0, #1
10003bd2:	2c00      	cmp	r4, #0
10003bd4:	d1fa      	bne.n	10003bcc <timer_task+0x10>
10003bd6:	e8c2 0f44 	strexb	r4, r0, [r2]
10003bda:	2c00      	cmp	r4, #0
10003bdc:	d1f6      	bne.n	10003bcc <timer_task+0x10>
10003bde:	f3bf 8f5f 	dmb	sy
10003be2:	2200      	movs	r2, #0
10003be4:	4c0f      	ldr	r4, [pc, #60]	@ (10003c24 <timer_task+0x68>)
10003be6:	6818      	ldr	r0, [r3, #0]
10003be8:	6059      	str	r1, [r3, #4]
10003bea:	7022      	strb	r2, [r4, #0]
10003bec:	e8c0 2f8f 	stlb	r2, [r0]
10003bf0:	f381 8810 	msr	PRIMASK, r1
10003bf4:	2400      	movs	r4, #0
10003bf6:	2500      	movs	r5, #0
10003bf8:	4e0b      	ldr	r6, [pc, #44]	@ (10003c28 <timer_task+0x6c>)
10003bfa:	7830      	ldrb	r0, [r6, #0]
10003bfc:	f7fc ff00 	bl	10000a00 <irq_is_enabled>
10003c00:	b920      	cbnz	r0, 10003c0c <timer_task+0x50>
10003c02:	2400      	movs	r4, #0
10003c04:	2500      	movs	r5, #0
10003c06:	4620      	mov	r0, r4
10003c08:	4629      	mov	r1, r5
10003c0a:	bd70      	pop	{r4, r5, r6, pc}
10003c0c:	7830      	ldrb	r0, [r6, #0]
10003c0e:	f7fc ff07 	bl	10000a20 <irq_set_pending>
10003c12:	4620      	mov	r0, r4
10003c14:	4629      	mov	r1, r5
10003c16:	bd70      	pop	{r4, r5, r6, pc}
10003c18:	f44f 747a 	mov.w	r4, #1000	@ 0x3e8
10003c1c:	2500      	movs	r5, #0
10003c1e:	e7eb      	b.n	10003bf8 <timer_task+0x3c>
10003c20:	200029c0 	.word	0x200029c0
10003c24:	20002a1a 	.word	0x20002a1a
10003c28:	20002a18 	.word	0x20002a18

10003c2c <usb_irq>:
10003c2c:	4b01      	ldr	r3, [pc, #4]	@ (10003c34 <usb_irq+0x8>)
10003c2e:	7818      	ldrb	r0, [r3, #0]
10003c30:	f7fc bef6 	b.w	10000a20 <irq_set_pending>
10003c34:	20002a18 	.word	0x20002a18

10003c38 <stdio_usb_in_chars>:
10003c38:	b538      	push	{r3, r4, r5, lr}
10003c3a:	4604      	mov	r4, r0
10003c3c:	2000      	movs	r0, #0
10003c3e:	460d      	mov	r5, r1
10003c40:	f001 fb08 	bl	10005254 <tud_cdc_n_connected>
10003c44:	b3a8      	cbz	r0, 10003cb2 <stdio_usb_in_chars+0x7a>
10003c46:	2000      	movs	r0, #0
10003c48:	f001 fb1a 	bl	10005280 <tud_cdc_n_available>
10003c4c:	b388      	cbz	r0, 10003cb2 <stdio_usb_in_chars+0x7a>
10003c4e:	f7fd fd03 	bl	10001658 <time_us_64>
10003c52:	f04f 3eff 	mov.w	lr, #4294967295	@ 0xffffffff
10003c56:	f06f 4c00 	mvn.w	ip, #2147483648	@ 0x80000000
10003c5a:	4a17      	ldr	r2, [pc, #92]	@ (10003cb8 <stdio_usb_in_chars+0x80>)
10003c5c:	1882      	adds	r2, r0, r2
10003c5e:	f141 0300 	adc.w	r3, r1, #0
10003c62:	4596      	cmp	lr, r2
10003c64:	eb7c 0103 	sbcs.w	r1, ip, r3
10003c68:	bf3c      	itt	cc
10003c6a:	4672      	movcc	r2, lr
10003c6c:	4663      	movcc	r3, ip
10003c6e:	4813      	ldr	r0, [pc, #76]	@ (10003cbc <stdio_usb_in_chars+0x84>)
10003c70:	f003 feba 	bl	100079e8 <__mutex_try_enter_block_until_veneer>
10003c74:	b1e8      	cbz	r0, 10003cb2 <stdio_usb_in_chars+0x7a>
10003c76:	2000      	movs	r0, #0
10003c78:	f001 faec 	bl	10005254 <tud_cdc_n_connected>
10003c7c:	b958      	cbnz	r0, 10003c96 <stdio_usb_in_chars+0x5e>
10003c7e:	2100      	movs	r1, #0
10003c80:	f04f 30ff 	mov.w	r0, #4294967295	@ 0xffffffff
10003c84:	f000 fd12 	bl	100046ac <tud_task_ext>
10003c88:	f06f 0402 	mvn.w	r4, #2
10003c8c:	480b      	ldr	r0, [pc, #44]	@ (10003cbc <stdio_usb_in_chars+0x84>)
10003c8e:	f003 fe9f 	bl	100079d0 <__mutex_exit_veneer>
10003c92:	4620      	mov	r0, r4
10003c94:	bd38      	pop	{r3, r4, r5, pc}
10003c96:	2000      	movs	r0, #0
10003c98:	f001 faf2 	bl	10005280 <tud_cdc_n_available>
10003c9c:	2800      	cmp	r0, #0
10003c9e:	d0ee      	beq.n	10003c7e <stdio_usb_in_chars+0x46>
10003ca0:	4621      	mov	r1, r4
10003ca2:	462a      	mov	r2, r5
10003ca4:	2000      	movs	r0, #0
10003ca6:	f001 faf7 	bl	10005298 <tud_cdc_n_read>
10003caa:	4604      	mov	r4, r0
10003cac:	2800      	cmp	r0, #0
10003cae:	d1ed      	bne.n	10003c8c <stdio_usb_in_chars+0x54>
10003cb0:	e7ea      	b.n	10003c88 <stdio_usb_in_chars+0x50>
10003cb2:	f06f 0402 	mvn.w	r4, #2
10003cb6:	e7ec      	b.n	10003c92 <stdio_usb_in_chars+0x5a>
10003cb8:	000f4240 	.word	0x000f4240
10003cbc:	200029f4 	.word	0x200029f4

10003cc0 <stdio_usb_out_flush>:
10003cc0:	b508      	push	{r3, lr}
10003cc2:	f7fd fcc9 	bl	10001658 <time_us_64>
10003cc6:	f04f 3eff 	mov.w	lr, #4294967295	@ 0xffffffff
10003cca:	f06f 4c00 	mvn.w	ip, #2147483648	@ 0x80000000
10003cce:	4a0f      	ldr	r2, [pc, #60]	@ (10003d0c <stdio_usb_out_flush+0x4c>)
10003cd0:	1882      	adds	r2, r0, r2
10003cd2:	f141 0300 	adc.w	r3, r1, #0
10003cd6:	4596      	cmp	lr, r2
10003cd8:	eb7c 0103 	sbcs.w	r1, ip, r3
10003cdc:	bf3c      	itt	cc
10003cde:	4672      	movcc	r2, lr
10003ce0:	4663      	movcc	r3, ip
10003ce2:	480b      	ldr	r0, [pc, #44]	@ (10003d10 <stdio_usb_out_flush+0x50>)
10003ce4:	f003 fe80 	bl	100079e8 <__mutex_try_enter_block_until_veneer>
10003ce8:	b170      	cbz	r0, 10003d08 <stdio_usb_out_flush+0x48>
10003cea:	f04f 30ff 	mov.w	r0, #4294967295	@ 0xffffffff
10003cee:	2100      	movs	r1, #0
10003cf0:	f000 fcdc 	bl	100046ac <tud_task_ext>
10003cf4:	2000      	movs	r0, #0
10003cf6:	f001 fb15 	bl	10005324 <tud_cdc_n_write_flush>
10003cfa:	2800      	cmp	r0, #0
10003cfc:	d1f5      	bne.n	10003cea <stdio_usb_out_flush+0x2a>
10003cfe:	e8bd 4008 	ldmia.w	sp!, {r3, lr}
10003d02:	4803      	ldr	r0, [pc, #12]	@ (10003d10 <stdio_usb_out_flush+0x50>)
10003d04:	f003 be64 	b.w	100079d0 <__mutex_exit_veneer>
10003d08:	bd08      	pop	{r3, pc}
10003d0a:	bf00      	nop
10003d0c:	000f4240 	.word	0x000f4240
10003d10:	200029f4 	.word	0x200029f4

10003d14 <stdio_usb_out_chars>:
10003d14:	e92d 43f8 	stmdb	sp!, {r3, r4, r5, r6, r7, r8, r9, lr}
10003d18:	4607      	mov	r7, r0
10003d1a:	460e      	mov	r6, r1
10003d1c:	f7fd fc9c 	bl	10001658 <time_us_64>
10003d20:	f04f 35ff 	mov.w	r5, #4294967295	@ 0xffffffff
10003d24:	f06f 4400 	mvn.w	r4, #2147483648	@ 0x80000000
10003d28:	4a33      	ldr	r2, [pc, #204]	@ (10003df8 <stdio_usb_out_chars+0xe4>)
10003d2a:	1882      	adds	r2, r0, r2
10003d2c:	f141 0300 	adc.w	r3, r1, #0
10003d30:	4295      	cmp	r5, r2
10003d32:	eb74 0103 	sbcs.w	r1, r4, r3
10003d36:	bf3c      	itt	cc
10003d38:	462a      	movcc	r2, r5
10003d3a:	4623      	movcc	r3, r4
10003d3c:	482f      	ldr	r0, [pc, #188]	@ (10003dfc <stdio_usb_out_chars+0xe8>)
10003d3e:	f003 fe53 	bl	100079e8 <__mutex_try_enter_block_until_veneer>
10003d42:	b908      	cbnz	r0, 10003d48 <stdio_usb_out_chars+0x34>
10003d44:	e8bd 83f8 	ldmia.w	sp!, {r3, r4, r5, r6, r7, r8, r9, pc}
10003d48:	2000      	movs	r0, #0
10003d4a:	f001 fa83 	bl	10005254 <tud_cdc_n_connected>
10003d4e:	2800      	cmp	r0, #0
10003d50:	d048      	beq.n	10003de4 <stdio_usb_out_chars+0xd0>
10003d52:	2e00      	cmp	r6, #0
10003d54:	dd41      	ble.n	10003dda <stdio_usb_out_chars+0xc6>
10003d56:	2500      	movs	r5, #0
10003d58:	f8df 80a4 	ldr.w	r8, [pc, #164]	@ 10003e00 <stdio_usb_out_chars+0xec>
10003d5c:	f8df 90a4 	ldr.w	r9, [pc, #164]	@ 10003e04 <stdio_usb_out_chars+0xf0>
10003d60:	e013      	b.n	10003d8a <stdio_usb_out_chars+0x76>
10003d62:	4622      	mov	r2, r4
10003d64:	2000      	movs	r0, #0
10003d66:	f001 fb23 	bl	100053b0 <tud_cdc_n_write>
10003d6a:	2100      	movs	r1, #0
10003d6c:	4604      	mov	r4, r0
10003d6e:	f04f 30ff 	mov.w	r0, #4294967295	@ 0xffffffff
10003d72:	f000 fc9b 	bl	100046ac <tud_task_ext>
10003d76:	2000      	movs	r0, #0
10003d78:	f001 fad4 	bl	10005324 <tud_cdc_n_write_flush>
10003d7c:	f7fd fc6c 	bl	10001658 <time_us_64>
10003d80:	e9c8 0100 	strd	r0, r1, [r8]
10003d84:	4425      	add	r5, r4
10003d86:	42ae      	cmp	r6, r5
10003d88:	dd27      	ble.n	10003dda <stdio_usb_out_chars+0xc6>
10003d8a:	2000      	movs	r0, #0
10003d8c:	f001 fb32 	bl	100053f4 <tud_cdc_n_write_available>
10003d90:	1b74      	subs	r4, r6, r5
10003d92:	4284      	cmp	r4, r0
10003d94:	bfa8      	it	ge
10003d96:	4604      	movge	r4, r0
10003d98:	1979      	adds	r1, r7, r5
10003d9a:	2c00      	cmp	r4, #0
10003d9c:	d1e1      	bne.n	10003d62 <stdio_usb_out_chars+0x4e>
10003d9e:	4621      	mov	r1, r4
10003da0:	f04f 30ff 	mov.w	r0, #4294967295	@ 0xffffffff
10003da4:	f000 fc82 	bl	100046ac <tud_task_ext>
10003da8:	4620      	mov	r0, r4
10003daa:	f001 fabb 	bl	10005324 <tud_cdc_n_write_flush>
10003dae:	4620      	mov	r0, r4
10003db0:	f001 fa50 	bl	10005254 <tud_cdc_n_connected>
10003db4:	b188      	cbz	r0, 10003dda <stdio_usb_out_chars+0xc6>
10003db6:	4620      	mov	r0, r4
10003db8:	f001 fb1c 	bl	100053f4 <tud_cdc_n_write_available>
10003dbc:	2800      	cmp	r0, #0
10003dbe:	d1e2      	bne.n	10003d86 <stdio_usb_out_chars+0x72>
10003dc0:	f7fd fc4a 	bl	10001658 <time_us_64>
10003dc4:	f8d8 3000 	ldr.w	r3, [r8]
10003dc8:	f8d8 2004 	ldr.w	r2, [r8, #4]
10003dcc:	eb13 0309 	adds.w	r3, r3, r9
10003dd0:	f142 0200 	adc.w	r2, r2, #0
10003dd4:	4283      	cmp	r3, r0
10003dd6:	418a      	sbcs	r2, r1
10003dd8:	d2d5      	bcs.n	10003d86 <stdio_usb_out_chars+0x72>
10003dda:	4808      	ldr	r0, [pc, #32]	@ (10003dfc <stdio_usb_out_chars+0xe8>)
10003ddc:	e8bd 43f8 	ldmia.w	sp!, {r3, r4, r5, r6, r7, r8, r9, lr}
10003de0:	f003 bdf6 	b.w	100079d0 <__mutex_exit_veneer>
10003de4:	2000      	movs	r0, #0
10003de6:	2100      	movs	r1, #0
10003de8:	4b05      	ldr	r3, [pc, #20]	@ (10003e00 <stdio_usb_out_chars+0xec>)
10003dea:	e9c3 0100 	strd	r0, r1, [r3]
10003dee:	e8bd 43f8 	ldmia.w	sp!, {r3, r4, r5, r6, r7, r8, r9, lr}
10003df2:	4802      	ldr	r0, [pc, #8]	@ (10003dfc <stdio_usb_out_chars+0xe8>)
10003df4:	f003 bdec 	b.w	100079d0 <__mutex_exit_veneer>
10003df8:	000f4240 	.word	0x000f4240
10003dfc:	200029f4 	.word	0x200029f4
10003e00:	20001ce8 	.word	0x20001ce8
10003e04:	0007a120 	.word	0x0007a120

10003e08 <low_priority_worker_irq>:
10003e08:	b530      	push	{r4, r5, lr}
10003e0a:	2100      	movs	r1, #0
10003e0c:	b085      	sub	sp, #20
10003e0e:	482e      	ldr	r0, [pc, #184]	@ (10003ec8 <low_priority_worker_irq+0xc0>)
10003e10:	f003 fdee 	bl	100079f0 <__mutex_try_enter_veneer>
10003e14:	b9f0      	cbnz	r0, 10003e54 <low_priority_worker_irq+0x4c>
10003e16:	4b2d      	ldr	r3, [pc, #180]	@ (10003ecc <low_priority_worker_irq+0xc4>)
10003e18:	681a      	ldr	r2, [r3, #0]
10003e1a:	b1ca      	cbz	r2, 10003e50 <low_priority_worker_irq+0x48>
10003e1c:	f3ef 8110 	mrs	r1, PRIMASK
10003e20:	b672      	cpsid	i
10003e22:	e8d2 5fcf 	ldaexb	r5, [r2]
10003e26:	2401      	movs	r4, #1
10003e28:	2d00      	cmp	r5, #0
10003e2a:	d1fa      	bne.n	10003e22 <low_priority_worker_irq+0x1a>
10003e2c:	e8c2 4f45 	strexb	r5, r4, [r2]
10003e30:	2d00      	cmp	r5, #0
10003e32:	d1f6      	bne.n	10003e22 <low_priority_worker_irq+0x1a>
10003e34:	f3bf 8f5f 	dmb	sy
10003e38:	4c25      	ldr	r4, [pc, #148]	@ (10003ed0 <low_priority_worker_irq+0xc8>)
10003e3a:	681d      	ldr	r5, [r3, #0]
10003e3c:	7822      	ldrb	r2, [r4, #0]
10003e3e:	6059      	str	r1, [r3, #4]
10003e40:	b2d3      	uxtb	r3, r2
10003e42:	2201      	movs	r2, #1
10003e44:	7022      	strb	r2, [r4, #0]
10003e46:	e8c5 0f8f 	stlb	r0, [r5]
10003e4a:	f381 8810 	msr	PRIMASK, r1
10003e4e:	b1cb      	cbz	r3, 10003e84 <low_priority_worker_irq+0x7c>
10003e50:	b005      	add	sp, #20
10003e52:	bd30      	pop	{r4, r5, pc}
10003e54:	2100      	movs	r1, #0
10003e56:	f04f 30ff 	mov.w	r0, #4294967295	@ 0xffffffff
10003e5a:	f000 fc27 	bl	100046ac <tud_task_ext>
10003e5e:	2000      	movs	r0, #0
10003e60:	f001 fa0e 	bl	10005280 <tud_cdc_n_available>
10003e64:	4604      	mov	r4, r0
10003e66:	4818      	ldr	r0, [pc, #96]	@ (10003ec8 <low_priority_worker_irq+0xc0>)
10003e68:	f003 fdb2 	bl	100079d0 <__mutex_exit_veneer>
10003e6c:	2c00      	cmp	r4, #0
10003e6e:	d0ef      	beq.n	10003e50 <low_priority_worker_irq+0x48>
10003e70:	4b18      	ldr	r3, [pc, #96]	@ (10003ed4 <low_priority_worker_irq+0xcc>)
10003e72:	681b      	ldr	r3, [r3, #0]
10003e74:	2b00      	cmp	r3, #0
10003e76:	d0eb      	beq.n	10003e50 <low_priority_worker_irq+0x48>
10003e78:	4a17      	ldr	r2, [pc, #92]	@ (10003ed8 <low_priority_worker_irq+0xd0>)
10003e7a:	6810      	ldr	r0, [r2, #0]
10003e7c:	b005      	add	sp, #20
10003e7e:	e8bd 4030 	ldmia.w	sp!, {r4, r5, lr}
10003e82:	4718      	bx	r3
10003e84:	f7fd f9e4 	bl	10001250 <alarm_pool_get_default>
10003e88:	4604      	mov	r4, r0
10003e8a:	f7fd fbe5 	bl	10001658 <time_us_64>
10003e8e:	f04f 3cff 	mov.w	ip, #4294967295	@ 0xffffffff
10003e92:	f06f 4500 	mvn.w	r5, #2147483648	@ 0x80000000
10003e96:	f510 727a 	adds.w	r2, r0, #1000	@ 0x3e8
10003e9a:	f141 0300 	adc.w	r3, r1, #0
10003e9e:	4594      	cmp	ip, r2
10003ea0:	eb75 0103 	sbcs.w	r1, r5, r3
10003ea4:	bf38      	it	cc
10003ea6:	462b      	movcc	r3, r5
10003ea8:	f04f 0100 	mov.w	r1, #0
10003eac:	f04f 0501 	mov.w	r5, #1
10003eb0:	4620      	mov	r0, r4
10003eb2:	4c0a      	ldr	r4, [pc, #40]	@ (10003edc <low_priority_worker_irq+0xd4>)
10003eb4:	bf38      	it	cc
10003eb6:	4662      	movcc	r2, ip
10003eb8:	e9cd 1501 	strd	r1, r5, [sp, #4]
10003ebc:	9400      	str	r4, [sp, #0]
10003ebe:	f7fd f9cb 	bl	10001258 <alarm_pool_add_alarm_at>
10003ec2:	b005      	add	sp, #20
10003ec4:	bd30      	pop	{r4, r5, pc}
10003ec6:	bf00      	nop
10003ec8:	200029f4 	.word	0x200029f4
10003ecc:	200029c0 	.word	0x200029c0
10003ed0:	20002a1a 	.word	0x20002a1a
10003ed4:	20002540 	.word	0x20002540
10003ed8:	20002544 	.word	0x20002544
10003edc:	10003bbd 	.word	0x10003bbd

10003ee0 <stdio_usb_init>:
10003ee0:	f04f 4350 	mov.w	r3, #3489660928	@ 0xd0000000
10003ee4:	b530      	push	{r4, r5, lr}
10003ee6:	b085      	sub	sp, #20
10003ee8:	681c      	ldr	r4, [r3, #0]
10003eea:	f7fd f9b1 	bl	10001250 <alarm_pool_get_default>
10003eee:	f7fd fac5 	bl	1000147c <alarm_pool_core_num>
10003ef2:	42a0      	cmp	r0, r4
10003ef4:	d002      	beq.n	10003efc <stdio_usb_init+0x1c>
10003ef6:	2000      	movs	r0, #0
10003ef8:	b005      	add	sp, #20
10003efa:	bd30      	pop	{r4, r5, pc}
10003efc:	2100      	movs	r1, #0
10003efe:	4b2a      	ldr	r3, [pc, #168]	@ (10003fa8 <stdio_usb_init+0xc8>)
10003f00:	4608      	mov	r0, r1
10003f02:	781b      	ldrb	r3, [r3, #0]
10003f04:	f001 fd46 	bl	10005994 <tusb_rhport_init>
10003f08:	4828      	ldr	r0, [pc, #160]	@ (10003fac <stdio_usb_init+0xcc>)
10003f0a:	6803      	ldr	r3, [r0, #0]
10003f0c:	2b00      	cmp	r3, #0
10003f0e:	d047      	beq.n	10003fa0 <stdio_usb_init+0xc0>
10003f10:	2001      	movs	r0, #1
10003f12:	f7fc ff23 	bl	10000d5c <user_irq_claim_unused>
10003f16:	4603      	mov	r3, r0
10003f18:	4c25      	ldr	r4, [pc, #148]	@ (10003fb0 <stdio_usb_init+0xd0>)
10003f1a:	4926      	ldr	r1, [pc, #152]	@ (10003fb4 <stdio_usb_init+0xd4>)
10003f1c:	b2c0      	uxtb	r0, r0
10003f1e:	7023      	strb	r3, [r4, #0]
10003f20:	f7fc fd9a 	bl	10000a58 <irq_set_exclusive_handler>
10003f24:	7820      	ldrb	r0, [r4, #0]
10003f26:	2101      	movs	r1, #1
10003f28:	f7fc fd54 	bl	100009d4 <irq_set_enabled>
10003f2c:	200e      	movs	r0, #14
10003f2e:	f7fc fd83 	bl	10000a38 <irq_has_shared_handler>
10003f32:	bb40      	cbnz	r0, 10003f86 <stdio_usb_init+0xa6>
10003f34:	4b20      	ldr	r3, [pc, #128]	@ (10003fb8 <stdio_usb_init+0xd8>)
10003f36:	2501      	movs	r5, #1
10003f38:	e9c3 0000 	strd	r0, r0, [r3]
10003f3c:	f7fd f988 	bl	10001250 <alarm_pool_get_default>
10003f40:	4604      	mov	r4, r0
10003f42:	f7fd fb89 	bl	10001658 <time_us_64>
10003f46:	f04f 3eff 	mov.w	lr, #4294967295	@ 0xffffffff
10003f4a:	f06f 4c00 	mvn.w	ip, #2147483648	@ 0x80000000
10003f4e:	f510 727a 	adds.w	r2, r0, #1000	@ 0x3e8
10003f52:	f141 0300 	adc.w	r3, r1, #0
10003f56:	4596      	cmp	lr, r2
10003f58:	eb7c 0103 	sbcs.w	r1, ip, r3
10003f5c:	f04f 0100 	mov.w	r1, #0
10003f60:	4620      	mov	r0, r4
10003f62:	4c16      	ldr	r4, [pc, #88]	@ (10003fbc <stdio_usb_init+0xdc>)
10003f64:	bf3c      	itt	cc
10003f66:	4672      	movcc	r2, lr
10003f68:	4663      	movcc	r3, ip
10003f6a:	e9cd 1501 	strd	r1, r5, [sp, #4]
10003f6e:	9400      	str	r4, [sp, #0]
10003f70:	f7fd f972 	bl	10001258 <alarm_pool_add_alarm_at>
10003f74:	2800      	cmp	r0, #0
10003f76:	dbbe      	blt.n	10003ef6 <stdio_usb_init+0x16>
10003f78:	2101      	movs	r1, #1
10003f7a:	4811      	ldr	r0, [pc, #68]	@ (10003fc0 <stdio_usb_init+0xe0>)
10003f7c:	f7ff fcb6 	bl	100038ec <stdio_set_driver_enabled>
10003f80:	2001      	movs	r0, #1
10003f82:	b005      	add	sp, #20
10003f84:	bd30      	pop	{r4, r5, pc}
10003f86:	2001      	movs	r0, #1
10003f88:	f7fc fce0 	bl	1000094c <spin_lock_claim_unused>
10003f8c:	4601      	mov	r1, r0
10003f8e:	480a      	ldr	r0, [pc, #40]	@ (10003fb8 <stdio_usb_init+0xd8>)
10003f90:	f7fc ff40 	bl	10000e14 <critical_section_init_with_lock_num>
10003f94:	2200      	movs	r2, #0
10003f96:	200e      	movs	r0, #14
10003f98:	490a      	ldr	r1, [pc, #40]	@ (10003fc4 <stdio_usb_init+0xe4>)
10003f9a:	f7fc fd8d 	bl	10000ab8 <irq_add_shared_handler>
10003f9e:	e7eb      	b.n	10003f78 <stdio_usb_init+0x98>
10003fa0:	f7fc ff1c 	bl	10000ddc <mutex_init>
10003fa4:	e7b4      	b.n	10003f10 <stdio_usb_init+0x30>
10003fa6:	bf00      	nop
10003fa8:	10007f50 	.word	0x10007f50
10003fac:	200029f4 	.word	0x200029f4
10003fb0:	20002a18 	.word	0x20002a18
10003fb4:	10003e09 	.word	0x10003e09
10003fb8:	200029c0 	.word	0x200029c0
10003fbc:	10003bbd 	.word	0x10003bbd
10003fc0:	20001518 	.word	0x20001518
10003fc4:	10003c2d 	.word	0x10003c2d

10003fc8 <tud_descriptor_device_cb>:
10003fc8:	4800      	ldr	r0, [pc, #0]	@ (10003fcc <tud_descriptor_device_cb+0x4>)
10003fca:	4770      	bx	lr
10003fcc:	10007ec8 	.word	0x10007ec8

10003fd0 <tud_descriptor_configuration_cb>:
10003fd0:	4800      	ldr	r0, [pc, #0]	@ (10003fd4 <tud_descriptor_configuration_cb+0x4>)
10003fd2:	4770      	bx	lr
10003fd4:	10007e74 	.word	0x10007e74

10003fd8 <tud_descriptor_string_cb>:
10003fd8:	b538      	push	{r3, r4, r5, lr}
10003fda:	4b18      	ldr	r3, [pc, #96]	@ (1000403c <tud_descriptor_string_cb+0x64>)
10003fdc:	4604      	mov	r4, r0
10003fde:	781a      	ldrb	r2, [r3, #0]
10003fe0:	b30a      	cbz	r2, 10004026 <tud_descriptor_string_cb+0x4e>
10003fe2:	b944      	cbnz	r4, 10003ff6 <tud_descriptor_string_cb+0x1e>
10003fe4:	f240 4209 	movw	r2, #1033	@ 0x409
10003fe8:	f44f 7341 	mov.w	r3, #772	@ 0x304
10003fec:	4d14      	ldr	r5, [pc, #80]	@ (10004040 <tud_descriptor_string_cb+0x68>)
10003fee:	806a      	strh	r2, [r5, #2]
10003ff0:	4813      	ldr	r0, [pc, #76]	@ (10004040 <tud_descriptor_string_cb+0x68>)
10003ff2:	802b      	strh	r3, [r5, #0]
10003ff4:	bd38      	pop	{r3, r4, r5, pc}
10003ff6:	2c05      	cmp	r4, #5
10003ff8:	d81a      	bhi.n	10004030 <tud_descriptor_string_cb+0x58>
10003ffa:	4b12      	ldr	r3, [pc, #72]	@ (10004044 <tud_descriptor_string_cb+0x6c>)
10003ffc:	4d10      	ldr	r5, [pc, #64]	@ (10004040 <tud_descriptor_string_cb+0x68>)
10003ffe:	f853 1024 	ldr.w	r1, [r3, r4, lsl #2]
10004002:	4628      	mov	r0, r5
10004004:	2300      	movs	r3, #0
10004006:	3901      	subs	r1, #1
10004008:	e003      	b.n	10004012 <tud_descriptor_string_cb+0x3a>
1000400a:	2b13      	cmp	r3, #19
1000400c:	f820 2f02 	strh.w	r2, [r0, #2]!
10004010:	d010      	beq.n	10004034 <tud_descriptor_string_cb+0x5c>
10004012:	f811 2f01 	ldrb.w	r2, [r1, #1]!
10004016:	3301      	adds	r3, #1
10004018:	b2db      	uxtb	r3, r3
1000401a:	2a00      	cmp	r2, #0
1000401c:	d1f5      	bne.n	1000400a <tud_descriptor_string_cb+0x32>
1000401e:	005b      	lsls	r3, r3, #1
10004020:	f443 7340 	orr.w	r3, r3, #768	@ 0x300
10004024:	e7e4      	b.n	10003ff0 <tud_descriptor_string_cb+0x18>
10004026:	2111      	movs	r1, #17
10004028:	4618      	mov	r0, r3
1000402a:	f000 f825 	bl	10004078 <pico_get_unique_board_id_string>
1000402e:	e7d8      	b.n	10003fe2 <tud_descriptor_string_cb+0xa>
10004030:	2000      	movs	r0, #0
10004032:	bd38      	pop	{r3, r4, r5, pc}
10004034:	f44f 734a 	mov.w	r3, #808	@ 0x328
10004038:	e7da      	b.n	10003ff0 <tud_descriptor_string_cb+0x18>
1000403a:	bf00      	nop
1000403c:	20002a00 	.word	0x20002a00
10004040:	2000257c 	.word	0x2000257c
10004044:	10007e5c 	.word	0x10007e5c

10004048 <_retrieve_unique_id_on_boot>:
10004048:	b500      	push	{lr}
1000404a:	f245 3047 	movw	r0, #21319	@ 0x5347
1000404e:	b08b      	sub	sp, #44	@ 0x2c
10004050:	f7fd fd5c 	bl	10001b0c <rom_func_lookup>
10004054:	2201      	movs	r2, #1
10004056:	4603      	mov	r3, r0
10004058:	2109      	movs	r1, #9
1000405a:	a801      	add	r0, sp, #4
1000405c:	4798      	blx	r3
1000405e:	e9dd 3203 	ldrd	r3, r2, [sp, #12]
10004062:	4904      	ldr	r1, [pc, #16]	@ (10004074 <_retrieve_unique_id_on_boot+0x2c>)
10004064:	ba12      	rev	r2, r2
10004066:	ba1b      	rev	r3, r3
10004068:	e9c1 2300 	strd	r2, r3, [r1]
1000406c:	b00b      	add	sp, #44	@ 0x2c
1000406e:	f85d fb04 	ldr.w	pc, [sp], #4
10004072:	bf00      	nop
10004074:	200029e8 	.word	0x200029e8

10004078 <pico_get_unique_board_id_string>:
10004078:	2901      	cmp	r1, #1
1000407a:	f101 33ff 	add.w	r3, r1, #4294967295	@ 0xffffffff
1000407e:	f000 80b3 	beq.w	100041e8 <pico_get_unique_board_id_string+0x170>
10004082:	495d      	ldr	r1, [pc, #372]	@ (100041f8 <pico_get_unique_board_id_string+0x180>)
10004084:	780a      	ldrb	r2, [r1, #0]
10004086:	ea4f 1c12 	mov.w	ip, r2, lsr #4
1000408a:	2a9f      	cmp	r2, #159	@ 0x9f
1000408c:	bf8c      	ite	hi
1000408e:	f10c 0c37 	addhi.w	ip, ip, #55	@ 0x37
10004092:	f10c 0c30 	addls.w	ip, ip, #48	@ 0x30
10004096:	2b01      	cmp	r3, #1
10004098:	f880 c000 	strb.w	ip, [r0]
1000409c:	f000 80a7 	beq.w	100041ee <pico_get_unique_board_id_string+0x176>
100040a0:	f002 020f 	and.w	r2, r2, #15
100040a4:	2a09      	cmp	r2, #9
100040a6:	bf8c      	ite	hi
100040a8:	3237      	addhi	r2, #55	@ 0x37
100040aa:	3230      	addls	r2, #48	@ 0x30
100040ac:	2b02      	cmp	r3, #2
100040ae:	7042      	strb	r2, [r0, #1]
100040b0:	f000 809d 	beq.w	100041ee <pico_get_unique_board_id_string+0x176>
100040b4:	784a      	ldrb	r2, [r1, #1]
100040b6:	ea4f 1c12 	mov.w	ip, r2, lsr #4
100040ba:	2a9f      	cmp	r2, #159	@ 0x9f
100040bc:	bf8c      	ite	hi
100040be:	f10c 0c37 	addhi.w	ip, ip, #55	@ 0x37
100040c2:	f10c 0c30 	addls.w	ip, ip, #48	@ 0x30
100040c6:	2b03      	cmp	r3, #3
100040c8:	f880 c002 	strb.w	ip, [r0, #2]
100040cc:	f000 808f 	beq.w	100041ee <pico_get_unique_board_id_string+0x176>
100040d0:	f002 020f 	and.w	r2, r2, #15
100040d4:	2a09      	cmp	r2, #9
100040d6:	bf8c      	ite	hi
100040d8:	3237      	addhi	r2, #55	@ 0x37
100040da:	3230      	addls	r2, #48	@ 0x30
100040dc:	2b04      	cmp	r3, #4
100040de:	70c2      	strb	r2, [r0, #3]
100040e0:	f000 8085 	beq.w	100041ee <pico_get_unique_board_id_string+0x176>
100040e4:	788a      	ldrb	r2, [r1, #2]
100040e6:	ea4f 1c12 	mov.w	ip, r2, lsr #4
100040ea:	2a9f      	cmp	r2, #159	@ 0x9f
100040ec:	bf8c      	ite	hi
100040ee:	f10c 0c37 	addhi.w	ip, ip, #55	@ 0x37
100040f2:	f10c 0c30 	addls.w	ip, ip, #48	@ 0x30
100040f6:	2b05      	cmp	r3, #5
100040f8:	f880 c004 	strb.w	ip, [r0, #4]
100040fc:	d077      	beq.n	100041ee <pico_get_unique_board_id_string+0x176>
100040fe:	f002 020f 	and.w	r2, r2, #15
10004102:	2a09      	cmp	r2, #9
10004104:	bf8c      	ite	hi
10004106:	3237      	addhi	r2, #55	@ 0x37
10004108:	3230      	addls	r2, #48	@ 0x30
1000410a:	2b06      	cmp	r3, #6
1000410c:	7142      	strb	r2, [r0, #5]
1000410e:	d06e      	beq.n	100041ee <pico_get_unique_board_id_string+0x176>
10004110:	78ca      	ldrb	r2, [r1, #3]
10004112:	ea4f 1c12 	mov.w	ip, r2, lsr #4
10004116:	2a9f      	cmp	r2, #159	@ 0x9f
10004118:	bf8c      	ite	hi
1000411a:	f10c 0c37 	addhi.w	ip, ip, #55	@ 0x37
1000411e:	f10c 0c30 	addls.w	ip, ip, #48	@ 0x30
10004122:	2b07      	cmp	r3, #7
10004124:	f880 c006 	strb.w	ip, [r0, #6]
10004128:	d061      	beq.n	100041ee <pico_get_unique_board_id_string+0x176>
1000412a:	f002 020f 	and.w	r2, r2, #15
1000412e:	2a09      	cmp	r2, #9
10004130:	bf8c      	ite	hi
10004132:	3237      	addhi	r2, #55	@ 0x37
10004134:	3230      	addls	r2, #48	@ 0x30
10004136:	2b08      	cmp	r3, #8
10004138:	71c2      	strb	r2, [r0, #7]
1000413a:	d058      	beq.n	100041ee <pico_get_unique_board_id_string+0x176>
1000413c:	790a      	ldrb	r2, [r1, #4]
1000413e:	ea4f 1c12 	mov.w	ip, r2, lsr #4
10004142:	2a9f      	cmp	r2, #159	@ 0x9f
10004144:	bf8c      	ite	hi
10004146:	f10c 0c37 	addhi.w	ip, ip, #55	@ 0x37
1000414a:	f10c 0c30 	addls.w	ip, ip, #48	@ 0x30
1000414e:	2b09      	cmp	r3, #9
10004150:	f880 c008 	strb.w	ip, [r0, #8]
10004154:	d04b      	beq.n	100041ee <pico_get_unique_board_id_string+0x176>
10004156:	f002 020f 	and.w	r2, r2, #15
1000415a:	2a09      	cmp	r2, #9
1000415c:	bf8c      	ite	hi
1000415e:	3237      	addhi	r2, #55	@ 0x37
10004160:	3230      	addls	r2, #48	@ 0x30
10004162:	2b0a      	cmp	r3, #10
10004164:	7242      	strb	r2, [r0, #9]
10004166:	d042      	beq.n	100041ee <pico_get_unique_board_id_string+0x176>
10004168:	794a      	ldrb	r2, [r1, #5]
1000416a:	ea4f 1c12 	mov.w	ip, r2, lsr #4
1000416e:	2a9f      	cmp	r2, #159	@ 0x9f
10004170:	bf8c      	ite	hi
10004172:	f10c 0c37 	addhi.w	ip, ip, #55	@ 0x37
10004176:	f10c 0c30 	addls.w	ip, ip, #48	@ 0x30
1000417a:	2b0b      	cmp	r3, #11
1000417c:	f880 c00a 	strb.w	ip, [r0, #10]
10004180:	d035      	beq.n	100041ee <pico_get_unique_board_id_string+0x176>
10004182:	f002 020f 	and.w	r2, r2, #15
10004186:	2a09      	cmp	r2, #9
10004188:	bf8c      	ite	hi
1000418a:	3237      	addhi	r2, #55	@ 0x37
1000418c:	3230      	addls	r2, #48	@ 0x30
1000418e:	2b0c      	cmp	r3, #12
10004190:	72c2      	strb	r2, [r0, #11]
10004192:	d02c      	beq.n	100041ee <pico_get_unique_board_id_string+0x176>
10004194:	798a      	ldrb	r2, [r1, #6]
10004196:	ea4f 1c12 	mov.w	ip, r2, lsr #4
1000419a:	2a9f      	cmp	r2, #159	@ 0x9f
1000419c:	bf8c      	ite	hi
1000419e:	f10c 0c37 	addhi.w	ip, ip, #55	@ 0x37
100041a2:	f10c 0c30 	addls.w	ip, ip, #48	@ 0x30
100041a6:	2b0d      	cmp	r3, #13
100041a8:	f880 c00c 	strb.w	ip, [r0, #12]
100041ac:	d01f      	beq.n	100041ee <pico_get_unique_board_id_string+0x176>
100041ae:	f002 020f 	and.w	r2, r2, #15
100041b2:	2a09      	cmp	r2, #9
100041b4:	bf8c      	ite	hi
100041b6:	3237      	addhi	r2, #55	@ 0x37
100041b8:	3230      	addls	r2, #48	@ 0x30
100041ba:	2b0e      	cmp	r3, #14
100041bc:	7342      	strb	r2, [r0, #13]
100041be:	d016      	beq.n	100041ee <pico_get_unique_board_id_string+0x176>
100041c0:	79ca      	ldrb	r2, [r1, #7]
100041c2:	0911      	lsrs	r1, r2, #4
100041c4:	2a9f      	cmp	r2, #159	@ 0x9f
100041c6:	bf8c      	ite	hi
100041c8:	3137      	addhi	r1, #55	@ 0x37
100041ca:	3130      	addls	r1, #48	@ 0x30
100041cc:	2b0f      	cmp	r3, #15
100041ce:	7381      	strb	r1, [r0, #14]
100041d0:	d00d      	beq.n	100041ee <pico_get_unique_board_id_string+0x176>
100041d2:	f002 020f 	and.w	r2, r2, #15
100041d6:	2a09      	cmp	r2, #9
100041d8:	bf94      	ite	ls
100041da:	3230      	addls	r2, #48	@ 0x30
100041dc:	3237      	addhi	r2, #55	@ 0x37
100041de:	2b10      	cmp	r3, #16
100041e0:	73c2      	strb	r2, [r0, #15]
100041e2:	bf18      	it	ne
100041e4:	3010      	addne	r0, #16
100041e6:	d002      	beq.n	100041ee <pico_get_unique_board_id_string+0x176>
100041e8:	2300      	movs	r3, #0
100041ea:	7003      	strb	r3, [r0, #0]
100041ec:	4770      	bx	lr
100041ee:	4418      	add	r0, r3
100041f0:	2300      	movs	r3, #0
100041f2:	7003      	strb	r3, [r0, #0]
100041f4:	4770      	bx	lr
100041f6:	bf00      	nop
100041f8:	200029e8 	.word	0x200029e8

100041fc <dcd_init>:
100041fc:	b570      	push	{r4, r5, r6, lr}
100041fe:	f000 f933 	bl	10004468 <rp2040_usb_init>
10004202:	230c      	movs	r3, #12
10004204:	2640      	movs	r6, #64	@ 0x40
10004206:	4c1b      	ldr	r4, [pc, #108]	@ (10004274 <dcd_init+0x78>)
10004208:	22ff      	movs	r2, #255	@ 0xff
1000420a:	67a3      	str	r3, [r4, #120]	@ 0x78
1000420c:	200e      	movs	r0, #14
1000420e:	491a      	ldr	r1, [pc, #104]	@ (10004278 <dcd_init+0x7c>)
10004210:	f7fc fc52 	bl	10000ab8 <irq_add_shared_handler>
10004214:	4b19      	ldr	r3, [pc, #100]	@ (1000427c <dcd_init+0x80>)
10004216:	4632      	mov	r2, r6
10004218:	2100      	movs	r1, #0
1000421a:	4618      	mov	r0, r3
1000421c:	f002 fdfe 	bl	10006e1c <memset>
10004220:	4603      	mov	r3, r0
10004222:	2100      	movs	r1, #0
10004224:	2501      	movs	r5, #1
10004226:	2080      	movs	r0, #128	@ 0x80
10004228:	4a15      	ldr	r2, [pc, #84]	@ (10004280 <dcd_init+0x84>)
1000422a:	8458      	strh	r0, [r3, #34]	@ 0x22
1000422c:	609a      	str	r2, [r3, #8]
1000422e:	3a84      	subs	r2, #132	@ 0x84
10004230:	705d      	strb	r5, [r3, #1]
10004232:	831e      	strh	r6, [r3, #24]
10004234:	871e      	strh	r6, [r3, #56]	@ 0x38
10004236:	6059      	str	r1, [r3, #4]
10004238:	f8c2 1084 	str.w	r1, [r2, #132]	@ 0x84
1000423c:	f8c2 1080 	str.w	r1, [r2, #128]	@ 0x80
10004240:	f502 7280 	add.w	r2, r2, #256	@ 0x100
10004244:	60da      	str	r2, [r3, #12]
10004246:	62da      	str	r2, [r3, #44]	@ 0x2c
10004248:	3a80      	subs	r2, #128	@ 0x80
1000424a:	f883 1021 	strb.w	r1, [r3, #33]	@ 0x21
1000424e:	f883 103b 	strb.w	r1, [r3, #59]	@ 0x3b
10004252:	6259      	str	r1, [r3, #36]	@ 0x24
10004254:	629a      	str	r2, [r3, #40]	@ 0x28
10004256:	f04f 5600 	mov.w	r6, #536870912	@ 0x20000000
1000425a:	f003 fbb1 	bl	100079c0 <__reset_non_control_endpoints_veneer>
1000425e:	f44f 3280 	mov.w	r2, #65536	@ 0x10000
10004262:	4908      	ldr	r1, [pc, #32]	@ (10004284 <dcd_init+0x88>)
10004264:	4b08      	ldr	r3, [pc, #32]	@ (10004288 <dcd_init+0x8c>)
10004266:	6425      	str	r5, [r4, #64]	@ 0x40
10004268:	4628      	mov	r0, r5
1000426a:	64e6      	str	r6, [r4, #76]	@ 0x4c
1000426c:	f8c4 1090 	str.w	r1, [r4, #144]	@ 0x90
10004270:	64da      	str	r2, [r3, #76]	@ 0x4c
10004272:	bd70      	pop	{r4, r5, r6, pc}
10004274:	50110000 	.word	0x50110000
10004278:	200003a9 	.word	0x200003a9
1000427c:	200025b4 	.word	0x200025b4
10004280:	50100084 	.word	0x50100084
10004284:	0001d010 	.word	0x0001d010
10004288:	50112000 	.word	0x50112000

1000428c <dcd_int_enable>:
1000428c:	2101      	movs	r1, #1
1000428e:	200e      	movs	r0, #14
10004290:	f7fc bba0 	b.w	100009d4 <irq_set_enabled>

10004294 <dcd_set_address>:
10004294:	2200      	movs	r2, #0
10004296:	4802      	ldr	r0, [pc, #8]	@ (100042a0 <dcd_set_address+0xc>)
10004298:	4611      	mov	r1, r2
1000429a:	f000 b905 	b.w	100044a8 <hw_endpoint_xfer_start>
1000429e:	bf00      	nop
100042a0:	200025d4 	.word	0x200025d4

100042a4 <dcd_sof_enable>:
100042a4:	4b04      	ldr	r3, [pc, #16]	@ (100042b8 <dcd_sof_enable+0x14>)
100042a6:	7019      	strb	r1, [r3, #0]
100042a8:	b121      	cbz	r1, 100042b4 <dcd_sof_enable+0x10>
100042aa:	f44f 3200 	mov.w	r2, #131072	@ 0x20000
100042ae:	4b03      	ldr	r3, [pc, #12]	@ (100042bc <dcd_sof_enable+0x18>)
100042b0:	f8c3 2090 	str.w	r2, [r3, #144]	@ 0x90
100042b4:	4770      	bx	lr
100042b6:	bf00      	nop
100042b8:	20002a12 	.word	0x20002a12
100042bc:	50112000 	.word	0x50112000

100042c0 <dcd_edpt0_status_complete>:
100042c0:	780b      	ldrb	r3, [r1, #0]
100042c2:	065b      	lsls	r3, r3, #25
100042c4:	d102      	bne.n	100042cc <dcd_edpt0_status_complete+0xc>
100042c6:	784b      	ldrb	r3, [r1, #1]
100042c8:	2b05      	cmp	r3, #5
100042ca:	d000      	beq.n	100042ce <dcd_edpt0_status_complete+0xe>
100042cc:	4770      	bx	lr
100042ce:	884b      	ldrh	r3, [r1, #2]
100042d0:	4a01      	ldr	r2, [pc, #4]	@ (100042d8 <dcd_edpt0_status_complete+0x18>)
100042d2:	b2db      	uxtb	r3, r3
100042d4:	6013      	str	r3, [r2, #0]
100042d6:	4770      	bx	lr
100042d8:	50110000 	.word	0x50110000

100042dc <dcd_edpt_open>:
100042dc:	78cb      	ldrb	r3, [r1, #3]
100042de:	e92d 41f0 	stmdb	sp!, {r4, r5, r6, r7, r8, lr}
100042e2:	f003 0e03 	and.w	lr, r3, #3
100042e6:	f1be 0f01 	cmp.w	lr, #1
100042ea:	f3c3 0001 	ubfx	r0, r3, #0, #2
100042ee:	d05d      	beq.n	100043ac <dcd_edpt_open+0xd0>
100042f0:	2700      	movs	r7, #0
100042f2:	f891 c002 	ldrb.w	ip, [r1, #2]
100042f6:	4c35      	ldr	r4, [pc, #212]	@ (100043cc <dcd_edpt_open+0xf0>)
100042f8:	f00c 037f 	and.w	r3, ip, #127	@ 0x7f
100042fc:	005e      	lsls	r6, r3, #1
100042fe:	8889      	ldrh	r1, [r1, #4]
10004300:	eb06 12dc 	add.w	r2, r6, ip, lsr #7
10004304:	eb04 1242 	add.w	r2, r4, r2, lsl #5
10004308:	ea4f 15dc 	mov.w	r5, ip, lsr #7
1000430c:	76d0      	strb	r0, [r2, #27]
1000430e:	f3c1 010a 	ubfx	r1, r1, #0, #11
10004312:	f085 0001 	eor.w	r0, r5, #1
10004316:	7050      	strb	r0, [r2, #1]
10004318:	f882 c002 	strb.w	ip, [r2, #2]
1000431c:	8311      	strh	r1, [r2, #24]
1000431e:	70d7      	strb	r7, [r2, #3]
10004320:	b218      	sxth	r0, r3
10004322:	00da      	lsls	r2, r3, #3
10004324:	bb8d      	cbnz	r5, 1000438a <dcd_edpt_open+0xae>
10004326:	482a      	ldr	r0, [pc, #168]	@ (100043d0 <dcd_edpt_open+0xf4>)
10004328:	3204      	adds	r2, #4
1000432a:	eb04 1c83 	add.w	ip, r4, r3, lsl #6
1000432e:	eb02 0800 	add.w	r8, r2, r0
10004332:	f8cc 8008 	str.w	r8, [ip, #8]
10004336:	5017      	str	r7, [r2, r0]
10004338:	b38b      	cbz	r3, 1000439e <dcd_edpt_open+0xc2>
1000433a:	4a26      	ldr	r2, [pc, #152]	@ (100043d4 <dcd_edpt_open+0xf8>)
1000433c:	00db      	lsls	r3, r3, #3
1000433e:	441a      	add	r2, r3
10004340:	f8cc 2004 	str.w	r2, [ip, #4]
10004344:	4b24      	ldr	r3, [pc, #144]	@ (100043d8 <dcd_edpt_open+0xfc>)
10004346:	313f      	adds	r1, #63	@ 0x3f
10004348:	681a      	ldr	r2, [r3, #0]
1000434a:	f021 013f 	bic.w	r1, r1, #63	@ 0x3f
1000434e:	f1be 0f02 	cmp.w	lr, #2
10004352:	bf08      	it	eq
10004354:	0049      	lsleq	r1, r1, #1
10004356:	4411      	add	r1, r2
10004358:	6019      	str	r1, [r3, #0]
1000435a:	4b20      	ldr	r3, [pc, #128]	@ (100043dc <dcd_edpt_open+0x100>)
1000435c:	1977      	adds	r7, r6, r5
1000435e:	eb04 1747 	add.w	r7, r4, r7, lsl #5
10004362:	4299      	cmp	r1, r3
10004364:	60fa      	str	r2, [r7, #12]
10004366:	d82c      	bhi.n	100043c2 <dcd_edpt_open+0xe6>
10004368:	442e      	add	r6, r5
1000436a:	eb04 1346 	add.w	r3, r4, r6, lsl #5
1000436e:	7ed9      	ldrb	r1, [r3, #27]
10004370:	f082 42a0 	eor.w	r2, r2, #1342177280	@ 0x50000000
10004374:	f482 1280 	eor.w	r2, r2, #1048576	@ 0x100000
10004378:	685b      	ldr	r3, [r3, #4]
1000437a:	ea42 6281 	orr.w	r2, r2, r1, lsl #26
1000437e:	f042 4200 	orr.w	r2, r2, #2147483648	@ 0x80000000
10004382:	601a      	str	r2, [r3, #0]
10004384:	2001      	movs	r0, #1
10004386:	e8bd 81f0 	ldmia.w	sp!, {r4, r5, r6, r7, r8, pc}
1000438a:	f8df c044 	ldr.w	ip, [pc, #68]	@ 100043d0 <dcd_edpt_open+0xf4>
1000438e:	eb04 1883 	add.w	r8, r4, r3, lsl #6
10004392:	4462      	add	r2, ip
10004394:	f8c8 2028 	str.w	r2, [r8, #40]	@ 0x28
10004398:	f84c 7030 	str.w	r7, [ip, r0, lsl #3]
1000439c:	b94b      	cbnz	r3, 100043b2 <dcd_edpt_open+0xd6>
1000439e:	2200      	movs	r2, #0
100043a0:	490f      	ldr	r1, [pc, #60]	@ (100043e0 <dcd_edpt_open+0x104>)
100043a2:	eb04 1345 	add.w	r3, r4, r5, lsl #5
100043a6:	60d9      	str	r1, [r3, #12]
100043a8:	605a      	str	r2, [r3, #4]
100043aa:	e7eb      	b.n	10004384 <dcd_edpt_open+0xa8>
100043ac:	2000      	movs	r0, #0
100043ae:	e8bd 81f0 	ldmia.w	sp!, {r4, r5, r6, r7, r8, pc}
100043b2:	00db      	lsls	r3, r3, #3
100043b4:	f103 43a0 	add.w	r3, r3, #1342177280	@ 0x50000000
100043b8:	f503 1380 	add.w	r3, r3, #1048576	@ 0x100000
100043bc:	f8c8 3024 	str.w	r3, [r8, #36]	@ 0x24
100043c0:	e7c0      	b.n	10004344 <dcd_edpt_open+0x68>
100043c2:	f7fd fbef 	bl	10001ba4 <hard_assertion_failure>
100043c6:	68fa      	ldr	r2, [r7, #12]
100043c8:	e7ce      	b.n	10004368 <dcd_edpt_open+0x8c>
100043ca:	bf00      	nop
100043cc:	200025b4 	.word	0x200025b4
100043d0:	50100080 	.word	0x50100080
100043d4:	50100004 	.word	0x50100004
100043d8:	200029bc 	.word	0x200029bc
100043dc:	50100fff 	.word	0x50100fff
100043e0:	50100100 	.word	0x50100100

100043e4 <dcd_edpt_close_all>:
100043e4:	f003 baec 	b.w	100079c0 <__reset_non_control_endpoints_veneer>

100043e8 <dcd_edpt_xfer>:
100043e8:	468c      	mov	ip, r1
100043ea:	b508      	push	{r3, lr}
100043ec:	4611      	mov	r1, r2
100043ee:	4807      	ldr	r0, [pc, #28]	@ (1000440c <dcd_edpt_xfer+0x24>)
100043f0:	461a      	mov	r2, r3
100043f2:	f00c 037f 	and.w	r3, ip, #127	@ 0x7f
100043f6:	ea4f 1cdc 	mov.w	ip, ip, lsr #7
100043fa:	eb0c 0c43 	add.w	ip, ip, r3, lsl #1
100043fe:	eb00 104c 	add.w	r0, r0, ip, lsl #5
10004402:	f000 f851 	bl	100044a8 <hw_endpoint_xfer_start>
10004406:	2001      	movs	r0, #1
10004408:	bd08      	pop	{r3, pc}
1000440a:	bf00      	nop
1000440c:	200025b4 	.word	0x200025b4

10004410 <dcd_edpt_stall>:
10004410:	09cb      	lsrs	r3, r1, #7
10004412:	f011 017f 	ands.w	r1, r1, #127	@ 0x7f
10004416:	d103      	bne.n	10004420 <dcd_edpt_stall+0x10>
10004418:	4a06      	ldr	r2, [pc, #24]	@ (10004434 <dcd_edpt_stall+0x24>)
1000441a:	f1c3 0002 	rsb	r0, r3, #2
1000441e:	6690      	str	r0, [r2, #104]	@ 0x68
10004420:	4805      	ldr	r0, [pc, #20]	@ (10004438 <dcd_edpt_stall+0x28>)
10004422:	eb03 0341 	add.w	r3, r3, r1, lsl #1
10004426:	f44f 6200 	mov.w	r2, #2048	@ 0x800
1000442a:	2100      	movs	r1, #0
1000442c:	eb00 1043 	add.w	r0, r0, r3, lsl #5
10004430:	f003 bad6 	b.w	100079e0 <___hw_endpoint_buffer_control_update32_veneer>
10004434:	50112000 	.word	0x50112000
10004438:	200025b4 	.word	0x200025b4

1000443c <dcd_edpt_clear_stall>:
1000443c:	f011 037f 	ands.w	r3, r1, #127	@ 0x7f
10004440:	d100      	bne.n	10004444 <dcd_edpt_clear_stall+0x8>
10004442:	4770      	bx	lr
10004444:	2200      	movs	r2, #0
10004446:	b410      	push	{r4}
10004448:	09c8      	lsrs	r0, r1, #7
1000444a:	4c06      	ldr	r4, [pc, #24]	@ (10004464 <dcd_edpt_clear_stall+0x28>)
1000444c:	eb00 0043 	add.w	r0, r0, r3, lsl #1
10004450:	eb04 1340 	add.w	r3, r4, r0, lsl #5
10004454:	f46f 6100 	mvn.w	r1, #2048	@ 0x800
10004458:	4618      	mov	r0, r3
1000445a:	f85d 4b04 	ldr.w	r4, [sp], #4
1000445e:	70da      	strb	r2, [r3, #3]
10004460:	f003 babe 	b.w	100079e0 <___hw_endpoint_buffer_control_update32_veneer>
10004464:	200025b4 	.word	0x200025b4

10004468 <rp2040_usb_init>:
10004468:	f04f 5280 	mov.w	r2, #268435456	@ 0x10000000
1000446c:	4809      	ldr	r0, [pc, #36]	@ (10004494 <rp2040_usb_init+0x2c>)
1000446e:	490a      	ldr	r1, [pc, #40]	@ (10004498 <rp2040_usb_init+0x30>)
10004470:	b508      	push	{r3, lr}
10004472:	4b0a      	ldr	r3, [pc, #40]	@ (1000449c <rp2040_usb_init+0x34>)
10004474:	6002      	str	r2, [r0, #0]
10004476:	600a      	str	r2, [r1, #0]
10004478:	6899      	ldr	r1, [r3, #8]
1000447a:	43c9      	mvns	r1, r1
1000447c:	f011 5180 	ands.w	r1, r1, #268435456	@ 0x10000000
10004480:	d1fa      	bne.n	10004478 <rp2040_usb_init+0x10>
10004482:	f44f 5280 	mov.w	r2, #4096	@ 0x1000
10004486:	4806      	ldr	r0, [pc, #24]	@ (100044a0 <rp2040_usb_init+0x38>)
10004488:	f002 fcc8 	bl	10006e1c <memset>
1000448c:	2209      	movs	r2, #9
1000448e:	4b05      	ldr	r3, [pc, #20]	@ (100044a4 <rp2040_usb_init+0x3c>)
10004490:	675a      	str	r2, [r3, #116]	@ 0x74
10004492:	bd08      	pop	{r3, pc}
10004494:	40022000 	.word	0x40022000
10004498:	40023000 	.word	0x40023000
1000449c:	40020000 	.word	0x40020000
100044a0:	50100000 	.word	0x50100000
100044a4:	50110000 	.word	0x50110000

100044a8 <hw_endpoint_xfer_start>:
100044a8:	2300      	movs	r3, #0
100044aa:	f04f 0c01 	mov.w	ip, #1
100044ae:	b510      	push	{r4, lr}
100044b0:	f880 c01a 	strb.w	ip, [r0, #26]
100044b4:	8282      	strh	r2, [r0, #20]
100044b6:	82c3      	strh	r3, [r0, #22]
100044b8:	6101      	str	r1, [r0, #16]
100044ba:	4604      	mov	r4, r0
100044bc:	f003 fa9c 	bl	100079f8 <__e15_is_bulkin_ep_veneer>
100044c0:	b120      	cbz	r0, 100044cc <hw_endpoint_xfer_start+0x24>
100044c2:	f44f 3200 	mov.w	r2, #131072	@ 0x20000
100044c6:	4b07      	ldr	r3, [pc, #28]	@ (100044e4 <hw_endpoint_xfer_start+0x3c>)
100044c8:	f8c3 2090 	str.w	r2, [r3, #144]	@ 0x90
100044cc:	4620      	mov	r0, r4
100044ce:	f003 fa83 	bl	100079d8 <__e15_is_critical_frame_period_veneer>
100044d2:	b110      	cbz	r0, 100044da <hw_endpoint_xfer_start+0x32>
100044d4:	2301      	movs	r3, #1
100044d6:	7723      	strb	r3, [r4, #28]
100044d8:	bd10      	pop	{r4, pc}
100044da:	4620      	mov	r0, r4
100044dc:	e8bd 4010 	ldmia.w	sp!, {r4, lr}
100044e0:	f003 ba66 	b.w	100079b0 <__hw_endpoint_start_next_buffer_veneer>
100044e4:	50112000 	.word	0x50112000

100044e8 <configuration_reset>:
100044e8:	e92d 41f0 	stmdb	sp!, {r4, r5, r6, r7, r8, lr}
100044ec:	2400      	movs	r4, #0
100044ee:	4e1d      	ldr	r6, [pc, #116]	@ (10004564 <configuration_reset+0x7c>)
100044f0:	4605      	mov	r5, r0
100044f2:	4623      	mov	r3, r4
100044f4:	7832      	ldrb	r2, [r6, #0]
100044f6:	f8df 8078 	ldr.w	r8, [pc, #120]	@ 10004570 <configuration_reset+0x88>
100044fa:	4f1b      	ldr	r7, [pc, #108]	@ (10004568 <configuration_reset+0x80>)
100044fc:	e00d      	b.n	1000451a <configuration_reset+0x32>
100044fe:	683b      	ldr	r3, [r7, #0]
10004500:	eb13 1344 	adds.w	r3, r3, r4, lsl #5
10004504:	d025      	beq.n	10004552 <configuration_reset+0x6a>
10004506:	68db      	ldr	r3, [r3, #12]
10004508:	4628      	mov	r0, r5
1000450a:	4798      	blx	r3
1000450c:	7832      	ldrb	r2, [r6, #0]
1000450e:	3401      	adds	r4, #1
10004510:	b2e4      	uxtb	r4, r4
10004512:	1c51      	adds	r1, r2, #1
10004514:	42a1      	cmp	r1, r4
10004516:	4623      	mov	r3, r4
10004518:	db06      	blt.n	10004528 <configuration_reset+0x40>
1000451a:	42a2      	cmp	r2, r4
1000451c:	eba3 0302 	sub.w	r3, r3, r2
10004520:	d8ed      	bhi.n	100044fe <configuration_reset+0x16>
10004522:	eb08 1343 	add.w	r3, r8, r3, lsl #5
10004526:	e7ee      	b.n	10004506 <configuration_reset+0x1e>
10004528:	4c10      	ldr	r4, [pc, #64]	@ (1000456c <configuration_reset+0x84>)
1000452a:	2254      	movs	r2, #84	@ 0x54
1000452c:	2100      	movs	r1, #0
1000452e:	4620      	mov	r0, r4
10004530:	f002 fc74 	bl	10006e1c <memset>
10004534:	f04f 33ff 	mov.w	r3, #4294967295	@ 0xffffffff
10004538:	1d25      	adds	r5, r4, #4
1000453a:	6063      	str	r3, [r4, #4]
1000453c:	e9c5 3301 	strd	r3, r3, [r5, #4]
10004540:	60eb      	str	r3, [r5, #12]
10004542:	f104 0014 	add.w	r0, r4, #20
10004546:	2220      	movs	r2, #32
10004548:	e8bd 41f0 	ldmia.w	sp!, {r4, r5, r6, r7, r8, lr}
1000454c:	21ff      	movs	r1, #255	@ 0xff
1000454e:	f002 bc65 	b.w	10006e1c <memset>
10004552:	f04f 23e0 	mov.w	r3, #3758153728	@ 0xe000e000
10004556:	f8d3 3df0 	ldr.w	r3, [r3, #3568]	@ 0xdf0
1000455a:	07db      	lsls	r3, r3, #31
1000455c:	d500      	bpl.n	10004560 <configuration_reset+0x78>
1000455e:	be00      	bkpt	0x0000
10004560:	e8bd 81f0 	ldmia.w	sp!, {r4, r5, r6, r7, r8, pc}
10004564:	20002a11 	.word	0x20002a11
10004568:	20002044 	.word	0x20002044
1000456c:	2000214c 	.word	0x2000214c
10004570:	10007edc 	.word	0x10007edc

10004574 <tud_event_hook_cb>:
10004574:	4770      	bx	lr
10004576:	bf00      	nop

10004578 <tud_sof_cb>:
10004578:	4770      	bx	lr
1000457a:	bf00      	nop

1000457c <tud_descriptor_device_qualifier_cb>:
1000457c:	2000      	movs	r0, #0
1000457e:	4770      	bx	lr

10004580 <tud_descriptor_other_speed_configuration_cb>:
10004580:	2000      	movs	r0, #0
10004582:	4770      	bx	lr

10004584 <tud_mount_cb>:
10004584:	4770      	bx	lr
10004586:	bf00      	nop

10004588 <tud_umount_cb>:
10004588:	4770      	bx	lr
1000458a:	bf00      	nop

1000458c <tud_suspend_cb>:
1000458c:	4770      	bx	lr
1000458e:	bf00      	nop

10004590 <tud_resume_cb>:
10004590:	4770      	bx	lr
10004592:	bf00      	nop

10004594 <tud_mounted>:
10004594:	4b02      	ldr	r3, [pc, #8]	@ (100045a0 <tud_mounted+0xc>)
10004596:	7858      	ldrb	r0, [r3, #1]
10004598:	3800      	subs	r0, #0
1000459a:	bf18      	it	ne
1000459c:	2001      	movne	r0, #1
1000459e:	4770      	bx	lr
100045a0:	2000214c 	.word	0x2000214c

100045a4 <tud_suspended>:
100045a4:	4b02      	ldr	r3, [pc, #8]	@ (100045b0 <tud_suspended+0xc>)
100045a6:	7818      	ldrb	r0, [r3, #0]
100045a8:	f3c0 0080 	ubfx	r0, r0, #2, #1
100045ac:	4770      	bx	lr
100045ae:	bf00      	nop
100045b0:	2000214c 	.word	0x2000214c

100045b4 <tud_rhport_init>:
100045b4:	e92d 47f0 	stmdb	sp!, {r4, r5, r6, r7, r8, r9, sl, lr}
100045b8:	f8df a0e8 	ldr.w	sl, [pc, #232]	@ 100046a4 <tud_rhport_init+0xf0>
100045bc:	f89a 3000 	ldrb.w	r3, [sl]
100045c0:	2bff      	cmp	r3, #255	@ 0xff
100045c2:	d002      	beq.n	100045ca <tud_rhport_init+0x16>
100045c4:	2001      	movs	r0, #1
100045c6:	e8bd 87f0 	ldmia.w	sp!, {r4, r5, r6, r7, r8, r9, sl, pc}
100045ca:	460e      	mov	r6, r1
100045cc:	2900      	cmp	r1, #0
100045ce:	d03e      	beq.n	1000464e <tud_rhport_init+0x9a>
100045d0:	2100      	movs	r1, #0
100045d2:	2254      	movs	r2, #84	@ 0x54
100045d4:	4607      	mov	r7, r0
100045d6:	4829      	ldr	r0, [pc, #164]	@ (1000467c <tud_rhport_init+0xc8>)
100045d8:	f002 fc20 	bl	10006e1c <memset>
100045dc:	2200      	movs	r2, #0
100045de:	4c28      	ldr	r4, [pc, #160]	@ (10004680 <tud_rhport_init+0xcc>)
100045e0:	4b28      	ldr	r3, [pc, #160]	@ (10004684 <tud_rhport_init+0xd0>)
100045e2:	4620      	mov	r0, r4
100045e4:	701a      	strb	r2, [r3, #0]
100045e6:	f7fc fbf9 	bl	10000ddc <mutex_init>
100045ea:	4b27      	ldr	r3, [pc, #156]	@ (10004688 <tud_rhport_init+0xd4>)
100045ec:	4827      	ldr	r0, [pc, #156]	@ (1000468c <tud_rhport_init+0xd8>)
100045ee:	601c      	str	r4, [r3, #0]
100045f0:	4c27      	ldr	r4, [pc, #156]	@ (10004690 <tud_rhport_init+0xdc>)
100045f2:	f7fc fc01 	bl	10000df8 <critical_section_init>
100045f6:	4620      	mov	r0, r4
100045f8:	f001 fdb0 	bl	1000615c <tu_fifo_clear>
100045fc:	4a25      	ldr	r2, [pc, #148]	@ (10004694 <tud_rhport_init+0xe0>)
100045fe:	4b26      	ldr	r3, [pc, #152]	@ (10004698 <tud_rhport_init+0xe4>)
10004600:	4d26      	ldr	r5, [pc, #152]	@ (1000469c <tud_rhport_init+0xe8>)
10004602:	6014      	str	r4, [r2, #0]
10004604:	b363      	cbz	r3, 10004660 <tud_rhport_init+0xac>
10004606:	4628      	mov	r0, r5
10004608:	f7ff faba 	bl	10003b80 <usbd_app_driver_get_cb>
1000460c:	4b24      	ldr	r3, [pc, #144]	@ (100046a0 <tud_rhport_init+0xec>)
1000460e:	782a      	ldrb	r2, [r5, #0]
10004610:	6018      	str	r0, [r3, #0]
10004612:	2400      	movs	r4, #0
10004614:	f8df 9090 	ldr.w	r9, [pc, #144]	@ 100046a8 <tud_rhport_init+0xf4>
10004618:	4623      	mov	r3, r4
1000461a:	f8df 8084 	ldr.w	r8, [pc, #132]	@ 100046a0 <tud_rhport_init+0xec>
1000461e:	e00e      	b.n	1000463e <tud_rhport_init+0x8a>
10004620:	f8d8 3000 	ldr.w	r3, [r8]
10004624:	eb13 1344 	adds.w	r3, r3, r4, lsl #5
10004628:	d011      	beq.n	1000464e <tud_rhport_init+0x9a>
1000462a:	685b      	ldr	r3, [r3, #4]
1000462c:	b17b      	cbz	r3, 1000464e <tud_rhport_init+0x9a>
1000462e:	4798      	blx	r3
10004630:	782a      	ldrb	r2, [r5, #0]
10004632:	3401      	adds	r4, #1
10004634:	b2e4      	uxtb	r4, r4
10004636:	1c51      	adds	r1, r2, #1
10004638:	42a1      	cmp	r1, r4
1000463a:	4623      	mov	r3, r4
1000463c:	db12      	blt.n	10004664 <tud_rhport_init+0xb0>
1000463e:	42a2      	cmp	r2, r4
10004640:	d8ee      	bhi.n	10004620 <tud_rhport_init+0x6c>
10004642:	1a9b      	subs	r3, r3, r2
10004644:	eb09 1343 	add.w	r3, r9, r3, lsl #5
10004648:	685b      	ldr	r3, [r3, #4]
1000464a:	2b00      	cmp	r3, #0
1000464c:	d1ef      	bne.n	1000462e <tud_rhport_init+0x7a>
1000464e:	f04f 23e0 	mov.w	r3, #3758153728	@ 0xe000e000
10004652:	f8d3 3df0 	ldr.w	r3, [r3, #3568]	@ 0xdf0
10004656:	07db      	lsls	r3, r3, #31
10004658:	d500      	bpl.n	1000465c <tud_rhport_init+0xa8>
1000465a:	be00      	bkpt	0x0000
1000465c:	2000      	movs	r0, #0
1000465e:	e7b2      	b.n	100045c6 <tud_rhport_init+0x12>
10004660:	782a      	ldrb	r2, [r5, #0]
10004662:	e7d6      	b.n	10004612 <tud_rhport_init+0x5e>
10004664:	4631      	mov	r1, r6
10004666:	4638      	mov	r0, r7
10004668:	f88a 7000 	strb.w	r7, [sl]
1000466c:	f7ff fdc6 	bl	100041fc <dcd_init>
10004670:	2800      	cmp	r0, #0
10004672:	d0ec      	beq.n	1000464e <tud_rhport_init+0x9a>
10004674:	4638      	mov	r0, r7
10004676:	f7ff fe09 	bl	1000428c <dcd_int_enable>
1000467a:	e7a3      	b.n	100045c4 <tud_rhport_init+0x10>
1000467c:	2000214c 	.word	0x2000214c
10004680:	20002144 	.word	0x20002144
10004684:	20002a13 	.word	0x20002a13
10004688:	200021a0 	.word	0x200021a0
1000468c:	20001544 	.word	0x20001544
10004690:	20001530 	.word	0x20001530
10004694:	200021a4 	.word	0x200021a4
10004698:	10003b81 	.word	0x10003b81
1000469c:	20002a11 	.word	0x20002a11
100046a0:	20002044 	.word	0x20002044
100046a4:	2000154c 	.word	0x2000154c
100046a8:	10007edc 	.word	0x10007edc

100046ac <tud_task_ext>:
100046ac:	e92d 4ff0 	stmdb	sp!, {r4, r5, r6, r7, r8, r9, sl, fp, lr}
100046b0:	f8df 92c8 	ldr.w	r9, [pc, #712]	@ 1000497c <tud_task_ext+0x2d0>
100046b4:	b08b      	sub	sp, #44	@ 0x2c
100046b6:	f899 3000 	ldrb.w	r3, [r9]
100046ba:	2bff      	cmp	r3, #255	@ 0xff
100046bc:	f000 80f1 	beq.w	100048a2 <tud_task_ext+0x1f6>
100046c0:	4ca8      	ldr	r4, [pc, #672]	@ (10004964 <tud_task_ext+0x2b8>)
100046c2:	4da9      	ldr	r5, [pc, #676]	@ (10004968 <tud_task_ext+0x2bc>)
100046c4:	f8df a2b0 	ldr.w	sl, [pc, #688]	@ 10004978 <tud_task_ext+0x2cc>
100046c8:	f8df b2b4 	ldr.w	fp, [pc, #692]	@ 10004980 <tud_task_ext+0x2d4>
100046cc:	6826      	ldr	r6, [r4, #0]
100046ce:	6973      	ldr	r3, [r6, #20]
100046d0:	f3ef 8210 	mrs	r2, PRIMASK
100046d4:	b672      	cpsid	i
100046d6:	e8d3 0fcf 	ldaexb	r0, [r3]
100046da:	2101      	movs	r1, #1
100046dc:	2800      	cmp	r0, #0
100046de:	d1fa      	bne.n	100046d6 <tud_task_ext+0x2a>
100046e0:	e8c3 1f40 	strexb	r0, r1, [r3]
100046e4:	2800      	cmp	r0, #0
100046e6:	d1f6      	bne.n	100046d6 <tud_task_ext+0x2a>
100046e8:	f3bf 8f5f 	dmb	sy
100046ec:	61b2      	str	r2, [r6, #24]
100046ee:	4630      	mov	r0, r6
100046f0:	a907      	add	r1, sp, #28
100046f2:	f001 fb81 	bl	10005df8 <tu_fifo_read>
100046f6:	2300      	movs	r3, #0
100046f8:	6972      	ldr	r2, [r6, #20]
100046fa:	e8c2 3f8f 	stlb	r3, [r2]
100046fe:	69b3      	ldr	r3, [r6, #24]
10004700:	f383 8810 	msr	PRIMASK, r3
10004704:	2800      	cmp	r0, #0
10004706:	f000 80cc 	beq.w	100048a2 <tud_task_ext+0x1f6>
1000470a:	f89d 301d 	ldrb.w	r3, [sp, #29]
1000470e:	3b01      	subs	r3, #1
10004710:	2b07      	cmp	r3, #7
10004712:	f200 837d 	bhi.w	10004e10 <tud_task_ext+0x764>
10004716:	e8df f003 	tbb	[pc, r3]
1000471a:	b1a7      	.short	0xb1a7
1000471c:	358e9d95 	.word	0x358e9d95
10004720:	040a      	.short	0x040a
10004722:	9b08      	ldr	r3, [sp, #32]
10004724:	2b00      	cmp	r3, #0
10004726:	d0d1      	beq.n	100046cc <tud_task_ext+0x20>
10004728:	9809      	ldr	r0, [sp, #36]	@ 0x24
1000472a:	4798      	blx	r3
1000472c:	e7ce      	b.n	100046cc <tud_task_ext+0x20>
1000472e:	f89d 1020 	ldrb.w	r1, [sp, #32]
10004732:	f001 067f 	and.w	r6, r1, #127	@ 0x7f
10004736:	eb05 0046 	add.w	r0, r5, r6, lsl #1
1000473a:	eb00 10d1 	add.w	r0, r0, r1, lsr #7
1000473e:	f890 3034 	ldrb.w	r3, [r0, #52]	@ 0x34
10004742:	f023 0301 	bic.w	r3, r3, #1
10004746:	f880 3034 	strb.w	r3, [r0, #52]	@ 0x34
1000474a:	f890 3034 	ldrb.w	r3, [r0, #52]	@ 0x34
1000474e:	f023 0304 	bic.w	r3, r3, #4
10004752:	f880 3034 	strb.w	r3, [r0, #52]	@ 0x34
10004756:	2e00      	cmp	r6, #0
10004758:	f000 80a6 	beq.w	100048a8 <tud_task_ext+0x1fc>
1000475c:	7d03      	ldrb	r3, [r0, #20]
1000475e:	f89a 2000 	ldrb.w	r2, [sl]
10004762:	4293      	cmp	r3, r2
10004764:	f080 8093 	bcs.w	1000488e <tud_task_ext+0x1e2>
10004768:	4a80      	ldr	r2, [pc, #512]	@ (1000496c <tud_task_ext+0x2c0>)
1000476a:	6812      	ldr	r2, [r2, #0]
1000476c:	eb12 1343 	adds.w	r3, r2, r3, lsl #5
10004770:	f000 8090 	beq.w	10004894 <tud_task_ext+0x1e8>
10004774:	699e      	ldr	r6, [r3, #24]
10004776:	f89d 2021 	ldrb.w	r2, [sp, #33]	@ 0x21
1000477a:	9b09      	ldr	r3, [sp, #36]	@ 0x24
1000477c:	f89d 001c 	ldrb.w	r0, [sp, #28]
10004780:	47b0      	blx	r6
10004782:	e7a3      	b.n	100046cc <tud_task_ext+0x20>
10004784:	f89b 3000 	ldrb.w	r3, [fp]
10004788:	2b00      	cmp	r3, #0
1000478a:	f000 8083 	beq.w	10004894 <tud_task_ext+0x1e8>
1000478e:	f89b 3000 	ldrb.w	r3, [fp]
10004792:	3b01      	subs	r3, #1
10004794:	b2db      	uxtb	r3, r3
10004796:	f88b 3000 	strb.w	r3, [fp]
1000479a:	f89b 3000 	ldrb.w	r3, [fp]
1000479e:	f003 00ff 	and.w	r0, r3, #255	@ 0xff
100047a2:	2b00      	cmp	r3, #0
100047a4:	d192      	bne.n	100046cc <tud_task_ext+0x20>
100047a6:	4f70      	ldr	r7, [pc, #448]	@ (10004968 <tud_task_ext+0x2bc>)
100047a8:	f89d 801c 	ldrb.w	r8, [sp, #28]
100047ac:	783b      	ldrb	r3, [r7, #0]
100047ae:	f043 0301 	orr.w	r3, r3, #1
100047b2:	703b      	strb	r3, [r7, #0]
100047b4:	f897 3034 	ldrb.w	r3, [r7, #52]	@ 0x34
100047b8:	f360 0300 	bfi	r3, r0, #0, #1
100047bc:	f887 3034 	strb.w	r3, [r7, #52]	@ 0x34
100047c0:	f897 3034 	ldrb.w	r3, [r7, #52]	@ 0x34
100047c4:	f360 0382 	bfi	r3, r0, #2, #1
100047c8:	f887 3034 	strb.w	r3, [r7, #52]	@ 0x34
100047cc:	f897 3035 	ldrb.w	r3, [r7, #53]	@ 0x35
100047d0:	f360 0300 	bfi	r3, r0, #0, #1
100047d4:	f887 3035 	strb.w	r3, [r7, #53]	@ 0x35
100047d8:	f897 3035 	ldrb.w	r3, [r7, #53]	@ 0x35
100047dc:	f360 0382 	bfi	r3, r0, #2, #1
100047e0:	f887 3035 	strb.w	r3, [r7, #53]	@ 0x35
100047e4:	f000 fc6a 	bl	100050bc <usbd_control_set_complete_callback>
100047e8:	f89d 3020 	ldrb.w	r3, [sp, #32]
100047ec:	f003 0260 	and.w	r2, r3, #96	@ 0x60
100047f0:	2a60      	cmp	r2, #96	@ 0x60
100047f2:	d06c      	beq.n	100048ce <tud_task_ext+0x222>
100047f4:	2a40      	cmp	r2, #64	@ 0x40
100047f6:	d07c      	beq.n	100048f2 <tud_task_ext+0x246>
100047f8:	f003 031f 	and.w	r3, r3, #31
100047fc:	2b01      	cmp	r3, #1
100047fe:	f000 80c1 	beq.w	10004984 <tud_task_ext+0x2d8>
10004802:	2b02      	cmp	r3, #2
10004804:	f000 8081 	beq.w	1000490a <tud_task_ext+0x25e>
10004808:	2b00      	cmp	r3, #0
1000480a:	d160      	bne.n	100048ce <tud_task_ext+0x222>
1000480c:	2a20      	cmp	r2, #32
1000480e:	f000 81e9 	beq.w	10004be4 <tud_task_ext+0x538>
10004812:	2a00      	cmp	r2, #0
10004814:	d15b      	bne.n	100048ce <tud_task_ext+0x222>
10004816:	f89d 3021 	ldrb.w	r3, [sp, #33]	@ 0x21
1000481a:	2b09      	cmp	r3, #9
1000481c:	d857      	bhi.n	100048ce <tud_task_ext+0x222>
1000481e:	e8df f013 	tbh	[pc, r3, lsl #1]
10004822:	01b0      	.short	0x01b0
10004824:	005601a2 	.word	0x005601a2
10004828:	005601c1 	.word	0x005601c1
1000482c:	016b0195 	.word	0x016b0195
10004830:	01600056 	.word	0x01600056
10004834:	00f4      	.short	0x00f4
10004836:	782b      	ldrb	r3, [r5, #0]
10004838:	07d9      	lsls	r1, r3, #31
1000483a:	f57f af47 	bpl.w	100046cc <tud_task_ext+0x20>
1000483e:	f7ff fea7 	bl	10004590 <tud_resume_cb>
10004842:	e743      	b.n	100046cc <tud_task_ext+0x20>
10004844:	78eb      	ldrb	r3, [r5, #3]
10004846:	07da      	lsls	r2, r3, #31
10004848:	f57f af40 	bpl.w	100046cc <tud_task_ext+0x20>
1000484c:	9808      	ldr	r0, [sp, #32]
1000484e:	f7ff fe93 	bl	10004578 <tud_sof_cb>
10004852:	e73b      	b.n	100046cc <tud_task_ext+0x20>
10004854:	782b      	ldrb	r3, [r5, #0]
10004856:	07d8      	lsls	r0, r3, #31
10004858:	f57f af38 	bpl.w	100046cc <tud_task_ext+0x20>
1000485c:	7828      	ldrb	r0, [r5, #0]
1000485e:	f3c0 00c0 	ubfx	r0, r0, #3, #1
10004862:	f7ff fe93 	bl	1000458c <tud_suspend_cb>
10004866:	e731      	b.n	100046cc <tud_task_ext+0x20>
10004868:	f89d 001c 	ldrb.w	r0, [sp, #28]
1000486c:	f7ff fe3c 	bl	100044e8 <configuration_reset>
10004870:	f000 fc1a 	bl	100050a8 <usbd_control_reset>
10004874:	f89d 3020 	ldrb.w	r3, [sp, #32]
10004878:	70ab      	strb	r3, [r5, #2]
1000487a:	e727      	b.n	100046cc <tud_task_ext+0x20>
1000487c:	f89d 001c 	ldrb.w	r0, [sp, #28]
10004880:	f7ff fe32 	bl	100044e8 <configuration_reset>
10004884:	f000 fc10 	bl	100050a8 <usbd_control_reset>
10004888:	f7ff fe7e 	bl	10004588 <tud_umount_cb>
1000488c:	e71e      	b.n	100046cc <tud_task_ext+0x20>
1000488e:	1c50      	adds	r0, r2, #1
10004890:	4298      	cmp	r0, r3
10004892:	da11      	bge.n	100048b8 <tud_task_ext+0x20c>
10004894:	f04f 23e0 	mov.w	r3, #3758153728	@ 0xe000e000
10004898:	f8d3 3df0 	ldr.w	r3, [r3, #3568]	@ 0xdf0
1000489c:	07dc      	lsls	r4, r3, #31
1000489e:	d500      	bpl.n	100048a2 <tud_task_ext+0x1f6>
100048a0:	be00      	bkpt	0x0000
100048a2:	b00b      	add	sp, #44	@ 0x2c
100048a4:	e8bd 8ff0 	ldmia.w	sp!, {r4, r5, r6, r7, r8, r9, sl, fp, pc}
100048a8:	9b09      	ldr	r3, [sp, #36]	@ 0x24
100048aa:	f89d 2021 	ldrb.w	r2, [sp, #33]	@ 0x21
100048ae:	f89d 001c 	ldrb.w	r0, [sp, #28]
100048b2:	f000 fc17 	bl	100050e4 <usbd_control_xfer_cb>
100048b6:	e709      	b.n	100046cc <tud_task_ext+0x20>
100048b8:	1a9b      	subs	r3, r3, r2
100048ba:	4a2d      	ldr	r2, [pc, #180]	@ (10004970 <tud_task_ext+0x2c4>)
100048bc:	eb02 1343 	add.w	r3, r2, r3, lsl #5
100048c0:	e758      	b.n	10004774 <tud_task_ext+0xc8>
100048c2:	f7ff fb85 	bl	10003fd0 <tud_descriptor_configuration_cb>
100048c6:	4602      	mov	r2, r0
100048c8:	2800      	cmp	r0, #0
100048ca:	f040 8182 	bne.w	10004bd2 <tud_task_ext+0x526>
100048ce:	f04f 23e0 	mov.w	r3, #3758153728	@ 0xe000e000
100048d2:	f8d3 3df0 	ldr.w	r3, [r3, #3568]	@ 0xdf0
100048d6:	07de      	lsls	r6, r3, #31
100048d8:	d500      	bpl.n	100048dc <tud_task_ext+0x230>
100048da:	be00      	bkpt	0x0000
100048dc:	f89d 001c 	ldrb.w	r0, [sp, #28]
100048e0:	2100      	movs	r1, #0
100048e2:	f7ff fd95 	bl	10004410 <dcd_edpt_stall>
100048e6:	2180      	movs	r1, #128	@ 0x80
100048e8:	f89d 001c 	ldrb.w	r0, [sp, #28]
100048ec:	f7ff fd90 	bl	10004410 <dcd_edpt_stall>
100048f0:	e6ec      	b.n	100046cc <tud_task_ext+0x20>
100048f2:	4820      	ldr	r0, [pc, #128]	@ (10004974 <tud_task_ext+0x2c8>)
100048f4:	f000 fbe2 	bl	100050bc <usbd_control_set_complete_callback>
100048f8:	2101      	movs	r1, #1
100048fa:	4640      	mov	r0, r8
100048fc:	aa08      	add	r2, sp, #32
100048fe:	f7ff f92b 	bl	10003b58 <tud_vendor_control_xfer_cb>
10004902:	2800      	cmp	r0, #0
10004904:	f47f aee2 	bne.w	100046cc <tud_task_ext+0x20>
10004908:	e7e8      	b.n	100048dc <tud_task_ext+0x230>
1000490a:	f89d 1024 	ldrb.w	r1, [sp, #36]	@ 0x24
1000490e:	f011 0f70 	tst.w	r1, #112	@ 0x70
10004912:	d1dc      	bne.n	100048ce <tud_task_ext+0x222>
10004914:	f001 067f 	and.w	r6, r1, #127	@ 0x7f
10004918:	eb07 0046 	add.w	r0, r7, r6, lsl #1
1000491c:	4b16      	ldr	r3, [pc, #88]	@ (10004978 <tud_task_ext+0x2cc>)
1000491e:	eb00 10d1 	add.w	r0, r0, r1, lsr #7
10004922:	781b      	ldrb	r3, [r3, #0]
10004924:	7d00      	ldrb	r0, [r0, #20]
10004926:	0076      	lsls	r6, r6, #1
10004928:	9601      	str	r6, [sp, #4]
1000492a:	4298      	cmp	r0, r3
1000492c:	ea4f 16d1 	mov.w	r6, r1, lsr #7
10004930:	9600      	str	r6, [sp, #0]
10004932:	d359      	bcc.n	100049e8 <tud_task_ext+0x33c>
10004934:	1c5e      	adds	r6, r3, #1
10004936:	4286      	cmp	r6, r0
10004938:	f2c0 8166 	blt.w	10004c08 <tud_task_ext+0x55c>
1000493c:	1ac0      	subs	r0, r0, r3
1000493e:	4b0c      	ldr	r3, [pc, #48]	@ (10004970 <tud_task_ext+0x2c4>)
10004940:	eb03 1640 	add.w	r6, r3, r0, lsl #5
10004944:	2a00      	cmp	r2, #0
10004946:	f000 8163 	beq.w	10004c10 <tud_task_ext+0x564>
1000494a:	6970      	ldr	r0, [r6, #20]
1000494c:	f000 fbb6 	bl	100050bc <usbd_control_set_complete_callback>
10004950:	2101      	movs	r1, #1
10004952:	4640      	mov	r0, r8
10004954:	6973      	ldr	r3, [r6, #20]
10004956:	aa08      	add	r2, sp, #32
10004958:	4798      	blx	r3
1000495a:	2800      	cmp	r0, #0
1000495c:	f47f aeb6 	bne.w	100046cc <tud_task_ext+0x20>
10004960:	e7bc      	b.n	100048dc <tud_task_ext+0x230>
10004962:	bf00      	nop
10004964:	200021a4 	.word	0x200021a4
10004968:	2000214c 	.word	0x2000214c
1000496c:	20002044 	.word	0x20002044
10004970:	10007edc 	.word	0x10007edc
10004974:	10003b59 	.word	0x10003b59
10004978:	20002a11 	.word	0x20002a11
1000497c:	2000154c 	.word	0x2000154c
10004980:	20002a13 	.word	0x20002a13
10004984:	f89d 3024 	ldrb.w	r3, [sp, #36]	@ 0x24
10004988:	2b0f      	cmp	r3, #15
1000498a:	d8a7      	bhi.n	100048dc <tud_task_ext+0x230>
1000498c:	4aae      	ldr	r2, [pc, #696]	@ (10004c48 <tud_task_ext+0x59c>)
1000498e:	443b      	add	r3, r7
10004990:	791b      	ldrb	r3, [r3, #4]
10004992:	7812      	ldrb	r2, [r2, #0]
10004994:	4293      	cmp	r3, r2
10004996:	d332      	bcc.n	100049fe <tud_task_ext+0x352>
10004998:	1c51      	adds	r1, r2, #1
1000499a:	4299      	cmp	r1, r3
1000499c:	db9e      	blt.n	100048dc <tud_task_ext+0x230>
1000499e:	4eab      	ldr	r6, [pc, #684]	@ (10004c4c <tud_task_ext+0x5a0>)
100049a0:	1a9b      	subs	r3, r3, r2
100049a2:	eb06 1643 	add.w	r6, r6, r3, lsl #5
100049a6:	6970      	ldr	r0, [r6, #20]
100049a8:	f000 fb88 	bl	100050bc <usbd_control_set_complete_callback>
100049ac:	2101      	movs	r1, #1
100049ae:	4640      	mov	r0, r8
100049b0:	6973      	ldr	r3, [r6, #20]
100049b2:	aa08      	add	r2, sp, #32
100049b4:	4798      	blx	r3
100049b6:	2800      	cmp	r0, #0
100049b8:	f47f ae88 	bne.w	100046cc <tud_task_ext+0x20>
100049bc:	f89d 3020 	ldrb.w	r3, [sp, #32]
100049c0:	f013 0660 	ands.w	r6, r3, #96	@ 0x60
100049c4:	d18a      	bne.n	100048dc <tud_task_ext+0x230>
100049c6:	f89d 3021 	ldrb.w	r3, [sp, #33]	@ 0x21
100049ca:	3b0a      	subs	r3, #10
100049cc:	2b01      	cmp	r3, #1
100049ce:	d885      	bhi.n	100048dc <tud_task_ext+0x230>
100049d0:	f000 fb74 	bl	100050bc <usbd_control_set_complete_callback>
100049d4:	f89d 3021 	ldrb.w	r3, [sp, #33]	@ 0x21
100049d8:	2b0a      	cmp	r3, #10
100049da:	f000 81f2 	beq.w	10004dc2 <tud_task_ext+0x716>
100049de:	4640      	mov	r0, r8
100049e0:	a908      	add	r1, sp, #32
100049e2:	f000 faf1 	bl	10004fc8 <tud_control_status>
100049e6:	e671      	b.n	100046cc <tud_task_ext+0x20>
100049e8:	4b99      	ldr	r3, [pc, #612]	@ (10004c50 <tud_task_ext+0x5a4>)
100049ea:	681b      	ldr	r3, [r3, #0]
100049ec:	eb03 1640 	add.w	r6, r3, r0, lsl #5
100049f0:	2a00      	cmp	r2, #0
100049f2:	f000 810d 	beq.w	10004c10 <tud_task_ext+0x564>
100049f6:	2e00      	cmp	r6, #0
100049f8:	f43f af70 	beq.w	100048dc <tud_task_ext+0x230>
100049fc:	e7a5      	b.n	1000494a <tud_task_ext+0x29e>
100049fe:	4a94      	ldr	r2, [pc, #592]	@ (10004c50 <tud_task_ext+0x5a4>)
10004a00:	6816      	ldr	r6, [r2, #0]
10004a02:	eb16 1643 	adds.w	r6, r6, r3, lsl #5
10004a06:	d1ce      	bne.n	100049a6 <tud_task_ext+0x2fa>
10004a08:	e768      	b.n	100048dc <tud_task_ext+0x230>
10004a0a:	787b      	ldrb	r3, [r7, #1]
10004a0c:	f89d 6022 	ldrb.w	r6, [sp, #34]	@ 0x22
10004a10:	429e      	cmp	r6, r3
10004a12:	f000 814f 	beq.w	10004cb4 <tud_task_ext+0x608>
10004a16:	787b      	ldrb	r3, [r7, #1]
10004a18:	2b00      	cmp	r3, #0
10004a1a:	f040 81be 	bne.w	10004d9a <tud_task_ext+0x6ee>
10004a1e:	707e      	strb	r6, [r7, #1]
10004a20:	2e00      	cmp	r6, #0
10004a22:	f000 8145 	beq.w	10004cb0 <tud_task_ext+0x604>
10004a26:	1e70      	subs	r0, r6, #1
10004a28:	b2c0      	uxtb	r0, r0
10004a2a:	f7ff fad1 	bl	10003fd0 <tud_descriptor_configuration_cb>
10004a2e:	4603      	mov	r3, r0
10004a30:	2800      	cmp	r0, #0
10004a32:	f000 815f 	beq.w	10004cf4 <tud_task_ext+0x648>
10004a36:	7842      	ldrb	r2, [r0, #1]
10004a38:	2a02      	cmp	r2, #2
10004a3a:	f040 815b 	bne.w	10004cf4 <tud_task_ext+0x648>
10004a3e:	79c1      	ldrb	r1, [r0, #7]
10004a40:	f103 0609 	add.w	r6, r3, #9
10004a44:	f3c1 1240 	ubfx	r2, r1, #5, #1
10004a48:	0112      	lsls	r2, r2, #4
10004a4a:	f3c1 1180 	ubfx	r1, r1, #6, #1
10004a4e:	ea42 1241 	orr.w	r2, r2, r1, lsl #5
10004a52:	4631      	mov	r1, r6
10004a54:	7838      	ldrb	r0, [r7, #0]
10004a56:	f020 0030 	bic.w	r0, r0, #48	@ 0x30
10004a5a:	4302      	orrs	r2, r0
10004a5c:	703a      	strb	r2, [r7, #0]
10004a5e:	885a      	ldrh	r2, [r3, #2]
10004a60:	f8cd 800c 	str.w	r8, [sp, #12]
10004a64:	189a      	adds	r2, r3, r2
10004a66:	9201      	str	r2, [sp, #4]
10004a68:	9b01      	ldr	r3, [sp, #4]
10004a6a:	428b      	cmp	r3, r1
10004a6c:	f240 81a4 	bls.w	10004db8 <tud_task_ext+0x70c>
10004a70:	784a      	ldrb	r2, [r1, #1]
10004a72:	2a0b      	cmp	r2, #11
10004a74:	f000 81af 	beq.w	10004dd6 <tud_task_ext+0x72a>
10004a78:	2301      	movs	r3, #1
10004a7a:	2a04      	cmp	r2, #4
10004a7c:	f040 813a 	bne.w	10004cf4 <tud_task_ext+0x648>
10004a80:	2600      	movs	r6, #0
10004a82:	9a01      	ldr	r2, [sp, #4]
10004a84:	9600      	str	r6, [sp, #0]
10004a86:	1a52      	subs	r2, r2, r1
10004a88:	b292      	uxth	r2, r2
10004a8a:	9202      	str	r2, [sp, #8]
10004a8c:	4a6e      	ldr	r2, [pc, #440]	@ (10004c48 <tud_task_ext+0x59c>)
10004a8e:	9304      	str	r3, [sp, #16]
10004a90:	7812      	ldrb	r2, [r2, #0]
10004a92:	e01d      	b.n	10004ad0 <tud_task_ext+0x424>
10004a94:	4b6e      	ldr	r3, [pc, #440]	@ (10004c50 <tud_task_ext+0x5a4>)
10004a96:	681b      	ldr	r3, [r3, #0]
10004a98:	eb13 1846 	adds.w	r8, r3, r6, lsl #5
10004a9c:	f000 812a 	beq.w	10004cf4 <tud_task_ext+0x648>
10004aa0:	9a02      	ldr	r2, [sp, #8]
10004aa2:	f8d8 3010 	ldr.w	r3, [r8, #16]
10004aa6:	9803      	ldr	r0, [sp, #12]
10004aa8:	9105      	str	r1, [sp, #20]
10004aaa:	4798      	blx	r3
10004aac:	2808      	cmp	r0, #8
10004aae:	4602      	mov	r2, r0
10004ab0:	9905      	ldr	r1, [sp, #20]
10004ab2:	f106 0301 	add.w	r3, r6, #1
10004ab6:	d903      	bls.n	10004ac0 <tud_task_ext+0x414>
10004ab8:	9802      	ldr	r0, [sp, #8]
10004aba:	4290      	cmp	r0, r2
10004abc:	f080 80ff 	bcs.w	10004cbe <tud_task_ext+0x612>
10004ac0:	b2de      	uxtb	r6, r3
10004ac2:	4b61      	ldr	r3, [pc, #388]	@ (10004c48 <tud_task_ext+0x59c>)
10004ac4:	9600      	str	r6, [sp, #0]
10004ac6:	781a      	ldrb	r2, [r3, #0]
10004ac8:	1c53      	adds	r3, r2, #1
10004aca:	429e      	cmp	r6, r3
10004acc:	f300 8112 	bgt.w	10004cf4 <tud_task_ext+0x648>
10004ad0:	9b00      	ldr	r3, [sp, #0]
10004ad2:	42b2      	cmp	r2, r6
10004ad4:	eba3 0202 	sub.w	r2, r3, r2
10004ad8:	d8dc      	bhi.n	10004a94 <tud_task_ext+0x3e8>
10004ada:	4b5c      	ldr	r3, [pc, #368]	@ (10004c4c <tud_task_ext+0x5a0>)
10004adc:	eb03 1842 	add.w	r8, r3, r2, lsl #5
10004ae0:	e7de      	b.n	10004aa0 <tud_task_ext+0x3f4>
10004ae2:	787b      	ldrb	r3, [r7, #1]
10004ae4:	4640      	mov	r0, r8
10004ae6:	f88d 301a 	strb.w	r3, [sp, #26]
10004aea:	f10d 021a 	add.w	r2, sp, #26
10004aee:	2301      	movs	r3, #1
10004af0:	a908      	add	r1, sp, #32
10004af2:	f000 fa83 	bl	10004ffc <tud_control_xfer>
10004af6:	e5e9      	b.n	100046cc <tud_task_ext+0x20>
10004af8:	f8bd 0022 	ldrh.w	r0, [sp, #34]	@ 0x22
10004afc:	0a03      	lsrs	r3, r0, #8
10004afe:	3b01      	subs	r3, #1
10004b00:	0a02      	lsrs	r2, r0, #8
10004b02:	b2c0      	uxtb	r0, r0
10004b04:	2b0e      	cmp	r3, #14
10004b06:	f63f aee9 	bhi.w	100048dc <tud_task_ext+0x230>
10004b0a:	a101      	add	r1, pc, #4	@ (adr r1, 10004b10 <tud_task_ext+0x464>)
10004b0c:	f851 f023 	ldr.w	pc, [r1, r3, lsl #2]
10004b10:	10004d25 	.word	0x10004d25
10004b14:	10004bc1 	.word	0x10004bc1
10004b18:	10004d61 	.word	0x10004d61
10004b1c:	100048dd 	.word	0x100048dd
10004b20:	100048dd 	.word	0x100048dd
10004b24:	10004d43 	.word	0x10004d43
10004b28:	10004bc1 	.word	0x10004bc1
10004b2c:	100048dd 	.word	0x100048dd
10004b30:	100048dd 	.word	0x100048dd
10004b34:	100048dd 	.word	0x100048dd
10004b38:	100048dd 	.word	0x100048dd
10004b3c:	100048dd 	.word	0x100048dd
10004b40:	100048dd 	.word	0x100048dd
10004b44:	100048dd 	.word	0x100048dd
10004b48:	10004d17 	.word	0x10004d17
10004b4c:	a808      	add	r0, sp, #32
10004b4e:	f000 fabb 	bl	100050c8 <usbd_control_set_request>
10004b52:	4640      	mov	r0, r8
10004b54:	f89d 1022 	ldrb.w	r1, [sp, #34]	@ 0x22
10004b58:	f7ff fb9c 	bl	10004294 <dcd_set_address>
10004b5c:	783b      	ldrb	r3, [r7, #0]
10004b5e:	f043 0302 	orr.w	r3, r3, #2
10004b62:	703b      	strb	r3, [r7, #0]
10004b64:	e5b2      	b.n	100046cc <tud_task_ext+0x20>
10004b66:	f8bd 3022 	ldrh.w	r3, [sp, #34]	@ 0x22
10004b6a:	2b01      	cmp	r3, #1
10004b6c:	f47f aeb6 	bne.w	100048dc <tud_task_ext+0x230>
10004b70:	783b      	ldrb	r3, [r7, #0]
10004b72:	4640      	mov	r0, r8
10004b74:	f023 0308 	bic.w	r3, r3, #8
10004b78:	a908      	add	r1, sp, #32
10004b7a:	703b      	strb	r3, [r7, #0]
10004b7c:	f000 fa24 	bl	10004fc8 <tud_control_status>
10004b80:	e5a4      	b.n	100046cc <tud_task_ext+0x20>
10004b82:	4640      	mov	r0, r8
10004b84:	783b      	ldrb	r3, [r7, #0]
10004b86:	089a      	lsrs	r2, r3, #2
10004b88:	f002 0202 	and.w	r2, r2, #2
10004b8c:	f3c3 1340 	ubfx	r3, r3, #5, #1
10004b90:	4313      	orrs	r3, r2
10004b92:	f8ad 301a 	strh.w	r3, [sp, #26]
10004b96:	f10d 021a 	add.w	r2, sp, #26
10004b9a:	2302      	movs	r3, #2
10004b9c:	a908      	add	r1, sp, #32
10004b9e:	f000 fa2d 	bl	10004ffc <tud_control_xfer>
10004ba2:	e593      	b.n	100046cc <tud_task_ext+0x20>
10004ba4:	f8bd 3022 	ldrh.w	r3, [sp, #34]	@ 0x22
10004ba8:	2b01      	cmp	r3, #1
10004baa:	f47f ae97 	bne.w	100048dc <tud_task_ext+0x230>
10004bae:	783b      	ldrb	r3, [r7, #0]
10004bb0:	4640      	mov	r0, r8
10004bb2:	f043 0308 	orr.w	r3, r3, #8
10004bb6:	a908      	add	r1, sp, #32
10004bb8:	703b      	strb	r3, [r7, #0]
10004bba:	f000 fa05 	bl	10004fc8 <tud_control_status>
10004bbe:	e585      	b.n	100046cc <tud_task_ext+0x20>
10004bc0:	2a02      	cmp	r2, #2
10004bc2:	f43f ae7e 	beq.w	100048c2 <tud_task_ext+0x216>
10004bc6:	f7ff fcdb 	bl	10004580 <tud_descriptor_other_speed_configuration_cb>
10004bca:	4602      	mov	r2, r0
10004bcc:	2800      	cmp	r0, #0
10004bce:	f43f ae85 	beq.w	100048dc <tud_task_ext+0x230>
10004bd2:	4640      	mov	r0, r8
10004bd4:	8853      	ldrh	r3, [r2, #2]
10004bd6:	a908      	add	r1, sp, #32
10004bd8:	f000 fa10 	bl	10004ffc <tud_control_xfer>
10004bdc:	2800      	cmp	r0, #0
10004bde:	f47f ad75 	bne.w	100046cc <tud_task_ext+0x20>
10004be2:	e67b      	b.n	100048dc <tud_task_ext+0x230>
10004be4:	f89d 3024 	ldrb.w	r3, [sp, #36]	@ 0x24
10004be8:	2b0f      	cmp	r3, #15
10004bea:	f63f ae77 	bhi.w	100048dc <tud_task_ext+0x230>
10004bee:	4a16      	ldr	r2, [pc, #88]	@ (10004c48 <tud_task_ext+0x59c>)
10004bf0:	443b      	add	r3, r7
10004bf2:	791b      	ldrb	r3, [r3, #4]
10004bf4:	7812      	ldrb	r2, [r2, #0]
10004bf6:	4293      	cmp	r3, r2
10004bf8:	d21d      	bcs.n	10004c36 <tud_task_ext+0x58a>
10004bfa:	4a15      	ldr	r2, [pc, #84]	@ (10004c50 <tud_task_ext+0x5a4>)
10004bfc:	6816      	ldr	r6, [r2, #0]
10004bfe:	eb16 1643 	adds.w	r6, r6, r3, lsl #5
10004c02:	f47f aea2 	bne.w	1000494a <tud_task_ext+0x29e>
10004c06:	e669      	b.n	100048dc <tud_task_ext+0x230>
10004c08:	2a00      	cmp	r2, #0
10004c0a:	f47f ae67 	bne.w	100048dc <tud_task_ext+0x230>
10004c0e:	2600      	movs	r6, #0
10004c10:	f89d 2021 	ldrb.w	r2, [sp, #33]	@ 0x21
10004c14:	f002 03fd 	and.w	r3, r2, #253	@ 0xfd
10004c18:	2b01      	cmp	r3, #1
10004c1a:	d01b      	beq.n	10004c54 <tud_task_ext+0x5a8>
10004c1c:	2a00      	cmp	r2, #0
10004c1e:	f47f ae56 	bne.w	100048ce <tud_task_ext+0x222>
10004c22:	9b01      	ldr	r3, [sp, #4]
10004c24:	9a00      	ldr	r2, [sp, #0]
10004c26:	443b      	add	r3, r7
10004c28:	4413      	add	r3, r2
10004c2a:	f893 3034 	ldrb.w	r3, [r3, #52]	@ 0x34
10004c2e:	4640      	mov	r0, r8
10004c30:	f3c3 0340 	ubfx	r3, r3, #1, #1
10004c34:	e7ad      	b.n	10004b92 <tud_task_ext+0x4e6>
10004c36:	1c51      	adds	r1, r2, #1
10004c38:	4299      	cmp	r1, r3
10004c3a:	f6ff ae4f 	blt.w	100048dc <tud_task_ext+0x230>
10004c3e:	4e03      	ldr	r6, [pc, #12]	@ (10004c4c <tud_task_ext+0x5a0>)
10004c40:	1a9b      	subs	r3, r3, r2
10004c42:	eb06 1643 	add.w	r6, r6, r3, lsl #5
10004c46:	e680      	b.n	1000494a <tud_task_ext+0x29e>
10004c48:	20002a11 	.word	0x20002a11
10004c4c:	10007edc 	.word	0x10007edc
10004c50:	20002044 	.word	0x20002044
10004c54:	f8bd 3022 	ldrh.w	r3, [sp, #34]	@ 0x22
10004c58:	b9b3      	cbnz	r3, 10004c88 <tud_task_ext+0x5dc>
10004c5a:	2a01      	cmp	r2, #1
10004c5c:	f899 0000 	ldrb.w	r0, [r9]
10004c60:	f000 8086 	beq.w	10004d70 <tud_task_ext+0x6c4>
10004c64:	f7ff fbd4 	bl	10004410 <dcd_edpt_stall>
10004c68:	9b01      	ldr	r3, [sp, #4]
10004c6a:	9a00      	ldr	r2, [sp, #0]
10004c6c:	443b      	add	r3, r7
10004c6e:	4413      	add	r3, r2
10004c70:	f893 2034 	ldrb.w	r2, [r3, #52]	@ 0x34
10004c74:	f042 0202 	orr.w	r2, r2, #2
10004c78:	f883 2034 	strb.w	r2, [r3, #52]	@ 0x34
10004c7c:	f893 2034 	ldrb.w	r2, [r3, #52]	@ 0x34
10004c80:	f042 0201 	orr.w	r2, r2, #1
10004c84:	f883 2034 	strb.w	r2, [r3, #52]	@ 0x34
10004c88:	2e00      	cmp	r6, #0
10004c8a:	f43f ad1f 	beq.w	100046cc <tud_task_ext+0x20>
10004c8e:	6970      	ldr	r0, [r6, #20]
10004c90:	f000 fa14 	bl	100050bc <usbd_control_set_complete_callback>
10004c94:	6973      	ldr	r3, [r6, #20]
10004c96:	2101      	movs	r1, #1
10004c98:	aa08      	add	r2, sp, #32
10004c9a:	4640      	mov	r0, r8
10004c9c:	4798      	blx	r3
10004c9e:	2000      	movs	r0, #0
10004ca0:	f000 fa0c 	bl	100050bc <usbd_control_set_complete_callback>
10004ca4:	f897 3035 	ldrb.w	r3, [r7, #53]	@ 0x35
10004ca8:	07df      	lsls	r7, r3, #31
10004caa:	f53f ad0f 	bmi.w	100046cc <tud_task_ext+0x20>
10004cae:	e696      	b.n	100049de <tud_task_ext+0x332>
10004cb0:	f7ff fc6a 	bl	10004588 <tud_umount_cb>
10004cb4:	4640      	mov	r0, r8
10004cb6:	a908      	add	r1, sp, #32
10004cb8:	f000 f986 	bl	10004fc8 <tud_control_status>
10004cbc:	e506      	b.n	100046cc <tud_task_ext+0x20>
10004cbe:	9b04      	ldr	r3, [sp, #16]
10004cc0:	2b01      	cmp	r3, #1
10004cc2:	f000 809e 	beq.w	10004e02 <tud_task_ext+0x756>
10004cc6:	2b00      	cmp	r3, #0
10004cc8:	f000 808a 	beq.w	10004de0 <tud_task_ext+0x734>
10004ccc:	2000      	movs	r0, #0
10004cce:	f891 8002 	ldrb.w	r8, [r1, #2]
10004cd2:	e005      	b.n	10004ce0 <tud_task_ext+0x634>
10004cd4:	f88c 6004 	strb.w	r6, [ip, #4]
10004cd8:	fa5f fc80 	uxtb.w	ip, r0
10004cdc:	4563      	cmp	r3, ip
10004cde:	d97f      	bls.n	10004de0 <tud_task_ext+0x734>
10004ce0:	eb08 0c00 	add.w	ip, r8, r0
10004ce4:	fa57 fc8c 	uxtab	ip, r7, ip
10004ce8:	f89c e004 	ldrb.w	lr, [ip, #4]
10004cec:	3001      	adds	r0, #1
10004cee:	f1be 0fff 	cmp.w	lr, #255	@ 0xff
10004cf2:	d0ef      	beq.n	10004cd4 <tud_task_ext+0x628>
10004cf4:	f04f 23e0 	mov.w	r3, #3758153728	@ 0xe000e000
10004cf8:	f8d3 3df0 	ldr.w	r3, [r3, #3568]	@ 0xdf0
10004cfc:	07da      	lsls	r2, r3, #31
10004cfe:	d500      	bpl.n	10004d02 <tud_task_ext+0x656>
10004d00:	be00      	bkpt	0x0000
10004d02:	f04f 23e0 	mov.w	r3, #3758153728	@ 0xe000e000
10004d06:	f8d3 3df0 	ldr.w	r3, [r3, #3568]	@ 0xdf0
10004d0a:	07db      	lsls	r3, r3, #31
10004d0c:	d500      	bpl.n	10004d10 <tud_task_ext+0x664>
10004d0e:	be00      	bkpt	0x0000
10004d10:	2300      	movs	r3, #0
10004d12:	707b      	strb	r3, [r7, #1]
10004d14:	e5e2      	b.n	100048dc <tud_task_ext+0x230>
10004d16:	f7fe ff1b 	bl	10003b50 <tud_descriptor_bos_cb>
10004d1a:	4602      	mov	r2, r0
10004d1c:	2800      	cmp	r0, #0
10004d1e:	f47f af58 	bne.w	10004bd2 <tud_task_ext+0x526>
10004d22:	e5db      	b.n	100048dc <tud_task_ext+0x230>
10004d24:	f7ff f950 	bl	10003fc8 <tud_descriptor_device_cb>
10004d28:	4602      	mov	r2, r0
10004d2a:	2800      	cmp	r0, #0
10004d2c:	f43f adcf 	beq.w	100048ce <tud_task_ext+0x222>
10004d30:	4640      	mov	r0, r8
10004d32:	2312      	movs	r3, #18
10004d34:	a908      	add	r1, sp, #32
10004d36:	f000 f961 	bl	10004ffc <tud_control_xfer>
10004d3a:	2800      	cmp	r0, #0
10004d3c:	f47f acc6 	bne.w	100046cc <tud_task_ext+0x20>
10004d40:	e5cc      	b.n	100048dc <tud_task_ext+0x230>
10004d42:	f7ff fc1b 	bl	1000457c <tud_descriptor_device_qualifier_cb>
10004d46:	4602      	mov	r2, r0
10004d48:	2800      	cmp	r0, #0
10004d4a:	f43f adc7 	beq.w	100048dc <tud_task_ext+0x230>
10004d4e:	4640      	mov	r0, r8
10004d50:	7813      	ldrb	r3, [r2, #0]
10004d52:	a908      	add	r1, sp, #32
10004d54:	f000 f952 	bl	10004ffc <tud_control_xfer>
10004d58:	2800      	cmp	r0, #0
10004d5a:	f47f acb7 	bne.w	100046cc <tud_task_ext+0x20>
10004d5e:	e5bd      	b.n	100048dc <tud_task_ext+0x230>
10004d60:	f8bd 1024 	ldrh.w	r1, [sp, #36]	@ 0x24
10004d64:	f7ff f938 	bl	10003fd8 <tud_descriptor_string_cb>
10004d68:	4602      	mov	r2, r0
10004d6a:	2800      	cmp	r0, #0
10004d6c:	d1ef      	bne.n	10004d4e <tud_task_ext+0x6a2>
10004d6e:	e5b5      	b.n	100048dc <tud_task_ext+0x230>
10004d70:	9302      	str	r3, [sp, #8]
10004d72:	f7ff fb63 	bl	1000443c <dcd_edpt_clear_stall>
10004d76:	9a01      	ldr	r2, [sp, #4]
10004d78:	9b00      	ldr	r3, [sp, #0]
10004d7a:	443a      	add	r2, r7
10004d7c:	441a      	add	r2, r3
10004d7e:	f892 1034 	ldrb.w	r1, [r2, #52]	@ 0x34
10004d82:	9b02      	ldr	r3, [sp, #8]
10004d84:	f363 0141 	bfi	r1, r3, #1, #1
10004d88:	f882 1034 	strb.w	r1, [r2, #52]	@ 0x34
10004d8c:	f892 1034 	ldrb.w	r1, [r2, #52]	@ 0x34
10004d90:	f363 0100 	bfi	r1, r3, #0, #1
10004d94:	f882 1034 	strb.w	r1, [r2, #52]	@ 0x34
10004d98:	e776      	b.n	10004c88 <tud_task_ext+0x5dc>
10004d9a:	2100      	movs	r1, #0
10004d9c:	4640      	mov	r0, r8
10004d9e:	f7ff fa81 	bl	100042a4 <dcd_sof_enable>
10004da2:	4640      	mov	r0, r8
10004da4:	f7ff fb1e 	bl	100043e4 <dcd_edpt_close_all>
10004da8:	78bb      	ldrb	r3, [r7, #2]
10004daa:	4640      	mov	r0, r8
10004dac:	9300      	str	r3, [sp, #0]
10004dae:	f7ff fb9b 	bl	100044e8 <configuration_reset>
10004db2:	9b00      	ldr	r3, [sp, #0]
10004db4:	70bb      	strb	r3, [r7, #2]
10004db6:	e632      	b.n	10004a1e <tud_task_ext+0x372>
10004db8:	f8dd 800c 	ldr.w	r8, [sp, #12]
10004dbc:	f7ff fbe2 	bl	10004584 <tud_mount_cb>
10004dc0:	e778      	b.n	10004cb4 <tud_task_ext+0x608>
10004dc2:	4640      	mov	r0, r8
10004dc4:	2301      	movs	r3, #1
10004dc6:	a908      	add	r1, sp, #32
10004dc8:	f10d 021a 	add.w	r2, sp, #26
10004dcc:	f88d 601a 	strb.w	r6, [sp, #26]
10004dd0:	f000 f914 	bl	10004ffc <tud_control_xfer>
10004dd4:	e47a      	b.n	100046cc <tud_task_ext+0x20>
10004dd6:	780a      	ldrb	r2, [r1, #0]
10004dd8:	78cb      	ldrb	r3, [r1, #3]
10004dda:	4411      	add	r1, r2
10004ddc:	784a      	ldrb	r2, [r1, #1]
10004dde:	e64c      	b.n	10004a7a <tud_task_ext+0x3ce>
10004de0:	4633      	mov	r3, r6
10004de2:	4810      	ldr	r0, [pc, #64]	@ (10004e24 <tud_task_ext+0x778>)
10004de4:	9204      	str	r2, [sp, #16]
10004de6:	9102      	str	r1, [sp, #8]
10004de8:	f000 fe7c 	bl	10005ae4 <tu_edpt_bind_driver>
10004dec:	4b0e      	ldr	r3, [pc, #56]	@ (10004e28 <tud_task_ext+0x77c>)
10004dee:	9a04      	ldr	r2, [sp, #16]
10004df0:	9902      	ldr	r1, [sp, #8]
10004df2:	781b      	ldrb	r3, [r3, #0]
10004df4:	4411      	add	r1, r2
10004df6:	9a00      	ldr	r2, [sp, #0]
10004df8:	3301      	adds	r3, #1
10004dfa:	4293      	cmp	r3, r2
10004dfc:	f6bf ae34 	bge.w	10004a68 <tud_task_ext+0x3bc>
10004e00:	e778      	b.n	10004cf4 <tud_task_ext+0x648>
10004e02:	f8d8 c010 	ldr.w	ip, [r8, #16]
10004e06:	4809      	ldr	r0, [pc, #36]	@ (10004e2c <tud_task_ext+0x780>)
10004e08:	4584      	cmp	ip, r0
10004e0a:	bf08      	it	eq
10004e0c:	2302      	moveq	r3, #2
10004e0e:	e75d      	b.n	10004ccc <tud_task_ext+0x620>
10004e10:	f04f 23e0 	mov.w	r3, #3758153728	@ 0xe000e000
10004e14:	f8d3 3df0 	ldr.w	r3, [r3, #3568]	@ 0xdf0
10004e18:	07db      	lsls	r3, r3, #31
10004e1a:	f57f ac57 	bpl.w	100046cc <tud_task_ext+0x20>
10004e1e:	be00      	bkpt	0x0000
10004e20:	e454      	b.n	100046cc <tud_task_ext+0x20>
10004e22:	bf00      	nop
10004e24:	20002160 	.word	0x20002160
10004e28:	20002a11 	.word	0x20002a11
10004e2c:	100054f5 	.word	0x100054f5

10004e30 <usbd_open_edpt_pair>:
10004e30:	e92d 4ff8 	stmdb	sp!, {r3, r4, r5, r6, r7, r8, r9, sl, fp, lr}
10004e34:	f8dd 8028 	ldr.w	r8, [sp, #40]	@ 0x28
10004e38:	2a00      	cmp	r2, #0
10004e3a:	d03f      	beq.n	10004ebc <usbd_open_edpt_pair+0x8c>
10004e3c:	460c      	mov	r4, r1
10004e3e:	461e      	mov	r6, r3
10004e40:	4615      	mov	r5, r2
10004e42:	f04f 0b00 	mov.w	fp, #0
10004e46:	4f1f      	ldr	r7, [pc, #124]	@ (10004ec4 <usbd_open_edpt_pair+0x94>)
10004e48:	f8df 907c 	ldr.w	r9, [pc, #124]	@ 10004ec8 <usbd_open_edpt_pair+0x98>
10004e4c:	e017      	b.n	10004e7e <usbd_open_edpt_pair+0x4e>
10004e4e:	4620      	mov	r0, r4
10004e50:	f899 1002 	ldrb.w	r1, [r9, #2]
10004e54:	f000 fe14 	bl	10005a80 <tu_edpt_validate>
10004e58:	b1f8      	cbz	r0, 10004e9a <usbd_open_edpt_pair+0x6a>
10004e5a:	4621      	mov	r1, r4
10004e5c:	4650      	mov	r0, sl
10004e5e:	f7ff fa3d 	bl	100042dc <dcd_edpt_open>
10004e62:	b308      	cbz	r0, 10004ea8 <usbd_open_edpt_pair+0x78>
10004e64:	78a3      	ldrb	r3, [r4, #2]
10004e66:	f10b 0b01 	add.w	fp, fp, #1
10004e6a:	09da      	lsrs	r2, r3, #7
10004e6c:	bf16      	itet	ne
10004e6e:	9a0b      	ldrne	r2, [sp, #44]	@ 0x2c
10004e70:	f888 3000 	strbeq.w	r3, [r8]
10004e74:	7013      	strbne	r3, [r2, #0]
10004e76:	7823      	ldrb	r3, [r4, #0]
10004e78:	45ab      	cmp	fp, r5
10004e7a:	441c      	add	r4, r3
10004e7c:	d01e      	beq.n	10004ebc <usbd_open_edpt_pair+0x8c>
10004e7e:	7863      	ldrb	r3, [r4, #1]
10004e80:	2b05      	cmp	r3, #5
10004e82:	d111      	bne.n	10004ea8 <usbd_open_edpt_pair+0x78>
10004e84:	78e1      	ldrb	r1, [r4, #3]
10004e86:	f001 0103 	and.w	r1, r1, #3
10004e8a:	42b1      	cmp	r1, r6
10004e8c:	d10c      	bne.n	10004ea8 <usbd_open_edpt_pair+0x78>
10004e8e:	78a3      	ldrb	r3, [r4, #2]
10004e90:	f897 a000 	ldrb.w	sl, [r7]
10004e94:	f013 0f70 	tst.w	r3, #112	@ 0x70
10004e98:	d0d9      	beq.n	10004e4e <usbd_open_edpt_pair+0x1e>
10004e9a:	f04f 23e0 	mov.w	r3, #3758153728	@ 0xe000e000
10004e9e:	f8d3 3df0 	ldr.w	r3, [r3, #3568]	@ 0xdf0
10004ea2:	07da      	lsls	r2, r3, #31
10004ea4:	d500      	bpl.n	10004ea8 <usbd_open_edpt_pair+0x78>
10004ea6:	be00      	bkpt	0x0000
10004ea8:	f04f 23e0 	mov.w	r3, #3758153728	@ 0xe000e000
10004eac:	f8d3 3df0 	ldr.w	r3, [r3, #3568]	@ 0xdf0
10004eb0:	07db      	lsls	r3, r3, #31
10004eb2:	d500      	bpl.n	10004eb6 <usbd_open_edpt_pair+0x86>
10004eb4:	be00      	bkpt	0x0000
10004eb6:	2000      	movs	r0, #0
10004eb8:	e8bd 8ff8 	ldmia.w	sp!, {r3, r4, r5, r6, r7, r8, r9, sl, fp, pc}
10004ebc:	2001      	movs	r0, #1
10004ebe:	e8bd 8ff8 	ldmia.w	sp!, {r3, r4, r5, r6, r7, r8, r9, sl, fp, pc}
10004ec2:	bf00      	nop
10004ec4:	2000154c 	.word	0x2000154c
10004ec8:	2000214c 	.word	0x2000214c

10004ecc <usbd_edpt_open>:
10004ecc:	b538      	push	{r3, r4, r5, lr}
10004ece:	4b0e      	ldr	r3, [pc, #56]	@ (10004f08 <usbd_edpt_open+0x3c>)
10004ed0:	781d      	ldrb	r5, [r3, #0]
10004ed2:	788b      	ldrb	r3, [r1, #2]
10004ed4:	f013 0f70 	tst.w	r3, #112	@ 0x70
10004ed8:	d008      	beq.n	10004eec <usbd_edpt_open+0x20>
10004eda:	f04f 23e0 	mov.w	r3, #3758153728	@ 0xe000e000
10004ede:	f8d3 3df0 	ldr.w	r3, [r3, #3568]	@ 0xdf0
10004ee2:	07db      	lsls	r3, r3, #31
10004ee4:	d500      	bpl.n	10004ee8 <usbd_edpt_open+0x1c>
10004ee6:	be00      	bkpt	0x0000
10004ee8:	2000      	movs	r0, #0
10004eea:	bd38      	pop	{r3, r4, r5, pc}
10004eec:	4b07      	ldr	r3, [pc, #28]	@ (10004f0c <usbd_edpt_open+0x40>)
10004eee:	460c      	mov	r4, r1
10004ef0:	4608      	mov	r0, r1
10004ef2:	7899      	ldrb	r1, [r3, #2]
10004ef4:	f000 fdc4 	bl	10005a80 <tu_edpt_validate>
10004ef8:	2800      	cmp	r0, #0
10004efa:	d0ee      	beq.n	10004eda <usbd_edpt_open+0xe>
10004efc:	4621      	mov	r1, r4
10004efe:	4628      	mov	r0, r5
10004f00:	e8bd 4038 	ldmia.w	sp!, {r3, r4, r5, lr}
10004f04:	f7ff b9ea 	b.w	100042dc <dcd_edpt_open>
10004f08:	2000154c 	.word	0x2000154c
10004f0c:	2000214c 	.word	0x2000214c

10004f10 <usbd_edpt_claim>:
10004f10:	460b      	mov	r3, r1
10004f12:	4a06      	ldr	r2, [pc, #24]	@ (10004f2c <usbd_edpt_claim+0x1c>)
10004f14:	4806      	ldr	r0, [pc, #24]	@ (10004f30 <usbd_edpt_claim+0x20>)
10004f16:	6811      	ldr	r1, [r2, #0]
10004f18:	09da      	lsrs	r2, r3, #7
10004f1a:	3234      	adds	r2, #52	@ 0x34
10004f1c:	f003 037f 	and.w	r3, r3, #127	@ 0x7f
10004f20:	eb02 0343 	add.w	r3, r2, r3, lsl #1
10004f24:	4418      	add	r0, r3
10004f26:	f000 bd65 	b.w	100059f4 <tu_edpt_claim>
10004f2a:	bf00      	nop
10004f2c:	200021a0 	.word	0x200021a0
10004f30:	2000214c 	.word	0x2000214c

10004f34 <usbd_edpt_release>:
10004f34:	460b      	mov	r3, r1
10004f36:	4a06      	ldr	r2, [pc, #24]	@ (10004f50 <usbd_edpt_release+0x1c>)
10004f38:	4806      	ldr	r0, [pc, #24]	@ (10004f54 <usbd_edpt_release+0x20>)
10004f3a:	6811      	ldr	r1, [r2, #0]
10004f3c:	09da      	lsrs	r2, r3, #7
10004f3e:	3234      	adds	r2, #52	@ 0x34
10004f40:	f003 037f 	and.w	r3, r3, #127	@ 0x7f
10004f44:	eb02 0343 	add.w	r3, r2, r3, lsl #1
10004f48:	4418      	add	r0, r3
10004f4a:	f000 bd7d 	b.w	10005a48 <tu_edpt_release>
10004f4e:	bf00      	nop
10004f50:	200021a0 	.word	0x200021a0
10004f54:	2000214c 	.word	0x2000214c

10004f58 <usbd_edpt_xfer>:
10004f58:	b510      	push	{r4, lr}
10004f5a:	4c19      	ldr	r4, [pc, #100]	@ (10004fc0 <usbd_edpt_xfer+0x68>)
10004f5c:	f001 0e7f 	and.w	lr, r1, #127	@ 0x7f
10004f60:	eb04 044e 	add.w	r4, r4, lr, lsl #1
10004f64:	eb04 14d1 	add.w	r4, r4, r1, lsr #7
10004f68:	f894 c034 	ldrb.w	ip, [r4, #52]	@ 0x34
10004f6c:	4815      	ldr	r0, [pc, #84]	@ (10004fc4 <usbd_edpt_xfer+0x6c>)
10004f6e:	f01c 0f01 	tst.w	ip, #1
10004f72:	f104 0430 	add.w	r4, r4, #48	@ 0x30
10004f76:	7800      	ldrb	r0, [r0, #0]
10004f78:	d008      	beq.n	10004f8c <usbd_edpt_xfer+0x34>
10004f7a:	f04f 23e0 	mov.w	r3, #3758153728	@ 0xe000e000
10004f7e:	f8d3 3df0 	ldr.w	r3, [r3, #3568]	@ 0xdf0
10004f82:	07da      	lsls	r2, r3, #31
10004f84:	d500      	bpl.n	10004f88 <usbd_edpt_xfer+0x30>
10004f86:	be00      	bkpt	0x0000
10004f88:	2000      	movs	r0, #0
10004f8a:	bd10      	pop	{r4, pc}
10004f8c:	f894 c004 	ldrb.w	ip, [r4, #4]
10004f90:	f04c 0c01 	orr.w	ip, ip, #1
10004f94:	f884 c004 	strb.w	ip, [r4, #4]
10004f98:	f7ff fa26 	bl	100043e8 <dcd_edpt_xfer>
10004f9c:	2800      	cmp	r0, #0
10004f9e:	d1f4      	bne.n	10004f8a <usbd_edpt_xfer+0x32>
10004fa0:	f04f 21e0 	mov.w	r1, #3758153728	@ 0xe000e000
10004fa4:	7922      	ldrb	r2, [r4, #4]
10004fa6:	f360 0200 	bfi	r2, r0, #0, #1
10004faa:	7122      	strb	r2, [r4, #4]
10004fac:	7922      	ldrb	r2, [r4, #4]
10004fae:	f360 0282 	bfi	r2, r0, #2, #1
10004fb2:	7122      	strb	r2, [r4, #4]
10004fb4:	f8d1 3df0 	ldr.w	r3, [r1, #3568]	@ 0xdf0
10004fb8:	07db      	lsls	r3, r3, #31
10004fba:	d5e5      	bpl.n	10004f88 <usbd_edpt_xfer+0x30>
10004fbc:	e7e3      	b.n	10004f86 <usbd_edpt_xfer+0x2e>
10004fbe:	bf00      	nop
10004fc0:	2000214c 	.word	0x2000214c
10004fc4:	2000154c 	.word	0x2000154c

10004fc8 <tud_control_status>:
10004fc8:	b530      	push	{r4, r5, lr}
10004fca:	4c0b      	ldr	r4, [pc, #44]	@ (10004ff8 <tud_control_status+0x30>)
10004fcc:	468c      	mov	ip, r1
10004fce:	46a6      	mov	lr, r4
10004fd0:	4605      	mov	r5, r0
10004fd2:	6808      	ldr	r0, [r1, #0]
10004fd4:	6849      	ldr	r1, [r1, #4]
10004fd6:	2300      	movs	r3, #0
10004fd8:	e8ae 0003 	stmia.w	lr!, {r0, r1}
10004fdc:	f89c 1000 	ldrb.w	r1, [ip]
10004fe0:	4628      	mov	r0, r5
10004fe2:	43c9      	mvns	r1, r1
10004fe4:	e9c4 3302 	strd	r3, r3, [r4, #8]
10004fe8:	e8bd 4030 	ldmia.w	sp!, {r4, r5, lr}
10004fec:	461a      	mov	r2, r3
10004fee:	f001 0180 	and.w	r1, r1, #128	@ 0x80
10004ff2:	f7ff bfb1 	b.w	10004f58 <usbd_edpt_xfer>
10004ff6:	bf00      	nop
10004ff8:	2000210c 	.word	0x2000210c

10004ffc <tud_control_xfer>:
10004ffc:	e92d 41f0 	stmdb	sp!, {r4, r5, r6, r7, r8, lr}
10005000:	4f27      	ldr	r7, [pc, #156]	@ (100050a0 <tud_control_xfer+0xa4>)
10005002:	f04f 0800 	mov.w	r8, #0
10005006:	46be      	mov	lr, r7
10005008:	468c      	mov	ip, r1
1000500a:	4606      	mov	r6, r0
1000500c:	6808      	ldr	r0, [r1, #0]
1000500e:	6849      	ldr	r1, [r1, #4]
10005010:	60ba      	str	r2, [r7, #8]
10005012:	e8ae 0003 	stmia.w	lr!, {r0, r1}
10005016:	f8a7 800e 	strh.w	r8, [r7, #14]
1000501a:	4615      	mov	r5, r2
1000501c:	f8bc 2006 	ldrh.w	r2, [ip, #6]
10005020:	4293      	cmp	r3, r2
10005022:	bf28      	it	cs
10005024:	4613      	movcs	r3, r2
10005026:	81bb      	strh	r3, [r7, #12]
10005028:	b19a      	cbz	r2, 10005052 <tud_control_xfer+0x56>
1000502a:	461c      	mov	r4, r3
1000502c:	b32b      	cbz	r3, 1000507a <tud_control_xfer+0x7e>
1000502e:	b1dd      	cbz	r5, 10005068 <tud_control_xfer+0x6c>
10005030:	f997 3000 	ldrsb.w	r3, [r7]
10005034:	2c40      	cmp	r4, #64	@ 0x40
10005036:	bf28      	it	cs
10005038:	2440      	movcs	r4, #64	@ 0x40
1000503a:	2b00      	cmp	r3, #0
1000503c:	db28      	blt.n	10005090 <tud_control_xfer+0x94>
1000503e:	4641      	mov	r1, r8
10005040:	4623      	mov	r3, r4
10005042:	4630      	mov	r0, r6
10005044:	4a17      	ldr	r2, [pc, #92]	@ (100050a4 <tud_control_xfer+0xa8>)
10005046:	f7ff ff87 	bl	10004f58 <usbd_edpt_xfer>
1000504a:	b168      	cbz	r0, 10005068 <tud_control_xfer+0x6c>
1000504c:	2001      	movs	r0, #1
1000504e:	e8bd 81f0 	ldmia.w	sp!, {r4, r5, r6, r7, r8, pc}
10005052:	f89c 1000 	ldrb.w	r1, [ip]
10005056:	4613      	mov	r3, r2
10005058:	43c9      	mvns	r1, r1
1000505a:	4630      	mov	r0, r6
1000505c:	f001 0180 	and.w	r1, r1, #128	@ 0x80
10005060:	f7ff ff7a 	bl	10004f58 <usbd_edpt_xfer>
10005064:	2800      	cmp	r0, #0
10005066:	d1f1      	bne.n	1000504c <tud_control_xfer+0x50>
10005068:	f04f 23e0 	mov.w	r3, #3758153728	@ 0xe000e000
1000506c:	f8d3 3df0 	ldr.w	r3, [r3, #3568]	@ 0xdf0
10005070:	07db      	lsls	r3, r3, #31
10005072:	d500      	bpl.n	10005076 <tud_control_xfer+0x7a>
10005074:	be00      	bkpt	0x0000
10005076:	2000      	movs	r0, #0
10005078:	e7e9      	b.n	1000504e <tud_control_xfer+0x52>
1000507a:	461a      	mov	r2, r3
1000507c:	7839      	ldrb	r1, [r7, #0]
1000507e:	f001 0180 	and.w	r1, r1, #128	@ 0x80
10005082:	4623      	mov	r3, r4
10005084:	4630      	mov	r0, r6
10005086:	f7ff ff67 	bl	10004f58 <usbd_edpt_xfer>
1000508a:	2800      	cmp	r0, #0
1000508c:	d1de      	bne.n	1000504c <tud_control_xfer+0x50>
1000508e:	e7eb      	b.n	10005068 <tud_control_xfer+0x6c>
10005090:	4622      	mov	r2, r4
10005092:	4629      	mov	r1, r5
10005094:	4803      	ldr	r0, [pc, #12]	@ (100050a4 <tud_control_xfer+0xa8>)
10005096:	f002 fb5f 	bl	10007758 <memcpy>
1000509a:	2180      	movs	r1, #128	@ 0x80
1000509c:	4a01      	ldr	r2, [pc, #4]	@ (100050a4 <tud_control_xfer+0xa8>)
1000509e:	e7f0      	b.n	10005082 <tud_control_xfer+0x86>
100050a0:	2000210c 	.word	0x2000210c
100050a4:	200020cc 	.word	0x200020cc

100050a8 <usbd_control_reset>:
100050a8:	2200      	movs	r2, #0
100050aa:	4b03      	ldr	r3, [pc, #12]	@ (100050b8 <usbd_control_reset+0x10>)
100050ac:	e9c3 2200 	strd	r2, r2, [r3]
100050b0:	e9c3 2202 	strd	r2, r2, [r3, #8]
100050b4:	611a      	str	r2, [r3, #16]
100050b6:	4770      	bx	lr
100050b8:	2000210c 	.word	0x2000210c

100050bc <usbd_control_set_complete_callback>:
100050bc:	4b01      	ldr	r3, [pc, #4]	@ (100050c4 <usbd_control_set_complete_callback+0x8>)
100050be:	6118      	str	r0, [r3, #16]
100050c0:	4770      	bx	lr
100050c2:	bf00      	nop
100050c4:	2000210c 	.word	0x2000210c

100050c8 <usbd_control_set_request>:
100050c8:	b430      	push	{r4, r5}
100050ca:	4602      	mov	r2, r0
100050cc:	4c04      	ldr	r4, [pc, #16]	@ (100050e0 <usbd_control_set_request+0x18>)
100050ce:	2500      	movs	r5, #0
100050d0:	4623      	mov	r3, r4
100050d2:	6800      	ldr	r0, [r0, #0]
100050d4:	6851      	ldr	r1, [r2, #4]
100050d6:	e9c4 5502 	strd	r5, r5, [r4, #8]
100050da:	bc30      	pop	{r4, r5}
100050dc:	c303      	stmia	r3!, {r0, r1}
100050de:	4770      	bx	lr
100050e0:	2000210c 	.word	0x2000210c

100050e4 <usbd_control_xfer_cb>:
100050e4:	b570      	push	{r4, r5, r6, lr}
100050e6:	4c3c      	ldr	r4, [pc, #240]	@ (100051d8 <usbd_control_xfer_cb+0xf4>)
100050e8:	09c9      	lsrs	r1, r1, #7
100050ea:	7822      	ldrb	r2, [r4, #0]
100050ec:	4606      	mov	r6, r0
100050ee:	ebb1 1fd2 	cmp.w	r1, r2, lsr #7
100050f2:	461d      	mov	r5, r3
100050f4:	b082      	sub	sp, #8
100050f6:	d017      	beq.n	10005128 <usbd_control_xfer_cb+0x44>
100050f8:	b153      	cbz	r3, 10005110 <usbd_control_xfer_cb+0x2c>
100050fa:	f04f 23e0 	mov.w	r3, #3758153728	@ 0xe000e000
100050fe:	f8d3 3df0 	ldr.w	r3, [r3, #3568]	@ 0xdf0
10005102:	07db      	lsls	r3, r3, #31
10005104:	d402      	bmi.n	1000510c <usbd_control_xfer_cb+0x28>
10005106:	2000      	movs	r0, #0
10005108:	b002      	add	sp, #8
1000510a:	bd70      	pop	{r4, r5, r6, pc}
1000510c:	be00      	bkpt	0x0000
1000510e:	e7fa      	b.n	10005106 <usbd_control_xfer_cb+0x22>
10005110:	4621      	mov	r1, r4
10005112:	f7ff f8d5 	bl	100042c0 <dcd_edpt0_status_complete>
10005116:	6923      	ldr	r3, [r4, #16]
10005118:	b11b      	cbz	r3, 10005122 <usbd_control_xfer_cb+0x3e>
1000511a:	4622      	mov	r2, r4
1000511c:	2103      	movs	r1, #3
1000511e:	4630      	mov	r0, r6
10005120:	4798      	blx	r3
10005122:	2001      	movs	r0, #1
10005124:	b002      	add	sp, #8
10005126:	bd70      	pop	{r4, r5, r6, pc}
10005128:	f994 3000 	ldrsb.w	r3, [r4]
1000512c:	68a0      	ldr	r0, [r4, #8]
1000512e:	2b00      	cmp	r3, #0
10005130:	db05      	blt.n	1000513e <usbd_control_xfer_cb+0x5a>
10005132:	2800      	cmp	r0, #0
10005134:	d0e7      	beq.n	10005106 <usbd_control_xfer_cb+0x22>
10005136:	462a      	mov	r2, r5
10005138:	4928      	ldr	r1, [pc, #160]	@ (100051dc <usbd_control_xfer_cb+0xf8>)
1000513a:	f002 fb0d 	bl	10007758 <memcpy>
1000513e:	89e0      	ldrh	r0, [r4, #14]
10005140:	68a1      	ldr	r1, [r4, #8]
10005142:	88e3      	ldrh	r3, [r4, #6]
10005144:	4428      	add	r0, r5
10005146:	b280      	uxth	r0, r0
10005148:	4429      	add	r1, r5
1000514a:	4283      	cmp	r3, r0
1000514c:	81e0      	strh	r0, [r4, #14]
1000514e:	60a1      	str	r1, [r4, #8]
10005150:	d016      	beq.n	10005180 <usbd_control_xfer_cb+0x9c>
10005152:	2d3f      	cmp	r5, #63	@ 0x3f
10005154:	d914      	bls.n	10005180 <usbd_control_xfer_cb+0x9c>
10005156:	89a2      	ldrh	r2, [r4, #12]
10005158:	f994 4000 	ldrsb.w	r4, [r4]
1000515c:	1a13      	subs	r3, r2, r0
1000515e:	b29b      	uxth	r3, r3
10005160:	2b40      	cmp	r3, #64	@ 0x40
10005162:	bf28      	it	cs
10005164:	2340      	movcs	r3, #64	@ 0x40
10005166:	2c00      	cmp	r4, #0
10005168:	db26      	blt.n	100051b8 <usbd_control_xfer_cb+0xd4>
1000516a:	4290      	cmp	r0, r2
1000516c:	f04f 0100 	mov.w	r1, #0
10005170:	d030      	beq.n	100051d4 <usbd_control_xfer_cb+0xf0>
10005172:	4a1a      	ldr	r2, [pc, #104]	@ (100051dc <usbd_control_xfer_cb+0xf8>)
10005174:	4630      	mov	r0, r6
10005176:	f7ff feef 	bl	10004f58 <usbd_edpt_xfer>
1000517a:	2800      	cmp	r0, #0
1000517c:	d1d1      	bne.n	10005122 <usbd_control_xfer_cb+0x3e>
1000517e:	e7bc      	b.n	100050fa <usbd_control_xfer_cb+0x16>
10005180:	6923      	ldr	r3, [r4, #16]
10005182:	b123      	cbz	r3, 1000518e <usbd_control_xfer_cb+0xaa>
10005184:	2102      	movs	r1, #2
10005186:	4630      	mov	r0, r6
10005188:	4a13      	ldr	r2, [pc, #76]	@ (100051d8 <usbd_control_xfer_cb+0xf4>)
1000518a:	4798      	blx	r3
1000518c:	b158      	cbz	r0, 100051a6 <usbd_control_xfer_cb+0xc2>
1000518e:	7821      	ldrb	r1, [r4, #0]
10005190:	2300      	movs	r3, #0
10005192:	43c9      	mvns	r1, r1
10005194:	4630      	mov	r0, r6
10005196:	461a      	mov	r2, r3
10005198:	f001 0180 	and.w	r1, r1, #128	@ 0x80
1000519c:	f7ff fedc 	bl	10004f58 <usbd_edpt_xfer>
100051a0:	2800      	cmp	r0, #0
100051a2:	d1be      	bne.n	10005122 <usbd_control_xfer_cb+0x3e>
100051a4:	e7a9      	b.n	100050fa <usbd_control_xfer_cb+0x16>
100051a6:	4601      	mov	r1, r0
100051a8:	4630      	mov	r0, r6
100051aa:	f7ff f931 	bl	10004410 <dcd_edpt_stall>
100051ae:	2180      	movs	r1, #128	@ 0x80
100051b0:	4630      	mov	r0, r6
100051b2:	f7ff f92d 	bl	10004410 <dcd_edpt_stall>
100051b6:	e7b4      	b.n	10005122 <usbd_control_xfer_cb+0x3e>
100051b8:	4290      	cmp	r0, r2
100051ba:	d008      	beq.n	100051ce <usbd_control_xfer_cb+0xea>
100051bc:	461a      	mov	r2, r3
100051be:	4807      	ldr	r0, [pc, #28]	@ (100051dc <usbd_control_xfer_cb+0xf8>)
100051c0:	9301      	str	r3, [sp, #4]
100051c2:	f002 fac9 	bl	10007758 <memcpy>
100051c6:	2180      	movs	r1, #128	@ 0x80
100051c8:	4a04      	ldr	r2, [pc, #16]	@ (100051dc <usbd_control_xfer_cb+0xf8>)
100051ca:	9b01      	ldr	r3, [sp, #4]
100051cc:	e7d2      	b.n	10005174 <usbd_control_xfer_cb+0x90>
100051ce:	2180      	movs	r1, #128	@ 0x80
100051d0:	2200      	movs	r2, #0
100051d2:	e7cf      	b.n	10005174 <usbd_control_xfer_cb+0x90>
100051d4:	460a      	mov	r2, r1
100051d6:	e7cd      	b.n	10005174 <usbd_control_xfer_cb+0x90>
100051d8:	2000210c 	.word	0x2000210c
100051dc:	200020cc 	.word	0x200020cc

100051e0 <_prep_out_transaction.isra.0>:
100051e0:	e92d 41f0 	stmdb	sp!, {r4, r5, r6, r7, r8, lr}
100051e4:	4604      	mov	r4, r0
100051e6:	f7ff f9d5 	bl	10004594 <tud_mounted>
100051ea:	b908      	cbnz	r0, 100051f0 <_prep_out_transaction.isra.0+0x10>
100051ec:	e8bd 81f0 	ldmia.w	sp!, {r4, r5, r6, r7, r8, pc}
100051f0:	f7ff f9d8 	bl	100045a4 <tud_suspended>
100051f4:	4607      	mov	r7, r0
100051f6:	2800      	cmp	r0, #0
100051f8:	d1f8      	bne.n	100051ec <_prep_out_transaction.isra.0+0xc>
100051fa:	22c8      	movs	r2, #200	@ 0xc8
100051fc:	4b13      	ldr	r3, [pc, #76]	@ (1000524c <_prep_out_transaction.isra.0+0x6c>)
100051fe:	fb02 3604 	mla	r6, r2, r4, r3
10005202:	78f1      	ldrb	r1, [r6, #3]
10005204:	2900      	cmp	r1, #0
10005206:	d0f1      	beq.n	100051ec <_prep_out_transaction.isra.0+0xc>
10005208:	f106 0510 	add.w	r5, r6, #16
1000520c:	4628      	mov	r0, r5
1000520e:	f000 fde1 	bl	10005dd4 <tu_fifo_remaining>
10005212:	283f      	cmp	r0, #63	@ 0x3f
10005214:	d9ea      	bls.n	100051ec <_prep_out_transaction.isra.0+0xc>
10005216:	4638      	mov	r0, r7
10005218:	78f1      	ldrb	r1, [r6, #3]
1000521a:	f7ff fe79 	bl	10004f10 <usbd_edpt_claim>
1000521e:	2800      	cmp	r0, #0
10005220:	d0e4      	beq.n	100051ec <_prep_out_transaction.isra.0+0xc>
10005222:	4628      	mov	r0, r5
10005224:	f000 fdd6 	bl	10005dd4 <tu_fifo_remaining>
10005228:	283f      	cmp	r0, #63	@ 0x3f
1000522a:	d909      	bls.n	10005240 <_prep_out_transaction.isra.0+0x60>
1000522c:	4a08      	ldr	r2, [pc, #32]	@ (10005250 <_prep_out_transaction.isra.0+0x70>)
1000522e:	4638      	mov	r0, r7
10005230:	78f1      	ldrb	r1, [r6, #3]
10005232:	eb02 12c4 	add.w	r2, r2, r4, lsl #7
10005236:	2340      	movs	r3, #64	@ 0x40
10005238:	e8bd 41f0 	ldmia.w	sp!, {r4, r5, r6, r7, r8, lr}
1000523c:	f7ff be8c 	b.w	10004f58 <usbd_edpt_xfer>
10005240:	4638      	mov	r0, r7
10005242:	78f1      	ldrb	r1, [r6, #3]
10005244:	e8bd 41f0 	ldmia.w	sp!, {r4, r5, r6, r7, r8, lr}
10005248:	f7ff be74 	b.w	10004f34 <usbd_edpt_release>
1000524c:	20001aa0 	.word	0x20001aa0
10005250:	20002048 	.word	0x20002048

10005254 <tud_cdc_n_connected>:
10005254:	b510      	push	{r4, lr}
10005256:	4604      	mov	r4, r0
10005258:	f7ff f99c 	bl	10004594 <tud_mounted>
1000525c:	b908      	cbnz	r0, 10005262 <tud_cdc_n_connected+0xe>
1000525e:	2000      	movs	r0, #0
10005260:	bd10      	pop	{r4, pc}
10005262:	f7ff f99f 	bl	100045a4 <tud_suspended>
10005266:	2800      	cmp	r0, #0
10005268:	d1f9      	bne.n	1000525e <tud_cdc_n_connected+0xa>
1000526a:	22c8      	movs	r2, #200	@ 0xc8
1000526c:	4b03      	ldr	r3, [pc, #12]	@ (1000527c <tud_cdc_n_connected+0x28>)
1000526e:	fb02 3304 	mla	r3, r2, r4, r3
10005272:	7918      	ldrb	r0, [r3, #4]
10005274:	f000 0001 	and.w	r0, r0, #1
10005278:	bd10      	pop	{r4, pc}
1000527a:	bf00      	nop
1000527c:	20001aa0 	.word	0x20001aa0

10005280 <tud_cdc_n_available>:
10005280:	21c8      	movs	r1, #200	@ 0xc8
10005282:	b508      	push	{r3, lr}
10005284:	2310      	movs	r3, #16
10005286:	fb01 3000 	mla	r0, r1, r0, r3
1000528a:	4a02      	ldr	r2, [pc, #8]	@ (10005294 <tud_cdc_n_available+0x14>)
1000528c:	4410      	add	r0, r2
1000528e:	f000 fd87 	bl	10005da0 <tu_fifo_count>
10005292:	bd08      	pop	{r3, pc}
10005294:	20001aa0 	.word	0x20001aa0

10005298 <tud_cdc_n_read>:
10005298:	e92d 43f8 	stmdb	sp!, {r3, r4, r5, r6, r7, r8, r9, lr}
1000529c:	f64f 73ff 	movw	r3, #65535	@ 0xffff
100052a0:	f04f 08c8 	mov.w	r8, #200	@ 0xc8
100052a4:	2410      	movs	r4, #16
100052a6:	429a      	cmp	r2, r3
100052a8:	bf28      	it	cs
100052aa:	461a      	movcs	r2, r3
100052ac:	fb18 4400 	smlabb	r4, r8, r0, r4
100052b0:	4f1a      	ldr	r7, [pc, #104]	@ (1000531c <tud_cdc_n_read+0x84>)
100052b2:	4606      	mov	r6, r0
100052b4:	443c      	add	r4, r7
100052b6:	4620      	mov	r0, r4
100052b8:	b292      	uxth	r2, r2
100052ba:	f000 fde7 	bl	10005e8c <tu_fifo_read_n>
100052be:	4605      	mov	r5, r0
100052c0:	f7ff f968 	bl	10004594 <tud_mounted>
100052c4:	b910      	cbnz	r0, 100052cc <tud_cdc_n_read+0x34>
100052c6:	4628      	mov	r0, r5
100052c8:	e8bd 83f8 	ldmia.w	sp!, {r3, r4, r5, r6, r7, r8, r9, pc}
100052cc:	f7ff f96a 	bl	100045a4 <tud_suspended>
100052d0:	4681      	mov	r9, r0
100052d2:	2800      	cmp	r0, #0
100052d4:	d1f7      	bne.n	100052c6 <tud_cdc_n_read+0x2e>
100052d6:	fb08 7706 	mla	r7, r8, r6, r7
100052da:	78fb      	ldrb	r3, [r7, #3]
100052dc:	2b00      	cmp	r3, #0
100052de:	d0f2      	beq.n	100052c6 <tud_cdc_n_read+0x2e>
100052e0:	4620      	mov	r0, r4
100052e2:	f000 fd77 	bl	10005dd4 <tu_fifo_remaining>
100052e6:	283f      	cmp	r0, #63	@ 0x3f
100052e8:	d9ed      	bls.n	100052c6 <tud_cdc_n_read+0x2e>
100052ea:	4648      	mov	r0, r9
100052ec:	78f9      	ldrb	r1, [r7, #3]
100052ee:	f7ff fe0f 	bl	10004f10 <usbd_edpt_claim>
100052f2:	2800      	cmp	r0, #0
100052f4:	d0e7      	beq.n	100052c6 <tud_cdc_n_read+0x2e>
100052f6:	4620      	mov	r0, r4
100052f8:	f000 fd6c 	bl	10005dd4 <tu_fifo_remaining>
100052fc:	283f      	cmp	r0, #63	@ 0x3f
100052fe:	d908      	bls.n	10005312 <tud_cdc_n_read+0x7a>
10005300:	4a07      	ldr	r2, [pc, #28]	@ (10005320 <tud_cdc_n_read+0x88>)
10005302:	4648      	mov	r0, r9
10005304:	2340      	movs	r3, #64	@ 0x40
10005306:	78f9      	ldrb	r1, [r7, #3]
10005308:	eb02 12c6 	add.w	r2, r2, r6, lsl #7
1000530c:	f7ff fe24 	bl	10004f58 <usbd_edpt_xfer>
10005310:	e7d9      	b.n	100052c6 <tud_cdc_n_read+0x2e>
10005312:	4648      	mov	r0, r9
10005314:	78f9      	ldrb	r1, [r7, #3]
10005316:	f7ff fe0d 	bl	10004f34 <usbd_edpt_release>
1000531a:	e7d4      	b.n	100052c6 <tud_cdc_n_read+0x2e>
1000531c:	20001aa0 	.word	0x20001aa0
10005320:	20002048 	.word	0x20002048

10005324 <tud_cdc_n_write_flush>:
10005324:	e92d 41f0 	stmdb	sp!, {r4, r5, r6, r7, r8, lr}
10005328:	4605      	mov	r5, r0
1000532a:	f7ff f933 	bl	10004594 <tud_mounted>
1000532e:	b910      	cbnz	r0, 10005336 <tud_cdc_n_write_flush+0x12>
10005330:	2000      	movs	r0, #0
10005332:	e8bd 81f0 	ldmia.w	sp!, {r4, r5, r6, r7, r8, pc}
10005336:	f7ff f935 	bl	100045a4 <tud_suspended>
1000533a:	4606      	mov	r6, r0
1000533c:	2800      	cmp	r0, #0
1000533e:	d1f7      	bne.n	10005330 <tud_cdc_n_write_flush+0xc>
10005340:	f04f 08c8 	mov.w	r8, #200	@ 0xc8
10005344:	2424      	movs	r4, #36	@ 0x24
10005346:	fb18 4405 	smlabb	r4, r8, r5, r4
1000534a:	4f17      	ldr	r7, [pc, #92]	@ (100053a8 <tud_cdc_n_write_flush+0x84>)
1000534c:	443c      	add	r4, r7
1000534e:	4620      	mov	r0, r4
10005350:	f000 fd26 	bl	10005da0 <tu_fifo_count>
10005354:	2800      	cmp	r0, #0
10005356:	d0eb      	beq.n	10005330 <tud_cdc_n_write_flush+0xc>
10005358:	fb08 7705 	mla	r7, r8, r5, r7
1000535c:	4630      	mov	r0, r6
1000535e:	78b9      	ldrb	r1, [r7, #2]
10005360:	f7ff fdd6 	bl	10004f10 <usbd_edpt_claim>
10005364:	2800      	cmp	r0, #0
10005366:	d0e3      	beq.n	10005330 <tud_cdc_n_write_flush+0xc>
10005368:	2240      	movs	r2, #64	@ 0x40
1000536a:	4b10      	ldr	r3, [pc, #64]	@ (100053ac <tud_cdc_n_write_flush+0x88>)
1000536c:	4620      	mov	r0, r4
1000536e:	eb02 14c5 	add.w	r4, r2, r5, lsl #7
10005372:	441c      	add	r4, r3
10005374:	4621      	mov	r1, r4
10005376:	f000 fd89 	bl	10005e8c <tu_fifo_read_n>
1000537a:	4605      	mov	r5, r0
1000537c:	b180      	cbz	r0, 100053a0 <tud_cdc_n_write_flush+0x7c>
1000537e:	4603      	mov	r3, r0
10005380:	4622      	mov	r2, r4
10005382:	4630      	mov	r0, r6
10005384:	78b9      	ldrb	r1, [r7, #2]
10005386:	f7ff fde7 	bl	10004f58 <usbd_edpt_xfer>
1000538a:	b938      	cbnz	r0, 1000539c <tud_cdc_n_write_flush+0x78>
1000538c:	f04f 23e0 	mov.w	r3, #3758153728	@ 0xe000e000
10005390:	f8d3 3df0 	ldr.w	r3, [r3, #3568]	@ 0xdf0
10005394:	07db      	lsls	r3, r3, #31
10005396:	d5cb      	bpl.n	10005330 <tud_cdc_n_write_flush+0xc>
10005398:	be00      	bkpt	0x0000
1000539a:	e7c9      	b.n	10005330 <tud_cdc_n_write_flush+0xc>
1000539c:	4628      	mov	r0, r5
1000539e:	e7c8      	b.n	10005332 <tud_cdc_n_write_flush+0xe>
100053a0:	78b9      	ldrb	r1, [r7, #2]
100053a2:	f7ff fdc7 	bl	10004f34 <usbd_edpt_release>
100053a6:	e7c3      	b.n	10005330 <tud_cdc_n_write_flush+0xc>
100053a8:	20001aa0 	.word	0x20001aa0
100053ac:	20002048 	.word	0x20002048

100053b0 <tud_cdc_n_write>:
100053b0:	b538      	push	{r3, r4, r5, lr}
100053b2:	f64f 73ff 	movw	r3, #65535	@ 0xffff
100053b6:	f04f 0c24 	mov.w	ip, #36	@ 0x24
100053ba:	24c8      	movs	r4, #200	@ 0xc8
100053bc:	429a      	cmp	r2, r3
100053be:	bf28      	it	cs
100053c0:	461a      	movcs	r2, r3
100053c2:	fb14 c400 	smlabb	r4, r4, r0, ip
100053c6:	4b0a      	ldr	r3, [pc, #40]	@ (100053f0 <tud_cdc_n_write+0x40>)
100053c8:	b292      	uxth	r2, r2
100053ca:	441c      	add	r4, r3
100053cc:	4605      	mov	r5, r0
100053ce:	4620      	mov	r0, r4
100053d0:	f000 fe18 	bl	10006004 <tu_fifo_write_n>
100053d4:	4603      	mov	r3, r0
100053d6:	4620      	mov	r0, r4
100053d8:	461c      	mov	r4, r3
100053da:	f000 fce1 	bl	10005da0 <tu_fifo_count>
100053de:	283f      	cmp	r0, #63	@ 0x3f
100053e0:	d801      	bhi.n	100053e6 <tud_cdc_n_write+0x36>
100053e2:	4620      	mov	r0, r4
100053e4:	bd38      	pop	{r3, r4, r5, pc}
100053e6:	4628      	mov	r0, r5
100053e8:	f7ff ff9c 	bl	10005324 <tud_cdc_n_write_flush>
100053ec:	4620      	mov	r0, r4
100053ee:	bd38      	pop	{r3, r4, r5, pc}
100053f0:	20001aa0 	.word	0x20001aa0

100053f4 <tud_cdc_n_write_available>:
100053f4:	21c8      	movs	r1, #200	@ 0xc8
100053f6:	b508      	push	{r3, lr}
100053f8:	2324      	movs	r3, #36	@ 0x24
100053fa:	fb01 3000 	mla	r0, r1, r0, r3
100053fe:	4a02      	ldr	r2, [pc, #8]	@ (10005408 <tud_cdc_n_write_available+0x14>)
10005400:	4410      	add	r0, r2
10005402:	f000 fce7 	bl	10005dd4 <tu_fifo_remaining>
10005406:	bd08      	pop	{r3, pc}
10005408:	20001aa0 	.word	0x20001aa0

1000540c <cdcd_init>:
1000540c:	b5f0      	push	{r4, r5, r6, r7, lr}
1000540e:	4c19      	ldr	r4, [pc, #100]	@ (10005474 <cdcd_init+0x68>)
10005410:	b083      	sub	sp, #12
10005412:	22c8      	movs	r2, #200	@ 0xc8
10005414:	2100      	movs	r1, #0
10005416:	4620      	mov	r0, r4
10005418:	f001 fd00 	bl	10006e1c <memset>
1000541c:	2500      	movs	r5, #0
1000541e:	23ff      	movs	r3, #255	@ 0xff
10005420:	f44f 31e1 	mov.w	r1, #115200	@ 0x1c200
10005424:	2208      	movs	r2, #8
10005426:	4814      	ldr	r0, [pc, #80]	@ (10005478 <cdcd_init+0x6c>)
10005428:	f104 07b8 	add.w	r7, r4, #184	@ 0xb8
1000542c:	7005      	strb	r5, [r0, #0]
1000542e:	9500      	str	r5, [sp, #0]
10005430:	f104 0010 	add.w	r0, r4, #16
10005434:	7163      	strb	r3, [r4, #5]
10005436:	60a1      	str	r1, [r4, #8]
10005438:	73a2      	strb	r2, [r4, #14]
1000543a:	f104 0138 	add.w	r1, r4, #56	@ 0x38
1000543e:	2301      	movs	r3, #1
10005440:	2240      	movs	r2, #64	@ 0x40
10005442:	f000 fc7d 	bl	10005d40 <tu_fifo_config>
10005446:	2301      	movs	r3, #1
10005448:	2240      	movs	r2, #64	@ 0x40
1000544a:	f104 0178 	add.w	r1, r4, #120	@ 0x78
1000544e:	9300      	str	r3, [sp, #0]
10005450:	f104 0024 	add.w	r0, r4, #36	@ 0x24
10005454:	f000 fc74 	bl	10005d40 <tu_fifo_config>
10005458:	f104 06c0 	add.w	r6, r4, #192	@ 0xc0
1000545c:	4638      	mov	r0, r7
1000545e:	f7fb fcbd 	bl	10000ddc <mutex_init>
10005462:	4630      	mov	r0, r6
10005464:	f7fb fcba 	bl	10000ddc <mutex_init>
10005468:	e9c4 5707 	strd	r5, r7, [r4, #28]
1000546c:	e9c4 650c 	strd	r6, r5, [r4, #48]	@ 0x30
10005470:	b003      	add	sp, #12
10005472:	bdf0      	pop	{r4, r5, r6, r7, pc}
10005474:	20001aa0 	.word	0x20001aa0
10005478:	200020c8 	.word	0x200020c8

1000547c <cdcd_deinit>:
1000547c:	4b09      	ldr	r3, [pc, #36]	@ (100054a4 <cdcd_deinit+0x28>)
1000547e:	6b19      	ldr	r1, [r3, #48]	@ 0x30
10005480:	b149      	cbz	r1, 10005496 <cdcd_deinit+0x1a>
10005482:	6a1a      	ldr	r2, [r3, #32]
10005484:	b112      	cbz	r2, 1000548c <cdcd_deinit+0x10>
10005486:	2200      	movs	r2, #0
10005488:	e9c3 2207 	strd	r2, r2, [r3, #28]
1000548c:	2200      	movs	r2, #0
1000548e:	e9c3 220c 	strd	r2, r2, [r3, #48]	@ 0x30
10005492:	2001      	movs	r0, #1
10005494:	4770      	bx	lr
10005496:	6a1a      	ldr	r2, [r3, #32]
10005498:	2a00      	cmp	r2, #0
1000549a:	d0fa      	beq.n	10005492 <cdcd_deinit+0x16>
1000549c:	2001      	movs	r0, #1
1000549e:	e9c3 1107 	strd	r1, r1, [r3, #28]
100054a2:	4770      	bx	lr
100054a4:	20001aa0 	.word	0x20001aa0

100054a8 <cdcd_reset>:
100054a8:	2200      	movs	r2, #0
100054aa:	b510      	push	{r4, lr}
100054ac:	4c0e      	ldr	r4, [pc, #56]	@ (100054e8 <cdcd_reset+0x40>)
100054ae:	480f      	ldr	r0, [pc, #60]	@ (100054ec <cdcd_reset+0x44>)
100054b0:	7823      	ldrb	r3, [r4, #0]
100054b2:	6002      	str	r2, [r0, #0]
100054b4:	7102      	strb	r2, [r0, #4]
100054b6:	07da      	lsls	r2, r3, #31
100054b8:	d507      	bpl.n	100054ca <cdcd_reset+0x22>
100054ba:	079b      	lsls	r3, r3, #30
100054bc:	d50b      	bpl.n	100054d6 <cdcd_reset+0x2e>
100054be:	e8bd 4010 	ldmia.w	sp!, {r4, lr}
100054c2:	2101      	movs	r1, #1
100054c4:	480a      	ldr	r0, [pc, #40]	@ (100054f0 <cdcd_reset+0x48>)
100054c6:	f000 be65 	b.w	10006194 <tu_fifo_set_overwritable>
100054ca:	3010      	adds	r0, #16
100054cc:	f000 fe46 	bl	1000615c <tu_fifo_clear>
100054d0:	7823      	ldrb	r3, [r4, #0]
100054d2:	079b      	lsls	r3, r3, #30
100054d4:	d4f3      	bmi.n	100054be <cdcd_reset+0x16>
100054d6:	4806      	ldr	r0, [pc, #24]	@ (100054f0 <cdcd_reset+0x48>)
100054d8:	f000 fe40 	bl	1000615c <tu_fifo_clear>
100054dc:	e8bd 4010 	ldmia.w	sp!, {r4, lr}
100054e0:	2101      	movs	r1, #1
100054e2:	4803      	ldr	r0, [pc, #12]	@ (100054f0 <cdcd_reset+0x48>)
100054e4:	f000 be56 	b.w	10006194 <tu_fifo_set_overwritable>
100054e8:	200020c8 	.word	0x200020c8
100054ec:	20001aa0 	.word	0x20001aa0
100054f0:	20001ac4 	.word	0x20001ac4

100054f4 <cdcd_open>:
100054f4:	b5f0      	push	{r4, r5, r6, r7, lr}
100054f6:	794b      	ldrb	r3, [r1, #5]
100054f8:	b083      	sub	sp, #12
100054fa:	2b02      	cmp	r3, #2
100054fc:	d003      	beq.n	10005506 <cdcd_open+0x12>
100054fe:	2500      	movs	r5, #0
10005500:	4628      	mov	r0, r5
10005502:	b003      	add	sp, #12
10005504:	bdf0      	pop	{r4, r5, r6, r7, pc}
10005506:	798b      	ldrb	r3, [r1, #6]
10005508:	2b02      	cmp	r3, #2
1000550a:	d1f8      	bne.n	100054fe <cdcd_open+0xa>
1000550c:	4f26      	ldr	r7, [pc, #152]	@ (100055a8 <cdcd_open+0xb4>)
1000550e:	78bb      	ldrb	r3, [r7, #2]
10005510:	b13b      	cbz	r3, 10005522 <cdcd_open+0x2e>
10005512:	f04f 23e0 	mov.w	r3, #3758153728	@ 0xe000e000
10005516:	f8d3 3df0 	ldr.w	r3, [r3, #3568]	@ 0xdf0
1000551a:	07db      	lsls	r3, r3, #31
1000551c:	d5ef      	bpl.n	100054fe <cdcd_open+0xa>
1000551e:	be00      	bkpt	0x0000
10005520:	e7ed      	b.n	100054fe <cdcd_open+0xa>
10005522:	788b      	ldrb	r3, [r1, #2]
10005524:	4606      	mov	r6, r0
10005526:	703b      	strb	r3, [r7, #0]
10005528:	780b      	ldrb	r3, [r1, #0]
1000552a:	2509      	movs	r5, #9
1000552c:	18cc      	adds	r4, r1, r3
1000552e:	7861      	ldrb	r1, [r4, #1]
10005530:	2924      	cmp	r1, #36	@ 0x24
10005532:	d10b      	bne.n	1000554c <cdcd_open+0x58>
10005534:	2a08      	cmp	r2, #8
10005536:	d802      	bhi.n	1000553e <cdcd_open+0x4a>
10005538:	e00f      	b.n	1000555a <cdcd_open+0x66>
1000553a:	42aa      	cmp	r2, r5
1000553c:	d30d      	bcc.n	1000555a <cdcd_open+0x66>
1000553e:	7823      	ldrb	r3, [r4, #0]
10005540:	441c      	add	r4, r3
10005542:	7861      	ldrb	r1, [r4, #1]
10005544:	442b      	add	r3, r5
10005546:	2924      	cmp	r1, #36	@ 0x24
10005548:	b29d      	uxth	r5, r3
1000554a:	d0f6      	beq.n	1000553a <cdcd_open+0x46>
1000554c:	2905      	cmp	r1, #5
1000554e:	d00a      	beq.n	10005566 <cdcd_open+0x72>
10005550:	2904      	cmp	r1, #4
10005552:	d102      	bne.n	1000555a <cdcd_open+0x66>
10005554:	7963      	ldrb	r3, [r4, #5]
10005556:	2b0a      	cmp	r3, #10
10005558:	d013      	beq.n	10005582 <cdcd_open+0x8e>
1000555a:	2000      	movs	r0, #0
1000555c:	f7ff fe40 	bl	100051e0 <_prep_out_transaction.isra.0>
10005560:	4628      	mov	r0, r5
10005562:	b003      	add	sp, #12
10005564:	bdf0      	pop	{r4, r5, r6, r7, pc}
10005566:	4621      	mov	r1, r4
10005568:	4630      	mov	r0, r6
1000556a:	f7ff fcaf 	bl	10004ecc <usbd_edpt_open>
1000556e:	2800      	cmp	r0, #0
10005570:	d0cf      	beq.n	10005512 <cdcd_open+0x1e>
10005572:	78a3      	ldrb	r3, [r4, #2]
10005574:	707b      	strb	r3, [r7, #1]
10005576:	7823      	ldrb	r3, [r4, #0]
10005578:	441c      	add	r4, r3
1000557a:	442b      	add	r3, r5
1000557c:	7861      	ldrb	r1, [r4, #1]
1000557e:	b29d      	uxth	r5, r3
10005580:	e7e6      	b.n	10005550 <cdcd_open+0x5c>
10005582:	4b0a      	ldr	r3, [pc, #40]	@ (100055ac <cdcd_open+0xb8>)
10005584:	7827      	ldrb	r7, [r4, #0]
10005586:	9301      	str	r3, [sp, #4]
10005588:	3301      	adds	r3, #1
1000558a:	9300      	str	r3, [sp, #0]
1000558c:	2302      	movs	r3, #2
1000558e:	4630      	mov	r0, r6
10005590:	461a      	mov	r2, r3
10005592:	19e1      	adds	r1, r4, r7
10005594:	f7ff fc4c 	bl	10004e30 <usbd_open_edpt_pair>
10005598:	2800      	cmp	r0, #0
1000559a:	d0ba      	beq.n	10005512 <cdcd_open+0x1e>
1000559c:	350e      	adds	r5, #14
1000559e:	fa17 f585 	uxtah	r5, r7, r5
100055a2:	b2ad      	uxth	r5, r5
100055a4:	e7d9      	b.n	1000555a <cdcd_open+0x66>
100055a6:	bf00      	nop
100055a8:	20001aa0 	.word	0x20001aa0
100055ac:	20001aa2 	.word	0x20001aa2

100055b0 <cdcd_control_xfer_cb>:
100055b0:	7813      	ldrb	r3, [r2, #0]
100055b2:	f003 0360 	and.w	r3, r3, #96	@ 0x60
100055b6:	2b20      	cmp	r3, #32
100055b8:	d108      	bne.n	100055cc <cdcd_control_xfer_cb+0x1c>
100055ba:	b570      	push	{r4, r5, r6, lr}
100055bc:	4c26      	ldr	r4, [pc, #152]	@ (10005658 <cdcd_control_xfer_cb+0xa8>)
100055be:	8893      	ldrh	r3, [r2, #4]
100055c0:	f894 c000 	ldrb.w	ip, [r4]
100055c4:	459c      	cmp	ip, r3
100055c6:	d003      	beq.n	100055d0 <cdcd_control_xfer_cb+0x20>
100055c8:	2000      	movs	r0, #0
100055ca:	bd70      	pop	{r4, r5, r6, pc}
100055cc:	2000      	movs	r0, #0
100055ce:	4770      	bx	lr
100055d0:	7853      	ldrb	r3, [r2, #1]
100055d2:	3b20      	subs	r3, #32
100055d4:	2b03      	cmp	r3, #3
100055d6:	d8f7      	bhi.n	100055c8 <cdcd_control_xfer_cb+0x18>
100055d8:	e8df f003 	tbb	[pc, r3]
100055dc:	020d2327 	.word	0x020d2327
100055e0:	2901      	cmp	r1, #1
100055e2:	d02e      	beq.n	10005642 <cdcd_control_xfer_cb+0x92>
100055e4:	2903      	cmp	r1, #3
100055e6:	d11e      	bne.n	10005626 <cdcd_control_xfer_cb+0x76>
100055e8:	4b1c      	ldr	r3, [pc, #112]	@ (1000565c <cdcd_control_xfer_cb+0xac>)
100055ea:	b1e3      	cbz	r3, 10005626 <cdcd_control_xfer_cb+0x76>
100055ec:	2000      	movs	r0, #0
100055ee:	8851      	ldrh	r1, [r2, #2]
100055f0:	f3af 8000 	nop.w
100055f4:	e017      	b.n	10005626 <cdcd_control_xfer_cb+0x76>
100055f6:	2901      	cmp	r1, #1
100055f8:	d023      	beq.n	10005642 <cdcd_control_xfer_cb+0x92>
100055fa:	2903      	cmp	r1, #3
100055fc:	d113      	bne.n	10005626 <cdcd_control_xfer_cb+0x76>
100055fe:	8855      	ldrh	r5, [r2, #2]
10005600:	4817      	ldr	r0, [pc, #92]	@ (10005660 <cdcd_control_xfer_cb+0xb0>)
10005602:	f005 0601 	and.w	r6, r5, #1
10005606:	f086 0101 	eor.w	r1, r6, #1
1000560a:	7125      	strb	r5, [r4, #4]
1000560c:	f000 fdc2 	bl	10006194 <tu_fifo_set_overwritable>
10005610:	4b14      	ldr	r3, [pc, #80]	@ (10005664 <cdcd_control_xfer_cb+0xb4>)
10005612:	b143      	cbz	r3, 10005626 <cdcd_control_xfer_cb+0x76>
10005614:	4631      	mov	r1, r6
10005616:	2000      	movs	r0, #0
10005618:	f3c5 0240 	ubfx	r2, r5, #1, #1
1000561c:	f3af 8000 	nop.w
10005620:	e001      	b.n	10005626 <cdcd_control_xfer_cb+0x76>
10005622:	2901      	cmp	r1, #1
10005624:	d011      	beq.n	1000564a <cdcd_control_xfer_cb+0x9a>
10005626:	2001      	movs	r0, #1
10005628:	bd70      	pop	{r4, r5, r6, pc}
1000562a:	2901      	cmp	r1, #1
1000562c:	d00d      	beq.n	1000564a <cdcd_control_xfer_cb+0x9a>
1000562e:	2903      	cmp	r1, #3
10005630:	d1f9      	bne.n	10005626 <cdcd_control_xfer_cb+0x76>
10005632:	4b0d      	ldr	r3, [pc, #52]	@ (10005668 <cdcd_control_xfer_cb+0xb8>)
10005634:	2b00      	cmp	r3, #0
10005636:	d0f6      	beq.n	10005626 <cdcd_control_xfer_cb+0x76>
10005638:	2000      	movs	r0, #0
1000563a:	490c      	ldr	r1, [pc, #48]	@ (1000566c <cdcd_control_xfer_cb+0xbc>)
1000563c:	f7fe faa8 	bl	10003b90 <tud_cdc_line_coding_cb>
10005640:	e7f1      	b.n	10005626 <cdcd_control_xfer_cb+0x76>
10005642:	4611      	mov	r1, r2
10005644:	f7ff fcc0 	bl	10004fc8 <tud_control_status>
10005648:	e7ed      	b.n	10005626 <cdcd_control_xfer_cb+0x76>
1000564a:	4611      	mov	r1, r2
1000564c:	2307      	movs	r3, #7
1000564e:	4a07      	ldr	r2, [pc, #28]	@ (1000566c <cdcd_control_xfer_cb+0xbc>)
10005650:	f7ff fcd4 	bl	10004ffc <tud_control_xfer>
10005654:	e7e7      	b.n	10005626 <cdcd_control_xfer_cb+0x76>
10005656:	bf00      	nop
10005658:	20001aa0 	.word	0x20001aa0
1000565c:	00000000 	.word	0x00000000
10005660:	20001ac4 	.word	0x20001ac4
10005664:	00000000 	.word	0x00000000
10005668:	10003b91 	.word	0x10003b91
1000566c:	20001aa8 	.word	0x20001aa8

10005670 <cdcd_xfer_cb>:
10005670:	e92d 47f0 	stmdb	sp!, {r4, r5, r6, r7, r8, r9, sl, lr}
10005674:	4f36      	ldr	r7, [pc, #216]	@ (10005750 <cdcd_xfer_cb+0xe0>)
10005676:	460c      	mov	r4, r1
10005678:	78fa      	ldrb	r2, [r7, #3]
1000567a:	4606      	mov	r6, r0
1000567c:	428a      	cmp	r2, r1
1000567e:	461d      	mov	r5, r3
10005680:	f897 c002 	ldrb.w	ip, [r7, #2]
10005684:	d03c      	beq.n	10005700 <cdcd_xfer_cb+0x90>
10005686:	458c      	cmp	ip, r1
10005688:	d013      	beq.n	100056b2 <cdcd_xfer_cb+0x42>
1000568a:	f04f 23e0 	mov.w	r3, #3758153728	@ 0xe000e000
1000568e:	f8d3 3df0 	ldr.w	r3, [r3, #3568]	@ 0xdf0
10005692:	07db      	lsls	r3, r3, #31
10005694:	d500      	bpl.n	10005698 <cdcd_xfer_cb+0x28>
10005696:	be00      	bkpt	0x0000
10005698:	2000      	movs	r0, #0
1000569a:	e8bd 87f0 	ldmia.w	sp!, {r4, r5, r6, r7, r8, r9, sl, pc}
1000569e:	4b2d      	ldr	r3, [pc, #180]	@ (10005754 <cdcd_xfer_cb+0xe4>)
100056a0:	b123      	cbz	r3, 100056ac <cdcd_xfer_cb+0x3c>
100056a2:	482d      	ldr	r0, [pc, #180]	@ (10005758 <cdcd_xfer_cb+0xe8>)
100056a4:	f000 fb8c 	bl	10005dc0 <tu_fifo_empty>
100056a8:	2800      	cmp	r0, #0
100056aa:	d04e      	beq.n	1000574a <cdcd_xfer_cb+0xda>
100056ac:	2000      	movs	r0, #0
100056ae:	f7ff fd97 	bl	100051e0 <_prep_out_transaction.isra.0>
100056b2:	78bb      	ldrb	r3, [r7, #2]
100056b4:	42a3      	cmp	r3, r4
100056b6:	d002      	beq.n	100056be <cdcd_xfer_cb+0x4e>
100056b8:	2001      	movs	r0, #1
100056ba:	e8bd 87f0 	ldmia.w	sp!, {r4, r5, r6, r7, r8, r9, sl, pc}
100056be:	4b27      	ldr	r3, [pc, #156]	@ (1000575c <cdcd_xfer_cb+0xec>)
100056c0:	b113      	cbz	r3, 100056c8 <cdcd_xfer_cb+0x58>
100056c2:	2000      	movs	r0, #0
100056c4:	f3af 8000 	nop.w
100056c8:	2000      	movs	r0, #0
100056ca:	f7ff fe2b 	bl	10005324 <tud_cdc_n_write_flush>
100056ce:	2800      	cmp	r0, #0
100056d0:	d1f2      	bne.n	100056b8 <cdcd_xfer_cb+0x48>
100056d2:	4823      	ldr	r0, [pc, #140]	@ (10005760 <cdcd_xfer_cb+0xf0>)
100056d4:	f000 fb64 	bl	10005da0 <tu_fifo_count>
100056d8:	2800      	cmp	r0, #0
100056da:	d1ed      	bne.n	100056b8 <cdcd_xfer_cb+0x48>
100056dc:	2d00      	cmp	r5, #0
100056de:	d0eb      	beq.n	100056b8 <cdcd_xfer_cb+0x48>
100056e0:	f015 053f 	ands.w	r5, r5, #63	@ 0x3f
100056e4:	d1e8      	bne.n	100056b8 <cdcd_xfer_cb+0x48>
100056e6:	4630      	mov	r0, r6
100056e8:	78b9      	ldrb	r1, [r7, #2]
100056ea:	f7ff fc11 	bl	10004f10 <usbd_edpt_claim>
100056ee:	2800      	cmp	r0, #0
100056f0:	d0e2      	beq.n	100056b8 <cdcd_xfer_cb+0x48>
100056f2:	462b      	mov	r3, r5
100056f4:	462a      	mov	r2, r5
100056f6:	4630      	mov	r0, r6
100056f8:	78b9      	ldrb	r1, [r7, #2]
100056fa:	f7ff fc2d 	bl	10004f58 <usbd_edpt_xfer>
100056fe:	e7db      	b.n	100056b8 <cdcd_xfer_cb+0x48>
10005700:	f8df 8064 	ldr.w	r8, [pc, #100]	@ 10005768 <cdcd_xfer_cb+0xf8>
10005704:	b29a      	uxth	r2, r3
10005706:	4641      	mov	r1, r8
10005708:	f107 0010 	add.w	r0, r7, #16
1000570c:	f000 fc7a 	bl	10006004 <tu_fifo_write_n>
10005710:	4b14      	ldr	r3, [pc, #80]	@ (10005764 <cdcd_xfer_cb+0xf4>)
10005712:	2b00      	cmp	r3, #0
10005714:	d0c3      	beq.n	1000569e <cdcd_xfer_cb+0x2e>
10005716:	797b      	ldrb	r3, [r7, #5]
10005718:	2bff      	cmp	r3, #255	@ 0xff
1000571a:	d0c0      	beq.n	1000569e <cdcd_xfer_cb+0x2e>
1000571c:	2d00      	cmp	r5, #0
1000571e:	d0be      	beq.n	1000569e <cdcd_xfer_cb+0x2e>
10005720:	f107 0910 	add.w	r9, r7, #16
10005724:	eb08 0a05 	add.w	sl, r8, r5
10005728:	e002      	b.n	10005730 <cdcd_xfer_cb+0xc0>
1000572a:	45c2      	cmp	sl, r8
1000572c:	d0b7      	beq.n	1000569e <cdcd_xfer_cb+0x2e>
1000572e:	797b      	ldrb	r3, [r7, #5]
10005730:	f818 2b01 	ldrb.w	r2, [r8], #1
10005734:	429a      	cmp	r2, r3
10005736:	d1f8      	bne.n	1000572a <cdcd_xfer_cb+0xba>
10005738:	4648      	mov	r0, r9
1000573a:	f000 fb41 	bl	10005dc0 <tu_fifo_empty>
1000573e:	2800      	cmp	r0, #0
10005740:	d1f3      	bne.n	1000572a <cdcd_xfer_cb+0xba>
10005742:	7979      	ldrb	r1, [r7, #5]
10005744:	f3af 8000 	nop.w
10005748:	e7ef      	b.n	1000572a <cdcd_xfer_cb+0xba>
1000574a:	f3af 8000 	nop.w
1000574e:	e7ad      	b.n	100056ac <cdcd_xfer_cb+0x3c>
10005750:	20001aa0 	.word	0x20001aa0
10005754:	00000000 	.word	0x00000000
10005758:	20001ab0 	.word	0x20001ab0
1000575c:	00000000 	.word	0x00000000
10005760:	20001ac4 	.word	0x20001ac4
10005764:	00000000 	.word	0x00000000
10005768:	20002048 	.word	0x20002048

1000576c <vendord_init>:
1000576c:	b5f0      	push	{r4, r5, r6, r7, lr}
1000576e:	4c14      	ldr	r4, [pc, #80]	@ (100057c0 <vendord_init+0x54>)
10005770:	b085      	sub	sp, #20
10005772:	f44f 7213 	mov.w	r2, #588	@ 0x24c
10005776:	2100      	movs	r1, #0
10005778:	4620      	mov	r0, r4
1000577a:	f001 fb4f 	bl	10006e1c <memset>
1000577e:	2740      	movs	r7, #64	@ 0x40
10005780:	2300      	movs	r3, #0
10005782:	f44f 7680 	mov.w	r6, #256	@ 0x100
10005786:	4d0f      	ldr	r5, [pc, #60]	@ (100057c4 <vendord_init+0x58>)
10005788:	f504 72a6 	add.w	r2, r4, #332	@ 0x14c
1000578c:	4619      	mov	r1, r3
1000578e:	e9cd 5702 	strd	r5, r7, [sp, #8]
10005792:	9200      	str	r2, [sp, #0]
10005794:	9601      	str	r6, [sp, #4]
10005796:	461a      	mov	r2, r3
10005798:	f504 7094 	add.w	r0, r4, #296	@ 0x128
1000579c:	f000 f9ce 	bl	10005b3c <tu_edpt_stream_init>
100057a0:	2300      	movs	r3, #0
100057a2:	f104 0128 	add.w	r1, r4, #40	@ 0x28
100057a6:	443d      	add	r5, r7
100057a8:	9100      	str	r1, [sp, #0]
100057aa:	2201      	movs	r2, #1
100057ac:	4619      	mov	r1, r3
100057ae:	e9cd 5702 	strd	r5, r7, [sp, #8]
100057b2:	9601      	str	r6, [sp, #4]
100057b4:	1d20      	adds	r0, r4, #4
100057b6:	f000 f9c1 	bl	10005b3c <tu_edpt_stream_init>
100057ba:	b005      	add	sp, #20
100057bc:	bdf0      	pop	{r4, r5, r6, r7, pc}
100057be:	bf00      	nop
100057c0:	200022f4 	.word	0x200022f4
100057c4:	20002274 	.word	0x20002274

100057c8 <vendord_deinit>:
100057c8:	b510      	push	{r4, lr}
100057ca:	4c05      	ldr	r4, [pc, #20]	@ (100057e0 <vendord_deinit+0x18>)
100057cc:	4620      	mov	r0, r4
100057ce:	f000 f9e1 	bl	10005b94 <tu_edpt_stream_deinit>
100057d2:	f5a4 7092 	sub.w	r0, r4, #292	@ 0x124
100057d6:	f000 f9dd 	bl	10005b94 <tu_edpt_stream_deinit>
100057da:	2001      	movs	r0, #1
100057dc:	bd10      	pop	{r4, pc}
100057de:	bf00      	nop
100057e0:	2000241c 	.word	0x2000241c

100057e4 <vendord_reset>:
100057e4:	b538      	push	{r3, r4, r5, lr}
100057e6:	2500      	movs	r5, #0
100057e8:	4c06      	ldr	r4, [pc, #24]	@ (10005804 <vendord_reset+0x20>)
100057ea:	f504 7098 	add.w	r0, r4, #304	@ 0x130
100057ee:	7025      	strb	r5, [r4, #0]
100057f0:	f000 fcb4 	bl	1000615c <tu_fifo_clear>
100057f4:	f104 000c 	add.w	r0, r4, #12
100057f8:	f000 fcb0 	bl	1000615c <tu_fifo_clear>
100057fc:	f884 5129 	strb.w	r5, [r4, #297]	@ 0x129
10005800:	7165      	strb	r5, [r4, #5]
10005802:	bd38      	pop	{r3, r4, r5, pc}
10005804:	200022f4 	.word	0x200022f4

10005808 <vendord_open>:
10005808:	e92d 4ff8 	stmdb	sp!, {r3, r4, r5, r6, r7, r8, r9, sl, fp, lr}
1000580c:	794b      	ldrb	r3, [r1, #5]
1000580e:	2bff      	cmp	r3, #255	@ 0xff
10005810:	d002      	beq.n	10005818 <vendord_open+0x10>
10005812:	2000      	movs	r0, #0
10005814:	e8bd 8ff8 	ldmia.w	sp!, {r3, r4, r5, r6, r7, r8, r9, sl, fp, pc}
10005818:	4d39      	ldr	r5, [pc, #228]	@ (10005900 <vendord_open+0xf8>)
1000581a:	460e      	mov	r6, r1
1000581c:	f895 3129 	ldrb.w	r3, [r5, #297]	@ 0x129
10005820:	780c      	ldrb	r4, [r1, #0]
10005822:	2b00      	cmp	r3, #0
10005824:	d1f5      	bne.n	10005812 <vendord_open+0xa>
10005826:	796f      	ldrb	r7, [r5, #5]
10005828:	2f00      	cmp	r7, #0
1000582a:	d1f2      	bne.n	10005812 <vendord_open+0xa>
1000582c:	788b      	ldrb	r3, [r1, #2]
1000582e:	440c      	add	r4, r1
10005830:	702b      	strb	r3, [r5, #0]
10005832:	790b      	ldrb	r3, [r1, #4]
10005834:	2b00      	cmp	r3, #0
10005836:	d03e      	beq.n	100058b6 <vendord_open+0xae>
10005838:	4680      	mov	r8, r0
1000583a:	eb04 0b02 	add.w	fp, r4, r2
1000583e:	f505 7a98 	add.w	sl, r5, #304	@ 0x130
10005842:	f505 7994 	add.w	r9, r5, #296	@ 0x128
10005846:	7863      	ldrb	r3, [r4, #1]
10005848:	2b05      	cmp	r3, #5
1000584a:	d009      	beq.n	10005860 <vendord_open+0x58>
1000584c:	45a3      	cmp	fp, r4
1000584e:	d802      	bhi.n	10005856 <vendord_open+0x4e>
10005850:	e031      	b.n	100058b6 <vendord_open+0xae>
10005852:	455c      	cmp	r4, fp
10005854:	d22f      	bcs.n	100058b6 <vendord_open+0xae>
10005856:	7823      	ldrb	r3, [r4, #0]
10005858:	441c      	add	r4, r3
1000585a:	7863      	ldrb	r3, [r4, #1]
1000585c:	2b05      	cmp	r3, #5
1000585e:	d1f8      	bne.n	10005852 <vendord_open+0x4a>
10005860:	45a3      	cmp	fp, r4
10005862:	d928      	bls.n	100058b6 <vendord_open+0xae>
10005864:	4621      	mov	r1, r4
10005866:	4640      	mov	r0, r8
10005868:	f7ff fb30 	bl	10004ecc <usbd_edpt_open>
1000586c:	2800      	cmp	r0, #0
1000586e:	d03e      	beq.n	100058ee <vendord_open+0xe6>
10005870:	78a3      	ldrb	r3, [r4, #2]
10005872:	09db      	lsrs	r3, r3, #7
10005874:	d123      	bne.n	100058be <vendord_open+0xb6>
10005876:	4650      	mov	r0, sl
10005878:	f000 fc70 	bl	1000615c <tu_fifo_clear>
1000587c:	78a3      	ldrb	r3, [r4, #2]
1000587e:	f895 1128 	ldrb.w	r1, [r5, #296]	@ 0x128
10005882:	f885 3129 	strb.w	r3, [r5, #297]	@ 0x129
10005886:	88a3      	ldrh	r3, [r4, #4]
10005888:	4640      	mov	r0, r8
1000588a:	f3c3 030a 	ubfx	r3, r3, #0, #11
1000588e:	f5a3 7300 	sub.w	r3, r3, #512	@ 0x200
10005892:	fab3 f383 	clz	r3, r3
10005896:	095b      	lsrs	r3, r3, #5
10005898:	f363 0141 	bfi	r1, r3, #1, #1
1000589c:	f885 1128 	strb.w	r1, [r5, #296]	@ 0x128
100058a0:	4649      	mov	r1, r9
100058a2:	f000 f9e5 	bl	10005c70 <tu_edpt_stream_read_xfer>
100058a6:	b310      	cbz	r0, 100058ee <vendord_open+0xe6>
100058a8:	7823      	ldrb	r3, [r4, #0]
100058aa:	7931      	ldrb	r1, [r6, #4]
100058ac:	3701      	adds	r7, #1
100058ae:	441c      	add	r4, r3
100058b0:	b2fb      	uxtb	r3, r7
100058b2:	4299      	cmp	r1, r3
100058b4:	d8c7      	bhi.n	10005846 <vendord_open+0x3e>
100058b6:	1ba1      	subs	r1, r4, r6
100058b8:	b288      	uxth	r0, r1
100058ba:	e8bd 8ff8 	ldmia.w	sp!, {r3, r4, r5, r6, r7, r8, r9, sl, fp, pc}
100058be:	4811      	ldr	r0, [pc, #68]	@ (10005904 <vendord_open+0xfc>)
100058c0:	f000 fc4c 	bl	1000615c <tu_fifo_clear>
100058c4:	78a3      	ldrb	r3, [r4, #2]
100058c6:	f895 c004 	ldrb.w	ip, [r5, #4]
100058ca:	716b      	strb	r3, [r5, #5]
100058cc:	88a3      	ldrh	r3, [r4, #4]
100058ce:	490e      	ldr	r1, [pc, #56]	@ (10005908 <vendord_open+0x100>)
100058d0:	f3c3 030a 	ubfx	r3, r3, #0, #11
100058d4:	f5a3 7300 	sub.w	r3, r3, #512	@ 0x200
100058d8:	fab3 f383 	clz	r3, r3
100058dc:	095b      	lsrs	r3, r3, #5
100058de:	f363 0c41 	bfi	ip, r3, #1, #1
100058e2:	2000      	movs	r0, #0
100058e4:	f885 c004 	strb.w	ip, [r5, #4]
100058e8:	f000 f98a 	bl	10005c00 <tu_edpt_stream_write_xfer>
100058ec:	e7dc      	b.n	100058a8 <vendord_open+0xa0>
100058ee:	f04f 23e0 	mov.w	r3, #3758153728	@ 0xe000e000
100058f2:	f8d3 3df0 	ldr.w	r3, [r3, #3568]	@ 0xdf0
100058f6:	07db      	lsls	r3, r3, #31
100058f8:	d58b      	bpl.n	10005812 <vendord_open+0xa>
100058fa:	be00      	bkpt	0x0000
100058fc:	e789      	b.n	10005812 <vendord_open+0xa>
100058fe:	bf00      	nop
10005900:	200022f4 	.word	0x200022f4
10005904:	20002300 	.word	0x20002300
10005908:	200022f8 	.word	0x200022f8

1000590c <vendord_xfer_cb>:
1000590c:	b570      	push	{r4, r5, r6, lr}
1000590e:	4c1b      	ldr	r4, [pc, #108]	@ (1000597c <vendord_xfer_cb+0x70>)
10005910:	4606      	mov	r6, r0
10005912:	f894 c129 	ldrb.w	ip, [r4, #297]	@ 0x129
10005916:	461d      	mov	r5, r3
10005918:	458c      	cmp	ip, r1
1000591a:	7962      	ldrb	r2, [r4, #5]
1000591c:	d004      	beq.n	10005928 <vendord_xfer_cb+0x1c>
1000591e:	428a      	cmp	r2, r1
10005920:	bf18      	it	ne
10005922:	2000      	movne	r0, #0
10005924:	d018      	beq.n	10005958 <vendord_xfer_cb+0x4c>
10005926:	bd70      	pop	{r4, r5, r6, pc}
10005928:	f8b4 3134 	ldrh.w	r3, [r4, #308]	@ 0x134
1000592c:	b963      	cbnz	r3, 10005948 <vendord_xfer_cb+0x3c>
1000592e:	4b14      	ldr	r3, [pc, #80]	@ (10005980 <vendord_xfer_cb+0x74>)
10005930:	b123      	cbz	r3, 1000593c <vendord_xfer_cb+0x30>
10005932:	2000      	movs	r0, #0
10005934:	4913      	ldr	r1, [pc, #76]	@ (10005984 <vendord_xfer_cb+0x78>)
10005936:	b2aa      	uxth	r2, r5
10005938:	f3af 8000 	nop.w
1000593c:	4630      	mov	r0, r6
1000593e:	4912      	ldr	r1, [pc, #72]	@ (10005988 <vendord_xfer_cb+0x7c>)
10005940:	f000 f996 	bl	10005c70 <tu_edpt_stream_read_xfer>
10005944:	2001      	movs	r0, #1
10005946:	bd70      	pop	{r4, r5, r6, pc}
10005948:	f8d4 112c 	ldr.w	r1, [r4, #300]	@ 0x12c
1000594c:	b2aa      	uxth	r2, r5
1000594e:	f504 7098 	add.w	r0, r4, #304	@ 0x130
10005952:	f000 fb57 	bl	10006004 <tu_fifo_write_n>
10005956:	e7ea      	b.n	1000592e <vendord_xfer_cb+0x22>
10005958:	4b0c      	ldr	r3, [pc, #48]	@ (1000598c <vendord_xfer_cb+0x80>)
1000595a:	b11b      	cbz	r3, 10005964 <vendord_xfer_cb+0x58>
1000595c:	2000      	movs	r0, #0
1000595e:	b2a9      	uxth	r1, r5
10005960:	f3af 8000 	nop.w
10005964:	4630      	mov	r0, r6
10005966:	490a      	ldr	r1, [pc, #40]	@ (10005990 <vendord_xfer_cb+0x84>)
10005968:	f000 f94a 	bl	10005c00 <tu_edpt_stream_write_xfer>
1000596c:	2800      	cmp	r0, #0
1000596e:	d1e9      	bne.n	10005944 <vendord_xfer_cb+0x38>
10005970:	462a      	mov	r2, r5
10005972:	4630      	mov	r0, r6
10005974:	4906      	ldr	r1, [pc, #24]	@ (10005990 <vendord_xfer_cb+0x84>)
10005976:	f000 f90f 	bl	10005b98 <tu_edpt_stream_write_zlp_if_needed>
1000597a:	e7e3      	b.n	10005944 <vendord_xfer_cb+0x38>
1000597c:	200022f4 	.word	0x200022f4
10005980:	00000000 	.word	0x00000000
10005984:	20002274 	.word	0x20002274
10005988:	2000241c 	.word	0x2000241c
1000598c:	00000000 	.word	0x00000000
10005990:	200022f8 	.word	0x200022f8

10005994 <tusb_rhport_init>:
10005994:	b510      	push	{r4, lr}
10005996:	b082      	sub	sp, #8
10005998:	b1b9      	cbz	r1, 100059ca <tusb_rhport_init+0x36>
1000599a:	2801      	cmp	r0, #1
1000599c:	d80c      	bhi.n	100059b8 <tusb_rhport_init+0x24>
1000599e:	780b      	ldrb	r3, [r1, #0]
100059a0:	b153      	cbz	r3, 100059b8 <tusb_rhport_init+0x24>
100059a2:	4c13      	ldr	r4, [pc, #76]	@ (100059f0 <tusb_rhport_init+0x5c>)
100059a4:	2b01      	cmp	r3, #1
100059a6:	5423      	strb	r3, [r4, r0]
100059a8:	d002      	beq.n	100059b0 <tusb_rhport_init+0x1c>
100059aa:	2001      	movs	r0, #1
100059ac:	b002      	add	sp, #8
100059ae:	bd10      	pop	{r4, pc}
100059b0:	f7fe fe00 	bl	100045b4 <tud_rhport_init>
100059b4:	2800      	cmp	r0, #0
100059b6:	d1f8      	bne.n	100059aa <tusb_rhport_init+0x16>
100059b8:	f04f 23e0 	mov.w	r3, #3758153728	@ 0xe000e000
100059bc:	f8d3 3df0 	ldr.w	r3, [r3, #3568]	@ 0xdf0
100059c0:	07db      	lsls	r3, r3, #31
100059c2:	d500      	bpl.n	100059c6 <tusb_rhport_init+0x32>
100059c4:	be00      	bkpt	0x0000
100059c6:	2000      	movs	r0, #0
100059c8:	e7f0      	b.n	100059ac <tusb_rhport_init+0x18>
100059ca:	2401      	movs	r4, #1
100059cc:	4608      	mov	r0, r1
100059ce:	a901      	add	r1, sp, #4
100059d0:	f8ad 4004 	strh.w	r4, [sp, #4]
100059d4:	f7fe fdee 	bl	100045b4 <tud_rhport_init>
100059d8:	b938      	cbnz	r0, 100059ea <tusb_rhport_init+0x56>
100059da:	f04f 23e0 	mov.w	r3, #3758153728	@ 0xe000e000
100059de:	f8d3 3df0 	ldr.w	r3, [r3, #3568]	@ 0xdf0
100059e2:	07da      	lsls	r2, r3, #31
100059e4:	d5e2      	bpl.n	100059ac <tusb_rhport_init+0x18>
100059e6:	be00      	bkpt	0x0000
100059e8:	e7e0      	b.n	100059ac <tusb_rhport_init+0x18>
100059ea:	4b01      	ldr	r3, [pc, #4]	@ (100059f0 <tusb_rhport_init+0x5c>)
100059ec:	701c      	strb	r4, [r3, #0]
100059ee:	e7dd      	b.n	100059ac <tusb_rhport_init+0x18>
100059f0:	20002140 	.word	0x20002140

100059f4 <tu_edpt_claim>:
100059f4:	b5f8      	push	{r3, r4, r5, r6, r7, lr}
100059f6:	7803      	ldrb	r3, [r0, #0]
100059f8:	f013 0401 	ands.w	r4, r3, #1
100059fc:	d11a      	bne.n	10005a34 <tu_edpt_claim+0x40>
100059fe:	7803      	ldrb	r3, [r0, #0]
10005a00:	4605      	mov	r5, r0
10005a02:	075a      	lsls	r2, r3, #29
10005a04:	f3c3 0780 	ubfx	r7, r3, #2, #1
10005a08:	d501      	bpl.n	10005a0e <tu_edpt_claim+0x1a>
10005a0a:	4620      	mov	r0, r4
10005a0c:	bdf8      	pop	{r3, r4, r5, r6, r7, pc}
10005a0e:	460e      	mov	r6, r1
10005a10:	f04f 31ff 	mov.w	r1, #4294967295	@ 0xffffffff
10005a14:	4630      	mov	r0, r6
10005a16:	f001 ffc7 	bl	100079a8 <__mutex_enter_timeout_ms_veneer>
10005a1a:	782b      	ldrb	r3, [r5, #0]
10005a1c:	f013 0401 	ands.w	r4, r3, #1
10005a20:	d10b      	bne.n	10005a3a <tu_edpt_claim+0x46>
10005a22:	782b      	ldrb	r3, [r5, #0]
10005a24:	075b      	lsls	r3, r3, #29
10005a26:	d409      	bmi.n	10005a3c <tu_edpt_claim+0x48>
10005a28:	782b      	ldrb	r3, [r5, #0]
10005a2a:	2401      	movs	r4, #1
10005a2c:	f043 0304 	orr.w	r3, r3, #4
10005a30:	702b      	strb	r3, [r5, #0]
10005a32:	e003      	b.n	10005a3c <tu_edpt_claim+0x48>
10005a34:	2400      	movs	r4, #0
10005a36:	4620      	mov	r0, r4
10005a38:	bdf8      	pop	{r3, r4, r5, r6, r7, pc}
10005a3a:	463c      	mov	r4, r7
10005a3c:	4630      	mov	r0, r6
10005a3e:	f001 ffc7 	bl	100079d0 <__mutex_exit_veneer>
10005a42:	4620      	mov	r0, r4
10005a44:	bdf8      	pop	{r3, r4, r5, r6, r7, pc}
10005a46:	bf00      	nop

10005a48 <tu_edpt_release>:
10005a48:	b570      	push	{r4, r5, r6, lr}
10005a4a:	460c      	mov	r4, r1
10005a4c:	4605      	mov	r5, r0
10005a4e:	f04f 31ff 	mov.w	r1, #4294967295	@ 0xffffffff
10005a52:	4620      	mov	r0, r4
10005a54:	f001 ffa8 	bl	100079a8 <__mutex_enter_timeout_ms_veneer>
10005a58:	782b      	ldrb	r3, [r5, #0]
10005a5a:	f3c3 0680 	ubfx	r6, r3, #2, #1
10005a5e:	075b      	lsls	r3, r3, #29
10005a60:	d508      	bpl.n	10005a74 <tu_edpt_release+0x2c>
10005a62:	782b      	ldrb	r3, [r5, #0]
10005a64:	f013 0301 	ands.w	r3, r3, #1
10005a68:	bf11      	iteee	ne
10005a6a:	2600      	movne	r6, #0
10005a6c:	782a      	ldrbeq	r2, [r5, #0]
10005a6e:	f363 0282 	bfieq	r2, r3, #2, #1
10005a72:	702a      	strbeq	r2, [r5, #0]
10005a74:	4620      	mov	r0, r4
10005a76:	f001 ffab 	bl	100079d0 <__mutex_exit_veneer>
10005a7a:	4630      	mov	r0, r6
10005a7c:	bd70      	pop	{r4, r5, r6, pc}
10005a7e:	bf00      	nop

10005a80 <tu_edpt_validate>:
10005a80:	78c3      	ldrb	r3, [r0, #3]
10005a82:	8882      	ldrh	r2, [r0, #4]
10005a84:	f003 0003 	and.w	r0, r3, #3
10005a88:	2802      	cmp	r0, #2
10005a8a:	f3c2 020a 	ubfx	r2, r2, #0, #11
10005a8e:	d01f      	beq.n	10005ad0 <tu_edpt_validate+0x50>
10005a90:	2803      	cmp	r0, #3
10005a92:	d003      	beq.n	10005a9c <tu_edpt_validate+0x1c>
10005a94:	2801      	cmp	r0, #1
10005a96:	d00a      	beq.n	10005aae <tu_edpt_validate+0x2e>
10005a98:	2000      	movs	r0, #0
10005a9a:	4770      	bx	lr
10005a9c:	2902      	cmp	r1, #2
10005a9e:	bf14      	ite	ne
10005aa0:	2340      	movne	r3, #64	@ 0x40
10005aa2:	f44f 6380 	moveq.w	r3, #1024	@ 0x400
10005aa6:	4293      	cmp	r3, r2
10005aa8:	d309      	bcc.n	10005abe <tu_edpt_validate+0x3e>
10005aaa:	2001      	movs	r0, #1
10005aac:	4770      	bx	lr
10005aae:	2902      	cmp	r1, #2
10005ab0:	f240 33ff 	movw	r3, #1023	@ 0x3ff
10005ab4:	bf08      	it	eq
10005ab6:	f44f 6380 	moveq.w	r3, #1024	@ 0x400
10005aba:	4293      	cmp	r3, r2
10005abc:	d2f6      	bcs.n	10005aac <tu_edpt_validate+0x2c>
10005abe:	f04f 23e0 	mov.w	r3, #3758153728	@ 0xe000e000
10005ac2:	f8d3 3df0 	ldr.w	r3, [r3, #3568]	@ 0xdf0
10005ac6:	07db      	lsls	r3, r3, #31
10005ac8:	d5e6      	bpl.n	10005a98 <tu_edpt_validate+0x18>
10005aca:	be00      	bkpt	0x0000
10005acc:	2000      	movs	r0, #0
10005ace:	4770      	bx	lr
10005ad0:	2902      	cmp	r1, #2
10005ad2:	d002      	beq.n	10005ada <tu_edpt_validate+0x5a>
10005ad4:	2a40      	cmp	r2, #64	@ 0x40
10005ad6:	d9e8      	bls.n	10005aaa <tu_edpt_validate+0x2a>
10005ad8:	e7f1      	b.n	10005abe <tu_edpt_validate+0x3e>
10005ada:	f5b2 7f00 	cmp.w	r2, #512	@ 0x200
10005ade:	d0e4      	beq.n	10005aaa <tu_edpt_validate+0x2a>
10005ae0:	e7ed      	b.n	10005abe <tu_edpt_validate+0x3e>
10005ae2:	bf00      	nop

10005ae4 <tu_edpt_bind_driver>:
10005ae4:	440a      	add	r2, r1
10005ae6:	4291      	cmp	r1, r2
10005ae8:	d226      	bcs.n	10005b38 <tu_edpt_bind_driver+0x54>
10005aea:	f891 c001 	ldrb.w	ip, [r1, #1]
10005aee:	f1bc 0f05 	cmp.w	ip, #5
10005af2:	d005      	beq.n	10005b00 <tu_edpt_bind_driver+0x1c>
10005af4:	f891 c000 	ldrb.w	ip, [r1]
10005af8:	4461      	add	r1, ip
10005afa:	428a      	cmp	r2, r1
10005afc:	d8f5      	bhi.n	10005aea <tu_edpt_bind_driver+0x6>
10005afe:	4770      	bx	lr
10005b00:	b500      	push	{lr}
10005b02:	f891 c002 	ldrb.w	ip, [r1, #2]
10005b06:	f00c 0e7f 	and.w	lr, ip, #127	@ 0x7f
10005b0a:	eb00 0e4e 	add.w	lr, r0, lr, lsl #1
10005b0e:	ea4f 1cdc 	mov.w	ip, ip, lsr #7
10005b12:	f80e 300c 	strb.w	r3, [lr, ip]
10005b16:	f891 c000 	ldrb.w	ip, [r1]
10005b1a:	4461      	add	r1, ip
10005b1c:	428a      	cmp	r2, r1
10005b1e:	d909      	bls.n	10005b34 <tu_edpt_bind_driver+0x50>
10005b20:	f891 c001 	ldrb.w	ip, [r1, #1]
10005b24:	f1bc 0f05 	cmp.w	ip, #5
10005b28:	d0eb      	beq.n	10005b02 <tu_edpt_bind_driver+0x1e>
10005b2a:	f891 c000 	ldrb.w	ip, [r1]
10005b2e:	4461      	add	r1, ip
10005b30:	428a      	cmp	r2, r1
10005b32:	d8f5      	bhi.n	10005b20 <tu_edpt_bind_driver+0x3c>
10005b34:	f85d fb04 	ldr.w	pc, [sp], #4
10005b38:	4770      	bx	lr
10005b3a:	bf00      	nop

10005b3c <tu_edpt_stream_init>:
10005b3c:	e92d 41f0 	stmdb	sp!, {r4, r5, r6, r7, r8, lr}
10005b40:	468e      	mov	lr, r1
10005b42:	b082      	sub	sp, #8
10005b44:	9300      	str	r3, [sp, #0]
10005b46:	f890 c000 	ldrb.w	ip, [r0]
10005b4a:	9e08      	ldr	r6, [sp, #32]
10005b4c:	f8bd 7024 	ldrh.w	r7, [sp, #36]	@ 0x24
10005b50:	f36e 0c00 	bfi	ip, lr, #0, #1
10005b54:	4604      	mov	r4, r0
10005b56:	4615      	mov	r5, r2
10005b58:	2301      	movs	r3, #1
10005b5a:	4631      	mov	r1, r6
10005b5c:	463a      	mov	r2, r7
10005b5e:	f800 cb08 	strb.w	ip, [r0], #8
10005b62:	f8bd 802c 	ldrh.w	r8, [sp, #44]	@ 0x2c
10005b66:	f000 f8eb 	bl	10005d40 <tu_fifo_config>
10005b6a:	b106      	cbz	r6, 10005b6e <tu_edpt_stream_init+0x32>
10005b6c:	b93f      	cbnz	r7, 10005b7e <tu_edpt_stream_init+0x42>
10005b6e:	2001      	movs	r0, #1
10005b70:	9b0a      	ldr	r3, [sp, #40]	@ 0x28
10005b72:	f8a4 8002 	strh.w	r8, [r4, #2]
10005b76:	6063      	str	r3, [r4, #4]
10005b78:	b002      	add	sp, #8
10005b7a:	e8bd 81f0 	ldmia.w	sp!, {r4, r5, r6, r7, r8, pc}
10005b7e:	f104 061c 	add.w	r6, r4, #28
10005b82:	4630      	mov	r0, r6
10005b84:	f7fb f92a 	bl	10000ddc <mutex_init>
10005b88:	b10d      	cbz	r5, 10005b8e <tu_edpt_stream_init+0x52>
10005b8a:	4635      	mov	r5, r6
10005b8c:	2600      	movs	r6, #0
10005b8e:	e9c4 5605 	strd	r5, r6, [r4, #20]
10005b92:	e7ec      	b.n	10005b6e <tu_edpt_stream_init+0x32>

10005b94 <tu_edpt_stream_deinit>:
10005b94:	2001      	movs	r0, #1
10005b96:	4770      	bx	lr

10005b98 <tu_edpt_stream_write_zlp_if_needed>:
10005b98:	b5f8      	push	{r3, r4, r5, r6, r7, lr}
10005b9a:	4607      	mov	r7, r0
10005b9c:	4608      	mov	r0, r1
10005b9e:	f240 13ff 	movw	r3, #511	@ 0x1ff
10005ba2:	4615      	mov	r5, r2
10005ba4:	f810 2b08 	ldrb.w	r2, [r0], #8
10005ba8:	460c      	mov	r4, r1
10005baa:	f012 0f02 	tst.w	r2, #2
10005bae:	bf0c      	ite	eq
10005bb0:	263f      	moveq	r6, #63	@ 0x3f
10005bb2:	461e      	movne	r6, r3
10005bb4:	f000 f8f4 	bl	10005da0 <tu_fifo_count>
10005bb8:	b928      	cbnz	r0, 10005bc6 <tu_edpt_stream_write_zlp_if_needed+0x2e>
10005bba:	b125      	cbz	r5, 10005bc6 <tu_edpt_stream_write_zlp_if_needed+0x2e>
10005bbc:	422e      	tst	r6, r5
10005bbe:	d102      	bne.n	10005bc6 <tu_edpt_stream_write_zlp_if_needed+0x2e>
10005bc0:	7823      	ldrb	r3, [r4, #0]
10005bc2:	07da      	lsls	r2, r3, #31
10005bc4:	d501      	bpl.n	10005bca <tu_edpt_stream_write_zlp_if_needed+0x32>
10005bc6:	2000      	movs	r0, #0
10005bc8:	bdf8      	pop	{r3, r4, r5, r6, r7, pc}
10005bca:	4638      	mov	r0, r7
10005bcc:	7861      	ldrb	r1, [r4, #1]
10005bce:	f7ff f99f 	bl	10004f10 <usbd_edpt_claim>
10005bd2:	2800      	cmp	r0, #0
10005bd4:	d0f7      	beq.n	10005bc6 <tu_edpt_stream_write_zlp_if_needed+0x2e>
10005bd6:	7823      	ldrb	r3, [r4, #0]
10005bd8:	f013 0301 	ands.w	r3, r3, #1
10005bdc:	d007      	beq.n	10005bee <tu_edpt_stream_write_zlp_if_needed+0x56>
10005bde:	f04f 23e0 	mov.w	r3, #3758153728	@ 0xe000e000
10005be2:	f8d3 3df0 	ldr.w	r3, [r3, #3568]	@ 0xdf0
10005be6:	07db      	lsls	r3, r3, #31
10005be8:	d5ed      	bpl.n	10005bc6 <tu_edpt_stream_write_zlp_if_needed+0x2e>
10005bea:	be00      	bkpt	0x0000
10005bec:	e7eb      	b.n	10005bc6 <tu_edpt_stream_write_zlp_if_needed+0x2e>
10005bee:	461a      	mov	r2, r3
10005bf0:	4638      	mov	r0, r7
10005bf2:	7861      	ldrb	r1, [r4, #1]
10005bf4:	f7ff f9b0 	bl	10004f58 <usbd_edpt_xfer>
10005bf8:	2800      	cmp	r0, #0
10005bfa:	d0f0      	beq.n	10005bde <tu_edpt_stream_write_zlp_if_needed+0x46>
10005bfc:	bdf8      	pop	{r3, r4, r5, r6, r7, pc}
10005bfe:	bf00      	nop

10005c00 <tu_edpt_stream_write_xfer>:
10005c00:	b570      	push	{r4, r5, r6, lr}
10005c02:	f101 0508 	add.w	r5, r1, #8
10005c06:	4606      	mov	r6, r0
10005c08:	4628      	mov	r0, r5
10005c0a:	460c      	mov	r4, r1
10005c0c:	f000 f8c8 	bl	10005da0 <tu_fifo_count>
10005c10:	b110      	cbz	r0, 10005c18 <tu_edpt_stream_write_xfer+0x18>
10005c12:	7823      	ldrb	r3, [r4, #0]
10005c14:	07d8      	lsls	r0, r3, #31
10005c16:	d501      	bpl.n	10005c1c <tu_edpt_stream_write_xfer+0x1c>
10005c18:	2000      	movs	r0, #0
10005c1a:	bd70      	pop	{r4, r5, r6, pc}
10005c1c:	4630      	mov	r0, r6
10005c1e:	7861      	ldrb	r1, [r4, #1]
10005c20:	f7ff f976 	bl	10004f10 <usbd_edpt_claim>
10005c24:	2800      	cmp	r0, #0
10005c26:	d0f7      	beq.n	10005c18 <tu_edpt_stream_write_xfer+0x18>
10005c28:	4628      	mov	r0, r5
10005c2a:	8862      	ldrh	r2, [r4, #2]
10005c2c:	6861      	ldr	r1, [r4, #4]
10005c2e:	f000 f92d 	bl	10005e8c <tu_fifo_read_n>
10005c32:	7823      	ldrb	r3, [r4, #0]
10005c34:	4605      	mov	r5, r0
10005c36:	b148      	cbz	r0, 10005c4c <tu_edpt_stream_write_xfer+0x4c>
10005c38:	07d9      	lsls	r1, r3, #31
10005c3a:	d50e      	bpl.n	10005c5a <tu_edpt_stream_write_xfer+0x5a>
10005c3c:	f04f 23e0 	mov.w	r3, #3758153728	@ 0xe000e000
10005c40:	f8d3 3df0 	ldr.w	r3, [r3, #3568]	@ 0xdf0
10005c44:	07da      	lsls	r2, r3, #31
10005c46:	d5e7      	bpl.n	10005c18 <tu_edpt_stream_write_xfer+0x18>
10005c48:	be00      	bkpt	0x0000
10005c4a:	e7e5      	b.n	10005c18 <tu_edpt_stream_write_xfer+0x18>
10005c4c:	07db      	lsls	r3, r3, #31
10005c4e:	d4e3      	bmi.n	10005c18 <tu_edpt_stream_write_xfer+0x18>
10005c50:	4630      	mov	r0, r6
10005c52:	7861      	ldrb	r1, [r4, #1]
10005c54:	f7ff f96e 	bl	10004f34 <usbd_edpt_release>
10005c58:	e7de      	b.n	10005c18 <tu_edpt_stream_write_xfer+0x18>
10005c5a:	4603      	mov	r3, r0
10005c5c:	6862      	ldr	r2, [r4, #4]
10005c5e:	4630      	mov	r0, r6
10005c60:	7861      	ldrb	r1, [r4, #1]
10005c62:	f7ff f979 	bl	10004f58 <usbd_edpt_xfer>
10005c66:	2800      	cmp	r0, #0
10005c68:	d0e8      	beq.n	10005c3c <tu_edpt_stream_write_xfer+0x3c>
10005c6a:	4628      	mov	r0, r5
10005c6c:	bd70      	pop	{r4, r5, r6, pc}
10005c6e:	bf00      	nop

10005c70 <tu_edpt_stream_read_xfer>:
10005c70:	898a      	ldrh	r2, [r1, #12]
10005c72:	e92d 41f0 	stmdb	sp!, {r4, r5, r6, r7, r8, lr}
10005c76:	780b      	ldrb	r3, [r1, #0]
10005c78:	460c      	mov	r4, r1
10005c7a:	4605      	mov	r5, r0
10005c7c:	b98a      	cbnz	r2, 10005ca2 <tu_edpt_stream_read_xfer+0x32>
10005c7e:	07df      	lsls	r7, r3, #31
10005c80:	d425      	bmi.n	10005cce <tu_edpt_stream_read_xfer+0x5e>
10005c82:	7849      	ldrb	r1, [r1, #1]
10005c84:	f7ff f944 	bl	10004f10 <usbd_edpt_claim>
10005c88:	b308      	cbz	r0, 10005cce <tu_edpt_stream_read_xfer+0x5e>
10005c8a:	7822      	ldrb	r2, [r4, #0]
10005c8c:	8863      	ldrh	r3, [r4, #2]
10005c8e:	07d6      	lsls	r6, r2, #31
10005c90:	d53f      	bpl.n	10005d12 <tu_edpt_stream_read_xfer+0xa2>
10005c92:	f04f 23e0 	mov.w	r3, #3758153728	@ 0xe000e000
10005c96:	f8d3 3df0 	ldr.w	r3, [r3, #3568]	@ 0xdf0
10005c9a:	07da      	lsls	r2, r3, #31
10005c9c:	d517      	bpl.n	10005cce <tu_edpt_stream_read_xfer+0x5e>
10005c9e:	be00      	bkpt	0x0000
10005ca0:	e015      	b.n	10005cce <tu_edpt_stream_read_xfer+0x5e>
10005ca2:	f003 0302 	and.w	r3, r3, #2
10005ca6:	f101 0808 	add.w	r8, r1, #8
10005caa:	2b00      	cmp	r3, #0
10005cac:	4640      	mov	r0, r8
10005cae:	bf0c      	ite	eq
10005cb0:	2740      	moveq	r7, #64	@ 0x40
10005cb2:	f44f 7700 	movne.w	r7, #512	@ 0x200
10005cb6:	f64f 76c0 	movw	r6, #65472	@ 0xffc0
10005cba:	bf18      	it	ne
10005cbc:	f44f 467e 	movne.w	r6, #65024	@ 0xfe00
10005cc0:	f000 f888 	bl	10005dd4 <tu_fifo_remaining>
10005cc4:	4287      	cmp	r7, r0
10005cc6:	d802      	bhi.n	10005cce <tu_edpt_stream_read_xfer+0x5e>
10005cc8:	7823      	ldrb	r3, [r4, #0]
10005cca:	07d8      	lsls	r0, r3, #31
10005ccc:	d502      	bpl.n	10005cd4 <tu_edpt_stream_read_xfer+0x64>
10005cce:	2000      	movs	r0, #0
10005cd0:	e8bd 81f0 	ldmia.w	sp!, {r4, r5, r6, r7, r8, pc}
10005cd4:	4628      	mov	r0, r5
10005cd6:	7861      	ldrb	r1, [r4, #1]
10005cd8:	f7ff f91a 	bl	10004f10 <usbd_edpt_claim>
10005cdc:	2800      	cmp	r0, #0
10005cde:	d0f6      	beq.n	10005cce <tu_edpt_stream_read_xfer+0x5e>
10005ce0:	4640      	mov	r0, r8
10005ce2:	f000 f877 	bl	10005dd4 <tu_fifo_remaining>
10005ce6:	4287      	cmp	r7, r0
10005ce8:	d81f      	bhi.n	10005d2a <tu_edpt_stream_read_xfer+0xba>
10005cea:	7823      	ldrb	r3, [r4, #0]
10005cec:	8862      	ldrh	r2, [r4, #2]
10005cee:	07d9      	lsls	r1, r3, #31
10005cf0:	d4cf      	bmi.n	10005c92 <tu_edpt_stream_read_xfer+0x22>
10005cf2:	4030      	ands	r0, r6
10005cf4:	4290      	cmp	r0, r2
10005cf6:	bf28      	it	cs
10005cf8:	4610      	movcs	r0, r2
10005cfa:	7861      	ldrb	r1, [r4, #1]
10005cfc:	4606      	mov	r6, r0
10005cfe:	b1e0      	cbz	r0, 10005d3a <tu_edpt_stream_read_xfer+0xca>
10005d00:	6862      	ldr	r2, [r4, #4]
10005d02:	4633      	mov	r3, r6
10005d04:	4628      	mov	r0, r5
10005d06:	f7ff f927 	bl	10004f58 <usbd_edpt_xfer>
10005d0a:	2800      	cmp	r0, #0
10005d0c:	d0c1      	beq.n	10005c92 <tu_edpt_stream_read_xfer+0x22>
10005d0e:	4630      	mov	r0, r6
10005d10:	e7de      	b.n	10005cd0 <tu_edpt_stream_read_xfer+0x60>
10005d12:	7861      	ldrb	r1, [r4, #1]
10005d14:	b13b      	cbz	r3, 10005d26 <tu_edpt_stream_read_xfer+0xb6>
10005d16:	6862      	ldr	r2, [r4, #4]
10005d18:	4628      	mov	r0, r5
10005d1a:	f7ff f91d 	bl	10004f58 <usbd_edpt_xfer>
10005d1e:	2800      	cmp	r0, #0
10005d20:	d0b7      	beq.n	10005c92 <tu_edpt_stream_read_xfer+0x22>
10005d22:	8860      	ldrh	r0, [r4, #2]
10005d24:	e7d4      	b.n	10005cd0 <tu_edpt_stream_read_xfer+0x60>
10005d26:	461a      	mov	r2, r3
10005d28:	e7f6      	b.n	10005d18 <tu_edpt_stream_read_xfer+0xa8>
10005d2a:	7823      	ldrb	r3, [r4, #0]
10005d2c:	07db      	lsls	r3, r3, #31
10005d2e:	d4ce      	bmi.n	10005cce <tu_edpt_stream_read_xfer+0x5e>
10005d30:	4628      	mov	r0, r5
10005d32:	7861      	ldrb	r1, [r4, #1]
10005d34:	f7ff f8fe 	bl	10004f34 <usbd_edpt_release>
10005d38:	e7c9      	b.n	10005cce <tu_edpt_stream_read_xfer+0x5e>
10005d3a:	4602      	mov	r2, r0
10005d3c:	e7e1      	b.n	10005d02 <tu_edpt_stream_read_xfer+0x92>
10005d3e:	bf00      	nop

10005d40 <tu_fifo_config>:
10005d40:	e92d 41f0 	stmdb	sp!, {r4, r5, r6, r7, r8, lr}
10005d44:	f5b2 4f00 	cmp.w	r2, #32768	@ 0x8000
10005d48:	f89d 8018 	ldrb.w	r8, [sp, #24]
10005d4c:	d824      	bhi.n	10005d98 <tu_fifo_config+0x58>
10005d4e:	4604      	mov	r4, r0
10005d50:	68c0      	ldr	r0, [r0, #12]
10005d52:	4617      	mov	r7, r2
10005d54:	460e      	mov	r6, r1
10005d56:	461d      	mov	r5, r3
10005d58:	b118      	cbz	r0, 10005d62 <tu_fifo_config+0x22>
10005d5a:	f04f 31ff 	mov.w	r1, #4294967295	@ 0xffffffff
10005d5e:	f001 fe23 	bl	100079a8 <__mutex_enter_timeout_ms_veneer>
10005d62:	6920      	ldr	r0, [r4, #16]
10005d64:	b118      	cbz	r0, 10005d6e <tu_fifo_config+0x2e>
10005d66:	f04f 31ff 	mov.w	r1, #4294967295	@ 0xffffffff
10005d6a:	f001 fe1d 	bl	100079a8 <__mutex_enter_timeout_ms_veneer>
10005d6e:	2200      	movs	r2, #0
10005d70:	f3c5 030e 	ubfx	r3, r5, #0, #15
10005d74:	68e0      	ldr	r0, [r4, #12]
10005d76:	ea43 33c8 	orr.w	r3, r3, r8, lsl #15
10005d7a:	8162      	strh	r2, [r4, #10]
10005d7c:	6026      	str	r6, [r4, #0]
10005d7e:	80a7      	strh	r7, [r4, #4]
10005d80:	80e3      	strh	r3, [r4, #6]
10005d82:	8122      	strh	r2, [r4, #8]
10005d84:	b108      	cbz	r0, 10005d8a <tu_fifo_config+0x4a>
10005d86:	f001 fe23 	bl	100079d0 <__mutex_exit_veneer>
10005d8a:	6920      	ldr	r0, [r4, #16]
10005d8c:	b108      	cbz	r0, 10005d92 <tu_fifo_config+0x52>
10005d8e:	f001 fe1f 	bl	100079d0 <__mutex_exit_veneer>
10005d92:	2001      	movs	r0, #1
10005d94:	e8bd 81f0 	ldmia.w	sp!, {r4, r5, r6, r7, r8, pc}
10005d98:	2000      	movs	r0, #0
10005d9a:	e8bd 81f0 	ldmia.w	sp!, {r4, r5, r6, r7, r8, pc}
10005d9e:	bf00      	nop

10005da0 <tu_fifo_count>:
10005da0:	8903      	ldrh	r3, [r0, #8]
10005da2:	8942      	ldrh	r2, [r0, #10]
10005da4:	b29b      	uxth	r3, r3
10005da6:	b292      	uxth	r2, r2
10005da8:	8880      	ldrh	r0, [r0, #4]
10005daa:	4293      	cmp	r3, r2
10005dac:	bf36      	itet	cc
10005dae:	ebc2 0240 	rsbcc	r2, r2, r0, lsl #1
10005db2:	1a9b      	subcs	r3, r3, r2
10005db4:	189b      	addcc	r3, r3, r2
10005db6:	b29b      	uxth	r3, r3
10005db8:	4298      	cmp	r0, r3
10005dba:	bf28      	it	cs
10005dbc:	4618      	movcs	r0, r3
10005dbe:	4770      	bx	lr

10005dc0 <tu_fifo_empty>:
10005dc0:	8902      	ldrh	r2, [r0, #8]
10005dc2:	8943      	ldrh	r3, [r0, #10]
10005dc4:	b290      	uxth	r0, r2
10005dc6:	b29b      	uxth	r3, r3
10005dc8:	1ac0      	subs	r0, r0, r3
10005dca:	fab0 f080 	clz	r0, r0
10005dce:	0940      	lsrs	r0, r0, #5
10005dd0:	4770      	bx	lr
10005dd2:	bf00      	nop

10005dd4 <tu_fifo_remaining>:
10005dd4:	8903      	ldrh	r3, [r0, #8]
10005dd6:	8942      	ldrh	r2, [r0, #10]
10005dd8:	b29b      	uxth	r3, r3
10005dda:	8880      	ldrh	r0, [r0, #4]
10005ddc:	b292      	uxth	r2, r2
10005dde:	4293      	cmp	r3, r2
10005de0:	bf36      	itet	cc
10005de2:	ebc2 0240 	rsbcc	r2, r2, r0, lsl #1
10005de6:	1a9b      	subcs	r3, r3, r2
10005de8:	189b      	addcc	r3, r3, r2
10005dea:	b29b      	uxth	r3, r3
10005dec:	4298      	cmp	r0, r3
10005dee:	bf86      	itte	hi
10005df0:	1ac0      	subhi	r0, r0, r3
10005df2:	b280      	uxthhi	r0, r0
10005df4:	2000      	movls	r0, #0
10005df6:	4770      	bx	lr

10005df8 <tu_fifo_read>:
10005df8:	b538      	push	{r3, r4, r5, lr}
10005dfa:	4604      	mov	r4, r0
10005dfc:	6900      	ldr	r0, [r0, #16]
10005dfe:	460d      	mov	r5, r1
10005e00:	b118      	cbz	r0, 10005e0a <tu_fifo_read+0x12>
10005e02:	f04f 31ff 	mov.w	r1, #4294967295	@ 0xffffffff
10005e06:	f001 fdcf 	bl	100079a8 <__mutex_enter_timeout_ms_veneer>
10005e0a:	8921      	ldrh	r1, [r4, #8]
10005e0c:	8963      	ldrh	r3, [r4, #10]
10005e0e:	b289      	uxth	r1, r1
10005e10:	b29b      	uxth	r3, r3
10005e12:	88a2      	ldrh	r2, [r4, #4]
10005e14:	4299      	cmp	r1, r3
10005e16:	bf36      	itet	cc
10005e18:	ebc3 0042 	rsbcc	r0, r3, r2, lsl #1
10005e1c:	1ac8      	subcs	r0, r1, r3
10005e1e:	1840      	addcc	r0, r0, r1
10005e20:	b280      	uxth	r0, r0
10005e22:	b350      	cbz	r0, 10005e7a <tu_fifo_read+0x82>
10005e24:	4282      	cmp	r2, r0
10005e26:	d209      	bcs.n	10005e3c <tu_fifo_read+0x44>
10005e28:	4291      	cmp	r1, r2
10005e2a:	bf2c      	ite	cs
10005e2c:	1a89      	subcs	r1, r1, r2
10005e2e:	1889      	addcc	r1, r1, r2
10005e30:	b28b      	uxth	r3, r1
10005e32:	429a      	cmp	r2, r3
10005e34:	8163      	strh	r3, [r4, #10]
10005e36:	d803      	bhi.n	10005e40 <tu_fifo_read+0x48>
10005e38:	1a9b      	subs	r3, r3, r2
10005e3a:	b29b      	uxth	r3, r3
10005e3c:	429a      	cmp	r2, r3
10005e3e:	d9fb      	bls.n	10005e38 <tu_fifo_read+0x40>
10005e40:	88e2      	ldrh	r2, [r4, #6]
10005e42:	6821      	ldr	r1, [r4, #0]
10005e44:	f3c2 020e 	ubfx	r2, r2, #0, #15
10005e48:	fb02 1103 	mla	r1, r2, r3, r1
10005e4c:	4628      	mov	r0, r5
10005e4e:	f001 fc83 	bl	10007758 <memcpy>
10005e52:	8961      	ldrh	r1, [r4, #10]
10005e54:	2501      	movs	r5, #1
10005e56:	b289      	uxth	r1, r1
10005e58:	1c4b      	adds	r3, r1, #1
10005e5a:	b29b      	uxth	r3, r3
10005e5c:	4299      	cmp	r1, r3
10005e5e:	88a2      	ldrh	r2, [r4, #4]
10005e60:	d90e      	bls.n	10005e80 <tu_fifo_read+0x88>
10005e62:	2300      	movs	r3, #0
10005e64:	fa02 f105 	lsl.w	r1, r2, r5
10005e68:	1a5b      	subs	r3, r3, r1
10005e6a:	b29b      	uxth	r3, r3
10005e6c:	6920      	ldr	r0, [r4, #16]
10005e6e:	8163      	strh	r3, [r4, #10]
10005e70:	b108      	cbz	r0, 10005e76 <tu_fifo_read+0x7e>
10005e72:	f001 fdad 	bl	100079d0 <__mutex_exit_veneer>
10005e76:	4628      	mov	r0, r5
10005e78:	bd38      	pop	{r3, r4, r5, pc}
10005e7a:	4605      	mov	r5, r0
10005e7c:	8963      	ldrh	r3, [r4, #10]
10005e7e:	b29b      	uxth	r3, r3
10005e80:	ebb3 0f42 	cmp.w	r3, r2, lsl #1
10005e84:	ea4f 0142 	mov.w	r1, r2, lsl #1
10005e88:	dbf0      	blt.n	10005e6c <tu_fifo_read+0x74>
10005e8a:	e7ed      	b.n	10005e68 <tu_fifo_read+0x70>

10005e8c <tu_fifo_read_n>:
10005e8c:	e92d 47f0 	stmdb	sp!, {r4, r5, r6, r7, r8, r9, sl, lr}
10005e90:	4606      	mov	r6, r0
10005e92:	6900      	ldr	r0, [r0, #16]
10005e94:	4688      	mov	r8, r1
10005e96:	4691      	mov	r9, r2
10005e98:	b118      	cbz	r0, 10005ea2 <tu_fifo_read_n+0x16>
10005e9a:	f04f 31ff 	mov.w	r1, #4294967295	@ 0xffffffff
10005e9e:	f001 fd83 	bl	100079a8 <__mutex_enter_timeout_ms_veneer>
10005ea2:	8933      	ldrh	r3, [r6, #8]
10005ea4:	8974      	ldrh	r4, [r6, #10]
10005ea6:	b29b      	uxth	r3, r3
10005ea8:	b2a4      	uxth	r4, r4
10005eaa:	88b5      	ldrh	r5, [r6, #4]
10005eac:	42a3      	cmp	r3, r4
10005eae:	bf36      	itet	cc
10005eb0:	ebc4 0745 	rsbcc	r7, r4, r5, lsl #1
10005eb4:	1b1f      	subcs	r7, r3, r4
10005eb6:	18ff      	addcc	r7, r7, r3
10005eb8:	b2bf      	uxth	r7, r7
10005eba:	2f00      	cmp	r7, #0
10005ebc:	d04a      	beq.n	10005f54 <tu_fifo_read_n+0xc8>
10005ebe:	42bd      	cmp	r5, r7
10005ec0:	d340      	bcc.n	10005f44 <tu_fifo_read_n+0xb8>
10005ec2:	45b9      	cmp	r9, r7
10005ec4:	bf28      	it	cs
10005ec6:	46b9      	movcs	r9, r7
10005ec8:	42a5      	cmp	r5, r4
10005eca:	fa1f f789 	uxth.w	r7, r9
10005ece:	d803      	bhi.n	10005ed8 <tu_fifo_read_n+0x4c>
10005ed0:	1b64      	subs	r4, r4, r5
10005ed2:	b2a4      	uxth	r4, r4
10005ed4:	42a5      	cmp	r5, r4
10005ed6:	d9fb      	bls.n	10005ed0 <tu_fifo_read_n+0x44>
10005ed8:	f8b6 a006 	ldrh.w	sl, [r6, #6]
10005edc:	1b2b      	subs	r3, r5, r4
10005ede:	6831      	ldr	r1, [r6, #0]
10005ee0:	b29b      	uxth	r3, r3
10005ee2:	f3ca 020e 	ubfx	r2, sl, #0, #15
10005ee6:	429f      	cmp	r7, r3
10005ee8:	4692      	mov	sl, r2
10005eea:	fb02 1104 	mla	r1, r2, r4, r1
10005eee:	d923      	bls.n	10005f38 <tu_fifo_read_n+0xac>
10005ef0:	fb13 f302 	smulbb	r3, r3, r2
10005ef4:	fa1f f983 	uxth.w	r9, r3
10005ef8:	464a      	mov	r2, r9
10005efa:	4640      	mov	r0, r8
10005efc:	1b7d      	subs	r5, r7, r5
10005efe:	f001 fc2b 	bl	10007758 <memcpy>
10005f02:	1962      	adds	r2, r4, r5
10005f04:	fb12 f20a 	smulbb	r2, r2, sl
10005f08:	6831      	ldr	r1, [r6, #0]
10005f0a:	eb08 0009 	add.w	r0, r8, r9
10005f0e:	b292      	uxth	r2, r2
10005f10:	f001 fc22 	bl	10007758 <memcpy>
10005f14:	8972      	ldrh	r2, [r6, #10]
10005f16:	88b5      	ldrh	r5, [r6, #4]
10005f18:	b292      	uxth	r2, r2
10005f1a:	19d3      	adds	r3, r2, r7
10005f1c:	b29b      	uxth	r3, r3
10005f1e:	429a      	cmp	r2, r3
10005f20:	d91a      	bls.n	10005f58 <tu_fifo_read_n+0xcc>
10005f22:	006a      	lsls	r2, r5, #1
10005f24:	1a9b      	subs	r3, r3, r2
10005f26:	b29b      	uxth	r3, r3
10005f28:	6930      	ldr	r0, [r6, #16]
10005f2a:	8173      	strh	r3, [r6, #10]
10005f2c:	b108      	cbz	r0, 10005f32 <tu_fifo_read_n+0xa6>
10005f2e:	f001 fd4f 	bl	100079d0 <__mutex_exit_veneer>
10005f32:	4638      	mov	r0, r7
10005f34:	e8bd 87f0 	ldmia.w	sp!, {r4, r5, r6, r7, r8, r9, sl, pc}
10005f38:	4640      	mov	r0, r8
10005f3a:	fb07 f202 	mul.w	r2, r7, r2
10005f3e:	f001 fc0b 	bl	10007758 <memcpy>
10005f42:	e7e7      	b.n	10005f14 <tu_fifo_read_n+0x88>
10005f44:	42ab      	cmp	r3, r5
10005f46:	bf2c      	ite	cs
10005f48:	1b5b      	subcs	r3, r3, r5
10005f4a:	195b      	addcc	r3, r3, r5
10005f4c:	b29c      	uxth	r4, r3
10005f4e:	462f      	mov	r7, r5
10005f50:	8174      	strh	r4, [r6, #10]
10005f52:	e7b6      	b.n	10005ec2 <tu_fifo_read_n+0x36>
10005f54:	8973      	ldrh	r3, [r6, #10]
10005f56:	b29b      	uxth	r3, r3
10005f58:	ebb3 0f45 	cmp.w	r3, r5, lsl #1
10005f5c:	ea4f 0245 	mov.w	r2, r5, lsl #1
10005f60:	dbe2      	blt.n	10005f28 <tu_fifo_read_n+0x9c>
10005f62:	e7df      	b.n	10005f24 <tu_fifo_read_n+0x98>

10005f64 <tu_fifo_write>:
10005f64:	b5f8      	push	{r3, r4, r5, r6, r7, lr}
10005f66:	4604      	mov	r4, r0
10005f68:	68c0      	ldr	r0, [r0, #12]
10005f6a:	460e      	mov	r6, r1
10005f6c:	b118      	cbz	r0, 10005f76 <tu_fifo_write+0x12>
10005f6e:	f04f 31ff 	mov.w	r1, #4294967295	@ 0xffffffff
10005f72:	f001 fd19 	bl	100079a8 <__mutex_enter_timeout_ms_veneer>
10005f76:	8925      	ldrh	r5, [r4, #8]
10005f78:	8923      	ldrh	r3, [r4, #8]
10005f7a:	8961      	ldrh	r1, [r4, #10]
10005f7c:	b29b      	uxth	r3, r3
10005f7e:	b289      	uxth	r1, r1
10005f80:	88a2      	ldrh	r2, [r4, #4]
10005f82:	428b      	cmp	r3, r1
10005f84:	bf36      	itet	cc
10005f86:	ebc1 0142 	rsbcc	r1, r1, r2, lsl #1
10005f8a:	1a5b      	subcs	r3, r3, r1
10005f8c:	185b      	addcc	r3, r3, r1
10005f8e:	b29b      	uxth	r3, r3
10005f90:	429a      	cmp	r2, r3
10005f92:	b2ad      	uxth	r5, r5
10005f94:	d808      	bhi.n	10005fa8 <tu_fifo_write+0x44>
10005f96:	79e7      	ldrb	r7, [r4, #7]
10005f98:	09ff      	lsrs	r7, r7, #7
10005f9a:	d105      	bne.n	10005fa8 <tu_fifo_write+0x44>
10005f9c:	68e0      	ldr	r0, [r4, #12]
10005f9e:	b108      	cbz	r0, 10005fa4 <tu_fifo_write+0x40>
10005fa0:	f001 fd16 	bl	100079d0 <__mutex_exit_veneer>
10005fa4:	4638      	mov	r0, r7
10005fa6:	bdf8      	pop	{r3, r4, r5, r6, r7, pc}
10005fa8:	4295      	cmp	r5, r2
10005faa:	d319      	bcc.n	10005fe0 <tu_fifo_write+0x7c>
10005fac:	462b      	mov	r3, r5
10005fae:	1a9b      	subs	r3, r3, r2
10005fb0:	b29b      	uxth	r3, r3
10005fb2:	4293      	cmp	r3, r2
10005fb4:	d2fb      	bcs.n	10005fae <tu_fifo_write+0x4a>
10005fb6:	88e2      	ldrh	r2, [r4, #6]
10005fb8:	6820      	ldr	r0, [r4, #0]
10005fba:	f3c2 020e 	ubfx	r2, r2, #0, #15
10005fbe:	fb02 0003 	mla	r0, r2, r3, r0
10005fc2:	4631      	mov	r1, r6
10005fc4:	f001 fbc8 	bl	10007758 <memcpy>
10005fc8:	1c6b      	adds	r3, r5, #1
10005fca:	b29b      	uxth	r3, r3
10005fcc:	429d      	cmp	r5, r3
10005fce:	88a2      	ldrh	r2, [r4, #4]
10005fd0:	d912      	bls.n	10005ff8 <tu_fifo_write+0x94>
10005fd2:	2300      	movs	r3, #0
10005fd4:	0051      	lsls	r1, r2, #1
10005fd6:	1a5b      	subs	r3, r3, r1
10005fd8:	b29b      	uxth	r3, r3
10005fda:	2701      	movs	r7, #1
10005fdc:	8123      	strh	r3, [r4, #8]
10005fde:	e7dd      	b.n	10005f9c <tu_fifo_write+0x38>
10005fe0:	88e2      	ldrh	r2, [r4, #6]
10005fe2:	6820      	ldr	r0, [r4, #0]
10005fe4:	f3c2 020e 	ubfx	r2, r2, #0, #15
10005fe8:	fb05 0002 	mla	r0, r5, r2, r0
10005fec:	4631      	mov	r1, r6
10005fee:	f001 fbb3 	bl	10007758 <memcpy>
10005ff2:	3501      	adds	r5, #1
10005ff4:	88a2      	ldrh	r2, [r4, #4]
10005ff6:	b2ab      	uxth	r3, r5
10005ff8:	ebb3 0f42 	cmp.w	r3, r2, lsl #1
10005ffc:	ea4f 0142 	mov.w	r1, r2, lsl #1
10006000:	dbeb      	blt.n	10005fda <tu_fifo_write+0x76>
10006002:	e7e8      	b.n	10005fd6 <tu_fifo_write+0x72>

10006004 <tu_fifo_write_n>:
10006004:	e92d 4ff0 	stmdb	sp!, {r4, r5, r6, r7, r8, r9, sl, fp, lr}
10006008:	4616      	mov	r6, r2
1000600a:	b083      	sub	sp, #12
1000600c:	2a00      	cmp	r2, #0
1000600e:	d04c      	beq.n	100060aa <tu_fifo_write_n+0xa6>
10006010:	4605      	mov	r5, r0
10006012:	68c0      	ldr	r0, [r0, #12]
10006014:	4688      	mov	r8, r1
10006016:	b118      	cbz	r0, 10006020 <tu_fifo_write_n+0x1c>
10006018:	f04f 31ff 	mov.w	r1, #4294967295	@ 0xffffffff
1000601c:	f001 fcc4 	bl	100079a8 <__mutex_enter_timeout_ms_veneer>
10006020:	79ea      	ldrb	r2, [r5, #7]
10006022:	892f      	ldrh	r7, [r5, #8]
10006024:	8969      	ldrh	r1, [r5, #10]
10006026:	09d2      	lsrs	r2, r2, #7
10006028:	88ab      	ldrh	r3, [r5, #4]
1000602a:	b2bf      	uxth	r7, r7
1000602c:	b289      	uxth	r1, r1
1000602e:	d140      	bne.n	100060b2 <tu_fifo_write_n+0xae>
10006030:	428f      	cmp	r7, r1
10006032:	bf36      	itet	cc
10006034:	ebc1 0143 	rsbcc	r1, r1, r3, lsl #1
10006038:	1a79      	subcs	r1, r7, r1
1000603a:	19c9      	addcc	r1, r1, r7
1000603c:	b289      	uxth	r1, r1
1000603e:	4299      	cmp	r1, r3
10006040:	d241      	bcs.n	100060c6 <tu_fifo_write_n+0xc2>
10006042:	1a59      	subs	r1, r3, r1
10006044:	b289      	uxth	r1, r1
10006046:	428e      	cmp	r6, r1
10006048:	bf28      	it	cs
1000604a:	460e      	movcs	r6, r1
1000604c:	f8b5 a006 	ldrh.w	sl, [r5, #6]
10006050:	eb07 0906 	add.w	r9, r7, r6
10006054:	eba6 0b03 	sub.w	fp, r6, r3
10006058:	f3ca 0a0e 	ubfx	sl, sl, #0, #15
1000605c:	fa1f f989 	uxth.w	r9, r9
10006060:	fa1f fb8b 	uxth.w	fp, fp
10006064:	429f      	cmp	r7, r3
10006066:	463c      	mov	r4, r7
10006068:	d303      	bcc.n	10006072 <tu_fifo_write_n+0x6e>
1000606a:	1ae4      	subs	r4, r4, r3
1000606c:	b2a4      	uxth	r4, r4
1000606e:	429c      	cmp	r4, r3
10006070:	d2fb      	bcs.n	1000606a <tu_fifo_write_n+0x66>
10006072:	1b1b      	subs	r3, r3, r4
10006074:	6828      	ldr	r0, [r5, #0]
10006076:	b29b      	uxth	r3, r3
10006078:	42b3      	cmp	r3, r6
1000607a:	fb0a 0004 	mla	r0, sl, r4, r0
1000607e:	d34b      	bcc.n	10006118 <tu_fifo_write_n+0x114>
10006080:	4641      	mov	r1, r8
10006082:	fb0a f206 	mul.w	r2, sl, r6
10006086:	f001 fb67 	bl	10007758 <memcpy>
1000608a:	88aa      	ldrh	r2, [r5, #4]
1000608c:	454f      	cmp	r7, r9
1000608e:	ea4f 0342 	mov.w	r3, r2, lsl #1
10006092:	d802      	bhi.n	1000609a <tu_fifo_write_n+0x96>
10006094:	ebb9 0f42 	cmp.w	r9, r2, lsl #1
10006098:	db03      	blt.n	100060a2 <tu_fifo_write_n+0x9e>
1000609a:	eba9 0303 	sub.w	r3, r9, r3
1000609e:	fa1f f983 	uxth.w	r9, r3
100060a2:	68e8      	ldr	r0, [r5, #12]
100060a4:	f8a5 9008 	strh.w	r9, [r5, #8]
100060a8:	b988      	cbnz	r0, 100060ce <tu_fifo_write_n+0xca>
100060aa:	4630      	mov	r0, r6
100060ac:	b003      	add	sp, #12
100060ae:	e8bd 8ff0 	ldmia.w	sp!, {r4, r5, r6, r7, r8, r9, sl, fp, pc}
100060b2:	f8b5 a006 	ldrh.w	sl, [r5, #6]
100060b6:	429e      	cmp	r6, r3
100060b8:	f3ca 0a0e 	ubfx	sl, sl, #0, #15
100060bc:	d30d      	bcc.n	100060da <tu_fifo_write_n+0xd6>
100060be:	2b00      	cmp	r3, #0
100060c0:	d13f      	bne.n	10006142 <tu_fifo_write_n+0x13e>
100060c2:	461e      	mov	r6, r3
100060c4:	e000      	b.n	100060c8 <tu_fifo_write_n+0xc4>
100060c6:	2600      	movs	r6, #0
100060c8:	68e8      	ldr	r0, [r5, #12]
100060ca:	2800      	cmp	r0, #0
100060cc:	d0ed      	beq.n	100060aa <tu_fifo_write_n+0xa6>
100060ce:	f001 fc7f 	bl	100079d0 <__mutex_exit_veneer>
100060d2:	4630      	mov	r0, r6
100060d4:	b003      	add	sp, #12
100060d6:	e8bd 8ff0 	ldmia.w	sp!, {r4, r5, r6, r7, r8, r9, sl, fp, pc}
100060da:	428f      	cmp	r7, r1
100060dc:	bf36      	itet	cc
100060de:	ebc1 0243 	rsbcc	r2, r1, r3, lsl #1
100060e2:	1a7a      	subcs	r2, r7, r1
100060e4:	19d2      	addcc	r2, r2, r7
100060e6:	b292      	uxth	r2, r2
100060e8:	0058      	lsls	r0, r3, #1
100060ea:	4432      	add	r2, r6
100060ec:	eba6 0b03 	sub.w	fp, r6, r3
100060f0:	4282      	cmp	r2, r0
100060f2:	fa1f fb8b 	uxth.w	fp, fp
100060f6:	db0a      	blt.n	1000610e <tu_fifo_write_n+0x10a>
100060f8:	eb01 0903 	add.w	r9, r1, r3
100060fc:	fa1f f989 	uxth.w	r9, r9
10006100:	eba9 0706 	sub.w	r7, r9, r6
10006104:	b2bf      	uxth	r7, r7
10006106:	42b9      	cmp	r1, r7
10006108:	d918      	bls.n	1000613c <tu_fifo_write_n+0x138>
1000610a:	1a38      	subs	r0, r7, r0
1000610c:	b287      	uxth	r7, r0
1000610e:	eb06 0907 	add.w	r9, r6, r7
10006112:	fa1f f989 	uxth.w	r9, r9
10006116:	e7a5      	b.n	10006064 <tu_fifo_write_n+0x60>
10006118:	fb13 f30a 	smulbb	r3, r3, sl
1000611c:	445c      	add	r4, fp
1000611e:	fb14 f40a 	smulbb	r4, r4, sl
10006122:	b29a      	uxth	r2, r3
10006124:	4641      	mov	r1, r8
10006126:	9201      	str	r2, [sp, #4]
10006128:	f001 fb16 	bl	10007758 <memcpy>
1000612c:	9a01      	ldr	r2, [sp, #4]
1000612e:	6828      	ldr	r0, [r5, #0]
10006130:	eb08 0102 	add.w	r1, r8, r2
10006134:	b2a2      	uxth	r2, r4
10006136:	f001 fb0f 	bl	10007758 <memcpy>
1000613a:	e7a6      	b.n	1000608a <tu_fifo_write_n+0x86>
1000613c:	42b8      	cmp	r0, r7
1000613e:	dc91      	bgt.n	10006064 <tu_fifo_write_n+0x60>
10006140:	e7e3      	b.n	1000610a <tu_fifo_write_n+0x106>
10006142:	1af6      	subs	r6, r6, r3
10006144:	eb01 0903 	add.w	r9, r1, r3
10006148:	fb0a 8806 	mla	r8, sl, r6, r8
1000614c:	460f      	mov	r7, r1
1000614e:	461e      	mov	r6, r3
10006150:	f04f 0b00 	mov.w	fp, #0
10006154:	fa1f f989 	uxth.w	r9, r9
10006158:	e784      	b.n	10006064 <tu_fifo_write_n+0x60>
1000615a:	bf00      	nop

1000615c <tu_fifo_clear>:
1000615c:	b510      	push	{r4, lr}
1000615e:	4604      	mov	r4, r0
10006160:	68c0      	ldr	r0, [r0, #12]
10006162:	b118      	cbz	r0, 1000616c <tu_fifo_clear+0x10>
10006164:	f04f 31ff 	mov.w	r1, #4294967295	@ 0xffffffff
10006168:	f001 fc1e 	bl	100079a8 <__mutex_enter_timeout_ms_veneer>
1000616c:	6920      	ldr	r0, [r4, #16]
1000616e:	b118      	cbz	r0, 10006178 <tu_fifo_clear+0x1c>
10006170:	f04f 31ff 	mov.w	r1, #4294967295	@ 0xffffffff
10006174:	f001 fc18 	bl	100079a8 <__mutex_enter_timeout_ms_veneer>
10006178:	2300      	movs	r3, #0
1000617a:	68e0      	ldr	r0, [r4, #12]
1000617c:	8163      	strh	r3, [r4, #10]
1000617e:	8123      	strh	r3, [r4, #8]
10006180:	b108      	cbz	r0, 10006186 <tu_fifo_clear+0x2a>
10006182:	f001 fc25 	bl	100079d0 <__mutex_exit_veneer>
10006186:	6920      	ldr	r0, [r4, #16]
10006188:	b108      	cbz	r0, 1000618e <tu_fifo_clear+0x32>
1000618a:	f001 fc21 	bl	100079d0 <__mutex_exit_veneer>
1000618e:	2001      	movs	r0, #1
10006190:	bd10      	pop	{r4, pc}
10006192:	bf00      	nop

10006194 <tu_fifo_set_overwritable>:
10006194:	b538      	push	{r3, r4, r5, lr}
10006196:	4604      	mov	r4, r0
10006198:	68c0      	ldr	r0, [r0, #12]
1000619a:	460d      	mov	r5, r1
1000619c:	b118      	cbz	r0, 100061a6 <tu_fifo_set_overwritable+0x12>
1000619e:	f04f 31ff 	mov.w	r1, #4294967295	@ 0xffffffff
100061a2:	f001 fc01 	bl	100079a8 <__mutex_enter_timeout_ms_veneer>
100061a6:	6920      	ldr	r0, [r4, #16]
100061a8:	b118      	cbz	r0, 100061b2 <tu_fifo_set_overwritable+0x1e>
100061aa:	f04f 31ff 	mov.w	r1, #4294967295	@ 0xffffffff
100061ae:	f001 fbfb 	bl	100079a8 <__mutex_enter_timeout_ms_veneer>
100061b2:	79e3      	ldrb	r3, [r4, #7]
100061b4:	68e0      	ldr	r0, [r4, #12]
100061b6:	f365 13c7 	bfi	r3, r5, #7, #1
100061ba:	71e3      	strb	r3, [r4, #7]
100061bc:	b108      	cbz	r0, 100061c2 <tu_fifo_set_overwritable+0x2e>
100061be:	f001 fc07 	bl	100079d0 <__mutex_exit_veneer>
100061c2:	6920      	ldr	r0, [r4, #16]
100061c4:	b108      	cbz	r0, 100061ca <tu_fifo_set_overwritable+0x36>
100061c6:	f001 fc03 	bl	100079d0 <__mutex_exit_veneer>
100061ca:	2001      	movs	r0, #1
100061cc:	bd38      	pop	{r3, r4, r5, pc}
100061ce:	bf00      	nop

100061d0 <i2c_read_blocking_internal.constprop.0>:
100061d0:	b570      	push	{r4, r5, r6, lr}
100061d2:	2500      	movs	r5, #0
100061d4:	2601      	movs	r6, #1
100061d6:	6804      	ldr	r4, [r0, #0]
100061d8:	2b00      	cmp	r3, #0
100061da:	66e5      	str	r5, [r4, #108]	@ 0x6c
100061dc:	4684      	mov	ip, r0
100061de:	6061      	str	r1, [r4, #4]
100061e0:	4628      	mov	r0, r5
100061e2:	f89d e010 	ldrb.w	lr, [sp, #16]
100061e6:	66e6      	str	r6, [r4, #108]	@ 0x6c
100061e8:	dd16      	ble.n	10006218 <i2c_read_blocking_internal.constprop.0+0x48>
100061ea:	1e5d      	subs	r5, r3, #1
100061ec:	6f61      	ldr	r1, [r4, #116]	@ 0x74
100061ee:	2910      	cmp	r1, #16
100061f0:	d0fc      	beq.n	100061ec <i2c_read_blocking_internal.constprop.0+0x1c>
100061f2:	b300      	cbz	r0, 10006236 <i2c_read_blocking_internal.constprop.0+0x66>
100061f4:	2100      	movs	r1, #0
100061f6:	42a8      	cmp	r0, r5
100061f8:	bf04      	itt	eq
100061fa:	f08e 0601 	eoreq.w	r6, lr, #1
100061fe:	ea41 2146 	orreq.w	r1, r1, r6, lsl #9
10006202:	f441 7180 	orr.w	r1, r1, #256	@ 0x100
10006206:	6121      	str	r1, [r4, #16]
10006208:	f8d4 1080 	ldr.w	r1, [r4, #128]	@ 0x80
1000620c:	6b61      	ldr	r1, [r4, #52]	@ 0x34
1000620e:	0649      	lsls	r1, r1, #25
10006210:	d505      	bpl.n	1000621e <i2c_read_blocking_internal.constprop.0+0x4e>
10006212:	f04f 30ff 	mov.w	r0, #4294967295	@ 0xffffffff
10006216:	6d63      	ldr	r3, [r4, #84]	@ 0x54
10006218:	f88c e004 	strb.w	lr, [ip, #4]
1000621c:	bd70      	pop	{r4, r5, r6, pc}
1000621e:	6fa1      	ldr	r1, [r4, #120]	@ 0x78
10006220:	2900      	cmp	r1, #0
10006222:	d0f1      	beq.n	10006208 <i2c_read_blocking_internal.constprop.0+0x38>
10006224:	6921      	ldr	r1, [r4, #16]
10006226:	3001      	adds	r0, #1
10006228:	4283      	cmp	r3, r0
1000622a:	f802 1b01 	strb.w	r1, [r2], #1
1000622e:	d0f3      	beq.n	10006218 <i2c_read_blocking_internal.constprop.0+0x48>
10006230:	f8dc 4000 	ldr.w	r4, [ip]
10006234:	e7da      	b.n	100061ec <i2c_read_blocking_internal.constprop.0+0x1c>
10006236:	f89c 1004 	ldrb.w	r1, [ip, #4]
1000623a:	0289      	lsls	r1, r1, #10
1000623c:	e7db      	b.n	100061f6 <i2c_read_blocking_internal.constprop.0+0x26>
1000623e:	bf00      	nop

10006240 <i2c_write_blocking_internal.constprop.0>:
10006240:	e92d 41f0 	stmdb	sp!, {r4, r5, r6, r7, r8, lr}
10006244:	2400      	movs	r4, #0
10006246:	2701      	movs	r7, #1
10006248:	4694      	mov	ip, r2
1000624a:	6802      	ldr	r2, [r0, #0]
1000624c:	f1b3 0e00 	subs.w	lr, r3, #0
10006250:	66d4      	str	r4, [r2, #108]	@ 0x6c
10006252:	4605      	mov	r5, r0
10006254:	6051      	str	r1, [r2, #4]
10006256:	4620      	mov	r0, r4
10006258:	f89d 6018 	ldrb.w	r6, [sp, #24]
1000625c:	66d7      	str	r7, [r2, #108]	@ 0x6c
1000625e:	dd1d      	ble.n	1000629c <i2c_write_blocking_internal.constprop.0+0x5c>
10006260:	7929      	ldrb	r1, [r5, #4]
10006262:	4077      	eors	r7, r6
10006264:	0289      	lsls	r1, r1, #10
10006266:	027f      	lsls	r7, r7, #9
10006268:	f10e 34ff 	add.w	r4, lr, #4294967295	@ 0xffffffff
1000626c:	42a0      	cmp	r0, r4
1000626e:	bf0c      	ite	eq
10006270:	46b8      	moveq	r8, r7
10006272:	f04f 0800 	movne.w	r8, #0
10006276:	f81c 3b01 	ldrb.w	r3, [ip], #1
1000627a:	430b      	orrs	r3, r1
1000627c:	ea43 0308 	orr.w	r3, r3, r8
10006280:	6113      	str	r3, [r2, #16]
10006282:	6b53      	ldr	r3, [r2, #52]	@ 0x34
10006284:	06d9      	lsls	r1, r3, #27
10006286:	d5fc      	bpl.n	10006282 <i2c_write_blocking_internal.constprop.0+0x42>
10006288:	f8d2 1080 	ldr.w	r1, [r2, #128]	@ 0x80
1000628c:	b949      	cbnz	r1, 100062a2 <i2c_write_blocking_internal.constprop.0+0x62>
1000628e:	42a0      	cmp	r0, r4
10006290:	d01c      	beq.n	100062cc <i2c_write_blocking_internal.constprop.0+0x8c>
10006292:	3001      	adds	r0, #1
10006294:	4586      	cmp	lr, r0
10006296:	f04f 0100 	mov.w	r1, #0
1000629a:	d1e7      	bne.n	1000626c <i2c_write_blocking_internal.constprop.0+0x2c>
1000629c:	712e      	strb	r6, [r5, #4]
1000629e:	e8bd 81f0 	ldmia.w	sp!, {r4, r5, r6, r7, r8, pc}
100062a2:	f04f 0801 	mov.w	r8, #1
100062a6:	6d53      	ldr	r3, [r2, #84]	@ 0x54
100062a8:	6b53      	ldr	r3, [r2, #52]	@ 0x34
100062aa:	059b      	lsls	r3, r3, #22
100062ac:	d5fc      	bpl.n	100062a8 <i2c_write_blocking_internal.constprop.0+0x68>
100062ae:	6e13      	ldr	r3, [r2, #96]	@ 0x60
100062b0:	f1b8 0f00 	cmp.w	r8, #0
100062b4:	d0ed      	beq.n	10006292 <i2c_write_blocking_internal.constprop.0+0x52>
100062b6:	b169      	cbz	r1, 100062d4 <i2c_write_blocking_internal.constprop.0+0x94>
100062b8:	07cb      	lsls	r3, r1, #31
100062ba:	d40b      	bmi.n	100062d4 <i2c_write_blocking_internal.constprop.0+0x94>
100062bc:	f011 0f08 	tst.w	r1, #8
100062c0:	bf08      	it	eq
100062c2:	f04f 30ff 	moveq.w	r0, #4294967295	@ 0xffffffff
100062c6:	712e      	strb	r6, [r5, #4]
100062c8:	e8bd 81f0 	ldmia.w	sp!, {r4, r5, r6, r7, r8, pc}
100062cc:	2e00      	cmp	r6, #0
100062ce:	d1e0      	bne.n	10006292 <i2c_write_blocking_internal.constprop.0+0x52>
100062d0:	46b0      	mov	r8, r6
100062d2:	e7e9      	b.n	100062a8 <i2c_write_blocking_internal.constprop.0+0x68>
100062d4:	f04f 30ff 	mov.w	r0, #4294967295	@ 0xffffffff
100062d8:	e7e0      	b.n	1000629c <i2c_write_blocking_internal.constprop.0+0x5c>
100062da:	bf00      	nop

100062dc <i2c_set_baudrate>:
100062dc:	b5f8      	push	{r3, r4, r5, r6, r7, lr}
100062de:	4606      	mov	r6, r0
100062e0:	2005      	movs	r0, #5
100062e2:	460c      	mov	r4, r1
100062e4:	f7fb fb54 	bl	10001990 <clock_get_hz>
100062e8:	eb00 0c54 	add.w	ip, r0, r4, lsr #1
100062ec:	fbbc fcf4 	udiv	ip, ip, r4
100062f0:	4b21      	ldr	r3, [pc, #132]	@ (10006378 <i2c_set_baudrate+0x9c>)
100062f2:	eb0c 024c 	add.w	r2, ip, ip, lsl #1
100062f6:	fba3 5302 	umull	r5, r3, r3, r2
100062fa:	4920      	ldr	r1, [pc, #128]	@ (1000637c <i2c_set_baudrate+0xa0>)
100062fc:	089f      	lsrs	r7, r3, #2
100062fe:	428c      	cmp	r4, r1
10006300:	ebac 0593 	sub.w	r5, ip, r3, lsr #2
10006304:	d830      	bhi.n	10006368 <i2c_set_baudrate+0x8c>
10006306:	f101 41d6 	add.w	r1, r1, #1795162112	@ 0x6b000000
1000630a:	f501 01a1 	add.w	r1, r1, #5275648	@ 0x508000
1000630e:	f601 012c 	addw	r1, r1, #2092	@ 0x82c
10006312:	eb00 0340 	add.w	r3, r0, r0, lsl #1
10006316:	fba1 1303 	umull	r1, r3, r1, r3
1000631a:	0d9b      	lsrs	r3, r3, #22
1000631c:	3301      	adds	r3, #1
1000631e:	2400      	movs	r4, #0
10006320:	2a4f      	cmp	r2, #79	@ 0x4f
10006322:	bf98      	it	ls
10006324:	2201      	movls	r2, #1
10006326:	6831      	ldr	r1, [r6, #0]
10006328:	fbb0 f0fc 	udiv	r0, r0, ip
1000632c:	66cc      	str	r4, [r1, #108]	@ 0x6c
1000632e:	680c      	ldr	r4, [r1, #0]
10006330:	f501 5680 	add.w	r6, r1, #4096	@ 0x1000
10006334:	f084 0404 	eor.w	r4, r4, #4
10006338:	f004 0406 	and.w	r4, r4, #6
1000633c:	6034      	str	r4, [r6, #0]
1000633e:	bf88      	it	hi
10006340:	4c0d      	ldrhi	r4, [pc, #52]	@ (10006378 <i2c_set_baudrate+0x9c>)
10006342:	61cd      	str	r5, [r1, #28]
10006344:	bf84      	itt	hi
10006346:	fba4 4202 	umullhi	r4, r2, r4, r2
1000634a:	0992      	lsrhi	r2, r2, #6
1000634c:	620f      	str	r7, [r1, #32]
1000634e:	f8c1 20a0 	str.w	r2, [r1, #160]	@ 0xa0
10006352:	460a      	mov	r2, r1
10006354:	2401      	movs	r4, #1
10006356:	f852 5f7c 	ldr.w	r5, [r2, #124]!
1000635a:	406b      	eors	r3, r5
1000635c:	b29b      	uxth	r3, r3
1000635e:	f502 5280 	add.w	r2, r2, #4096	@ 0x1000
10006362:	6013      	str	r3, [r2, #0]
10006364:	66cc      	str	r4, [r1, #108]	@ 0x6c
10006366:	bdf8      	pop	{r3, r4, r5, r6, r7, pc}
10006368:	4905      	ldr	r1, [pc, #20]	@ (10006380 <i2c_set_baudrate+0xa4>)
1000636a:	eb00 0340 	add.w	r3, r0, r0, lsl #1
1000636e:	fba1 1303 	umull	r1, r3, r1, r3
10006372:	0ddb      	lsrs	r3, r3, #23
10006374:	3301      	adds	r3, #1
10006376:	e7d2      	b.n	1000631e <i2c_set_baudrate+0x42>
10006378:	cccccccd 	.word	0xcccccccd
1000637c:	000f423f 	.word	0x000f423f
10006380:	55e63b89 	.word	0x55e63b89

10006384 <i2c_init>:
10006384:	4a0e      	ldr	r2, [pc, #56]	@ (100063c0 <i2c_init+0x3c>)
10006386:	b430      	push	{r4, r5}
10006388:	4290      	cmp	r0, r2
1000638a:	bf14      	ite	ne
1000638c:	2220      	movne	r2, #32
1000638e:	2210      	moveq	r2, #16
10006390:	4d0c      	ldr	r5, [pc, #48]	@ (100063c4 <i2c_init+0x40>)
10006392:	4b0d      	ldr	r3, [pc, #52]	@ (100063c8 <i2c_init+0x44>)
10006394:	4c0d      	ldr	r4, [pc, #52]	@ (100063cc <i2c_init+0x48>)
10006396:	602a      	str	r2, [r5, #0]
10006398:	601a      	str	r2, [r3, #0]
1000639a:	68a3      	ldr	r3, [r4, #8]
1000639c:	ea32 0303 	bics.w	r3, r2, r3
100063a0:	d1fb      	bne.n	1000639a <i2c_init+0x16>
100063a2:	f240 1565 	movw	r5, #357	@ 0x165
100063a6:	2403      	movs	r4, #3
100063a8:	6802      	ldr	r2, [r0, #0]
100063aa:	7103      	strb	r3, [r0, #4]
100063ac:	66d3      	str	r3, [r2, #108]	@ 0x6c
100063ae:	6015      	str	r5, [r2, #0]
100063b0:	63d3      	str	r3, [r2, #60]	@ 0x3c
100063b2:	6393      	str	r3, [r2, #56]	@ 0x38
100063b4:	f8c2 4088 	str.w	r4, [r2, #136]	@ 0x88
100063b8:	bc30      	pop	{r4, r5}
100063ba:	f7ff bf8f 	b.w	100062dc <i2c_set_baudrate>
100063be:	bf00      	nop
100063c0:	20001550 	.word	0x20001550
100063c4:	40022000 	.word	0x40022000
100063c8:	40023000 	.word	0x40023000
100063cc:	40020000 	.word	0x40020000

100063d0 <i2c_write_blocking>:
100063d0:	b410      	push	{r4}
100063d2:	f89d 4004 	ldrb.w	r4, [sp, #4]
100063d6:	9401      	str	r4, [sp, #4]
100063d8:	f85d 4b04 	ldr.w	r4, [sp], #4
100063dc:	f7ff bf30 	b.w	10006240 <i2c_write_blocking_internal.constprop.0>

100063e0 <i2c_read_blocking>:
100063e0:	b410      	push	{r4}
100063e2:	f89d 4004 	ldrb.w	r4, [sp, #4]
100063e6:	9401      	str	r4, [sp, #4]
100063e8:	f85d 4b04 	ldr.w	r4, [sp], #4
100063ec:	f7ff bef0 	b.w	100061d0 <i2c_read_blocking_internal.constprop.0>

100063f0 <_ZN17Adafruit_NeoPixel12updateLengthEt>:
100063f0:	b538      	push	{r3, r4, r5, lr}
100063f2:	4604      	mov	r4, r0
100063f4:	68c0      	ldr	r0, [r0, #12]
100063f6:	460d      	mov	r5, r1
100063f8:	f7fb fe4e 	bl	10002098 <__wrap_free>
100063fc:	7de0      	ldrb	r0, [r4, #23]
100063fe:	7d23      	ldrb	r3, [r4, #20]
10006400:	2101      	movs	r1, #1
10006402:	4298      	cmp	r0, r3
10006404:	bf14      	ite	ne
10006406:	2004      	movne	r0, #4
10006408:	2003      	moveq	r0, #3
1000640a:	fb10 f005 	smulbb	r0, r0, r5
1000640e:	b280      	uxth	r0, r0
10006410:	80a0      	strh	r0, [r4, #4]
10006412:	f7fb fe2b 	bl	1000206c <__wrap_calloc>
10006416:	462a      	mov	r2, r5
10006418:	60e0      	str	r0, [r4, #12]
1000641a:	b168      	cbz	r0, 10006438 <_ZN17Adafruit_NeoPixel12updateLengthEt+0x48>
1000641c:	6aa3      	ldr	r3, [r4, #40]	@ 0x28
1000641e:	8062      	strh	r2, [r4, #2]
10006420:	b14b      	cbz	r3, 10006436 <_ZN17Adafruit_NeoPixel12updateLengthEt+0x46>
10006422:	6920      	ldr	r0, [r4, #16]
10006424:	f7fb fe38 	bl	10002098 <__wrap_free>
10006428:	2101      	movs	r1, #1
1000642a:	88a0      	ldrh	r0, [r4, #4]
1000642c:	f7fb fe1e 	bl	1000206c <__wrap_calloc>
10006430:	6120      	str	r0, [r4, #16]
10006432:	b120      	cbz	r0, 1000643e <_ZN17Adafruit_NeoPixel12updateLengthEt+0x4e>
10006434:	8065      	strh	r5, [r4, #2]
10006436:	bd38      	pop	{r3, r4, r5, pc}
10006438:	4602      	mov	r2, r0
1000643a:	80a0      	strh	r0, [r4, #4]
1000643c:	e7ee      	b.n	1000641c <_ZN17Adafruit_NeoPixel12updateLengthEt+0x2c>
1000643e:	f8c4 0002 	str.w	r0, [r4, #2]
10006442:	bd38      	pop	{r3, r4, r5, pc}

10006444 <_ZN17Adafruit_NeoPixelC1Ettt>:
10006444:	e92d 47f0 	stmdb	sp!, {r4, r5, r6, r7, r8, r9, sl, lr}
10006448:	2600      	movs	r6, #0
1000644a:	4604      	mov	r4, r0
1000644c:	e9c0 6603 	strd	r6, r6, [r0, #12]
10006450:	e9c0 660a 	strd	r6, r6, [r0, #40]	@ 0x28
10006454:	e9c0 660c 	strd	r6, r6, [r0, #48]	@ 0x30
10006458:	b08a      	sub	sp, #40	@ 0x28
1000645a:	7046      	strb	r6, [r0, #1]
1000645c:	7206      	strb	r6, [r0, #8]
1000645e:	461d      	mov	r5, r3
10006460:	460f      	mov	r7, r1
10006462:	4690      	mov	r8, r2
10006464:	f7fb f8f8 	bl	10001658 <time_us_64>
10006468:	7863      	ldrb	r3, [r4, #1]
1000646a:	e9c4 0106 	strd	r0, r1, [r4, #24]
1000646e:	bb7b      	cbnz	r3, 100064d0 <_ZN17Adafruit_NeoPixelC1Ettt+0x8c>
10006470:	f8a4 8006 	strh.w	r8, [r4, #6]
10006474:	2dff      	cmp	r5, #255	@ 0xff
10006476:	bf8c      	ite	hi
10006478:	2300      	movhi	r3, #0
1000647a:	2301      	movls	r3, #1
1000647c:	68e0      	ldr	r0, [r4, #12]
1000647e:	f3c5 1101 	ubfx	r1, r5, #4, #2
10006482:	f3c5 0681 	ubfx	r6, r5, #2, #2
10006486:	7023      	strb	r3, [r4, #0]
10006488:	f3c5 1381 	ubfx	r3, r5, #6, #2
1000648c:	f005 0503 	and.w	r5, r5, #3
10006490:	7de2      	ldrb	r2, [r4, #23]
10006492:	f894 c014 	ldrb.w	ip, [r4, #20]
10006496:	75e3      	strb	r3, [r4, #23]
10006498:	7521      	strb	r1, [r4, #20]
1000649a:	7566      	strb	r6, [r4, #21]
1000649c:	75a5      	strb	r5, [r4, #22]
1000649e:	b150      	cbz	r0, 100064b6 <_ZN17Adafruit_NeoPixelC1Ettt+0x72>
100064a0:	eba2 020c 	sub.w	r2, r2, ip
100064a4:	1a5b      	subs	r3, r3, r1
100064a6:	fab2 f282 	clz	r2, r2
100064aa:	fab3 f383 	clz	r3, r3
100064ae:	0952      	lsrs	r2, r2, #5
100064b0:	095b      	lsrs	r3, r3, #5
100064b2:	429a      	cmp	r2, r3
100064b4:	d107      	bne.n	100064c6 <_ZN17Adafruit_NeoPixelC1Ettt+0x82>
100064b6:	4620      	mov	r0, r4
100064b8:	4639      	mov	r1, r7
100064ba:	f7ff ff99 	bl	100063f0 <_ZN17Adafruit_NeoPixel12updateLengthEt>
100064be:	4620      	mov	r0, r4
100064c0:	b00a      	add	sp, #40	@ 0x28
100064c2:	e8bd 87f0 	ldmia.w	sp!, {r4, r5, r6, r7, r8, r9, sl, pc}
100064c6:	4620      	mov	r0, r4
100064c8:	8861      	ldrh	r1, [r4, #2]
100064ca:	f7ff ff91 	bl	100063f0 <_ZN17Adafruit_NeoPixel12updateLengthEt>
100064ce:	e7f2      	b.n	100064b6 <_ZN17Adafruit_NeoPixelC1Ettt+0x72>
100064d0:	f8d4 8020 	ldr.w	r8, [r4, #32]
100064d4:	f9b4 6006 	ldrsh.w	r6, [r4, #6]
100064d8:	f108 412f 	add.w	r1, r8, #2936012800	@ 0xaf000000
100064dc:	7823      	ldrb	r3, [r4, #0]
100064de:	b2f6      	uxtb	r6, r6
100064e0:	f501 0160 	add.w	r1, r1, #14680064	@ 0xe00000
100064e4:	f8d4 9024 	ldr.w	r9, [r4, #36]	@ 0x24
100064e8:	80e6      	strh	r6, [r4, #6]
100064ea:	0d09      	lsrs	r1, r1, #20
100064ec:	b393      	cbz	r3, 10006554 <_ZN17Adafruit_NeoPixelC1Ettt+0x110>
100064ee:	2900      	cmp	r1, #0
100064f0:	f000 8096 	beq.w	10006620 <_ZN17Adafruit_NeoPixelC1Ettt+0x1dc>
100064f4:	4b4d      	ldr	r3, [pc, #308]	@ (1000662c <_ZN17Adafruit_NeoPixelC1Ettt+0x1e8>)
100064f6:	f8d3 a000 	ldr.w	sl, [r3]
100064fa:	3106      	adds	r1, #6
100064fc:	4630      	mov	r0, r6
100064fe:	b2c9      	uxtb	r1, r1
10006500:	f7fa f928 	bl	10000754 <gpio_set_function>
10006504:	2301      	movs	r3, #1
10006506:	4632      	mov	r2, r6
10006508:	4649      	mov	r1, r9
1000650a:	9300      	str	r3, [sp, #0]
1000650c:	4640      	mov	r0, r8
1000650e:	f000 fbad 	bl	10006c6c <pio_sm_set_consecutive_pindirs>
10006512:	f44f 3380 	mov.w	r3, #65536	@ 0x10000
10006516:	f10a 0203 	add.w	r2, sl, #3
1000651a:	9305      	str	r3, [sp, #20]
1000651c:	ea4f 13ca 	mov.w	r3, sl, lsl #7
10006520:	ea43 3302 	orr.w	r3, r3, r2, lsl #12
10006524:	f023 43c0 	bic.w	r3, r3, #1610612736	@ 0x60000000
10006528:	9306      	str	r3, [sp, #24]
1000652a:	02b3      	lsls	r3, r6, #10
1000652c:	f403 43f8 	and.w	r3, r3, #31744	@ 0x7c00
10006530:	f043 5300 	orr.w	r3, r3, #536870912	@ 0x20000000
10006534:	0936      	lsrs	r6, r6, #4
10006536:	9308      	str	r3, [sp, #32]
10006538:	02b6      	lsls	r6, r6, #10
1000653a:	4b3d      	ldr	r3, [pc, #244]	@ (10006630 <_ZN17Adafruit_NeoPixelC1Ettt+0x1ec>)
1000653c:	2005      	movs	r0, #5
1000653e:	f466 46f8 	orn	r6, r6, #31744	@ 0x7c00
10006542:	9609      	str	r6, [sp, #36]	@ 0x24
10006544:	9307      	str	r3, [sp, #28]
10006546:	f7fb fa23 	bl	10001990 <clock_get_hz>
1000654a:	ed9f 6a3a 	vldr	s12, [pc, #232]	@ 10006634 <_ZN17Adafruit_NeoPixelC1Ettt+0x1f0>
1000654e:	ee07 0a10 	vmov	s14, r0
10006552:	e030      	b.n	100065b6 <_ZN17Adafruit_NeoPixelC1Ettt+0x172>
10006554:	2900      	cmp	r1, #0
10006556:	d05f      	beq.n	10006618 <_ZN17Adafruit_NeoPixelC1Ettt+0x1d4>
10006558:	4b34      	ldr	r3, [pc, #208]	@ (1000662c <_ZN17Adafruit_NeoPixelC1Ettt+0x1e8>)
1000655a:	f8d3 a000 	ldr.w	sl, [r3]
1000655e:	3106      	adds	r1, #6
10006560:	4630      	mov	r0, r6
10006562:	b2c9      	uxtb	r1, r1
10006564:	f7fa f8f6 	bl	10000754 <gpio_set_function>
10006568:	2301      	movs	r3, #1
1000656a:	4632      	mov	r2, r6
1000656c:	4649      	mov	r1, r9
1000656e:	9300      	str	r3, [sp, #0]
10006570:	4640      	mov	r0, r8
10006572:	f000 fb7b 	bl	10006c6c <pio_sm_set_consecutive_pindirs>
10006576:	f44f 3380 	mov.w	r3, #65536	@ 0x10000
1000657a:	f10a 0203 	add.w	r2, sl, #3
1000657e:	9305      	str	r3, [sp, #20]
10006580:	ea4f 13ca 	mov.w	r3, sl, lsl #7
10006584:	ea43 3302 	orr.w	r3, r3, r2, lsl #12
10006588:	f023 43c0 	bic.w	r3, r3, #1610612736	@ 0x60000000
1000658c:	9306      	str	r3, [sp, #24]
1000658e:	02b3      	lsls	r3, r6, #10
10006590:	f403 43f8 	and.w	r3, r3, #31744	@ 0x7c00
10006594:	f043 5300 	orr.w	r3, r3, #536870912	@ 0x20000000
10006598:	0936      	lsrs	r6, r6, #4
1000659a:	9308      	str	r3, [sp, #32]
1000659c:	02b6      	lsls	r6, r6, #10
1000659e:	4b24      	ldr	r3, [pc, #144]	@ (10006630 <_ZN17Adafruit_NeoPixelC1Ettt+0x1ec>)
100065a0:	2005      	movs	r0, #5
100065a2:	f466 46f8 	orn	r6, r6, #31744	@ 0x7c00
100065a6:	9609      	str	r6, [sp, #36]	@ 0x24
100065a8:	9307      	str	r3, [sp, #28]
100065aa:	f7fb f9f1 	bl	10001990 <clock_get_hz>
100065ae:	ed9f 6a22 	vldr	s12, [pc, #136]	@ 10006638 <_ZN17Adafruit_NeoPixelC1Ettt+0x1f4>
100065b2:	ee07 0a10 	vmov	s14, r0
100065b6:	eeb8 7a47 	vcvt.f32.u32	s14, s14
100065ba:	eddf 6a20 	vldr	s13, [pc, #128]	@ 1000663c <_ZN17Adafruit_NeoPixelC1Ettt+0x1f8>
100065be:	eec7 7a06 	vdiv.f32	s15, s14, s12
100065c2:	ee77 7aa6 	vadd.f32	s15, s15, s13
100065c6:	eebc 7ae7 	vcvt.u32.f32	s14, s15
100065ca:	ee17 3a10 	vmov	r3, s14
100065ce:	b29a      	uxth	r2, r3
100065d0:	b352      	cbz	r2, 10006628 <_ZN17Adafruit_NeoPixelC1Ettt+0x1e4>
100065d2:	ee07 2a10 	vmov	s14, r2
100065d6:	eeb8 7a47 	vcvt.f32.u32	s14, s14
100065da:	eddf 6a19 	vldr	s13, [pc, #100]	@ 10006640 <_ZN17Adafruit_NeoPixelC1Ettt+0x1fc>
100065de:	ee77 7ac7 	vsub.f32	s15, s15, s14
100065e2:	ee67 7aa6 	vmul.f32	s15, s15, s13
100065e6:	eefc 7ae7 	vcvt.u32.f32	s15, s15
100065ea:	edcd 7a03 	vstr	s15, [sp, #12]
100065ee:	f89d 300c 	ldrb.w	r3, [sp, #12]
100065f2:	021b      	lsls	r3, r3, #8
100065f4:	ea43 4302 	orr.w	r3, r3, r2, lsl #16
100065f8:	9305      	str	r3, [sp, #20]
100065fa:	4652      	mov	r2, sl
100065fc:	ab05      	add	r3, sp, #20
100065fe:	4649      	mov	r1, r9
10006600:	4640      	mov	r0, r8
10006602:	f000 fb79 	bl	10006cf8 <pio_sm_init>
10006606:	2301      	movs	r3, #1
10006608:	f8d8 2000 	ldr.w	r2, [r8]
1000660c:	fa03 f309 	lsl.w	r3, r3, r9
10006610:	4313      	orrs	r3, r2
10006612:	f8c8 3000 	str.w	r3, [r8]
10006616:	e72d      	b.n	10006474 <_ZN17Adafruit_NeoPixelC1Ettt+0x30>
10006618:	4b0a      	ldr	r3, [pc, #40]	@ (10006644 <_ZN17Adafruit_NeoPixelC1Ettt+0x200>)
1000661a:	f8d3 a000 	ldr.w	sl, [r3]
1000661e:	e79e      	b.n	1000655e <_ZN17Adafruit_NeoPixelC1Ettt+0x11a>
10006620:	4b08      	ldr	r3, [pc, #32]	@ (10006644 <_ZN17Adafruit_NeoPixelC1Ettt+0x200>)
10006622:	f8d3 a000 	ldr.w	sl, [r3]
10006626:	e768      	b.n	100064fa <_ZN17Adafruit_NeoPixelC1Ettt+0xb6>
10006628:	4613      	mov	r3, r2
1000662a:	e7e3      	b.n	100065f4 <_ZN17Adafruit_NeoPixelC1Ettt+0x1b0>
1000662c:	20001558 	.word	0x20001558
10006630:	50060000 	.word	0x50060000
10006634:	4af42400 	.word	0x4af42400
10006638:	4a742400 	.word	0x4a742400
1000663c:	3b000000 	.word	0x3b000000
10006640:	43800000 	.word	0x43800000
10006644:	2000155c 	.word	0x2000155c

10006648 <_ZN17Adafruit_NeoPixel10rp2040InitEh>:
10006648:	e92d 41f0 	stmdb	sp!, {r4, r5, r6, r7, r8, lr}
1000664c:	4f7b      	ldr	r7, [pc, #492]	@ (1000683c <_ZN17Adafruit_NeoPixel10rp2040InitEh+0x1f4>)
1000664e:	4606      	mov	r6, r0
10006650:	460c      	mov	r4, r1
10006652:	4638      	mov	r0, r7
10006654:	2100      	movs	r1, #0
10006656:	b08a      	sub	sp, #40	@ 0x28
10006658:	f000 fa4c 	bl	10006af4 <pio_claim_unused_sm>
1000665c:	1c43      	adds	r3, r0, #1
1000665e:	f000 80ad 	beq.w	100067bc <_ZN17Adafruit_NeoPixel10rp2040InitEh+0x174>
10006662:	f8df 8200 	ldr.w	r8, [pc, #512]	@ 10006864 <_ZN17Adafruit_NeoPixel10rp2040InitEh+0x21c>
10006666:	4605      	mov	r5, r0
10006668:	f8d8 2000 	ldr.w	r2, [r8]
1000666c:	1c50      	adds	r0, r2, #1
1000666e:	f000 8098 	beq.w	100067a2 <_ZN17Adafruit_NeoPixel10rp2040InitEh+0x15a>
10006672:	6237      	str	r7, [r6, #32]
10006674:	4972      	ldr	r1, [pc, #456]	@ (10006840 <_ZN17Adafruit_NeoPixel10rp2040InitEh+0x1f8>)
10006676:	80f4      	strh	r4, [r6, #6]
10006678:	680b      	ldr	r3, [r1, #0]
1000667a:	6275      	str	r5, [r6, #36]	@ 0x24
1000667c:	3301      	adds	r3, #1
1000667e:	600b      	str	r3, [r1, #0]
10006680:	7833      	ldrb	r3, [r6, #0]
10006682:	2b00      	cmp	r3, #0
10006684:	d160      	bne.n	10006748 <_ZN17Adafruit_NeoPixel10rp2040InitEh+0x100>
10006686:	4617      	mov	r7, r2
10006688:	2106      	movs	r1, #6
1000668a:	f8df 81b0 	ldr.w	r8, [pc, #432]	@ 1000683c <_ZN17Adafruit_NeoPixel10rp2040InitEh+0x1f4>
1000668e:	4620      	mov	r0, r4
10006690:	f7fa f860 	bl	10000754 <gpio_set_function>
10006694:	2301      	movs	r3, #1
10006696:	4622      	mov	r2, r4
10006698:	4629      	mov	r1, r5
1000669a:	9300      	str	r3, [sp, #0]
1000669c:	4640      	mov	r0, r8
1000669e:	f000 fae5 	bl	10006c6c <pio_sm_set_consecutive_pindirs>
100066a2:	f44f 3380 	mov.w	r3, #65536	@ 0x10000
100066a6:	1cfa      	adds	r2, r7, #3
100066a8:	9305      	str	r3, [sp, #20]
100066aa:	01fb      	lsls	r3, r7, #7
100066ac:	ea43 3302 	orr.w	r3, r3, r2, lsl #12
100066b0:	f023 43c0 	bic.w	r3, r3, #1610612736	@ 0x60000000
100066b4:	9306      	str	r3, [sp, #24]
100066b6:	02a3      	lsls	r3, r4, #10
100066b8:	f403 43f8 	and.w	r3, r3, #31744	@ 0x7c00
100066bc:	f043 5300 	orr.w	r3, r3, #536870912	@ 0x20000000
100066c0:	0924      	lsrs	r4, r4, #4
100066c2:	9308      	str	r3, [sp, #32]
100066c4:	02a4      	lsls	r4, r4, #10
100066c6:	4b5f      	ldr	r3, [pc, #380]	@ (10006844 <_ZN17Adafruit_NeoPixel10rp2040InitEh+0x1fc>)
100066c8:	2005      	movs	r0, #5
100066ca:	f464 44f8 	orn	r4, r4, #31744	@ 0x7c00
100066ce:	9409      	str	r4, [sp, #36]	@ 0x24
100066d0:	9307      	str	r3, [sp, #28]
100066d2:	f7fb f95d 	bl	10001990 <clock_get_hz>
100066d6:	ed9f 6a5c 	vldr	s12, [pc, #368]	@ 10006848 <_ZN17Adafruit_NeoPixel10rp2040InitEh+0x200>
100066da:	ee07 0a10 	vmov	s14, r0
100066de:	eeb8 7a47 	vcvt.f32.u32	s14, s14
100066e2:	eddf 6a5a 	vldr	s13, [pc, #360]	@ 1000684c <_ZN17Adafruit_NeoPixel10rp2040InitEh+0x204>
100066e6:	eec7 7a06 	vdiv.f32	s15, s14, s12
100066ea:	ee77 7aa6 	vadd.f32	s15, s15, s13
100066ee:	eebc 7ae7 	vcvt.u32.f32	s14, s15
100066f2:	ee17 3a10 	vmov	r3, s14
100066f6:	b29a      	uxth	r2, r3
100066f8:	2a00      	cmp	r2, #0
100066fa:	d07d      	beq.n	100067f8 <_ZN17Adafruit_NeoPixel10rp2040InitEh+0x1b0>
100066fc:	ee07 2a10 	vmov	s14, r2
10006700:	eeb8 7a47 	vcvt.f32.u32	s14, s14
10006704:	eddf 6a52 	vldr	s13, [pc, #328]	@ 10006850 <_ZN17Adafruit_NeoPixel10rp2040InitEh+0x208>
10006708:	ee77 7ac7 	vsub.f32	s15, s15, s14
1000670c:	ee67 7aa6 	vmul.f32	s15, s15, s13
10006710:	eefc 7ae7 	vcvt.u32.f32	s15, s15
10006714:	edcd 7a03 	vstr	s15, [sp, #12]
10006718:	f89d 300c 	ldrb.w	r3, [sp, #12]
1000671c:	021b      	lsls	r3, r3, #8
1000671e:	ea43 4302 	orr.w	r3, r3, r2, lsl #16
10006722:	9305      	str	r3, [sp, #20]
10006724:	463a      	mov	r2, r7
10006726:	ab05      	add	r3, sp, #20
10006728:	4629      	mov	r1, r5
1000672a:	4640      	mov	r0, r8
1000672c:	f000 fae4 	bl	10006cf8 <pio_sm_init>
10006730:	2301      	movs	r3, #1
10006732:	f8d8 2000 	ldr.w	r2, [r8]
10006736:	40ab      	lsls	r3, r5
10006738:	4313      	orrs	r3, r2
1000673a:	f8c8 3000 	str.w	r3, [r8]
1000673e:	2301      	movs	r3, #1
10006740:	7073      	strb	r3, [r6, #1]
10006742:	b00a      	add	sp, #40	@ 0x28
10006744:	e8bd 81f0 	ldmia.w	sp!, {r4, r5, r6, r7, r8, pc}
10006748:	4617      	mov	r7, r2
1000674a:	2106      	movs	r1, #6
1000674c:	f8df 80ec 	ldr.w	r8, [pc, #236]	@ 1000683c <_ZN17Adafruit_NeoPixel10rp2040InitEh+0x1f4>
10006750:	4620      	mov	r0, r4
10006752:	f7f9 ffff 	bl	10000754 <gpio_set_function>
10006756:	2301      	movs	r3, #1
10006758:	4622      	mov	r2, r4
1000675a:	4629      	mov	r1, r5
1000675c:	9300      	str	r3, [sp, #0]
1000675e:	4640      	mov	r0, r8
10006760:	f000 fa84 	bl	10006c6c <pio_sm_set_consecutive_pindirs>
10006764:	f44f 3380 	mov.w	r3, #65536	@ 0x10000
10006768:	1cfa      	adds	r2, r7, #3
1000676a:	9305      	str	r3, [sp, #20]
1000676c:	01fb      	lsls	r3, r7, #7
1000676e:	ea43 3302 	orr.w	r3, r3, r2, lsl #12
10006772:	f023 43c0 	bic.w	r3, r3, #1610612736	@ 0x60000000
10006776:	9306      	str	r3, [sp, #24]
10006778:	02a3      	lsls	r3, r4, #10
1000677a:	f403 43f8 	and.w	r3, r3, #31744	@ 0x7c00
1000677e:	f043 5300 	orr.w	r3, r3, #536870912	@ 0x20000000
10006782:	0924      	lsrs	r4, r4, #4
10006784:	9308      	str	r3, [sp, #32]
10006786:	02a4      	lsls	r4, r4, #10
10006788:	4b2e      	ldr	r3, [pc, #184]	@ (10006844 <_ZN17Adafruit_NeoPixel10rp2040InitEh+0x1fc>)
1000678a:	2005      	movs	r0, #5
1000678c:	f464 44f8 	orn	r4, r4, #31744	@ 0x7c00
10006790:	9409      	str	r4, [sp, #36]	@ 0x24
10006792:	9307      	str	r3, [sp, #28]
10006794:	f7fb f8fc 	bl	10001990 <clock_get_hz>
10006798:	ed9f 6a2e 	vldr	s12, [pc, #184]	@ 10006854 <_ZN17Adafruit_NeoPixel10rp2040InitEh+0x20c>
1000679c:	ee07 0a10 	vmov	s14, r0
100067a0:	e79d      	b.n	100066de <_ZN17Adafruit_NeoPixel10rp2040InitEh+0x96>
100067a2:	4638      	mov	r0, r7
100067a4:	492c      	ldr	r1, [pc, #176]	@ (10006858 <_ZN17Adafruit_NeoPixel10rp2040InitEh+0x210>)
100067a6:	f000 f9c1 	bl	10006b2c <pio_can_add_program>
100067aa:	2800      	cmp	r0, #0
100067ac:	d137      	bne.n	1000681e <_ZN17Adafruit_NeoPixel10rp2040InitEh+0x1d6>
100067ae:	f8d8 2000 	ldr.w	r2, [r8]
100067b2:	4b22      	ldr	r3, [pc, #136]	@ (1000683c <_ZN17Adafruit_NeoPixel10rp2040InitEh+0x1f4>)
100067b4:	1c51      	adds	r1, r2, #1
100067b6:	6233      	str	r3, [r6, #32]
100067b8:	f47f af5c 	bne.w	10006674 <_ZN17Adafruit_NeoPixel10rp2040InitEh+0x2c>
100067bc:	2100      	movs	r1, #0
100067be:	4827      	ldr	r0, [pc, #156]	@ (1000685c <_ZN17Adafruit_NeoPixel10rp2040InitEh+0x214>)
100067c0:	f000 f998 	bl	10006af4 <pio_claim_unused_sm>
100067c4:	1c47      	adds	r7, r0, #1
100067c6:	4605      	mov	r5, r0
100067c8:	d01c      	beq.n	10006804 <_ZN17Adafruit_NeoPixel10rp2040InitEh+0x1bc>
100067ca:	4f25      	ldr	r7, [pc, #148]	@ (10006860 <_ZN17Adafruit_NeoPixel10rp2040InitEh+0x218>)
100067cc:	6838      	ldr	r0, [r7, #0]
100067ce:	1c43      	adds	r3, r0, #1
100067d0:	d01e      	beq.n	10006810 <_ZN17Adafruit_NeoPixel10rp2040InitEh+0x1c8>
100067d2:	4b24      	ldr	r3, [pc, #144]	@ (10006864 <_ZN17Adafruit_NeoPixel10rp2040InitEh+0x21c>)
100067d4:	681b      	ldr	r3, [r3, #0]
100067d6:	4018      	ands	r0, r3
100067d8:	4b20      	ldr	r3, [pc, #128]	@ (1000685c <_ZN17Adafruit_NeoPixel10rp2040InitEh+0x214>)
100067da:	3001      	adds	r0, #1
100067dc:	6233      	str	r3, [r6, #32]
100067de:	d011      	beq.n	10006804 <_ZN17Adafruit_NeoPixel10rp2040InitEh+0x1bc>
100067e0:	4917      	ldr	r1, [pc, #92]	@ (10006840 <_ZN17Adafruit_NeoPixel10rp2040InitEh+0x1f8>)
100067e2:	7830      	ldrb	r0, [r6, #0]
100067e4:	684a      	ldr	r2, [r1, #4]
100067e6:	80f4      	strh	r4, [r6, #6]
100067e8:	3201      	adds	r2, #1
100067ea:	604a      	str	r2, [r1, #4]
100067ec:	6275      	str	r5, [r6, #36]	@ 0x24
100067ee:	b928      	cbnz	r0, 100067fc <_ZN17Adafruit_NeoPixel10rp2040InitEh+0x1b4>
100067f0:	4698      	mov	r8, r3
100067f2:	2107      	movs	r1, #7
100067f4:	683f      	ldr	r7, [r7, #0]
100067f6:	e74a      	b.n	1000668e <_ZN17Adafruit_NeoPixel10rp2040InitEh+0x46>
100067f8:	4613      	mov	r3, r2
100067fa:	e790      	b.n	1000671e <_ZN17Adafruit_NeoPixel10rp2040InitEh+0xd6>
100067fc:	4698      	mov	r8, r3
100067fe:	2107      	movs	r1, #7
10006800:	683f      	ldr	r7, [r7, #0]
10006802:	e7a5      	b.n	10006750 <_ZN17Adafruit_NeoPixel10rp2040InitEh+0x108>
10006804:	f04f 33ff 	mov.w	r3, #4294967295	@ 0xffffffff
10006808:	6273      	str	r3, [r6, #36]	@ 0x24
1000680a:	b00a      	add	sp, #40	@ 0x28
1000680c:	e8bd 81f0 	ldmia.w	sp!, {r4, r5, r6, r7, r8, pc}
10006810:	4911      	ldr	r1, [pc, #68]	@ (10006858 <_ZN17Adafruit_NeoPixel10rp2040InitEh+0x210>)
10006812:	4812      	ldr	r0, [pc, #72]	@ (1000685c <_ZN17Adafruit_NeoPixel10rp2040InitEh+0x214>)
10006814:	f000 f98a 	bl	10006b2c <pio_can_add_program>
10006818:	b948      	cbnz	r0, 1000682e <_ZN17Adafruit_NeoPixel10rp2040InitEh+0x1e6>
1000681a:	6838      	ldr	r0, [r7, #0]
1000681c:	e7d9      	b.n	100067d2 <_ZN17Adafruit_NeoPixel10rp2040InitEh+0x18a>
1000681e:	4638      	mov	r0, r7
10006820:	490d      	ldr	r1, [pc, #52]	@ (10006858 <_ZN17Adafruit_NeoPixel10rp2040InitEh+0x210>)
10006822:	f000 f9d5 	bl	10006bd0 <pio_add_program>
10006826:	4602      	mov	r2, r0
10006828:	f8c8 0000 	str.w	r0, [r8]
1000682c:	e7c1      	b.n	100067b2 <_ZN17Adafruit_NeoPixel10rp2040InitEh+0x16a>
1000682e:	490a      	ldr	r1, [pc, #40]	@ (10006858 <_ZN17Adafruit_NeoPixel10rp2040InitEh+0x210>)
10006830:	4802      	ldr	r0, [pc, #8]	@ (1000683c <_ZN17Adafruit_NeoPixel10rp2040InitEh+0x1f4>)
10006832:	f000 f9cd 	bl	10006bd0 <pio_add_program>
10006836:	6038      	str	r0, [r7, #0]
10006838:	e7cb      	b.n	100067d2 <_ZN17Adafruit_NeoPixel10rp2040InitEh+0x18a>
1000683a:	bf00      	nop
1000683c:	50200000 	.word	0x50200000
10006840:	2000203c 	.word	0x2000203c
10006844:	50060000 	.word	0x50060000
10006848:	4a742400 	.word	0x4a742400
1000684c:	3b000000 	.word	0x3b000000
10006850:	43800000 	.word	0x43800000
10006854:	4af42400 	.word	0x4af42400
10006858:	10007f1c 	.word	0x10007f1c
1000685c:	50300000 	.word	0x50300000
10006860:	20001558 	.word	0x20001558
10006864:	2000155c 	.word	0x2000155c

10006868 <_ZN17Adafruit_NeoPixel4showEv>:
10006868:	b570      	push	{r4, r5, r6, lr}
1000686a:	68c4      	ldr	r4, [r0, #12]
1000686c:	b1cc      	cbz	r4, 100068a2 <_ZN17Adafruit_NeoPixel4showEv+0x3a>
1000686e:	7843      	ldrb	r3, [r0, #1]
10006870:	4605      	mov	r5, r0
10006872:	8886      	ldrh	r6, [r0, #4]
10006874:	b1b3      	cbz	r3, 100068a4 <_ZN17Adafruit_NeoPixel4showEv+0x3c>
10006876:	6a6b      	ldr	r3, [r5, #36]	@ 0x24
10006878:	1c5a      	adds	r2, r3, #1
1000687a:	d012      	beq.n	100068a2 <_ZN17Adafruit_NeoPixel4showEv+0x3a>
1000687c:	b18e      	cbz	r6, 100068a2 <_ZN17Adafruit_NeoPixel4showEv+0x3a>
1000687e:	2101      	movs	r1, #1
10006880:	f103 0010 	add.w	r0, r3, #16
10006884:	6a2a      	ldr	r2, [r5, #32]
10006886:	f103 0c04 	add.w	ip, r3, #4
1000688a:	19a5      	adds	r5, r4, r6
1000688c:	4081      	lsls	r1, r0
1000688e:	f814 0b01 	ldrb.w	r0, [r4], #1
10006892:	0600      	lsls	r0, r0, #24
10006894:	6853      	ldr	r3, [r2, #4]
10006896:	420b      	tst	r3, r1
10006898:	d1fc      	bne.n	10006894 <_ZN17Adafruit_NeoPixel4showEv+0x2c>
1000689a:	42ac      	cmp	r4, r5
1000689c:	f842 002c 	str.w	r0, [r2, ip, lsl #2]
100068a0:	d1f5      	bne.n	1000688e <_ZN17Adafruit_NeoPixel4showEv+0x26>
100068a2:	bd70      	pop	{r4, r5, r6, pc}
100068a4:	7981      	ldrb	r1, [r0, #6]
100068a6:	f7ff fecf 	bl	10006648 <_ZN17Adafruit_NeoPixel10rp2040InitEh>
100068aa:	2301      	movs	r3, #1
100068ac:	706b      	strb	r3, [r5, #1]
100068ae:	e7e2      	b.n	10006876 <_ZN17Adafruit_NeoPixel4showEv+0xe>

100068b0 <_ZN17Adafruit_NeoPixel4fillEmtt>:
100068b0:	e92d 4ff0 	stmdb	sp!, {r4, r5, r6, r7, r8, r9, sl, fp, lr}
100068b4:	4615      	mov	r5, r2
100068b6:	8842      	ldrh	r2, [r0, #2]
100068b8:	b089      	sub	sp, #36	@ 0x24
100068ba:	42aa      	cmp	r2, r5
100068bc:	d978      	bls.n	100069b0 <_ZN17Adafruit_NeoPixel4fillEmtt+0x100>
100068be:	4604      	mov	r4, r0
100068c0:	2b00      	cmp	r3, #0
100068c2:	d078      	beq.n	100069b6 <_ZN17Adafruit_NeoPixel4fillEmtt+0x106>
100068c4:	442b      	add	r3, r5
100068c6:	fa1f fc83 	uxth.w	ip, r3
100068ca:	4594      	cmp	ip, r2
100068cc:	bf28      	it	cs
100068ce:	4694      	movcs	ip, r2
100068d0:	45ac      	cmp	ip, r5
100068d2:	d96d      	bls.n	100069b0 <_ZN17Adafruit_NeoPixel4fillEmtt+0x100>
100068d4:	0e0b      	lsrs	r3, r1, #24
100068d6:	e9cd 3306 	strd	r3, r3, [sp, #24]
100068da:	f3c1 4307 	ubfx	r3, r1, #16, #8
100068de:	9301      	str	r3, [sp, #4]
100068e0:	f3c1 2307 	ubfx	r3, r1, #8, #8
100068e4:	9302      	str	r3, [sp, #8]
100068e6:	b2cb      	uxtb	r3, r1
100068e8:	9303      	str	r3, [sp, #12]
100068ea:	eb05 0845 	add.w	r8, r5, r5, lsl #1
100068ee:	00af      	lsls	r7, r5, #2
100068f0:	f8cd c000 	str.w	ip, [sp]
100068f4:	e052      	b.n	1000699c <_ZN17Adafruit_NeoPixel4fillEmtt+0xec>
100068f6:	9b01      	ldr	r3, [sp, #4]
100068f8:	fb00 f203 	mul.w	r2, r0, r3
100068fc:	9b02      	ldr	r3, [sp, #8]
100068fe:	f3c2 2207 	ubfx	r2, r2, #8, #8
10006902:	fb03 fb00 	mul.w	fp, r3, r0
10006906:	9b03      	ldr	r3, [sp, #12]
10006908:	f3cb 2b07 	ubfx	fp, fp, #8, #8
1000690c:	fb00 fa03 	mul.w	sl, r0, r3
10006910:	9b06      	ldr	r3, [sp, #24]
10006912:	ea4f 2a1a 	mov.w	sl, sl, lsr #8
10006916:	fb03 f000 	mul.w	r0, r3, r0
1000691a:	f3c0 2007 	ubfx	r0, r0, #8, #8
1000691e:	6aa3      	ldr	r3, [r4, #40]	@ 0x28
10006920:	f894 c017 	ldrb.w	ip, [r4, #23]
10006924:	7d21      	ldrb	r1, [r4, #20]
10006926:	68e6      	ldr	r6, [r4, #12]
10006928:	2b00      	cmp	r3, #0
1000692a:	d046      	beq.n	100069ba <_ZN17Adafruit_NeoPixel4fillEmtt+0x10a>
1000692c:	458c      	cmp	ip, r1
1000692e:	6923      	ldr	r3, [r4, #16]
10006930:	d052      	beq.n	100069d8 <_ZN17Adafruit_NeoPixel4fillEmtt+0x128>
10006932:	eb03 0907 	add.w	r9, r3, r7
10006936:	f809 000c 	strb.w	r0, [r9, ip]
1000693a:	7de1      	ldrb	r1, [r4, #23]
1000693c:	6b63      	ldr	r3, [r4, #52]	@ 0x34
1000693e:	9205      	str	r2, [sp, #20]
10006940:	9104      	str	r1, [sp, #16]
10006942:	4798      	blx	r3
10006944:	9904      	ldr	r1, [sp, #16]
10006946:	443e      	add	r6, r7
10006948:	5470      	strb	r0, [r6, r1]
1000694a:	7d21      	ldrb	r1, [r4, #20]
1000694c:	9a05      	ldr	r2, [sp, #20]
1000694e:	f809 2001 	strb.w	r2, [r9, r1]
10006952:	7d63      	ldrb	r3, [r4, #21]
10006954:	4610      	mov	r0, r2
10006956:	f809 b003 	strb.w	fp, [r9, r3]
1000695a:	7da3      	ldrb	r3, [r4, #22]
1000695c:	f809 a003 	strb.w	sl, [r9, r3]
10006960:	6aa3      	ldr	r3, [r4, #40]	@ 0x28
10006962:	f894 9014 	ldrb.w	r9, [r4, #20]
10006966:	4798      	blx	r3
10006968:	f806 0009 	strb.w	r0, [r6, r9]
1000696c:	6ae3      	ldr	r3, [r4, #44]	@ 0x2c
1000696e:	4658      	mov	r0, fp
10006970:	f894 9015 	ldrb.w	r9, [r4, #21]
10006974:	4798      	blx	r3
10006976:	f806 0009 	strb.w	r0, [r6, r9]
1000697a:	6b23      	ldr	r3, [r4, #48]	@ 0x30
1000697c:	4650      	mov	r0, sl
1000697e:	f894 9016 	ldrb.w	r9, [r4, #22]
10006982:	4798      	blx	r3
10006984:	f806 0009 	strb.w	r0, [r6, r9]
10006988:	9b00      	ldr	r3, [sp, #0]
1000698a:	3501      	adds	r5, #1
1000698c:	b2ad      	uxth	r5, r5
1000698e:	429d      	cmp	r5, r3
10006990:	f108 0803 	add.w	r8, r8, #3
10006994:	f107 0704 	add.w	r7, r7, #4
10006998:	d00a      	beq.n	100069b0 <_ZN17Adafruit_NeoPixel4fillEmtt+0x100>
1000699a:	8862      	ldrh	r2, [r4, #2]
1000699c:	4295      	cmp	r5, r2
1000699e:	d2f3      	bcs.n	10006988 <_ZN17Adafruit_NeoPixel4fillEmtt+0xd8>
100069a0:	7a20      	ldrb	r0, [r4, #8]
100069a2:	2800      	cmp	r0, #0
100069a4:	d1a7      	bne.n	100068f6 <_ZN17Adafruit_NeoPixel4fillEmtt+0x46>
100069a6:	e9dd ba02 	ldrd	fp, sl, [sp, #8]
100069aa:	9807      	ldr	r0, [sp, #28]
100069ac:	9a01      	ldr	r2, [sp, #4]
100069ae:	e7b6      	b.n	1000691e <_ZN17Adafruit_NeoPixel4fillEmtt+0x6e>
100069b0:	b009      	add	sp, #36	@ 0x24
100069b2:	e8bd 8ff0 	ldmia.w	sp!, {r4, r5, r6, r7, r8, r9, sl, fp, pc}
100069b6:	4694      	mov	ip, r2
100069b8:	e78c      	b.n	100068d4 <_ZN17Adafruit_NeoPixel4fillEmtt+0x24>
100069ba:	458c      	cmp	ip, r1
100069bc:	bf1d      	ittte	ne
100069be:	19f6      	addne	r6, r6, r7
100069c0:	f806 000c 	strbne.w	r0, [r6, ip]
100069c4:	7d21      	ldrbne	r1, [r4, #20]
100069c6:	4446      	addeq	r6, r8
100069c8:	5472      	strb	r2, [r6, r1]
100069ca:	7d63      	ldrb	r3, [r4, #21]
100069cc:	f806 b003 	strb.w	fp, [r6, r3]
100069d0:	7da3      	ldrb	r3, [r4, #22]
100069d2:	f806 a003 	strb.w	sl, [r6, r3]
100069d6:	e7d7      	b.n	10006988 <_ZN17Adafruit_NeoPixel4fillEmtt+0xd8>
100069d8:	eb03 0908 	add.w	r9, r3, r8
100069dc:	4446      	add	r6, r8
100069de:	e7b6      	b.n	1000694e <_ZN17Adafruit_NeoPixel4fillEmtt+0x9e>

100069e0 <_ZN17Adafruit_NeoPixel13setBrightnessEh>:
100069e0:	7a03      	ldrb	r3, [r0, #8]
100069e2:	f101 0c01 	add.w	ip, r1, #1
100069e6:	fa5f fc8c 	uxtb.w	ip, ip
100069ea:	4563      	cmp	r3, ip
100069ec:	d025      	beq.n	10006a3a <_ZN17Adafruit_NeoPixel13setBrightnessEh+0x5a>
100069ee:	3b01      	subs	r3, #1
100069f0:	f013 03ff 	ands.w	r3, r3, #255	@ 0xff
100069f4:	b410      	push	{r4}
100069f6:	68c4      	ldr	r4, [r0, #12]
100069f8:	d01d      	beq.n	10006a36 <_ZN17Adafruit_NeoPixel13setBrightnessEh+0x56>
100069fa:	29ff      	cmp	r1, #255	@ 0xff
100069fc:	bf0e      	itee	eq
100069fe:	f64f 72ff 	movweq	r2, #65535	@ 0xffff
10006a02:	ea4f 220c 	movne.w	r2, ip, lsl #8
10006a06:	f102 32ff 	addne.w	r2, r2, #4294967295	@ 0xffffffff
10006a0a:	fbb2 f1f3 	udiv	r1, r2, r3
10006a0e:	8883      	ldrh	r3, [r0, #4]
10006a10:	2200      	movs	r2, #0
10006a12:	b15b      	cbz	r3, 10006a2c <_ZN17Adafruit_NeoPixel13setBrightnessEh+0x4c>
10006a14:	7823      	ldrb	r3, [r4, #0]
10006a16:	3201      	adds	r2, #1
10006a18:	fb01 f303 	mul.w	r3, r1, r3
10006a1c:	f3c3 2307 	ubfx	r3, r3, #8, #8
10006a20:	f804 3b01 	strb.w	r3, [r4], #1
10006a24:	8883      	ldrh	r3, [r0, #4]
10006a26:	b292      	uxth	r2, r2
10006a28:	4293      	cmp	r3, r2
10006a2a:	d8f3      	bhi.n	10006a14 <_ZN17Adafruit_NeoPixel13setBrightnessEh+0x34>
10006a2c:	f85d 4b04 	ldr.w	r4, [sp], #4
10006a30:	f880 c008 	strb.w	ip, [r0, #8]
10006a34:	4770      	bx	lr
10006a36:	4619      	mov	r1, r3
10006a38:	e7e9      	b.n	10006a0e <_ZN17Adafruit_NeoPixel13setBrightnessEh+0x2e>
10006a3a:	4770      	bx	lr

10006a3c <_ZN17Adafruit_NeoPixel5clearEv>:
10006a3c:	8882      	ldrh	r2, [r0, #4]
10006a3e:	2100      	movs	r1, #0
10006a40:	68c0      	ldr	r0, [r0, #12]
10006a42:	f000 b9eb 	b.w	10006e1c <memset>
10006a46:	bf00      	nop

10006a48 <add_program_at_offset>:
10006a48:	e92d 43f0 	stmdb	sp!, {r4, r5, r6, r7, r8, r9, lr}
10006a4c:	4686      	mov	lr, r0
10006a4e:	f8de 5168 	ldr.w	r5, [lr, #360]	@ 0x168
10006a52:	4610      	mov	r0, r2
10006a54:	790c      	ldrb	r4, [r1, #4]
10006a56:	f991 3005 	ldrsb.w	r3, [r1, #5]
10006a5a:	79ca      	ldrb	r2, [r1, #7]
10006a5c:	b3bd      	cbz	r5, 10006ace <add_program_at_offset+0x86>
10006a5e:	07d5      	lsls	r5, r2, #31
10006a60:	d437      	bmi.n	10006ad2 <add_program_at_offset+0x8a>
10006a62:	2b00      	cmp	r3, #0
10006a64:	db01      	blt.n	10006a6a <add_program_at_offset+0x22>
10006a66:	4298      	cmp	r0, r3
10006a68:	d133      	bne.n	10006ad2 <add_program_at_offset+0x8a>
10006a6a:	2501      	movs	r5, #1
10006a6c:	f10e 462f 	add.w	r6, lr, #2936012800	@ 0xaf000000
10006a70:	f8df 907c 	ldr.w	r9, [pc, #124]	@ 10006af0 <add_program_at_offset+0xa8>
10006a74:	f506 0660 	add.w	r6, r6, #14680064	@ 0xe00000
10006a78:	0d36      	lsrs	r6, r6, #20
10006a7a:	40a5      	lsls	r5, r4
10006a7c:	f859 8026 	ldr.w	r8, [r9, r6, lsl #2]
10006a80:	3d01      	subs	r5, #1
10006a82:	4085      	lsls	r5, r0
10006a84:	ea18 0f05 	tst.w	r8, r5
10006a88:	d12d      	bne.n	10006ae6 <add_program_at_offset+0x9e>
10006a8a:	6809      	ldr	r1, [r1, #0]
10006a8c:	b32c      	cbz	r4, 10006ada <add_program_at_offset+0x92>
10006a8e:	4684      	mov	ip, r0
10006a90:	4f16      	ldr	r7, [pc, #88]	@ (10006aec <add_program_at_offset+0xa4>)
10006a92:	eb01 0444 	add.w	r4, r1, r4, lsl #1
10006a96:	e00b      	b.n	10006ab0 <add_program_at_offset+0x68>
10006a98:	f5b3 5f00 	cmp.w	r3, #8192	@ 0x2000
10006a9c:	bf38      	it	cc
10006a9e:	181b      	addcc	r3, r3, r0
10006aa0:	f10c 0212 	add.w	r2, ip, #18
10006aa4:	428c      	cmp	r4, r1
10006aa6:	f84e 3022 	str.w	r3, [lr, r2, lsl #2]
10006aaa:	f10c 0c01 	add.w	ip, ip, #1
10006aae:	d014      	beq.n	10006ada <add_program_at_offset+0x92>
10006ab0:	f831 3b02 	ldrh.w	r3, [r1], #2
10006ab4:	ea03 0207 	and.w	r2, r3, r7
10006ab8:	f5b2 5f00 	cmp.w	r2, #8192	@ 0x2000
10006abc:	d1ec      	bne.n	10006a98 <add_program_at_offset+0x50>
10006abe:	f013 0f60 	tst.w	r3, #96	@ 0x60
10006ac2:	d1ed      	bne.n	10006aa0 <add_program_at_offset+0x58>
10006ac4:	f8de 2168 	ldr.w	r2, [lr, #360]	@ 0x168
10006ac8:	4053      	eors	r3, r2
10006aca:	b29b      	uxth	r3, r3
10006acc:	e7e4      	b.n	10006a98 <add_program_at_offset+0x50>
10006ace:	0752      	lsls	r2, r2, #29
10006ad0:	d5c7      	bpl.n	10006a62 <add_program_at_offset+0x1a>
10006ad2:	f06f 000a 	mvn.w	r0, #10
10006ad6:	e8bd 83f0 	ldmia.w	sp!, {r4, r5, r6, r7, r8, r9, pc}
10006ada:	ea48 0505 	orr.w	r5, r8, r5
10006ade:	f849 5026 	str.w	r5, [r9, r6, lsl #2]
10006ae2:	e8bd 83f0 	ldmia.w	sp!, {r4, r5, r6, r7, r8, r9, pc}
10006ae6:	f06f 0008 	mvn.w	r0, #8
10006aea:	e7f4      	b.n	10006ad6 <add_program_at_offset+0x8e>
10006aec:	ffffe000 	.word	0xffffe000
10006af0:	20002268 	.word	0x20002268

10006af4 <pio_claim_unused_sm>:
10006af4:	b510      	push	{r4, lr}
10006af6:	4604      	mov	r4, r0
10006af8:	f104 442f 	add.w	r4, r4, #2936012800	@ 0xaf000000
10006afc:	f504 0460 	add.w	r4, r4, #14680064	@ 0xe00000
10006b00:	4b08      	ldr	r3, [pc, #32]	@ (10006b24 <pio_claim_unused_sm+0x30>)
10006b02:	0d24      	lsrs	r4, r4, #20
10006b04:	b082      	sub	sp, #8
10006b06:	00a4      	lsls	r4, r4, #2
10006b08:	9300      	str	r3, [sp, #0]
10006b0a:	4622      	mov	r2, r4
10006b0c:	1ce3      	adds	r3, r4, #3
10006b0e:	4806      	ldr	r0, [pc, #24]	@ (10006b28 <pio_claim_unused_sm+0x34>)
10006b10:	f7f9 fec2 	bl	10000898 <hw_claim_unused_from_range>
10006b14:	4284      	cmp	r4, r0
10006b16:	bfcc      	ite	gt
10006b18:	f04f 30ff 	movgt.w	r0, #4294967295	@ 0xffffffff
10006b1c:	1b00      	suble	r0, r0, r4
10006b1e:	b002      	add	sp, #8
10006b20:	bd10      	pop	{r4, pc}
10006b22:	bf00      	nop
10006b24:	10007c94 	.word	0x10007c94
10006b28:	20002550 	.word	0x20002550

10006b2c <pio_can_add_program>:
10006b2c:	b570      	push	{r4, r5, r6, lr}
10006b2e:	4605      	mov	r5, r0
10006b30:	460c      	mov	r4, r1
10006b32:	f7f9 fe69 	bl	10000808 <hw_claim_lock>
10006b36:	2201      	movs	r2, #1
10006b38:	f105 432f 	add.w	r3, r5, #2936012800	@ 0xaf000000
10006b3c:	4923      	ldr	r1, [pc, #140]	@ (10006bcc <pio_can_add_program+0xa0>)
10006b3e:	f503 0360 	add.w	r3, r3, #14680064	@ 0xe00000
10006b42:	0d1b      	lsrs	r3, r3, #20
10006b44:	f994 6005 	ldrsb.w	r6, [r4, #5]
10006b48:	f851 1023 	ldr.w	r1, [r1, r3, lsl #2]
10006b4c:	7923      	ldrb	r3, [r4, #4]
10006b4e:	2e00      	cmp	r6, #0
10006b50:	fa02 f203 	lsl.w	r2, r2, r3
10006b54:	f102 32ff 	add.w	r2, r2, #4294967295	@ 0xffffffff
10006b58:	db1c      	blt.n	10006b94 <pio_can_add_program+0x68>
10006b5a:	f1c3 0320 	rsb	r3, r3, #32
10006b5e:	429e      	cmp	r6, r3
10006b60:	dc2c      	bgt.n	10006bbc <pio_can_add_program+0x90>
10006b62:	fa02 f306 	lsl.w	r3, r2, r6
10006b66:	420b      	tst	r3, r1
10006b68:	d128      	bne.n	10006bbc <pio_can_add_program+0x90>
10006b6a:	46b6      	mov	lr, r6
10006b6c:	f8d5 3168 	ldr.w	r3, [r5, #360]	@ 0x168
10006b70:	79e4      	ldrb	r4, [r4, #7]
10006b72:	b343      	cbz	r3, 10006bc6 <pio_can_add_program+0x9a>
10006b74:	07e5      	lsls	r5, r4, #31
10006b76:	d421      	bmi.n	10006bbc <pio_can_add_program+0x90>
10006b78:	2e00      	cmp	r6, #0
10006b7a:	db01      	blt.n	10006b80 <pio_can_add_program+0x54>
10006b7c:	4576      	cmp	r6, lr
10006b7e:	d11d      	bne.n	10006bbc <pio_can_add_program+0x90>
10006b80:	fa02 f20e 	lsl.w	r2, r2, lr
10006b84:	420a      	tst	r2, r1
10006b86:	bf0c      	ite	eq
10006b88:	2401      	moveq	r4, #1
10006b8a:	2400      	movne	r4, #0
10006b8c:	f7f9 fe4e 	bl	1000082c <hw_claim_unlock>
10006b90:	4620      	mov	r0, r4
10006b92:	bd70      	pop	{r4, r5, r6, pc}
10006b94:	f1d3 0320 	rsbs	r3, r3, #32
10006b98:	d410      	bmi.n	10006bbc <pio_can_add_program+0x90>
10006b9a:	fa02 fc03 	lsl.w	ip, r2, r3
10006b9e:	ea1c 0f01 	tst.w	ip, r1
10006ba2:	469e      	mov	lr, r3
10006ba4:	d104      	bne.n	10006bb0 <pio_can_add_program+0x84>
10006ba6:	e7e1      	b.n	10006b6c <pio_can_add_program+0x40>
10006ba8:	ea1c 0f01 	tst.w	ip, r1
10006bac:	469e      	mov	lr, r3
10006bae:	d0dd      	beq.n	10006b6c <pio_can_add_program+0x40>
10006bb0:	3b01      	subs	r3, #1
10006bb2:	f1b3 3fff 	cmp.w	r3, #4294967295	@ 0xffffffff
10006bb6:	fa02 fc03 	lsl.w	ip, r2, r3
10006bba:	d1f5      	bne.n	10006ba8 <pio_can_add_program+0x7c>
10006bbc:	2400      	movs	r4, #0
10006bbe:	f7f9 fe35 	bl	1000082c <hw_claim_unlock>
10006bc2:	4620      	mov	r0, r4
10006bc4:	bd70      	pop	{r4, r5, r6, pc}
10006bc6:	0763      	lsls	r3, r4, #29
10006bc8:	d4f8      	bmi.n	10006bbc <pio_can_add_program+0x90>
10006bca:	e7d5      	b.n	10006b78 <pio_can_add_program+0x4c>
10006bcc:	20002268 	.word	0x20002268

10006bd0 <pio_add_program>:
10006bd0:	b5f8      	push	{r3, r4, r5, r6, r7, lr}
10006bd2:	4604      	mov	r4, r0
10006bd4:	460e      	mov	r6, r1
10006bd6:	f7f9 fe17 	bl	10000808 <hw_claim_lock>
10006bda:	f04f 0c01 	mov.w	ip, #1
10006bde:	f104 432f 	add.w	r3, r4, #2936012800	@ 0xaf000000
10006be2:	4921      	ldr	r1, [pc, #132]	@ (10006c68 <pio_add_program+0x98>)
10006be4:	f503 0360 	add.w	r3, r3, #14680064	@ 0xe00000
10006be8:	0d1b      	lsrs	r3, r3, #20
10006bea:	f996 2005 	ldrsb.w	r2, [r6, #5]
10006bee:	f851 7023 	ldr.w	r7, [r1, r3, lsl #2]
10006bf2:	7933      	ldrb	r3, [r6, #4]
10006bf4:	2a00      	cmp	r2, #0
10006bf6:	fa0c fc03 	lsl.w	ip, ip, r3
10006bfa:	4605      	mov	r5, r0
10006bfc:	f10c 3cff 	add.w	ip, ip, #4294967295	@ 0xffffffff
10006c00:	db19      	blt.n	10006c36 <pio_add_program+0x66>
10006c02:	f1c3 0320 	rsb	r3, r3, #32
10006c06:	429a      	cmp	r2, r3
10006c08:	dc0e      	bgt.n	10006c28 <pio_add_program+0x58>
10006c0a:	fa0c fc02 	lsl.w	ip, ip, r2
10006c0e:	ea1c 0f07 	tst.w	ip, r7
10006c12:	d109      	bne.n	10006c28 <pio_add_program+0x58>
10006c14:	4631      	mov	r1, r6
10006c16:	4620      	mov	r0, r4
10006c18:	f7ff ff16 	bl	10006a48 <add_program_at_offset>
10006c1c:	4604      	mov	r4, r0
10006c1e:	4628      	mov	r0, r5
10006c20:	f7f9 fe04 	bl	1000082c <hw_claim_unlock>
10006c24:	4620      	mov	r0, r4
10006c26:	bdf8      	pop	{r3, r4, r5, r6, r7, pc}
10006c28:	f04f 34ff 	mov.w	r4, #4294967295	@ 0xffffffff
10006c2c:	4628      	mov	r0, r5
10006c2e:	f7f9 fdfd 	bl	1000082c <hw_claim_unlock>
10006c32:	4620      	mov	r0, r4
10006c34:	bdf8      	pop	{r3, r4, r5, r6, r7, pc}
10006c36:	f1d3 0320 	rsbs	r3, r3, #32
10006c3a:	d40d      	bmi.n	10006c58 <pio_add_program+0x88>
10006c3c:	fa0c f103 	lsl.w	r1, ip, r3
10006c40:	4239      	tst	r1, r7
10006c42:	461a      	mov	r2, r3
10006c44:	d103      	bne.n	10006c4e <pio_add_program+0x7e>
10006c46:	e7e5      	b.n	10006c14 <pio_add_program+0x44>
10006c48:	4239      	tst	r1, r7
10006c4a:	461a      	mov	r2, r3
10006c4c:	d0e2      	beq.n	10006c14 <pio_add_program+0x44>
10006c4e:	3b01      	subs	r3, #1
10006c50:	1c5a      	adds	r2, r3, #1
10006c52:	fa0c f103 	lsl.w	r1, ip, r3
10006c56:	d1f7      	bne.n	10006c48 <pio_add_program+0x78>
10006c58:	f06f 0408 	mvn.w	r4, #8
10006c5c:	4628      	mov	r0, r5
10006c5e:	f7f9 fde5 	bl	1000082c <hw_claim_unlock>
10006c62:	4620      	mov	r0, r4
10006c64:	bdf8      	pop	{r3, r4, r5, r6, r7, pc}
10006c66:	bf00      	nop
10006c68:	20002268 	.word	0x20002268

10006c6c <pio_sm_set_consecutive_pindirs>:
10006c6c:	e92d 41f0 	stmdb	sp!, {r4, r5, r6, r7, r8, lr}
10006c70:	f8d0 4168 	ldr.w	r4, [r0, #360]	@ 0x168
10006c74:	f89d 6018 	ldrb.w	r6, [sp, #24]
10006c78:	1b12      	subs	r2, r2, r4
10006c7a:	2a1f      	cmp	r2, #31
10006c7c:	d838      	bhi.n	10006cf0 <pio_sm_set_consecutive_pindirs+0x84>
10006c7e:	f24e 049f 	movw	r4, #57503	@ 0xe09f
10006c82:	f24e 0580 	movw	r5, #57472	@ 0xe080
10006c86:	f44f 3800 	mov.w	r8, #131072	@ 0x20000
10006c8a:	eb01 0c41 	add.w	ip, r1, r1, lsl #1
10006c8e:	2e00      	cmp	r6, #0
10006c90:	bf18      	it	ne
10006c92:	4625      	movne	r5, r4
10006c94:	eb00 04cc 	add.w	r4, r0, ip, lsl #3
10006c98:	f504 5443 	add.w	r4, r4, #12480	@ 0x30c0
10006c9c:	eb00 0ccc 	add.w	ip, r0, ip, lsl #3
10006ca0:	2b05      	cmp	r3, #5
10006ca2:	f8dc 70dc 	ldr.w	r7, [ip, #220]	@ 0xdc
10006ca6:	ea4f 0e41 	mov.w	lr, r1, lsl #1
10006caa:	f8dc 60cc 	ldr.w	r6, [ip, #204]	@ 0xcc
10006cae:	f8c4 800c 	str.w	r8, [r4, #12]
10006cb2:	d90c      	bls.n	10006cce <pio_sm_set_consecutive_pindirs+0x62>
10006cb4:	0154      	lsls	r4, r2, #5
10006cb6:	3b05      	subs	r3, #5
10006cb8:	f044 54a0 	orr.w	r4, r4, #335544320	@ 0x14000000
10006cbc:	3205      	adds	r2, #5
10006cbe:	2b05      	cmp	r3, #5
10006cc0:	f8cc 40dc 	str.w	r4, [ip, #220]	@ 0xdc
10006cc4:	f002 021f 	and.w	r2, r2, #31
10006cc8:	f8cc 50d8 	str.w	r5, [ip, #216]	@ 0xd8
10006ccc:	d8f2      	bhi.n	10006cb4 <pio_sm_set_consecutive_pindirs+0x48>
10006cce:	4471      	add	r1, lr
10006cd0:	eb00 01c1 	add.w	r1, r0, r1, lsl #3
10006cd4:	2000      	movs	r0, #0
10006cd6:	0152      	lsls	r2, r2, #5
10006cd8:	ea42 6383 	orr.w	r3, r2, r3, lsl #26
10006cdc:	f8c1 30dc 	str.w	r3, [r1, #220]	@ 0xdc
10006ce0:	f8c1 50d8 	str.w	r5, [r1, #216]	@ 0xd8
10006ce4:	f8c1 70dc 	str.w	r7, [r1, #220]	@ 0xdc
10006ce8:	f8c1 60cc 	str.w	r6, [r1, #204]	@ 0xcc
10006cec:	e8bd 81f0 	ldmia.w	sp!, {r4, r5, r6, r7, r8, pc}
10006cf0:	f06f 0004 	mvn.w	r0, #4
10006cf4:	e7fa      	b.n	10006cec <pio_sm_set_consecutive_pindirs+0x80>
10006cf6:	bf00      	nop

10006cf8 <pio_sm_init>:
10006cf8:	f04f 0c01 	mov.w	ip, #1
10006cfc:	e92d 41f0 	stmdb	sp!, {r4, r5, r6, r7, r8, lr}
10006d00:	6804      	ldr	r4, [r0, #0]
10006d02:	fa0c fc01 	lsl.w	ip, ip, r1
10006d06:	ea24 040c 	bic.w	r4, r4, ip
10006d0a:	6004      	str	r4, [r0, #0]
10006d0c:	2b00      	cmp	r3, #0
10006d0e:	d03d      	beq.n	10006d8c <pio_sm_init+0x94>
10006d10:	691d      	ldr	r5, [r3, #16]
10006d12:	f8df e104 	ldr.w	lr, [pc, #260]	@ 10006e18 <pio_sm_init+0x120>
10006d16:	43ec      	mvns	r4, r5
10006d18:	689e      	ldr	r6, [r3, #8]
10006d1a:	681f      	ldr	r7, [r3, #0]
10006d1c:	eb01 0841 	add.w	r8, r1, r1, lsl #1
10006d20:	ea0e 1e14 	and.w	lr, lr, r4, lsr #4
10006d24:	eb00 08c8 	add.w	r8, r0, r8, lsl #3
10006d28:	ea04 0454 	and.w	r4, r4, r4, lsr #1
10006d2c:	f8c8 70c8 	str.w	r7, [r8, #200]	@ 0xc8
10006d30:	ea14 0f0e 	tst.w	r4, lr
10006d34:	f8c8 60d0 	str.w	r6, [r8, #208]	@ 0xd0
10006d38:	f8d0 6168 	ldr.w	r6, [r0, #360]	@ 0x168
10006d3c:	ea4f 0c41 	mov.w	ip, r1, lsl #1
10006d40:	ea0e 0555 	and.w	r5, lr, r5, lsr #1
10006d44:	d00a      	beq.n	10006d5c <pio_sm_init+0x64>
10006d46:	4335      	orrs	r5, r6
10006d48:	d162      	bne.n	10006e10 <pio_sm_init+0x118>
10006d4a:	685d      	ldr	r5, [r3, #4]
10006d4c:	68dc      	ldr	r4, [r3, #12]
10006d4e:	eb0c 0301 	add.w	r3, ip, r1
10006d52:	eb00 03c3 	add.w	r3, r0, r3, lsl #3
10006d56:	f8c3 50cc 	str.w	r5, [r3, #204]	@ 0xcc
10006d5a:	e010      	b.n	10006d7e <pio_sm_init+0x86>
10006d5c:	2d00      	cmp	r5, #0
10006d5e:	d14d      	bne.n	10006dfc <pio_sm_init+0x104>
10006d60:	68df      	ldr	r7, [r3, #12]
10006d62:	685d      	ldr	r5, [r3, #4]
10006d64:	463c      	mov	r4, r7
10006d66:	2e00      	cmp	r6, #0
10006d68:	d0f1      	beq.n	10006d4e <pio_sm_init+0x56>
10006d6a:	ea4f 531e 	mov.w	r3, lr, lsr #20
10006d6e:	ea85 7503 	eor.w	r5, r5, r3, lsl #28
10006d72:	f8c8 50cc 	str.w	r5, [r8, #204]	@ 0xcc
10006d76:	ea4f 3e0e 	mov.w	lr, lr, lsl #12
10006d7a:	ea87 241e 	eor.w	r4, r7, lr, lsr #8
10006d7e:	eb0c 0301 	add.w	r3, ip, r1
10006d82:	eb00 03c3 	add.w	r3, r0, r3, lsl #3
10006d86:	f8c3 40dc 	str.w	r4, [r3, #220]	@ 0xdc
10006d8a:	e015      	b.n	10006db8 <pio_sm_init+0xc0>
10006d8c:	f44f 2640 	mov.w	r6, #786432	@ 0xc0000
10006d90:	f44f 3780 	mov.w	r7, #65536	@ 0x10000
10006d94:	f44f 35f8 	mov.w	r5, #126976	@ 0x1f000
10006d98:	eb01 0441 	add.w	r4, r1, r1, lsl #1
10006d9c:	eb00 04c4 	add.w	r4, r0, r4, lsl #3
10006da0:	f8c4 70c8 	str.w	r7, [r4, #200]	@ 0xc8
10006da4:	f8c4 60d0 	str.w	r6, [r4, #208]	@ 0xd0
10006da8:	f8d0 6168 	ldr.w	r6, [r0, #360]	@ 0x168
10006dac:	ea4f 0c41 	mov.w	ip, r1, lsl #1
10006db0:	f8c4 50cc 	str.w	r5, [r4, #204]	@ 0xcc
10006db4:	f8c4 30dc 	str.w	r3, [r4, #220]	@ 0xdc
10006db8:	f04f 3601 	mov.w	r6, #16843009	@ 0x1010101
10006dbc:	2401      	movs	r4, #1
10006dbe:	f04f 4700 	mov.w	r7, #2147483648	@ 0x80000000
10006dc2:	448c      	add	ip, r1
10006dc4:	eb00 03cc 	add.w	r3, r0, ip, lsl #3
10006dc8:	f503 5386 	add.w	r3, r3, #4288	@ 0x10c0
10006dcc:	1d0d      	adds	r5, r1, #4
10006dce:	f101 0e08 	add.w	lr, r1, #8
10006dd2:	408e      	lsls	r6, r1
10006dd4:	611f      	str	r7, [r3, #16]
10006dd6:	eb00 0ccc 	add.w	ip, r0, ip, lsl #3
10006dda:	611f      	str	r7, [r3, #16]
10006ddc:	fa04 f505 	lsl.w	r5, r4, r5
10006de0:	6086      	str	r6, [r0, #8]
10006de2:	fa04 f40e 	lsl.w	r4, r4, lr
10006de6:	f500 5000 	add.w	r0, r0, #8192	@ 0x2000
10006dea:	6005      	str	r5, [r0, #0]
10006dec:	6004      	str	r4, [r0, #0]
10006dee:	2000      	movs	r0, #0
10006df0:	f002 021f 	and.w	r2, r2, #31
10006df4:	f8cc 20d8 	str.w	r2, [ip, #216]	@ 0xd8
10006df8:	e8bd 81f0 	ldmia.w	sp!, {r4, r5, r6, r7, r8, pc}
10006dfc:	b146      	cbz	r6, 10006e10 <pio_sm_init+0x118>
10006dfe:	685c      	ldr	r4, [r3, #4]
10006e00:	68df      	ldr	r7, [r3, #12]
10006e02:	ea4f 531e 	mov.w	r3, lr, lsr #20
10006e06:	ea84 7303 	eor.w	r3, r4, r3, lsl #28
10006e0a:	f8c8 30cc 	str.w	r3, [r8, #204]	@ 0xcc
10006e0e:	e7b2      	b.n	10006d76 <pio_sm_init+0x7e>
10006e10:	f06f 000a 	mvn.w	r0, #10
10006e14:	e7f0      	b.n	10006df8 <pio_sm_init+0x100>
10006e16:	bf00      	nop
10006e18:	00108421 	.word	0x00108421

10006e1c <memset>:
10006e1c:	b570      	push	{r4, r5, r6, lr}
10006e1e:	0786      	lsls	r6, r0, #30
10006e20:	d047      	beq.n	10006eb2 <memset+0x96>
10006e22:	1e54      	subs	r4, r2, #1
10006e24:	2a00      	cmp	r2, #0
10006e26:	d03e      	beq.n	10006ea6 <memset+0x8a>
10006e28:	b2ca      	uxtb	r2, r1
10006e2a:	4603      	mov	r3, r0
10006e2c:	e001      	b.n	10006e32 <memset+0x16>
10006e2e:	3c01      	subs	r4, #1
10006e30:	d339      	bcc.n	10006ea6 <memset+0x8a>
10006e32:	f803 2b01 	strb.w	r2, [r3], #1
10006e36:	079d      	lsls	r5, r3, #30
10006e38:	d1f9      	bne.n	10006e2e <memset+0x12>
10006e3a:	2c03      	cmp	r4, #3
10006e3c:	d92c      	bls.n	10006e98 <memset+0x7c>
10006e3e:	b2cd      	uxtb	r5, r1
10006e40:	2c0f      	cmp	r4, #15
10006e42:	eb05 2505 	add.w	r5, r5, r5, lsl #8
10006e46:	eb05 4505 	add.w	r5, r5, r5, lsl #16
10006e4a:	d935      	bls.n	10006eb8 <memset+0x9c>
10006e4c:	f1a4 0c10 	sub.w	ip, r4, #16
10006e50:	f103 0e10 	add.w	lr, r3, #16
10006e54:	461a      	mov	r2, r3
10006e56:	f02c 060f 	bic.w	r6, ip, #15
10006e5a:	ea4f 1c1c 	mov.w	ip, ip, lsr #4
10006e5e:	44b6      	add	lr, r6
10006e60:	e9c2 5500 	strd	r5, r5, [r2]
10006e64:	e9c2 5502 	strd	r5, r5, [r2, #8]
10006e68:	3210      	adds	r2, #16
10006e6a:	4572      	cmp	r2, lr
10006e6c:	d1f8      	bne.n	10006e60 <memset+0x44>
10006e6e:	f10c 0201 	add.w	r2, ip, #1
10006e72:	f014 0f0c 	tst.w	r4, #12
10006e76:	f004 0c0f 	and.w	ip, r4, #15
10006e7a:	eb03 1202 	add.w	r2, r3, r2, lsl #4
10006e7e:	d013      	beq.n	10006ea8 <memset+0x8c>
10006e80:	f1ac 0304 	sub.w	r3, ip, #4
10006e84:	f023 0303 	bic.w	r3, r3, #3
10006e88:	3304      	adds	r3, #4
10006e8a:	4413      	add	r3, r2
10006e8c:	f842 5b04 	str.w	r5, [r2], #4
10006e90:	4293      	cmp	r3, r2
10006e92:	d1fb      	bne.n	10006e8c <memset+0x70>
10006e94:	f00c 0403 	and.w	r4, ip, #3
10006e98:	b12c      	cbz	r4, 10006ea6 <memset+0x8a>
10006e9a:	b2c9      	uxtb	r1, r1
10006e9c:	441c      	add	r4, r3
10006e9e:	f803 1b01 	strb.w	r1, [r3], #1
10006ea2:	42a3      	cmp	r3, r4
10006ea4:	d1fb      	bne.n	10006e9e <memset+0x82>
10006ea6:	bd70      	pop	{r4, r5, r6, pc}
10006ea8:	4664      	mov	r4, ip
10006eaa:	4613      	mov	r3, r2
10006eac:	2c00      	cmp	r4, #0
10006eae:	d1f4      	bne.n	10006e9a <memset+0x7e>
10006eb0:	e7f9      	b.n	10006ea6 <memset+0x8a>
10006eb2:	4603      	mov	r3, r0
10006eb4:	4614      	mov	r4, r2
10006eb6:	e7c0      	b.n	10006e3a <memset+0x1e>
10006eb8:	461a      	mov	r2, r3
10006eba:	46a4      	mov	ip, r4
10006ebc:	e7e0      	b.n	10006e80 <memset+0x64>
10006ebe:	bf00      	nop

10006ec0 <calloc>:
10006ec0:	4b02      	ldr	r3, [pc, #8]	@ (10006ecc <calloc+0xc>)
10006ec2:	460a      	mov	r2, r1
10006ec4:	4601      	mov	r1, r0
10006ec6:	6818      	ldr	r0, [r3, #0]
10006ec8:	f000 b802 	b.w	10006ed0 <_calloc_r>
10006ecc:	20001560 	.word	0x20001560

10006ed0 <_calloc_r>:
10006ed0:	b538      	push	{r3, r4, r5, lr}
10006ed2:	fba1 1402 	umull	r1, r4, r1, r2
10006ed6:	bb34      	cbnz	r4, 10006f26 <_calloc_r+0x56>
10006ed8:	f000 f832 	bl	10006f40 <_malloc_r>
10006edc:	4605      	mov	r5, r0
10006ede:	b330      	cbz	r0, 10006f2e <_calloc_r+0x5e>
10006ee0:	f850 2c04 	ldr.w	r2, [r0, #-4]
10006ee4:	f022 0203 	bic.w	r2, r2, #3
10006ee8:	3a04      	subs	r2, #4
10006eea:	2a24      	cmp	r2, #36	@ 0x24
10006eec:	d80c      	bhi.n	10006f08 <_calloc_r+0x38>
10006eee:	2a13      	cmp	r2, #19
10006ef0:	d90f      	bls.n	10006f12 <_calloc_r+0x42>
10006ef2:	2a1b      	cmp	r2, #27
10006ef4:	e9c0 4400 	strd	r4, r4, [r0]
10006ef8:	d912      	bls.n	10006f20 <_calloc_r+0x50>
10006efa:	2a24      	cmp	r2, #36	@ 0x24
10006efc:	e9c0 4402 	strd	r4, r4, [r0, #8]
10006f00:	d018      	beq.n	10006f34 <_calloc_r+0x64>
10006f02:	f100 0210 	add.w	r2, r0, #16
10006f06:	e005      	b.n	10006f14 <_calloc_r+0x44>
10006f08:	4621      	mov	r1, r4
10006f0a:	f7ff ff87 	bl	10006e1c <memset>
10006f0e:	4628      	mov	r0, r5
10006f10:	bd38      	pop	{r3, r4, r5, pc}
10006f12:	4602      	mov	r2, r0
10006f14:	2300      	movs	r3, #0
10006f16:	4628      	mov	r0, r5
10006f18:	e9c2 3300 	strd	r3, r3, [r2]
10006f1c:	6093      	str	r3, [r2, #8]
10006f1e:	bd38      	pop	{r3, r4, r5, pc}
10006f20:	f100 0208 	add.w	r2, r0, #8
10006f24:	e7f6      	b.n	10006f14 <_calloc_r+0x44>
10006f26:	f000 fcf9 	bl	1000791c <__errno>
10006f2a:	230c      	movs	r3, #12
10006f2c:	6003      	str	r3, [r0, #0]
10006f2e:	2500      	movs	r5, #0
10006f30:	4628      	mov	r0, r5
10006f32:	bd38      	pop	{r3, r4, r5, pc}
10006f34:	f100 0218 	add.w	r2, r0, #24
10006f38:	e9c0 4404 	strd	r4, r4, [r0, #16]
10006f3c:	e7ea      	b.n	10006f14 <_calloc_r+0x44>
10006f3e:	bf00      	nop

10006f40 <_malloc_r>:
10006f40:	f101 030b 	add.w	r3, r1, #11
10006f44:	2b16      	cmp	r3, #22
10006f46:	e92d 4ff0 	stmdb	sp!, {r4, r5, r6, r7, r8, r9, sl, fp, lr}
10006f4a:	4607      	mov	r7, r0
10006f4c:	b083      	sub	sp, #12
10006f4e:	d823      	bhi.n	10006f98 <_malloc_r+0x58>
10006f50:	2910      	cmp	r1, #16
10006f52:	f200 80af 	bhi.w	100070b4 <_malloc_r+0x174>
10006f56:	f000 fc83 	bl	10007860 <__malloc_lock>
10006f5a:	2510      	movs	r5, #16
10006f5c:	2318      	movs	r3, #24
10006f5e:	2002      	movs	r0, #2
10006f60:	4ec2      	ldr	r6, [pc, #776]	@ (1000726c <_malloc_r+0x32c>)
10006f62:	4433      	add	r3, r6
10006f64:	685c      	ldr	r4, [r3, #4]
10006f66:	f1a3 0208 	sub.w	r2, r3, #8
10006f6a:	4294      	cmp	r4, r2
10006f6c:	f000 8178 	beq.w	10007260 <_malloc_r+0x320>
10006f70:	6863      	ldr	r3, [r4, #4]
10006f72:	4638      	mov	r0, r7
10006f74:	f023 0303 	bic.w	r3, r3, #3
10006f78:	e9d4 1202 	ldrd	r1, r2, [r4, #8]
10006f7c:	4423      	add	r3, r4
10006f7e:	60ca      	str	r2, [r1, #12]
10006f80:	6091      	str	r1, [r2, #8]
10006f82:	685a      	ldr	r2, [r3, #4]
10006f84:	3408      	adds	r4, #8
10006f86:	f042 0201 	orr.w	r2, r2, #1
10006f8a:	605a      	str	r2, [r3, #4]
10006f8c:	f000 fc6a 	bl	10007864 <__malloc_unlock>
10006f90:	4620      	mov	r0, r4
10006f92:	b003      	add	sp, #12
10006f94:	e8bd 8ff0 	ldmia.w	sp!, {r4, r5, r6, r7, r8, r9, sl, fp, pc}
10006f98:	2b00      	cmp	r3, #0
10006f9a:	f023 0507 	bic.w	r5, r3, #7
10006f9e:	f2c0 8089 	blt.w	100070b4 <_malloc_r+0x174>
10006fa2:	42a9      	cmp	r1, r5
10006fa4:	f200 8086 	bhi.w	100070b4 <_malloc_r+0x174>
10006fa8:	f000 fc5a 	bl	10007860 <__malloc_lock>
10006fac:	f5b5 7ffc 	cmp.w	r5, #504	@ 0x1f8
10006fb0:	f0c0 81b2 	bcc.w	10007318 <_malloc_r+0x3d8>
10006fb4:	0a6b      	lsrs	r3, r5, #9
10006fb6:	f000 8081 	beq.w	100070bc <_malloc_r+0x17c>
10006fba:	2b04      	cmp	r3, #4
10006fbc:	f200 817c 	bhi.w	100072b8 <_malloc_r+0x378>
10006fc0:	09ab      	lsrs	r3, r5, #6
10006fc2:	f103 0039 	add.w	r0, r3, #57	@ 0x39
10006fc6:	f103 0e38 	add.w	lr, r3, #56	@ 0x38
10006fca:	00c3      	lsls	r3, r0, #3
10006fcc:	4ea7      	ldr	r6, [pc, #668]	@ (1000726c <_malloc_r+0x32c>)
10006fce:	4433      	add	r3, r6
10006fd0:	f1a3 0c08 	sub.w	ip, r3, #8
10006fd4:	685c      	ldr	r4, [r3, #4]
10006fd6:	45a4      	cmp	ip, r4
10006fd8:	d107      	bne.n	10006fea <_malloc_r+0xaa>
10006fda:	e00d      	b.n	10006ff8 <_malloc_r+0xb8>
10006fdc:	2a00      	cmp	r2, #0
10006fde:	68e1      	ldr	r1, [r4, #12]
10006fe0:	f280 8138 	bge.w	10007254 <_malloc_r+0x314>
10006fe4:	458c      	cmp	ip, r1
10006fe6:	460c      	mov	r4, r1
10006fe8:	d006      	beq.n	10006ff8 <_malloc_r+0xb8>
10006fea:	6863      	ldr	r3, [r4, #4]
10006fec:	f023 0303 	bic.w	r3, r3, #3
10006ff0:	1b5a      	subs	r2, r3, r5
10006ff2:	2a0f      	cmp	r2, #15
10006ff4:	ddf2      	ble.n	10006fdc <_malloc_r+0x9c>
10006ff6:	4670      	mov	r0, lr
10006ff8:	f8df 8274 	ldr.w	r8, [pc, #628]	@ 10007270 <_malloc_r+0x330>
10006ffc:	6934      	ldr	r4, [r6, #16]
10006ffe:	4544      	cmp	r4, r8
10007000:	f000 80ea 	beq.w	100071d8 <_malloc_r+0x298>
10007004:	6863      	ldr	r3, [r4, #4]
10007006:	f023 0c03 	bic.w	ip, r3, #3
1000700a:	ebac 0305 	sub.w	r3, ip, r5
1000700e:	2b0f      	cmp	r3, #15
10007010:	f300 8192 	bgt.w	10007338 <_malloc_r+0x3f8>
10007014:	2b00      	cmp	r3, #0
10007016:	e9c6 8804 	strd	r8, r8, [r6, #16]
1000701a:	f280 8181 	bge.w	10007320 <_malloc_r+0x3e0>
1000701e:	f5bc 7f00 	cmp.w	ip, #512	@ 0x200
10007022:	f8d6 e004 	ldr.w	lr, [r6, #4]
10007026:	f080 8127 	bcs.w	10007278 <_malloc_r+0x338>
1000702a:	ea4f 03dc 	mov.w	r3, ip, lsr #3
1000702e:	2201      	movs	r2, #1
10007030:	ea4f 1c5c 	mov.w	ip, ip, lsr #5
10007034:	3301      	adds	r3, #1
10007036:	fa02 f20c 	lsl.w	r2, r2, ip
1000703a:	f856 1033 	ldr.w	r1, [r6, r3, lsl #3]
1000703e:	ea4e 0e02 	orr.w	lr, lr, r2
10007042:	eb06 02c3 	add.w	r2, r6, r3, lsl #3
10007046:	3a08      	subs	r2, #8
10007048:	f8c6 e004 	str.w	lr, [r6, #4]
1000704c:	e9c4 1202 	strd	r1, r2, [r4, #8]
10007050:	f846 4033 	str.w	r4, [r6, r3, lsl #3]
10007054:	60cc      	str	r4, [r1, #12]
10007056:	1083      	asrs	r3, r0, #2
10007058:	f04f 0c01 	mov.w	ip, #1
1000705c:	fa0c fc03 	lsl.w	ip, ip, r3
10007060:	45f4      	cmp	ip, lr
10007062:	d831      	bhi.n	100070c8 <_malloc_r+0x188>
10007064:	ea1c 0f0e 	tst.w	ip, lr
10007068:	d107      	bne.n	1000707a <_malloc_r+0x13a>
1000706a:	f020 0003 	bic.w	r0, r0, #3
1000706e:	ea4f 0c4c 	mov.w	ip, ip, lsl #1
10007072:	3004      	adds	r0, #4
10007074:	ea1c 0f0e 	tst.w	ip, lr
10007078:	d0f9      	beq.n	1000706e <_malloc_r+0x12e>
1000707a:	eb06 0ac0 	add.w	sl, r6, r0, lsl #3
1000707e:	4681      	mov	r9, r0
10007080:	46d6      	mov	lr, sl
10007082:	f8de 300c 	ldr.w	r3, [lr, #12]
10007086:	e00b      	b.n	100070a0 <_malloc_r+0x160>
10007088:	685a      	ldr	r2, [r3, #4]
1000708a:	461c      	mov	r4, r3
1000708c:	68db      	ldr	r3, [r3, #12]
1000708e:	f022 0203 	bic.w	r2, r2, #3
10007092:	1b51      	subs	r1, r2, r5
10007094:	290f      	cmp	r1, #15
10007096:	f300 811b 	bgt.w	100072d0 <_malloc_r+0x390>
1000709a:	2900      	cmp	r1, #0
1000709c:	f280 812f 	bge.w	100072fe <_malloc_r+0x3be>
100070a0:	459e      	cmp	lr, r3
100070a2:	d1f1      	bne.n	10007088 <_malloc_r+0x148>
100070a4:	f109 0901 	add.w	r9, r9, #1
100070a8:	f10e 0e08 	add.w	lr, lr, #8
100070ac:	f019 0f03 	tst.w	r9, #3
100070b0:	d1e7      	bne.n	10007082 <_malloc_r+0x142>
100070b2:	e165      	b.n	10007380 <_malloc_r+0x440>
100070b4:	230c      	movs	r3, #12
100070b6:	603b      	str	r3, [r7, #0]
100070b8:	2400      	movs	r4, #0
100070ba:	e769      	b.n	10006f90 <_malloc_r+0x50>
100070bc:	f44f 7300 	mov.w	r3, #512	@ 0x200
100070c0:	2040      	movs	r0, #64	@ 0x40
100070c2:	f04f 0e3f 	mov.w	lr, #63	@ 0x3f
100070c6:	e781      	b.n	10006fcc <_malloc_r+0x8c>
100070c8:	68b4      	ldr	r4, [r6, #8]
100070ca:	6863      	ldr	r3, [r4, #4]
100070cc:	f023 0903 	bic.w	r9, r3, #3
100070d0:	eba9 0305 	sub.w	r3, r9, r5
100070d4:	2b0f      	cmp	r3, #15
100070d6:	dd02      	ble.n	100070de <_malloc_r+0x19e>
100070d8:	45a9      	cmp	r9, r5
100070da:	f080 80aa 	bcs.w	10007232 <_malloc_r+0x2f2>
100070de:	f8df b194 	ldr.w	fp, [pc, #404]	@ 10007274 <_malloc_r+0x334>
100070e2:	eb04 0309 	add.w	r3, r4, r9
100070e6:	2008      	movs	r0, #8
100070e8:	f8db 2000 	ldr.w	r2, [fp]
100070ec:	9300      	str	r3, [sp, #0]
100070ee:	3210      	adds	r2, #16
100070f0:	eb02 0805 	add.w	r8, r2, r5
100070f4:	f000 fba6 	bl	10007844 <sysconf>
100070f8:	f8d6 1408 	ldr.w	r1, [r6, #1032]	@ 0x408
100070fc:	4602      	mov	r2, r0
100070fe:	3101      	adds	r1, #1
10007100:	d005      	beq.n	1000710e <_malloc_r+0x1ce>
10007102:	f108 38ff 	add.w	r8, r8, #4294967295	@ 0xffffffff
10007106:	4241      	negs	r1, r0
10007108:	4480      	add	r8, r0
1000710a:	ea01 0808 	and.w	r8, r1, r8
1000710e:	4641      	mov	r1, r8
10007110:	4638      	mov	r0, r7
10007112:	9201      	str	r2, [sp, #4]
10007114:	f000 fbdc 	bl	100078d0 <_sbrk_r>
10007118:	f1b0 3fff 	cmp.w	r0, #4294967295	@ 0xffffffff
1000711c:	4682      	mov	sl, r0
1000711e:	9a01      	ldr	r2, [sp, #4]
10007120:	d07c      	beq.n	1000721c <_malloc_r+0x2dc>
10007122:	9b00      	ldr	r3, [sp, #0]
10007124:	4283      	cmp	r3, r0
10007126:	d95a      	bls.n	100071de <_malloc_r+0x29e>
10007128:	42b4      	cmp	r4, r6
1000712a:	d177      	bne.n	1000721c <_malloc_r+0x2dc>
1000712c:	f8db 0004 	ldr.w	r0, [fp, #4]
10007130:	f102 3cff 	add.w	ip, r2, #4294967295	@ 0xffffffff
10007134:	4440      	add	r0, r8
10007136:	f8cb 0004 	str.w	r0, [fp, #4]
1000713a:	f8d6 1408 	ldr.w	r1, [r6, #1032]	@ 0x408
1000713e:	3101      	adds	r1, #1
10007140:	f000 816b 	beq.w	1000741a <_malloc_r+0x4da>
10007144:	9b00      	ldr	r3, [sp, #0]
10007146:	ebaa 0103 	sub.w	r1, sl, r3
1000714a:	4401      	add	r1, r0
1000714c:	f8cb 1004 	str.w	r1, [fp, #4]
10007150:	f01a 0307 	ands.w	r3, sl, #7
10007154:	9300      	str	r3, [sp, #0]
10007156:	f000 813d 	beq.w	100073d4 <_malloc_r+0x494>
1000715a:	f1c3 0108 	rsb	r1, r3, #8
1000715e:	4638      	mov	r0, r7
10007160:	448a      	add	sl, r1
10007162:	440a      	add	r2, r1
10007164:	44d0      	add	r8, sl
10007166:	ea08 010c 	and.w	r1, r8, ip
1000716a:	1a52      	subs	r2, r2, r1
1000716c:	ea02 010c 	and.w	r1, r2, ip
10007170:	9101      	str	r1, [sp, #4]
10007172:	f000 fbad 	bl	100078d0 <_sbrk_r>
10007176:	1c42      	adds	r2, r0, #1
10007178:	f000 8167 	beq.w	1000744a <_malloc_r+0x50a>
1000717c:	eba0 000a 	sub.w	r0, r0, sl
10007180:	9901      	ldr	r1, [sp, #4]
10007182:	eb00 0801 	add.w	r8, r0, r1
10007186:	f048 0201 	orr.w	r2, r8, #1
1000718a:	f8c6 a008 	str.w	sl, [r6, #8]
1000718e:	42b4      	cmp	r4, r6
10007190:	f8ca 2004 	str.w	r2, [sl, #4]
10007194:	f8db 2004 	ldr.w	r2, [fp, #4]
10007198:	4411      	add	r1, r2
1000719a:	f8cb 1004 	str.w	r1, [fp, #4]
1000719e:	d031      	beq.n	10007204 <_malloc_r+0x2c4>
100071a0:	f1b9 0f0f 	cmp.w	r9, #15
100071a4:	f240 8105 	bls.w	100073b2 <_malloc_r+0x472>
100071a8:	6860      	ldr	r0, [r4, #4]
100071aa:	f1a9 020c 	sub.w	r2, r9, #12
100071ae:	2305      	movs	r3, #5
100071b0:	f022 0207 	bic.w	r2, r2, #7
100071b4:	f000 0001 	and.w	r0, r0, #1
100071b8:	4310      	orrs	r0, r2
100071ba:	2a0f      	cmp	r2, #15
100071bc:	6060      	str	r0, [r4, #4]
100071be:	eb04 0002 	add.w	r0, r4, r2
100071c2:	e9c0 3301 	strd	r3, r3, [r0, #4]
100071c6:	d91d      	bls.n	10007204 <_malloc_r+0x2c4>
100071c8:	f104 0108 	add.w	r1, r4, #8
100071cc:	4638      	mov	r0, r7
100071ce:	f000 f9b7 	bl	10007540 <_free_r>
100071d2:	f8db 1004 	ldr.w	r1, [fp, #4]
100071d6:	e015      	b.n	10007204 <_malloc_r+0x2c4>
100071d8:	f8d6 e004 	ldr.w	lr, [r6, #4]
100071dc:	e73b      	b.n	10007056 <_malloc_r+0x116>
100071de:	f8db 1004 	ldr.w	r1, [fp, #4]
100071e2:	f102 3cff 	add.w	ip, r2, #4294967295	@ 0xffffffff
100071e6:	4441      	add	r1, r8
100071e8:	4608      	mov	r0, r1
100071ea:	f8cb 1004 	str.w	r1, [fp, #4]
100071ee:	d1a4      	bne.n	1000713a <_malloc_r+0x1fa>
100071f0:	9b00      	ldr	r3, [sp, #0]
100071f2:	ea13 0f0c 	tst.w	r3, ip
100071f6:	d1a0      	bne.n	1000713a <_malloc_r+0x1fa>
100071f8:	eb09 0208 	add.w	r2, r9, r8
100071fc:	68b0      	ldr	r0, [r6, #8]
100071fe:	f042 0201 	orr.w	r2, r2, #1
10007202:	6042      	str	r2, [r0, #4]
10007204:	f8db 202c 	ldr.w	r2, [fp, #44]	@ 0x2c
10007208:	428a      	cmp	r2, r1
1000720a:	f8db 2030 	ldr.w	r2, [fp, #48]	@ 0x30
1000720e:	bf38      	it	cc
10007210:	f8cb 102c 	strcc.w	r1, [fp, #44]	@ 0x2c
10007214:	428a      	cmp	r2, r1
10007216:	bf38      	it	cc
10007218:	f8cb 1030 	strcc.w	r1, [fp, #48]	@ 0x30
1000721c:	68b4      	ldr	r4, [r6, #8]
1000721e:	6862      	ldr	r2, [r4, #4]
10007220:	f022 0203 	bic.w	r2, r2, #3
10007224:	1b53      	subs	r3, r2, r5
10007226:	2b0f      	cmp	r3, #15
10007228:	f340 80c6 	ble.w	100073b8 <_malloc_r+0x478>
1000722c:	4295      	cmp	r5, r2
1000722e:	f200 80c3 	bhi.w	100073b8 <_malloc_r+0x478>
10007232:	1962      	adds	r2, r4, r5
10007234:	f045 0501 	orr.w	r5, r5, #1
10007238:	f043 0301 	orr.w	r3, r3, #1
1000723c:	3408      	adds	r4, #8
1000723e:	f844 5c04 	str.w	r5, [r4, #-4]
10007242:	4638      	mov	r0, r7
10007244:	60b2      	str	r2, [r6, #8]
10007246:	6053      	str	r3, [r2, #4]
10007248:	f000 fb0c 	bl	10007864 <__malloc_unlock>
1000724c:	4620      	mov	r0, r4
1000724e:	b003      	add	sp, #12
10007250:	e8bd 8ff0 	ldmia.w	sp!, {r4, r5, r6, r7, r8, r9, sl, fp, pc}
10007254:	68a2      	ldr	r2, [r4, #8]
10007256:	4423      	add	r3, r4
10007258:	4638      	mov	r0, r7
1000725a:	60d1      	str	r1, [r2, #12]
1000725c:	608a      	str	r2, [r1, #8]
1000725e:	e690      	b.n	10006f82 <_malloc_r+0x42>
10007260:	68dc      	ldr	r4, [r3, #12]
10007262:	42a3      	cmp	r3, r4
10007264:	f47f ae84 	bne.w	10006f70 <_malloc_r+0x30>
10007268:	3002      	adds	r0, #2
1000726a:	e6c5      	b.n	10006ff8 <_malloc_r+0xb8>
1000726c:	20001688 	.word	0x20001688
10007270:	20001690 	.word	0x20001690
10007274:	20001d34 	.word	0x20001d34
10007278:	f5bc 6f20 	cmp.w	ip, #2560	@ 0xa00
1000727c:	ea4f 225c 	mov.w	r2, ip, lsr #9
10007280:	d36c      	bcc.n	1000735c <_malloc_r+0x41c>
10007282:	2a14      	cmp	r2, #20
10007284:	f200 80b6 	bhi.w	100073f4 <_malloc_r+0x4b4>
10007288:	f102 035c 	add.w	r3, r2, #92	@ 0x5c
1000728c:	325b      	adds	r2, #91	@ 0x5b
1000728e:	00db      	lsls	r3, r3, #3
10007290:	18f1      	adds	r1, r6, r3
10007292:	58f3      	ldr	r3, [r6, r3]
10007294:	3908      	subs	r1, #8
10007296:	4299      	cmp	r1, r3
10007298:	d103      	bne.n	100072a2 <_malloc_r+0x362>
1000729a:	e091      	b.n	100073c0 <_malloc_r+0x480>
1000729c:	689b      	ldr	r3, [r3, #8]
1000729e:	4299      	cmp	r1, r3
100072a0:	d004      	beq.n	100072ac <_malloc_r+0x36c>
100072a2:	685a      	ldr	r2, [r3, #4]
100072a4:	f022 0203 	bic.w	r2, r2, #3
100072a8:	4562      	cmp	r2, ip
100072aa:	d8f7      	bhi.n	1000729c <_malloc_r+0x35c>
100072ac:	68d9      	ldr	r1, [r3, #12]
100072ae:	e9c4 3102 	strd	r3, r1, [r4, #8]
100072b2:	608c      	str	r4, [r1, #8]
100072b4:	60dc      	str	r4, [r3, #12]
100072b6:	e6ce      	b.n	10007056 <_malloc_r+0x116>
100072b8:	2b14      	cmp	r3, #20
100072ba:	d956      	bls.n	1000736a <_malloc_r+0x42a>
100072bc:	2b54      	cmp	r3, #84	@ 0x54
100072be:	f200 80a2 	bhi.w	10007406 <_malloc_r+0x4c6>
100072c2:	0b2b      	lsrs	r3, r5, #12
100072c4:	f103 006f 	add.w	r0, r3, #111	@ 0x6f
100072c8:	f103 0e6e 	add.w	lr, r3, #110	@ 0x6e
100072cc:	00c3      	lsls	r3, r0, #3
100072ce:	e67d      	b.n	10006fcc <_malloc_r+0x8c>
100072d0:	f8d4 c008 	ldr.w	ip, [r4, #8]
100072d4:	4638      	mov	r0, r7
100072d6:	1967      	adds	r7, r4, r5
100072d8:	f045 0501 	orr.w	r5, r5, #1
100072dc:	6065      	str	r5, [r4, #4]
100072de:	f8cc 300c 	str.w	r3, [ip, #12]
100072e2:	f8c3 c008 	str.w	ip, [r3, #8]
100072e6:	f041 0301 	orr.w	r3, r1, #1
100072ea:	e9c6 7704 	strd	r7, r7, [r6, #16]
100072ee:	e9c7 8802 	strd	r8, r8, [r7, #8]
100072f2:	607b      	str	r3, [r7, #4]
100072f4:	50a1      	str	r1, [r4, r2]
100072f6:	3408      	adds	r4, #8
100072f8:	f000 fab4 	bl	10007864 <__malloc_unlock>
100072fc:	e648      	b.n	10006f90 <_malloc_r+0x50>
100072fe:	4422      	add	r2, r4
10007300:	4638      	mov	r0, r7
10007302:	6851      	ldr	r1, [r2, #4]
10007304:	f041 0101 	orr.w	r1, r1, #1
10007308:	6051      	str	r1, [r2, #4]
1000730a:	f854 2f08 	ldr.w	r2, [r4, #8]!
1000730e:	60d3      	str	r3, [r2, #12]
10007310:	609a      	str	r2, [r3, #8]
10007312:	f000 faa7 	bl	10007864 <__malloc_unlock>
10007316:	e63b      	b.n	10006f90 <_malloc_r+0x50>
10007318:	08e8      	lsrs	r0, r5, #3
1000731a:	f105 0308 	add.w	r3, r5, #8
1000731e:	e61f      	b.n	10006f60 <_malloc_r+0x20>
10007320:	44a4      	add	ip, r4
10007322:	4638      	mov	r0, r7
10007324:	3408      	adds	r4, #8
10007326:	f8dc 3004 	ldr.w	r3, [ip, #4]
1000732a:	f043 0301 	orr.w	r3, r3, #1
1000732e:	f8cc 3004 	str.w	r3, [ip, #4]
10007332:	f000 fa97 	bl	10007864 <__malloc_unlock>
10007336:	e62b      	b.n	10006f90 <_malloc_r+0x50>
10007338:	1962      	adds	r2, r4, r5
1000733a:	f043 0101 	orr.w	r1, r3, #1
1000733e:	f045 0501 	orr.w	r5, r5, #1
10007342:	4638      	mov	r0, r7
10007344:	6065      	str	r5, [r4, #4]
10007346:	e9c6 2204 	strd	r2, r2, [r6, #16]
1000734a:	e9c2 8802 	strd	r8, r8, [r2, #8]
1000734e:	6051      	str	r1, [r2, #4]
10007350:	f844 300c 	str.w	r3, [r4, ip]
10007354:	3408      	adds	r4, #8
10007356:	f000 fa85 	bl	10007864 <__malloc_unlock>
1000735a:	e619      	b.n	10006f90 <_malloc_r+0x50>
1000735c:	ea4f 129c 	mov.w	r2, ip, lsr #6
10007360:	f102 0339 	add.w	r3, r2, #57	@ 0x39
10007364:	3238      	adds	r2, #56	@ 0x38
10007366:	00db      	lsls	r3, r3, #3
10007368:	e792      	b.n	10007290 <_malloc_r+0x350>
1000736a:	f103 005c 	add.w	r0, r3, #92	@ 0x5c
1000736e:	f103 0e5b 	add.w	lr, r3, #91	@ 0x5b
10007372:	00c3      	lsls	r3, r0, #3
10007374:	e62a      	b.n	10006fcc <_malloc_r+0x8c>
10007376:	f85a 3908 	ldr.w	r3, [sl], #-8
1000737a:	4553      	cmp	r3, sl
1000737c:	f040 8082 	bne.w	10007484 <_malloc_r+0x544>
10007380:	f010 0f03 	tst.w	r0, #3
10007384:	f100 30ff 	add.w	r0, r0, #4294967295	@ 0xffffffff
10007388:	d1f5      	bne.n	10007376 <_malloc_r+0x436>
1000738a:	6873      	ldr	r3, [r6, #4]
1000738c:	ea23 030c 	bic.w	r3, r3, ip
10007390:	6073      	str	r3, [r6, #4]
10007392:	ea4f 0c4c 	mov.w	ip, ip, lsl #1
10007396:	f10c 32ff 	add.w	r2, ip, #4294967295	@ 0xffffffff
1000739a:	429a      	cmp	r2, r3
1000739c:	d304      	bcc.n	100073a8 <_malloc_r+0x468>
1000739e:	e693      	b.n	100070c8 <_malloc_r+0x188>
100073a0:	ea4f 0c4c 	mov.w	ip, ip, lsl #1
100073a4:	f109 0904 	add.w	r9, r9, #4
100073a8:	ea1c 0f03 	tst.w	ip, r3
100073ac:	d0f8      	beq.n	100073a0 <_malloc_r+0x460>
100073ae:	4648      	mov	r0, r9
100073b0:	e663      	b.n	1000707a <_malloc_r+0x13a>
100073b2:	2301      	movs	r3, #1
100073b4:	f8ca 3004 	str.w	r3, [sl, #4]
100073b8:	4638      	mov	r0, r7
100073ba:	f000 fa53 	bl	10007864 <__malloc_unlock>
100073be:	e67b      	b.n	100070b8 <_malloc_r+0x178>
100073c0:	1092      	asrs	r2, r2, #2
100073c2:	f04f 0c01 	mov.w	ip, #1
100073c6:	fa0c f202 	lsl.w	r2, ip, r2
100073ca:	ea4e 0e02 	orr.w	lr, lr, r2
100073ce:	f8c6 e004 	str.w	lr, [r6, #4]
100073d2:	e76c      	b.n	100072ae <_malloc_r+0x36e>
100073d4:	eb0a 0108 	add.w	r1, sl, r8
100073d8:	4638      	mov	r0, r7
100073da:	ea01 010c 	and.w	r1, r1, ip
100073de:	1a52      	subs	r2, r2, r1
100073e0:	ea02 010c 	and.w	r1, r2, ip
100073e4:	9101      	str	r1, [sp, #4]
100073e6:	f000 fa73 	bl	100078d0 <_sbrk_r>
100073ea:	1c43      	adds	r3, r0, #1
100073ec:	f47f aec6 	bne.w	1000717c <_malloc_r+0x23c>
100073f0:	9900      	ldr	r1, [sp, #0]
100073f2:	e6c8      	b.n	10007186 <_malloc_r+0x246>
100073f4:	2a54      	cmp	r2, #84	@ 0x54
100073f6:	d813      	bhi.n	10007420 <_malloc_r+0x4e0>
100073f8:	ea4f 321c 	mov.w	r2, ip, lsr #12
100073fc:	f102 036f 	add.w	r3, r2, #111	@ 0x6f
10007400:	326e      	adds	r2, #110	@ 0x6e
10007402:	00db      	lsls	r3, r3, #3
10007404:	e744      	b.n	10007290 <_malloc_r+0x350>
10007406:	f5b3 7faa 	cmp.w	r3, #340	@ 0x154
1000740a:	d813      	bhi.n	10007434 <_malloc_r+0x4f4>
1000740c:	0beb      	lsrs	r3, r5, #15
1000740e:	f103 0078 	add.w	r0, r3, #120	@ 0x78
10007412:	f103 0e77 	add.w	lr, r3, #119	@ 0x77
10007416:	00c3      	lsls	r3, r0, #3
10007418:	e5d8      	b.n	10006fcc <_malloc_r+0x8c>
1000741a:	f8c6 a408 	str.w	sl, [r6, #1032]	@ 0x408
1000741e:	e697      	b.n	10007150 <_malloc_r+0x210>
10007420:	f5b2 7faa 	cmp.w	r2, #340	@ 0x154
10007424:	d819      	bhi.n	1000745a <_malloc_r+0x51a>
10007426:	ea4f 32dc 	mov.w	r2, ip, lsr #15
1000742a:	f102 0378 	add.w	r3, r2, #120	@ 0x78
1000742e:	3277      	adds	r2, #119	@ 0x77
10007430:	00db      	lsls	r3, r3, #3
10007432:	e72d      	b.n	10007290 <_malloc_r+0x350>
10007434:	f240 5254 	movw	r2, #1364	@ 0x554
10007438:	4293      	cmp	r3, r2
1000743a:	d819      	bhi.n	10007470 <_malloc_r+0x530>
1000743c:	0cab      	lsrs	r3, r5, #18
1000743e:	f103 007d 	add.w	r0, r3, #125	@ 0x7d
10007442:	f103 0e7c 	add.w	lr, r3, #124	@ 0x7c
10007446:	00c3      	lsls	r3, r0, #3
10007448:	e5c0      	b.n	10006fcc <_malloc_r+0x8c>
1000744a:	9b00      	ldr	r3, [sp, #0]
1000744c:	2100      	movs	r1, #0
1000744e:	f1a3 0208 	sub.w	r2, r3, #8
10007452:	4490      	add	r8, r2
10007454:	eba8 080a 	sub.w	r8, r8, sl
10007458:	e695      	b.n	10007186 <_malloc_r+0x246>
1000745a:	f240 5354 	movw	r3, #1364	@ 0x554
1000745e:	429a      	cmp	r2, r3
10007460:	d80c      	bhi.n	1000747c <_malloc_r+0x53c>
10007462:	ea4f 429c 	mov.w	r2, ip, lsr #18
10007466:	f102 037d 	add.w	r3, r2, #125	@ 0x7d
1000746a:	327c      	adds	r2, #124	@ 0x7c
1000746c:	00db      	lsls	r3, r3, #3
1000746e:	e70f      	b.n	10007290 <_malloc_r+0x350>
10007470:	f44f 737e 	mov.w	r3, #1016	@ 0x3f8
10007474:	207f      	movs	r0, #127	@ 0x7f
10007476:	f04f 0e7e 	mov.w	lr, #126	@ 0x7e
1000747a:	e5a7      	b.n	10006fcc <_malloc_r+0x8c>
1000747c:	f44f 737e 	mov.w	r3, #1016	@ 0x3f8
10007480:	227e      	movs	r2, #126	@ 0x7e
10007482:	e705      	b.n	10007290 <_malloc_r+0x350>
10007484:	6873      	ldr	r3, [r6, #4]
10007486:	e784      	b.n	10007392 <_malloc_r+0x452>

10007488 <_malloc_trim_r>:
10007488:	e92d 43f8 	stmdb	sp!, {r3, r4, r5, r6, r7, r8, r9, lr}
1000748c:	4606      	mov	r6, r0
1000748e:	f8df 80ac 	ldr.w	r8, [pc, #172]	@ 1000753c <_malloc_trim_r+0xb4>
10007492:	2008      	movs	r0, #8
10007494:	4689      	mov	r9, r1
10007496:	f000 f9d5 	bl	10007844 <sysconf>
1000749a:	4605      	mov	r5, r0
1000749c:	4630      	mov	r0, r6
1000749e:	f000 f9df 	bl	10007860 <__malloc_lock>
100074a2:	f8d8 3008 	ldr.w	r3, [r8, #8]
100074a6:	685f      	ldr	r7, [r3, #4]
100074a8:	f027 0703 	bic.w	r7, r7, #3
100074ac:	f1a7 0411 	sub.w	r4, r7, #17
100074b0:	eba4 0409 	sub.w	r4, r4, r9
100074b4:	442c      	add	r4, r5
100074b6:	fbb4 f4f5 	udiv	r4, r4, r5
100074ba:	3c01      	subs	r4, #1
100074bc:	fb05 f404 	mul.w	r4, r5, r4
100074c0:	42a5      	cmp	r5, r4
100074c2:	dc08      	bgt.n	100074d6 <_malloc_trim_r+0x4e>
100074c4:	2100      	movs	r1, #0
100074c6:	4630      	mov	r0, r6
100074c8:	f000 fa02 	bl	100078d0 <_sbrk_r>
100074cc:	f8d8 3008 	ldr.w	r3, [r8, #8]
100074d0:	443b      	add	r3, r7
100074d2:	4298      	cmp	r0, r3
100074d4:	d005      	beq.n	100074e2 <_malloc_trim_r+0x5a>
100074d6:	4630      	mov	r0, r6
100074d8:	f000 f9c4 	bl	10007864 <__malloc_unlock>
100074dc:	2000      	movs	r0, #0
100074de:	e8bd 83f8 	ldmia.w	sp!, {r3, r4, r5, r6, r7, r8, r9, pc}
100074e2:	4261      	negs	r1, r4
100074e4:	4630      	mov	r0, r6
100074e6:	f000 f9f3 	bl	100078d0 <_sbrk_r>
100074ea:	3001      	adds	r0, #1
100074ec:	d00f      	beq.n	1000750e <_malloc_trim_r+0x86>
100074ee:	1b3f      	subs	r7, r7, r4
100074f0:	4a10      	ldr	r2, [pc, #64]	@ (10007534 <_malloc_trim_r+0xac>)
100074f2:	f8d8 3008 	ldr.w	r3, [r8, #8]
100074f6:	4630      	mov	r0, r6
100074f8:	f047 0701 	orr.w	r7, r7, #1
100074fc:	605f      	str	r7, [r3, #4]
100074fe:	6813      	ldr	r3, [r2, #0]
10007500:	1b1b      	subs	r3, r3, r4
10007502:	6013      	str	r3, [r2, #0]
10007504:	f000 f9ae 	bl	10007864 <__malloc_unlock>
10007508:	2001      	movs	r0, #1
1000750a:	e8bd 83f8 	ldmia.w	sp!, {r3, r4, r5, r6, r7, r8, r9, pc}
1000750e:	2100      	movs	r1, #0
10007510:	4630      	mov	r0, r6
10007512:	f000 f9dd 	bl	100078d0 <_sbrk_r>
10007516:	f8d8 2008 	ldr.w	r2, [r8, #8]
1000751a:	1a83      	subs	r3, r0, r2
1000751c:	2b0f      	cmp	r3, #15
1000751e:	ddda      	ble.n	100074d6 <_malloc_trim_r+0x4e>
10007520:	f043 0301 	orr.w	r3, r3, #1
10007524:	4903      	ldr	r1, [pc, #12]	@ (10007534 <_malloc_trim_r+0xac>)
10007526:	6053      	str	r3, [r2, #4]
10007528:	4b03      	ldr	r3, [pc, #12]	@ (10007538 <_malloc_trim_r+0xb0>)
1000752a:	681b      	ldr	r3, [r3, #0]
1000752c:	1ac0      	subs	r0, r0, r3
1000752e:	6008      	str	r0, [r1, #0]
10007530:	e7d1      	b.n	100074d6 <_malloc_trim_r+0x4e>
10007532:	bf00      	nop
10007534:	20001d38 	.word	0x20001d38
10007538:	20001a90 	.word	0x20001a90
1000753c:	20001688 	.word	0x20001688

10007540 <_free_r>:
10007540:	2900      	cmp	r1, #0
10007542:	d07c      	beq.n	1000763e <_free_r+0xfe>
10007544:	e92d 41f0 	stmdb	sp!, {r4, r5, r6, r7, r8, lr}
10007548:	460c      	mov	r4, r1
1000754a:	4680      	mov	r8, r0
1000754c:	f000 f988 	bl	10007860 <__malloc_lock>
10007550:	4f76      	ldr	r7, [pc, #472]	@ (1000772c <_free_r+0x1ec>)
10007552:	f854 3c04 	ldr.w	r3, [r4, #-4]
10007556:	f1a4 0508 	sub.w	r5, r4, #8
1000755a:	68be      	ldr	r6, [r7, #8]
1000755c:	f023 0101 	bic.w	r1, r3, #1
10007560:	1868      	adds	r0, r5, r1
10007562:	6842      	ldr	r2, [r0, #4]
10007564:	4286      	cmp	r6, r0
10007566:	f022 0203 	bic.w	r2, r2, #3
1000756a:	f000 8083 	beq.w	10007674 <_free_r+0x134>
1000756e:	07de      	lsls	r6, r3, #31
10007570:	eb00 0c02 	add.w	ip, r0, r2
10007574:	6042      	str	r2, [r0, #4]
10007576:	d433      	bmi.n	100075e0 <_free_r+0xa0>
10007578:	f854 4c08 	ldr.w	r4, [r4, #-8]
1000757c:	f8dc 3004 	ldr.w	r3, [ip, #4]
10007580:	f107 0c08 	add.w	ip, r7, #8
10007584:	1b2d      	subs	r5, r5, r4
10007586:	4421      	add	r1, r4
10007588:	f003 0301 	and.w	r3, r3, #1
1000758c:	68ac      	ldr	r4, [r5, #8]
1000758e:	4564      	cmp	r4, ip
10007590:	d064      	beq.n	1000765c <_free_r+0x11c>
10007592:	f8d5 e00c 	ldr.w	lr, [r5, #12]
10007596:	f8c4 e00c 	str.w	lr, [r4, #12]
1000759a:	f8ce 4008 	str.w	r4, [lr, #8]
1000759e:	2b00      	cmp	r3, #0
100075a0:	f000 8081 	beq.w	100076a6 <_free_r+0x166>
100075a4:	f041 0301 	orr.w	r3, r1, #1
100075a8:	606b      	str	r3, [r5, #4]
100075aa:	6001      	str	r1, [r0, #0]
100075ac:	f5b1 7f00 	cmp.w	r1, #512	@ 0x200
100075b0:	d222      	bcs.n	100075f8 <_free_r+0xb8>
100075b2:	08cb      	lsrs	r3, r1, #3
100075b4:	2201      	movs	r2, #1
100075b6:	0949      	lsrs	r1, r1, #5
100075b8:	3301      	adds	r3, #1
100075ba:	408a      	lsls	r2, r1
100075bc:	6879      	ldr	r1, [r7, #4]
100075be:	430a      	orrs	r2, r1
100075c0:	f857 1033 	ldr.w	r1, [r7, r3, lsl #3]
100075c4:	607a      	str	r2, [r7, #4]
100075c6:	eb07 02c3 	add.w	r2, r7, r3, lsl #3
100075ca:	3a08      	subs	r2, #8
100075cc:	e9c5 1202 	strd	r1, r2, [r5, #8]
100075d0:	f847 5033 	str.w	r5, [r7, r3, lsl #3]
100075d4:	60cd      	str	r5, [r1, #12]
100075d6:	4640      	mov	r0, r8
100075d8:	e8bd 41f0 	ldmia.w	sp!, {r4, r5, r6, r7, r8, lr}
100075dc:	f000 b942 	b.w	10007864 <__malloc_unlock>
100075e0:	f8dc 3004 	ldr.w	r3, [ip, #4]
100075e4:	07db      	lsls	r3, r3, #31
100075e6:	d52b      	bpl.n	10007640 <_free_r+0x100>
100075e8:	f041 0301 	orr.w	r3, r1, #1
100075ec:	f5b1 7f00 	cmp.w	r1, #512	@ 0x200
100075f0:	f844 3c04 	str.w	r3, [r4, #-4]
100075f4:	6001      	str	r1, [r0, #0]
100075f6:	d3dc      	bcc.n	100075b2 <_free_r+0x72>
100075f8:	f5b1 6f20 	cmp.w	r1, #2560	@ 0xa00
100075fc:	ea4f 2351 	mov.w	r3, r1, lsr #9
10007600:	d253      	bcs.n	100076aa <_free_r+0x16a>
10007602:	098b      	lsrs	r3, r1, #6
10007604:	f103 0039 	add.w	r0, r3, #57	@ 0x39
10007608:	f103 0238 	add.w	r2, r3, #56	@ 0x38
1000760c:	00c3      	lsls	r3, r0, #3
1000760e:	18f8      	adds	r0, r7, r3
10007610:	58fb      	ldr	r3, [r7, r3]
10007612:	3808      	subs	r0, #8
10007614:	4298      	cmp	r0, r3
10007616:	d103      	bne.n	10007620 <_free_r+0xe0>
10007618:	e061      	b.n	100076de <_free_r+0x19e>
1000761a:	689b      	ldr	r3, [r3, #8]
1000761c:	4298      	cmp	r0, r3
1000761e:	d004      	beq.n	1000762a <_free_r+0xea>
10007620:	685a      	ldr	r2, [r3, #4]
10007622:	f022 0203 	bic.w	r2, r2, #3
10007626:	428a      	cmp	r2, r1
10007628:	d8f7      	bhi.n	1000761a <_free_r+0xda>
1000762a:	68d8      	ldr	r0, [r3, #12]
1000762c:	e9c5 3002 	strd	r3, r0, [r5, #8]
10007630:	6085      	str	r5, [r0, #8]
10007632:	4640      	mov	r0, r8
10007634:	60dd      	str	r5, [r3, #12]
10007636:	e8bd 41f0 	ldmia.w	sp!, {r4, r5, r6, r7, r8, lr}
1000763a:	f000 b913 	b.w	10007864 <__malloc_unlock>
1000763e:	4770      	bx	lr
10007640:	4411      	add	r1, r2
10007642:	f107 0c08 	add.w	ip, r7, #8
10007646:	6883      	ldr	r3, [r0, #8]
10007648:	4563      	cmp	r3, ip
1000764a:	d03f      	beq.n	100076cc <_free_r+0x18c>
1000764c:	68c2      	ldr	r2, [r0, #12]
1000764e:	60da      	str	r2, [r3, #12]
10007650:	6093      	str	r3, [r2, #8]
10007652:	f041 0301 	orr.w	r3, r1, #1
10007656:	606b      	str	r3, [r5, #4]
10007658:	5069      	str	r1, [r5, r1]
1000765a:	e7a7      	b.n	100075ac <_free_r+0x6c>
1000765c:	2b00      	cmp	r3, #0
1000765e:	d15f      	bne.n	10007720 <_free_r+0x1e0>
10007660:	440a      	add	r2, r1
10007662:	e9d0 1302 	ldrd	r1, r3, [r0, #8]
10007666:	60cb      	str	r3, [r1, #12]
10007668:	6099      	str	r1, [r3, #8]
1000766a:	f042 0301 	orr.w	r3, r2, #1
1000766e:	606b      	str	r3, [r5, #4]
10007670:	50aa      	str	r2, [r5, r2]
10007672:	e7b0      	b.n	100075d6 <_free_r+0x96>
10007674:	07db      	lsls	r3, r3, #31
10007676:	440a      	add	r2, r1
10007678:	d407      	bmi.n	1000768a <_free_r+0x14a>
1000767a:	f854 3c08 	ldr.w	r3, [r4, #-8]
1000767e:	1aed      	subs	r5, r5, r3
10007680:	441a      	add	r2, r3
10007682:	e9d5 1302 	ldrd	r1, r3, [r5, #8]
10007686:	60cb      	str	r3, [r1, #12]
10007688:	6099      	str	r1, [r3, #8]
1000768a:	f042 0301 	orr.w	r3, r2, #1
1000768e:	606b      	str	r3, [r5, #4]
10007690:	4b27      	ldr	r3, [pc, #156]	@ (10007730 <_free_r+0x1f0>)
10007692:	60bd      	str	r5, [r7, #8]
10007694:	681b      	ldr	r3, [r3, #0]
10007696:	4293      	cmp	r3, r2
10007698:	d89d      	bhi.n	100075d6 <_free_r+0x96>
1000769a:	4b26      	ldr	r3, [pc, #152]	@ (10007734 <_free_r+0x1f4>)
1000769c:	4640      	mov	r0, r8
1000769e:	6819      	ldr	r1, [r3, #0]
100076a0:	f7ff fef2 	bl	10007488 <_malloc_trim_r>
100076a4:	e797      	b.n	100075d6 <_free_r+0x96>
100076a6:	4411      	add	r1, r2
100076a8:	e7cd      	b.n	10007646 <_free_r+0x106>
100076aa:	2b14      	cmp	r3, #20
100076ac:	d908      	bls.n	100076c0 <_free_r+0x180>
100076ae:	2b54      	cmp	r3, #84	@ 0x54
100076b0:	d81d      	bhi.n	100076ee <_free_r+0x1ae>
100076b2:	0b0b      	lsrs	r3, r1, #12
100076b4:	f103 006f 	add.w	r0, r3, #111	@ 0x6f
100076b8:	f103 026e 	add.w	r2, r3, #110	@ 0x6e
100076bc:	00c3      	lsls	r3, r0, #3
100076be:	e7a6      	b.n	1000760e <_free_r+0xce>
100076c0:	f103 005c 	add.w	r0, r3, #92	@ 0x5c
100076c4:	f103 025b 	add.w	r2, r3, #91	@ 0x5b
100076c8:	00c3      	lsls	r3, r0, #3
100076ca:	e7a0      	b.n	1000760e <_free_r+0xce>
100076cc:	f041 0301 	orr.w	r3, r1, #1
100076d0:	e9c7 5504 	strd	r5, r5, [r7, #16]
100076d4:	e9c5 cc02 	strd	ip, ip, [r5, #8]
100076d8:	606b      	str	r3, [r5, #4]
100076da:	5069      	str	r1, [r5, r1]
100076dc:	e77b      	b.n	100075d6 <_free_r+0x96>
100076de:	2101      	movs	r1, #1
100076e0:	1092      	asrs	r2, r2, #2
100076e2:	fa01 f202 	lsl.w	r2, r1, r2
100076e6:	6879      	ldr	r1, [r7, #4]
100076e8:	430a      	orrs	r2, r1
100076ea:	607a      	str	r2, [r7, #4]
100076ec:	e79e      	b.n	1000762c <_free_r+0xec>
100076ee:	f5b3 7faa 	cmp.w	r3, #340	@ 0x154
100076f2:	d806      	bhi.n	10007702 <_free_r+0x1c2>
100076f4:	0bcb      	lsrs	r3, r1, #15
100076f6:	f103 0078 	add.w	r0, r3, #120	@ 0x78
100076fa:	f103 0277 	add.w	r2, r3, #119	@ 0x77
100076fe:	00c3      	lsls	r3, r0, #3
10007700:	e785      	b.n	1000760e <_free_r+0xce>
10007702:	f240 5254 	movw	r2, #1364	@ 0x554
10007706:	4293      	cmp	r3, r2
10007708:	d806      	bhi.n	10007718 <_free_r+0x1d8>
1000770a:	0c8b      	lsrs	r3, r1, #18
1000770c:	f103 007d 	add.w	r0, r3, #125	@ 0x7d
10007710:	f103 027c 	add.w	r2, r3, #124	@ 0x7c
10007714:	00c3      	lsls	r3, r0, #3
10007716:	e77a      	b.n	1000760e <_free_r+0xce>
10007718:	f44f 737e 	mov.w	r3, #1016	@ 0x3f8
1000771c:	227e      	movs	r2, #126	@ 0x7e
1000771e:	e776      	b.n	1000760e <_free_r+0xce>
10007720:	f041 0301 	orr.w	r3, r1, #1
10007724:	606b      	str	r3, [r5, #4]
10007726:	6001      	str	r1, [r0, #0]
10007728:	e755      	b.n	100075d6 <_free_r+0x96>
1000772a:	bf00      	nop
1000772c:	20001688 	.word	0x20001688
10007730:	20001a94 	.word	0x20001a94
10007734:	20001d34 	.word	0x20001d34

10007738 <malloc>:
10007738:	4b02      	ldr	r3, [pc, #8]	@ (10007744 <malloc+0xc>)
1000773a:	4601      	mov	r1, r0
1000773c:	6818      	ldr	r0, [r3, #0]
1000773e:	f7ff bbff 	b.w	10006f40 <_malloc_r>
10007742:	bf00      	nop
10007744:	20001560 	.word	0x20001560

10007748 <free>:
10007748:	4b02      	ldr	r3, [pc, #8]	@ (10007754 <free+0xc>)
1000774a:	4601      	mov	r1, r0
1000774c:	6818      	ldr	r0, [r3, #0]
1000774e:	f7ff bef7 	b.w	10007540 <_free_r>
10007752:	bf00      	nop
10007754:	20001560 	.word	0x20001560

10007758 <memcpy>:
10007758:	4684      	mov	ip, r0
1000775a:	ea41 0300 	orr.w	r3, r1, r0
1000775e:	f013 0303 	ands.w	r3, r3, #3
10007762:	d149      	bne.n	100077f8 <memcpy+0xa0>
10007764:	3a40      	subs	r2, #64	@ 0x40
10007766:	d323      	bcc.n	100077b0 <memcpy+0x58>
10007768:	680b      	ldr	r3, [r1, #0]
1000776a:	6003      	str	r3, [r0, #0]
1000776c:	684b      	ldr	r3, [r1, #4]
1000776e:	6043      	str	r3, [r0, #4]
10007770:	688b      	ldr	r3, [r1, #8]
10007772:	6083      	str	r3, [r0, #8]
10007774:	68cb      	ldr	r3, [r1, #12]
10007776:	60c3      	str	r3, [r0, #12]
10007778:	690b      	ldr	r3, [r1, #16]
1000777a:	6103      	str	r3, [r0, #16]
1000777c:	694b      	ldr	r3, [r1, #20]
1000777e:	6143      	str	r3, [r0, #20]
10007780:	698b      	ldr	r3, [r1, #24]
10007782:	6183      	str	r3, [r0, #24]
10007784:	69cb      	ldr	r3, [r1, #28]
10007786:	61c3      	str	r3, [r0, #28]
10007788:	6a0b      	ldr	r3, [r1, #32]
1000778a:	6203      	str	r3, [r0, #32]
1000778c:	6a4b      	ldr	r3, [r1, #36]	@ 0x24
1000778e:	6243      	str	r3, [r0, #36]	@ 0x24
10007790:	6a8b      	ldr	r3, [r1, #40]	@ 0x28
10007792:	6283      	str	r3, [r0, #40]	@ 0x28
10007794:	6acb      	ldr	r3, [r1, #44]	@ 0x2c
10007796:	62c3      	str	r3, [r0, #44]	@ 0x2c
10007798:	6b0b      	ldr	r3, [r1, #48]	@ 0x30
1000779a:	6303      	str	r3, [r0, #48]	@ 0x30
1000779c:	6b4b      	ldr	r3, [r1, #52]	@ 0x34
1000779e:	6343      	str	r3, [r0, #52]	@ 0x34
100077a0:	6b8b      	ldr	r3, [r1, #56]	@ 0x38
100077a2:	6383      	str	r3, [r0, #56]	@ 0x38
100077a4:	6bcb      	ldr	r3, [r1, #60]	@ 0x3c
100077a6:	63c3      	str	r3, [r0, #60]	@ 0x3c
100077a8:	3040      	adds	r0, #64	@ 0x40
100077aa:	3140      	adds	r1, #64	@ 0x40
100077ac:	3a40      	subs	r2, #64	@ 0x40
100077ae:	d2db      	bcs.n	10007768 <memcpy+0x10>
100077b0:	3230      	adds	r2, #48	@ 0x30
100077b2:	d30b      	bcc.n	100077cc <memcpy+0x74>
100077b4:	680b      	ldr	r3, [r1, #0]
100077b6:	6003      	str	r3, [r0, #0]
100077b8:	684b      	ldr	r3, [r1, #4]
100077ba:	6043      	str	r3, [r0, #4]
100077bc:	688b      	ldr	r3, [r1, #8]
100077be:	6083      	str	r3, [r0, #8]
100077c0:	68cb      	ldr	r3, [r1, #12]
100077c2:	60c3      	str	r3, [r0, #12]
100077c4:	3010      	adds	r0, #16
100077c6:	3110      	adds	r1, #16
100077c8:	3a10      	subs	r2, #16
100077ca:	d2f3      	bcs.n	100077b4 <memcpy+0x5c>
100077cc:	320c      	adds	r2, #12
100077ce:	d305      	bcc.n	100077dc <memcpy+0x84>
100077d0:	f851 3b04 	ldr.w	r3, [r1], #4
100077d4:	f840 3b04 	str.w	r3, [r0], #4
100077d8:	3a04      	subs	r2, #4
100077da:	d2f9      	bcs.n	100077d0 <memcpy+0x78>
100077dc:	3204      	adds	r2, #4
100077de:	d008      	beq.n	100077f2 <memcpy+0x9a>
100077e0:	07d2      	lsls	r2, r2, #31
100077e2:	bf1c      	itt	ne
100077e4:	f811 3b01 	ldrbne.w	r3, [r1], #1
100077e8:	f800 3b01 	strbne.w	r3, [r0], #1
100077ec:	d301      	bcc.n	100077f2 <memcpy+0x9a>
100077ee:	880b      	ldrh	r3, [r1, #0]
100077f0:	8003      	strh	r3, [r0, #0]
100077f2:	4660      	mov	r0, ip
100077f4:	4770      	bx	lr
100077f6:	bf00      	nop
100077f8:	2a08      	cmp	r2, #8
100077fa:	d313      	bcc.n	10007824 <memcpy+0xcc>
100077fc:	078b      	lsls	r3, r1, #30
100077fe:	d0b1      	beq.n	10007764 <memcpy+0xc>
10007800:	f010 0303 	ands.w	r3, r0, #3
10007804:	d0ae      	beq.n	10007764 <memcpy+0xc>
10007806:	f1c3 0304 	rsb	r3, r3, #4
1000780a:	1ad2      	subs	r2, r2, r3
1000780c:	07db      	lsls	r3, r3, #31
1000780e:	bf1c      	itt	ne
10007810:	f811 3b01 	ldrbne.w	r3, [r1], #1
10007814:	f800 3b01 	strbne.w	r3, [r0], #1
10007818:	d3a4      	bcc.n	10007764 <memcpy+0xc>
1000781a:	f831 3b02 	ldrh.w	r3, [r1], #2
1000781e:	f820 3b02 	strh.w	r3, [r0], #2
10007822:	e79f      	b.n	10007764 <memcpy+0xc>
10007824:	3a04      	subs	r2, #4
10007826:	d3d9      	bcc.n	100077dc <memcpy+0x84>
10007828:	3a01      	subs	r2, #1
1000782a:	f811 3b01 	ldrb.w	r3, [r1], #1
1000782e:	f800 3b01 	strb.w	r3, [r0], #1
10007832:	d2f9      	bcs.n	10007828 <memcpy+0xd0>
10007834:	780b      	ldrb	r3, [r1, #0]
10007836:	7003      	strb	r3, [r0, #0]
10007838:	784b      	ldrb	r3, [r1, #1]
1000783a:	7043      	strb	r3, [r0, #1]
1000783c:	788b      	ldrb	r3, [r1, #2]
1000783e:	7083      	strb	r3, [r0, #2]
10007840:	4660      	mov	r0, ip
10007842:	4770      	bx	lr

10007844 <sysconf>:
10007844:	2808      	cmp	r0, #8
10007846:	d102      	bne.n	1000784e <sysconf+0xa>
10007848:	f44f 5080 	mov.w	r0, #4096	@ 0x1000
1000784c:	4770      	bx	lr
1000784e:	b508      	push	{r3, lr}
10007850:	f000 f864 	bl	1000791c <__errno>
10007854:	2216      	movs	r2, #22
10007856:	4603      	mov	r3, r0
10007858:	f04f 30ff 	mov.w	r0, #4294967295	@ 0xffffffff
1000785c:	601a      	str	r2, [r3, #0]
1000785e:	bd08      	pop	{r3, pc}

10007860 <__malloc_lock>:
10007860:	4770      	bx	lr
10007862:	bf00      	nop

10007864 <__malloc_unlock>:
10007864:	4770      	bx	lr
10007866:	bf00      	nop

10007868 <atexit>:
10007868:	2300      	movs	r3, #0
1000786a:	4601      	mov	r1, r0
1000786c:	461a      	mov	r2, r3
1000786e:	4618      	mov	r0, r3
10007870:	f000 b85a 	b.w	10007928 <__register_exitproc>

10007874 <strlen>:
10007874:	f020 0103 	bic.w	r1, r0, #3
10007878:	f010 0003 	ands.w	r0, r0, #3
1000787c:	f1c0 0000 	rsb	r0, r0, #0
10007880:	f851 3b04 	ldr.w	r3, [r1], #4
10007884:	f100 0c04 	add.w	ip, r0, #4
10007888:	ea4f 0ccc 	mov.w	ip, ip, lsl #3
1000788c:	f06f 0200 	mvn.w	r2, #0
10007890:	bf1c      	itt	ne
10007892:	fa22 f20c 	lsrne.w	r2, r2, ip
10007896:	4313      	orrne	r3, r2
10007898:	f04f 0c01 	mov.w	ip, #1
1000789c:	ea4c 2c0c 	orr.w	ip, ip, ip, lsl #8
100078a0:	ea4c 4c0c 	orr.w	ip, ip, ip, lsl #16
100078a4:	eba3 020c 	sub.w	r2, r3, ip
100078a8:	ea22 0203 	bic.w	r2, r2, r3
100078ac:	ea12 12cc 	ands.w	r2, r2, ip, lsl #7
100078b0:	bf04      	itt	eq
100078b2:	f851 3b04 	ldreq.w	r3, [r1], #4
100078b6:	3004      	addeq	r0, #4
100078b8:	d0f4      	beq.n	100078a4 <strlen+0x30>
100078ba:	f1c2 0100 	rsb	r1, r2, #0
100078be:	ea02 0201 	and.w	r2, r2, r1
100078c2:	fab2 f282 	clz	r2, r2
100078c6:	f1c2 021f 	rsb	r2, r2, #31
100078ca:	eb00 00d2 	add.w	r0, r0, r2, lsr #3
100078ce:	4770      	bx	lr

100078d0 <_sbrk_r>:
100078d0:	b538      	push	{r3, r4, r5, lr}
100078d2:	2200      	movs	r2, #0
100078d4:	4d06      	ldr	r5, [pc, #24]	@ (100078f0 <_sbrk_r+0x20>)
100078d6:	4604      	mov	r4, r0
100078d8:	4608      	mov	r0, r1
100078da:	602a      	str	r2, [r5, #0]
100078dc:	f7fb fed8 	bl	10003690 <_sbrk>
100078e0:	1c43      	adds	r3, r0, #1
100078e2:	d000      	beq.n	100078e6 <_sbrk_r+0x16>
100078e4:	bd38      	pop	{r3, r4, r5, pc}
100078e6:	682b      	ldr	r3, [r5, #0]
100078e8:	2b00      	cmp	r3, #0
100078ea:	d0fb      	beq.n	100078e4 <_sbrk_r+0x14>
100078ec:	6023      	str	r3, [r4, #0]
100078ee:	bd38      	pop	{r3, r4, r5, pc}
100078f0:	20001ea4 	.word	0x20001ea4

100078f4 <__libc_fini_array>:
100078f4:	b538      	push	{r3, r4, r5, lr}
100078f6:	4d07      	ldr	r5, [pc, #28]	@ (10007914 <__libc_fini_array+0x20>)
100078f8:	4c07      	ldr	r4, [pc, #28]	@ (10007918 <__libc_fini_array+0x24>)
100078fa:	1b2c      	subs	r4, r5, r4
100078fc:	10a4      	asrs	r4, r4, #2
100078fe:	d005      	beq.n	1000790c <__libc_fini_array+0x18>
10007900:	3c01      	subs	r4, #1
10007902:	f855 3d04 	ldr.w	r3, [r5, #-4]!
10007906:	4798      	blx	r3
10007908:	2c00      	cmp	r4, #0
1000790a:	d1f9      	bne.n	10007900 <__libc_fini_array+0xc>
1000790c:	e8bd 4038 	ldmia.w	sp!, {r3, r4, r5, lr}
10007910:	f000 b846 	b.w	100079a0 <_fini>
10007914:	10007a50 	.word	0x10007a50
10007918:	10007a50 	.word	0x10007a50

1000791c <__errno>:
1000791c:	4b01      	ldr	r3, [pc, #4]	@ (10007924 <__errno+0x8>)
1000791e:	6818      	ldr	r0, [r3, #0]
10007920:	4770      	bx	lr
10007922:	bf00      	nop
10007924:	20001560 	.word	0x20001560

10007928 <__register_exitproc>:
10007928:	b470      	push	{r4, r5, r6}
1000792a:	4d16      	ldr	r5, [pc, #88]	@ (10007984 <__register_exitproc+0x5c>)
1000792c:	682c      	ldr	r4, [r5, #0]
1000792e:	b31c      	cbz	r4, 10007978 <__register_exitproc+0x50>
10007930:	6865      	ldr	r5, [r4, #4]
10007932:	2d1f      	cmp	r5, #31
10007934:	dc23      	bgt.n	1000797e <__register_exitproc+0x56>
10007936:	b938      	cbnz	r0, 10007948 <__register_exitproc+0x20>
10007938:	1c6b      	adds	r3, r5, #1
1000793a:	2000      	movs	r0, #0
1000793c:	3502      	adds	r5, #2
1000793e:	6063      	str	r3, [r4, #4]
10007940:	f844 1025 	str.w	r1, [r4, r5, lsl #2]
10007944:	bc70      	pop	{r4, r5, r6}
10007946:	4770      	bx	lr
10007948:	eb04 0c85 	add.w	ip, r4, r5, lsl #2
1000794c:	2802      	cmp	r0, #2
1000794e:	f8cc 2088 	str.w	r2, [ip, #136]	@ 0x88
10007952:	f04f 0201 	mov.w	r2, #1
10007956:	f8d4 6188 	ldr.w	r6, [r4, #392]	@ 0x188
1000795a:	fa02 f205 	lsl.w	r2, r2, r5
1000795e:	ea46 0602 	orr.w	r6, r6, r2
10007962:	f8c4 6188 	str.w	r6, [r4, #392]	@ 0x188
10007966:	f8cc 3108 	str.w	r3, [ip, #264]	@ 0x108
1000796a:	d1e5      	bne.n	10007938 <__register_exitproc+0x10>
1000796c:	f8d4 318c 	ldr.w	r3, [r4, #396]	@ 0x18c
10007970:	4313      	orrs	r3, r2
10007972:	f8c4 318c 	str.w	r3, [r4, #396]	@ 0x18c
10007976:	e7df      	b.n	10007938 <__register_exitproc+0x10>
10007978:	4c03      	ldr	r4, [pc, #12]	@ (10007988 <__register_exitproc+0x60>)
1000797a:	602c      	str	r4, [r5, #0]
1000797c:	e7d8      	b.n	10007930 <__register_exitproc+0x8>
1000797e:	f04f 30ff 	mov.w	r0, #4294967295	@ 0xffffffff
10007982:	e7df      	b.n	10007944 <__register_exitproc+0x1c>
10007984:	20002038 	.word	0x20002038
10007988:	20001ea8 	.word	0x20001ea8

1000798c <register_fini>:
1000798c:	4b02      	ldr	r3, [pc, #8]	@ (10007998 <register_fini+0xc>)
1000798e:	b113      	cbz	r3, 10007996 <register_fini+0xa>
10007990:	4802      	ldr	r0, [pc, #8]	@ (1000799c <register_fini+0x10>)
10007992:	f7ff bf69 	b.w	10007868 <atexit>
10007996:	4770      	bx	lr
10007998:	00000000 	.word	0x00000000
1000799c:	100078f5 	.word	0x100078f5

100079a0 <_fini>:
100079a0:	b5f8      	push	{r3, r4, r5, r6, r7, lr}
100079a2:	bf00      	nop
100079a4:	0000      	movs	r0, r0
	...

100079a8 <__mutex_enter_timeout_ms_veneer>:
100079a8:	f85f f000 	ldr.w	pc, [pc]	@ 100079ac <__mutex_enter_timeout_ms_veneer+0x4>
100079ac:	2000023d 	.word	0x2000023d

100079b0 <__hw_endpoint_start_next_buffer_veneer>:
100079b0:	f85f f000 	ldr.w	pc, [pc]	@ 100079b4 <__hw_endpoint_start_next_buffer_veneer+0x4>
100079b4:	20000b0d 	.word	0x20000b0d

100079b8 <____aeabi_f2d_veneer>:
100079b8:	f85f f000 	ldr.w	pc, [pc]	@ 100079bc <____aeabi_f2d_veneer+0x4>
100079bc:	20001099 	.word	0x20001099

100079c0 <__reset_non_control_endpoints_veneer>:
100079c0:	f85f f000 	ldr.w	pc, [pc]	@ 100079c4 <__reset_non_control_endpoints_veneer+0x4>
100079c4:	200002b1 	.word	0x200002b1

100079c8 <____aeabi_uldivmod_veneer>:
100079c8:	f85f f000 	ldr.w	pc, [pc]	@ 100079cc <____aeabi_uldivmod_veneer+0x4>
100079cc:	20001149 	.word	0x20001149

100079d0 <__mutex_exit_veneer>:
100079d0:	f85f f000 	ldr.w	pc, [pc]	@ 100079d4 <__mutex_exit_veneer+0x4>
100079d4:	20000275 	.word	0x20000275

100079d8 <__e15_is_critical_frame_period_veneer>:
100079d8:	f85f f000 	ldr.w	pc, [pc]	@ 100079dc <__e15_is_critical_frame_period_veneer+0x4>
100079dc:	20000a95 	.word	0x20000a95

100079e0 <___hw_endpoint_buffer_control_update32_veneer>:
100079e0:	f85f f000 	ldr.w	pc, [pc]	@ 100079e4 <___hw_endpoint_buffer_control_update32_veneer+0x4>
100079e4:	20000ac9 	.word	0x20000ac9

100079e8 <__mutex_try_enter_block_until_veneer>:
100079e8:	f85f f000 	ldr.w	pc, [pc]	@ 100079ec <__mutex_try_enter_block_until_veneer+0x4>
100079ec:	200001d1 	.word	0x200001d1

100079f0 <__mutex_try_enter_veneer>:
100079f0:	f85f f000 	ldr.w	pc, [pc]	@ 100079f4 <__mutex_try_enter_veneer+0x4>
100079f4:	20000111 	.word	0x20000111

100079f8 <__e15_is_bulkin_ep_veneer>:
100079f8:	f85f f000 	ldr.w	pc, [pc]	@ 100079fc <__e15_is_bulkin_ep_veneer+0x4>
100079fc:	20000a6d 	.word	0x20000a6d

10007a00 <__pre_init_runtime_init_bootrom_reset>:
10007a00:	10001c5d                                ]...

10007a04 <__pre_init_runtime_init_early_resets>:
10007a04:	10001bd1                                ....

10007a08 <__pre_init_runtime_init_usb_power_down>:
10007a08:	10001c05                                ....

10007a0c <__pre_init_runtime_init_clocks>:
10007a0c:	10001cf1                                ....

10007a10 <__pre_init_runtime_init_post_clock_resets>:
10007a10:	10001c3d                                =...

10007a14 <__pre_init_runtime_init_boot_locks_reset>:
10007a14:	10001b55                                U...

10007a18 <__pre_init_runtime_init_spin_locks_reset>:
10007a18:	10001c85                                ....

10007a1c <__pre_init_runtime_init_bootrom_locking_enable>:
10007a1c:	10001b41                                A...

10007a20 <__pre_init_runtime_init_mutex>:
10007a20:	10000d91                                ....

10007a24 <__pre_init_runtime_init_install_ram_vector_table>:
10007a24:	10001c89                                ....

10007a28 <__pre_init_runtime_init_default_alarm_pool>:
10007a28:	10001151                                Q...

10007a2c <__pre_init_first_per_core_initializer>:
10007a2c:	10001ba1                                ....

10007a30 <__pre_init_runtime_init_per_core_bootrom_reset>:
10007a30:	10001c71                                q...

10007a34 <__pre_init_runtime_init_per_core_enable_coprocessors>:
10007a34:	10001c21                                !...

10007a38 <__pre_init_spinlock_set_extexclall>:
10007a38:	1000096d                                m...

10007a3c <__pre_init_runtime_init_per_core_irq_priorities>:
10007a3c:	10000995                                ....

10007a40 <__init_array_start>:
10007a40:	1000798d 	.word	0x1000798d
10007a44:	10004049 	.word	0x10004049

10007a48 <__frame_dummy_init_array_entry>:
10007a48:	10000255 10000745                       U...E...

Disassembly of section .data:

20000110 <mutex_try_enter>:
20000110:	4603      	mov	r3, r0
20000112:	b500      	push	{lr}
20000114:	6802      	ldr	r2, [r0, #0]
20000116:	f3ef 8c10 	mrs	ip, PRIMASK
2000011a:	b672      	cpsid	i
2000011c:	e8d2 efcf 	ldaexb	lr, [r2]
20000120:	2001      	movs	r0, #1
20000122:	f1be 0f00 	cmp.w	lr, #0
20000126:	d1f9      	bne.n	2000011c <mutex_try_enter+0xc>
20000128:	e8c2 0f4e 	strexb	lr, r0, [r2]
2000012c:	f1be 0f00 	cmp.w	lr, #0
20000130:	d1f4      	bne.n	2000011c <mutex_try_enter+0xc>
20000132:	f3bf 8f5f 	dmb	sy
20000136:	f993 2004 	ldrsb.w	r2, [r3, #4]
2000013a:	2a00      	cmp	r2, #0
2000013c:	db0a      	blt.n	20000154 <mutex_try_enter+0x44>
2000013e:	b101      	cbz	r1, 20000142 <mutex_try_enter+0x32>
20000140:	600a      	str	r2, [r1, #0]
20000142:	2000      	movs	r0, #0
20000144:	2200      	movs	r2, #0
20000146:	681b      	ldr	r3, [r3, #0]
20000148:	e8c3 2f8f 	stlb	r2, [r3]
2000014c:	f38c 8810 	msr	PRIMASK, ip
20000150:	f85d fb04 	ldr.w	pc, [sp], #4
20000154:	f04f 4250 	mov.w	r2, #3489660928	@ 0xd0000000
20000158:	6812      	ldr	r2, [r2, #0]
2000015a:	2001      	movs	r0, #1
2000015c:	711a      	strb	r2, [r3, #4]
2000015e:	e7f1      	b.n	20000144 <mutex_try_enter+0x34>

20000160 <mutex_enter_block_until>:
20000160:	f04f 4150 	mov.w	r1, #3489660928	@ 0xd0000000
20000164:	e92d 41f0 	stmdb	sp!, {r4, r5, r6, r7, r8, lr}
20000168:	2700      	movs	r7, #0
2000016a:	4604      	mov	r4, r0
2000016c:	4616      	mov	r6, r2
2000016e:	461d      	mov	r5, r3
20000170:	f8d1 8000 	ldr.w	r8, [r1]
20000174:	e009      	b.n	2000018a <mutex_enter_block_until+0x2a>
20000176:	6823      	ldr	r3, [r4, #0]
20000178:	e8c3 7f8f 	stlb	r7, [r3]
2000017c:	f38c 8810 	msr	PRIMASK, ip
20000180:	4630      	mov	r0, r6
20000182:	4629      	mov	r1, r5
20000184:	f001 f980 	bl	20001488 <__best_effort_wfe_or_timeout_veneer>
20000188:	b9f0      	cbnz	r0, 200001c8 <mutex_enter_block_until+0x68>
2000018a:	6821      	ldr	r1, [r4, #0]
2000018c:	f3ef 8c10 	mrs	ip, PRIMASK
20000190:	b672      	cpsid	i
20000192:	e8d1 2fcf 	ldaexb	r2, [r1]
20000196:	2301      	movs	r3, #1
20000198:	2a00      	cmp	r2, #0
2000019a:	d1fa      	bne.n	20000192 <mutex_enter_block_until+0x32>
2000019c:	e8c1 3f42 	strexb	r2, r3, [r1]
200001a0:	2a00      	cmp	r2, #0
200001a2:	d1f6      	bne.n	20000192 <mutex_enter_block_until+0x32>
200001a4:	f3bf 8f5f 	dmb	sy
200001a8:	f994 e004 	ldrsb.w	lr, [r4, #4]
200001ac:	f1be 0f00 	cmp.w	lr, #0
200001b0:	dae1      	bge.n	20000176 <mutex_enter_block_until+0x16>
200001b2:	2300      	movs	r3, #0
200001b4:	6822      	ldr	r2, [r4, #0]
200001b6:	f884 8004 	strb.w	r8, [r4, #4]
200001ba:	e8c2 3f8f 	stlb	r3, [r2]
200001be:	f38c 8810 	msr	PRIMASK, ip
200001c2:	2001      	movs	r0, #1
200001c4:	e8bd 81f0 	ldmia.w	sp!, {r4, r5, r6, r7, r8, pc}
200001c8:	2000      	movs	r0, #0
200001ca:	e8bd 81f0 	ldmia.w	sp!, {r4, r5, r6, r7, r8, pc}
200001ce:	bf00      	nop

200001d0 <mutex_try_enter_block_until>:
200001d0:	b530      	push	{r4, r5, lr}
200001d2:	4601      	mov	r1, r0
200001d4:	6804      	ldr	r4, [r0, #0]
200001d6:	f3ef 8c10 	mrs	ip, PRIMASK
200001da:	b672      	cpsid	i
200001dc:	e8d4 efcf 	ldaexb	lr, [r4]
200001e0:	2501      	movs	r5, #1
200001e2:	f1be 0f00 	cmp.w	lr, #0
200001e6:	d1f9      	bne.n	200001dc <mutex_try_enter_block_until+0xc>
200001e8:	e8c4 5f4e 	strexb	lr, r5, [r4]
200001ec:	f1be 0f00 	cmp.w	lr, #0
200001f0:	d1f4      	bne.n	200001dc <mutex_try_enter_block_until+0xc>
200001f2:	f3bf 8f5f 	dmb	sy
200001f6:	f990 4004 	ldrsb.w	r4, [r0, #4]
200001fa:	2c00      	cmp	r4, #0
200001fc:	db11      	blt.n	20000222 <mutex_try_enter_block_until+0x52>
200001fe:	2100      	movs	r1, #0
20000200:	6805      	ldr	r5, [r0, #0]
20000202:	e8c5 1f8f 	stlb	r1, [r5]
20000206:	f38c 8810 	msr	PRIMASK, ip
2000020a:	f04f 4c50 	mov.w	ip, #3489660928	@ 0xd0000000
2000020e:	f99c c000 	ldrsb.w	ip, [ip]
20000212:	45a4      	cmp	ip, r4
20000214:	d101      	bne.n	2000021a <mutex_try_enter_block_until+0x4a>
20000216:	4608      	mov	r0, r1
20000218:	bd30      	pop	{r4, r5, pc}
2000021a:	e8bd 4030 	ldmia.w	sp!, {r4, r5, lr}
2000021e:	f7ff bf9f 	b.w	20000160 <mutex_enter_block_until>
20000222:	f04f 4050 	mov.w	r0, #3489660928	@ 0xd0000000
20000226:	6800      	ldr	r0, [r0, #0]
20000228:	2300      	movs	r3, #0
2000022a:	680a      	ldr	r2, [r1, #0]
2000022c:	7108      	strb	r0, [r1, #4]
2000022e:	e8c2 3f8f 	stlb	r3, [r2]
20000232:	f38c 8810 	msr	PRIMASK, ip
20000236:	2001      	movs	r0, #1
20000238:	bd30      	pop	{r4, r5, pc}
2000023a:	bf00      	nop

2000023c <mutex_enter_timeout_ms>:
2000023c:	b570      	push	{r4, r5, r6, lr}
2000023e:	4605      	mov	r5, r0
20000240:	460c      	mov	r4, r1
20000242:	f001 f929 	bl	20001498 <__time_us_64_veneer>
20000246:	4602      	mov	r2, r0
20000248:	460b      	mov	r3, r1
2000024a:	f44f 707a 	mov.w	r0, #1000	@ 0x3e8
2000024e:	f04f 3eff 	mov.w	lr, #4294967295	@ 0xffffffff
20000252:	f06f 4c00 	mvn.w	ip, #2147483648	@ 0x80000000
20000256:	fbe4 2300 	umlal	r2, r3, r4, r0
2000025a:	4596      	cmp	lr, r2
2000025c:	eb7c 0103 	sbcs.w	r1, ip, r3
20000260:	bf38      	it	cc
20000262:	4672      	movcc	r2, lr
20000264:	4628      	mov	r0, r5
20000266:	e8bd 4070 	ldmia.w	sp!, {r4, r5, r6, lr}
2000026a:	bf38      	it	cc
2000026c:	4663      	movcc	r3, ip
2000026e:	f7ff bf77 	b.w	20000160 <mutex_enter_block_until>
20000272:	bf00      	nop

20000274 <mutex_exit>:
20000274:	6803      	ldr	r3, [r0, #0]
20000276:	f3ef 8210 	mrs	r2, PRIMASK
2000027a:	b672      	cpsid	i
2000027c:	e8d3 cfcf 	ldaexb	ip, [r3]
20000280:	2101      	movs	r1, #1
20000282:	f1bc 0f00 	cmp.w	ip, #0
20000286:	d1f9      	bne.n	2000027c <mutex_exit+0x8>
20000288:	e8c3 1f4c 	strexb	ip, r1, [r3]
2000028c:	f1bc 0f00 	cmp.w	ip, #0
20000290:	d1f4      	bne.n	2000027c <mutex_exit+0x8>
20000292:	f3bf 8f5f 	dmb	sy
20000296:	f04f 0cff 	mov.w	ip, #255	@ 0xff
2000029a:	2300      	movs	r3, #0
2000029c:	6801      	ldr	r1, [r0, #0]
2000029e:	f880 c004 	strb.w	ip, [r0, #4]
200002a2:	e8c1 3f8f 	stlb	r3, [r1]
200002a6:	f382 8810 	msr	PRIMASK, r2
200002aa:	bf40      	sev
200002ac:	4770      	bx	lr
200002ae:	bf00      	nop

200002b0 <reset_non_control_endpoints>:
200002b0:	2100      	movs	r1, #0
200002b2:	b508      	push	{r3, lr}
200002b4:	4b13      	ldr	r3, [pc, #76]	@ (20000304 <reset_non_control_endpoints+0x54>)
200002b6:	f44f 7270 	mov.w	r2, #960	@ 0x3c0
200002ba:	6099      	str	r1, [r3, #8]
200002bc:	4812      	ldr	r0, [pc, #72]	@ (20000308 <reset_non_control_endpoints+0x58>)
200002be:	60d9      	str	r1, [r3, #12]
200002c0:	6119      	str	r1, [r3, #16]
200002c2:	6159      	str	r1, [r3, #20]
200002c4:	6199      	str	r1, [r3, #24]
200002c6:	61d9      	str	r1, [r3, #28]
200002c8:	6219      	str	r1, [r3, #32]
200002ca:	6259      	str	r1, [r3, #36]	@ 0x24
200002cc:	6299      	str	r1, [r3, #40]	@ 0x28
200002ce:	62d9      	str	r1, [r3, #44]	@ 0x2c
200002d0:	6319      	str	r1, [r3, #48]	@ 0x30
200002d2:	6359      	str	r1, [r3, #52]	@ 0x34
200002d4:	6399      	str	r1, [r3, #56]	@ 0x38
200002d6:	63d9      	str	r1, [r3, #60]	@ 0x3c
200002d8:	6419      	str	r1, [r3, #64]	@ 0x40
200002da:	6459      	str	r1, [r3, #68]	@ 0x44
200002dc:	6499      	str	r1, [r3, #72]	@ 0x48
200002de:	64d9      	str	r1, [r3, #76]	@ 0x4c
200002e0:	6519      	str	r1, [r3, #80]	@ 0x50
200002e2:	6559      	str	r1, [r3, #84]	@ 0x54
200002e4:	6599      	str	r1, [r3, #88]	@ 0x58
200002e6:	65d9      	str	r1, [r3, #92]	@ 0x5c
200002e8:	6619      	str	r1, [r3, #96]	@ 0x60
200002ea:	6659      	str	r1, [r3, #100]	@ 0x64
200002ec:	6699      	str	r1, [r3, #104]	@ 0x68
200002ee:	66d9      	str	r1, [r3, #108]	@ 0x6c
200002f0:	6719      	str	r1, [r3, #112]	@ 0x70
200002f2:	6759      	str	r1, [r3, #116]	@ 0x74
200002f4:	6799      	str	r1, [r3, #120]	@ 0x78
200002f6:	67d9      	str	r1, [r3, #124]	@ 0x7c
200002f8:	f001 f8d2 	bl	200014a0 <__memset_veneer>
200002fc:	4b03      	ldr	r3, [pc, #12]	@ (2000030c <reset_non_control_endpoints+0x5c>)
200002fe:	4a04      	ldr	r2, [pc, #16]	@ (20000310 <reset_non_control_endpoints+0x60>)
20000300:	601a      	str	r2, [r3, #0]
20000302:	bd08      	pop	{r3, pc}
20000304:	50100000 	.word	0x50100000
20000308:	200025f4 	.word	0x200025f4
2000030c:	200029bc 	.word	0x200029bc
20000310:	50100180 	.word	0x50100180

20000314 <hw_handle_buff_status>:
20000314:	e92d 4ff0 	stmdb	sp!, {r4, r5, r6, r7, r8, r9, sl, fp, lr}
20000318:	4b20      	ldr	r3, [pc, #128]	@ (2000039c <hw_handle_buff_status+0x88>)
2000031a:	b085      	sub	sp, #20
2000031c:	6d9e      	ldr	r6, [r3, #88]	@ 0x58
2000031e:	b30e      	cbz	r6, 20000364 <hw_handle_buff_status+0x50>
20000320:	2400      	movs	r4, #0
20000322:	2501      	movs	r5, #1
20000324:	4f1e      	ldr	r7, [pc, #120]	@ (200003a0 <hw_handle_buff_status+0x8c>)
20000326:	e001      	b.n	2000032c <hw_handle_buff_status+0x18>
20000328:	2c20      	cmp	r4, #32
2000032a:	d01b      	beq.n	20000364 <hw_handle_buff_status+0x50>
2000032c:	ea06 0305 	and.w	r3, r6, r5
20000330:	1c62      	adds	r2, r4, #1
20000332:	4621      	mov	r1, r4
20000334:	46aa      	mov	sl, r5
20000336:	b2d4      	uxtb	r4, r2
20000338:	006d      	lsls	r5, r5, #1
2000033a:	2b00      	cmp	r3, #0
2000033c:	d0f4      	beq.n	20000328 <hw_handle_buff_status+0x14>
2000033e:	2302      	movs	r3, #2
20000340:	f004 0801 	and.w	r8, r4, #1
20000344:	ea4f 0951 	mov.w	r9, r1, lsr #1
20000348:	fb13 8b09 	smlabb	fp, r3, r9, r8
2000034c:	4b15      	ldr	r3, [pc, #84]	@ (200003a4 <hw_handle_buff_status+0x90>)
2000034e:	eb07 1b4b 	add.w	fp, r7, fp, lsl #5
20000352:	4658      	mov	r0, fp
20000354:	f8c3 a058 	str.w	sl, [r3, #88]	@ 0x58
20000358:	f000 fc0a 	bl	20000b70 <hw_endpoint_xfer_continue>
2000035c:	b928      	cbnz	r0, 2000036a <hw_handle_buff_status+0x56>
2000035e:	ea36 060a 	bics.w	r6, r6, sl
20000362:	d1e1      	bne.n	20000328 <hw_handle_buff_status+0x14>
20000364:	b005      	add	sp, #20
20000366:	e8bd 8ff0 	ldmia.w	sp!, {r4, r5, r6, r7, r8, r9, sl, fp, pc}
2000036a:	f44f 62e0 	mov.w	r2, #1792	@ 0x700
2000036e:	f8ad 2004 	strh.w	r2, [sp, #4]
20000372:	2200      	movs	r2, #0
20000374:	eb08 0349 	add.w	r3, r8, r9, lsl #1
20000378:	eb07 1343 	add.w	r3, r7, r3, lsl #5
2000037c:	f88d 2009 	strb.w	r2, [sp, #9]
20000380:	789a      	ldrb	r2, [r3, #2]
20000382:	8adb      	ldrh	r3, [r3, #22]
20000384:	a801      	add	r0, sp, #4
20000386:	2101      	movs	r1, #1
20000388:	f88d 2008 	strb.w	r2, [sp, #8]
2000038c:	9303      	str	r3, [sp, #12]
2000038e:	f000 fc0d 	bl	20000bac <dcd_event_handler>
20000392:	4658      	mov	r0, fp
20000394:	f000 fb92 	bl	20000abc <hw_endpoint_reset_transfer>
20000398:	e7e1      	b.n	2000035e <hw_handle_buff_status+0x4a>
2000039a:	bf00      	nop
2000039c:	50110000 	.word	0x50110000
200003a0:	200025b4 	.word	0x200025b4
200003a4:	50113000 	.word	0x50113000

200003a8 <dcd_rp2040_irq>:
200003a8:	b5f0      	push	{r4, r5, r6, r7, lr}
200003aa:	4bb2      	ldr	r3, [pc, #712]	@ (20000674 <dcd_rp2040_irq+0x2cc>)
200003ac:	b085      	sub	sp, #20
200003ae:	f8d3 5098 	ldr.w	r5, [r3, #152]	@ 0x98
200003b2:	f415 3600 	ands.w	r6, r5, #131072	@ 0x20000
200003b6:	d074      	beq.n	200004a2 <dcd_rp2040_irq+0xfa>
200003b8:	4baf      	ldr	r3, [pc, #700]	@ (20000678 <dcd_rp2040_irq+0x2d0>)
200003ba:	4cb0      	ldr	r4, [pc, #704]	@ (2000067c <dcd_rp2040_irq+0x2d4>)
200003bc:	6a99      	ldr	r1, [r3, #40]	@ 0x28
200003be:	f894 303b 	ldrb.w	r3, [r4, #59]	@ 0x3b
200003c2:	4aaf      	ldr	r2, [pc, #700]	@ (20000680 <dcd_rp2040_irq+0x2d8>)
200003c4:	2b02      	cmp	r3, #2
200003c6:	6011      	str	r1, [r2, #0]
200003c8:	f000 80f9 	beq.w	200005be <dcd_rp2040_irq+0x216>
200003cc:	2600      	movs	r6, #0
200003ce:	f894 307b 	ldrb.w	r3, [r4, #123]	@ 0x7b
200003d2:	2b02      	cmp	r3, #2
200003d4:	f000 81d4 	beq.w	20000780 <dcd_rp2040_irq+0x3d8>
200003d8:	f894 30bb 	ldrb.w	r3, [r4, #187]	@ 0xbb
200003dc:	2b02      	cmp	r3, #2
200003de:	f000 81c5 	beq.w	2000076c <dcd_rp2040_irq+0x3c4>
200003e2:	f894 30fb 	ldrb.w	r3, [r4, #251]	@ 0xfb
200003e6:	2b02      	cmp	r3, #2
200003e8:	f000 81b6 	beq.w	20000758 <dcd_rp2040_irq+0x3b0>
200003ec:	f894 313b 	ldrb.w	r3, [r4, #315]	@ 0x13b
200003f0:	2b02      	cmp	r3, #2
200003f2:	f000 81a6 	beq.w	20000742 <dcd_rp2040_irq+0x39a>
200003f6:	f894 317b 	ldrb.w	r3, [r4, #379]	@ 0x17b
200003fa:	2b02      	cmp	r3, #2
200003fc:	f000 8196 	beq.w	2000072c <dcd_rp2040_irq+0x384>
20000400:	f894 31bb 	ldrb.w	r3, [r4, #443]	@ 0x1bb
20000404:	2b02      	cmp	r3, #2
20000406:	f000 8186 	beq.w	20000716 <dcd_rp2040_irq+0x36e>
2000040a:	f894 31fb 	ldrb.w	r3, [r4, #507]	@ 0x1fb
2000040e:	2b02      	cmp	r3, #2
20000410:	f000 8176 	beq.w	20000700 <dcd_rp2040_irq+0x358>
20000414:	f894 323b 	ldrb.w	r3, [r4, #571]	@ 0x23b
20000418:	2b02      	cmp	r3, #2
2000041a:	f000 8165 	beq.w	200006e8 <dcd_rp2040_irq+0x340>
2000041e:	f894 327b 	ldrb.w	r3, [r4, #635]	@ 0x27b
20000422:	2b02      	cmp	r3, #2
20000424:	f000 8154 	beq.w	200006d0 <dcd_rp2040_irq+0x328>
20000428:	f894 32bb 	ldrb.w	r3, [r4, #699]	@ 0x2bb
2000042c:	2b02      	cmp	r3, #2
2000042e:	f000 8143 	beq.w	200006b8 <dcd_rp2040_irq+0x310>
20000432:	f894 32fb 	ldrb.w	r3, [r4, #763]	@ 0x2fb
20000436:	2b02      	cmp	r3, #2
20000438:	f000 8132 	beq.w	200006a0 <dcd_rp2040_irq+0x2f8>
2000043c:	f894 333b 	ldrb.w	r3, [r4, #827]	@ 0x33b
20000440:	2b02      	cmp	r3, #2
20000442:	f000 810a 	beq.w	2000065a <dcd_rp2040_irq+0x2b2>
20000446:	f894 337b 	ldrb.w	r3, [r4, #891]	@ 0x37b
2000044a:	2b02      	cmp	r3, #2
2000044c:	f000 80c9 	beq.w	200005e2 <dcd_rp2040_irq+0x23a>
20000450:	f894 33bb 	ldrb.w	r3, [r4, #955]	@ 0x3bb
20000454:	2b02      	cmp	r3, #2
20000456:	f000 80ec 	beq.w	20000632 <dcd_rp2040_irq+0x28a>
2000045a:	f894 33fb 	ldrb.w	r3, [r4, #1019]	@ 0x3fb
2000045e:	2b02      	cmp	r3, #2
20000460:	f000 80d6 	beq.w	20000610 <dcd_rp2040_irq+0x268>
20000464:	b93e      	cbnz	r6, 20000476 <dcd_rp2040_irq+0xce>
20000466:	4b87      	ldr	r3, [pc, #540]	@ (20000684 <dcd_rp2040_irq+0x2dc>)
20000468:	781b      	ldrb	r3, [r3, #0]
2000046a:	b923      	cbnz	r3, 20000476 <dcd_rp2040_irq+0xce>
2000046c:	f44f 3200 	mov.w	r2, #131072	@ 0x20000
20000470:	4b85      	ldr	r3, [pc, #532]	@ (20000688 <dcd_rp2040_irq+0x2e0>)
20000472:	f8c3 2090 	str.w	r2, [r3, #144]	@ 0x90
20000476:	f44f 7240 	mov.w	r2, #768	@ 0x300
2000047a:	4b7e      	ldr	r3, [pc, #504]	@ (20000674 <dcd_rp2040_irq+0x2cc>)
2000047c:	2101      	movs	r1, #1
2000047e:	6c9b      	ldr	r3, [r3, #72]	@ 0x48
20000480:	a801      	add	r0, sp, #4
20000482:	f3c3 030a 	ubfx	r3, r3, #0, #11
20000486:	f8ad 2004 	strh.w	r2, [sp, #4]
2000048a:	9302      	str	r3, [sp, #8]
2000048c:	f000 fb8e 	bl	20000bac <dcd_event_handler>
20000490:	06ea      	lsls	r2, r5, #27
20000492:	f44f 3600 	mov.w	r6, #131072	@ 0x20000
20000496:	4c7d      	ldr	r4, [pc, #500]	@ (2000068c <dcd_rp2040_irq+0x2e4>)
20000498:	d507      	bpl.n	200004aa <dcd_rp2040_irq+0x102>
2000049a:	f7ff ff3b 	bl	20000314 <hw_handle_buff_status>
2000049e:	4626      	mov	r6, r4
200004a0:	e003      	b.n	200004aa <dcd_rp2040_irq+0x102>
200004a2:	06ea      	lsls	r2, r5, #27
200004a4:	f04f 0410 	mov.w	r4, #16
200004a8:	d4f7      	bmi.n	2000049a <dcd_rp2040_irq+0xf2>
200004aa:	03eb      	lsls	r3, r5, #15
200004ac:	d532      	bpl.n	20000514 <dcd_rp2040_irq+0x16c>
200004ae:	4c73      	ldr	r4, [pc, #460]	@ (2000067c <dcd_rp2040_irq+0x2d4>)
200004b0:	f446 3680 	orr.w	r6, r6, #65536	@ 0x10000
200004b4:	7ea3      	ldrb	r3, [r4, #26]
200004b6:	b19b      	cbz	r3, 200004e0 <dcd_rp2040_irq+0x138>
200004b8:	2102      	movs	r1, #2
200004ba:	4b75      	ldr	r3, [pc, #468]	@ (20000690 <dcd_rp2040_irq+0x2e8>)
200004bc:	4a6d      	ldr	r2, [pc, #436]	@ (20000674 <dcd_rp2040_irq+0x2cc>)
200004be:	6619      	str	r1, [r3, #96]	@ 0x60
200004c0:	6e53      	ldr	r3, [r2, #100]	@ 0x64
200004c2:	079f      	lsls	r7, r3, #30
200004c4:	d5fc      	bpl.n	200004c0 <dcd_rp2040_irq+0x118>
200004c6:	f44f 5240 	mov.w	r2, #12288	@ 0x3000
200004ca:	2100      	movs	r1, #0
200004cc:	486b      	ldr	r0, [pc, #428]	@ (2000067c <dcd_rp2040_irq+0x2d4>)
200004ce:	f000 fafb 	bl	20000ac8 <_hw_endpoint_buffer_control_update32>
200004d2:	486a      	ldr	r0, [pc, #424]	@ (2000067c <dcd_rp2040_irq+0x2d4>)
200004d4:	f000 faf2 	bl	20000abc <hw_endpoint_reset_transfer>
200004d8:	2202      	movs	r2, #2
200004da:	4b6b      	ldr	r3, [pc, #428]	@ (20000688 <dcd_rp2040_irq+0x2e0>)
200004dc:	665a      	str	r2, [r3, #100]	@ 0x64
200004de:	661a      	str	r2, [r3, #96]	@ 0x60
200004e0:	2301      	movs	r3, #1
200004e2:	f894 203a 	ldrb.w	r2, [r4, #58]	@ 0x3a
200004e6:	70e3      	strb	r3, [r4, #3]
200004e8:	b9fa      	cbnz	r2, 2000052a <dcd_rp2040_irq+0x182>
200004ea:	2301      	movs	r3, #1
200004ec:	f44f 61c0 	mov.w	r1, #1536	@ 0x600
200004f0:	4a68      	ldr	r2, [pc, #416]	@ (20000694 <dcd_rp2040_irq+0x2ec>)
200004f2:	f884 3023 	strb.w	r3, [r4, #35]	@ 0x23
200004f6:	f8ad 1004 	strh.w	r1, [sp, #4]
200004fa:	e892 0003 	ldmia.w	r2, {r0, r1}
200004fe:	aa04      	add	r2, sp, #16
20000500:	e902 0003 	stmdb	r2, {r0, r1}
20000504:	4619      	mov	r1, r3
20000506:	a801      	add	r0, sp, #4
20000508:	f000 fb50 	bl	20000bac <dcd_event_handler>
2000050c:	f44f 3200 	mov.w	r2, #131072	@ 0x20000
20000510:	4b5d      	ldr	r3, [pc, #372]	@ (20000688 <dcd_rp2040_irq+0x2e0>)
20000512:	651a      	str	r2, [r3, #80]	@ 0x50
20000514:	04e9      	lsls	r1, r5, #19
20000516:	d41d      	bmi.n	20000554 <dcd_rp2040_irq+0x1ac>
20000518:	046a      	lsls	r2, r5, #17
2000051a:	d432      	bmi.n	20000582 <dcd_rp2040_irq+0x1da>
2000051c:	042b      	lsls	r3, r5, #16
2000051e:	d43f      	bmi.n	200005a0 <dcd_rp2040_irq+0x1f8>
20000520:	42ae      	cmp	r6, r5
20000522:	f040 81a5 	bne.w	20000870 <dcd_rp2040_irq+0x4c8>
20000526:	b005      	add	sp, #20
20000528:	bdf0      	pop	{r4, r5, r6, r7, pc}
2000052a:	4a59      	ldr	r2, [pc, #356]	@ (20000690 <dcd_rp2040_irq+0x2e8>)
2000052c:	6613      	str	r3, [r2, #96]	@ 0x60
2000052e:	f5a2 5200 	sub.w	r2, r2, #8192	@ 0x2000
20000532:	6e53      	ldr	r3, [r2, #100]	@ 0x64
20000534:	07d8      	lsls	r0, r3, #31
20000536:	d5fc      	bpl.n	20000532 <dcd_rp2040_irq+0x18a>
20000538:	f44f 5240 	mov.w	r2, #12288	@ 0x3000
2000053c:	2100      	movs	r1, #0
2000053e:	4856      	ldr	r0, [pc, #344]	@ (20000698 <dcd_rp2040_irq+0x2f0>)
20000540:	f000 fac2 	bl	20000ac8 <_hw_endpoint_buffer_control_update32>
20000544:	4854      	ldr	r0, [pc, #336]	@ (20000698 <dcd_rp2040_irq+0x2f0>)
20000546:	f000 fab9 	bl	20000abc <hw_endpoint_reset_transfer>
2000054a:	2201      	movs	r2, #1
2000054c:	4b4e      	ldr	r3, [pc, #312]	@ (20000688 <dcd_rp2040_irq+0x2e0>)
2000054e:	665a      	str	r2, [r3, #100]	@ 0x64
20000550:	661a      	str	r2, [r3, #96]	@ 0x60
20000552:	e7ca      	b.n	200004ea <dcd_rp2040_irq+0x142>
20000554:	2400      	movs	r4, #0
20000556:	4b47      	ldr	r3, [pc, #284]	@ (20000674 <dcd_rp2040_irq+0x2cc>)
20000558:	f446 5680 	orr.w	r6, r6, #4096	@ 0x1000
2000055c:	601c      	str	r4, [r3, #0]
2000055e:	f7ff fea7 	bl	200002b0 <reset_non_control_endpoints>
20000562:	f44f 7380 	mov.w	r3, #256	@ 0x100
20000566:	2101      	movs	r1, #1
20000568:	a801      	add	r0, sp, #4
2000056a:	f8ad 3004 	strh.w	r3, [sp, #4]
2000056e:	f88d 4008 	strb.w	r4, [sp, #8]
20000572:	f000 fb1b 	bl	20000bac <dcd_event_handler>
20000576:	f44f 2200 	mov.w	r2, #524288	@ 0x80000
2000057a:	4b43      	ldr	r3, [pc, #268]	@ (20000688 <dcd_rp2040_irq+0x2e0>)
2000057c:	651a      	str	r2, [r3, #80]	@ 0x50
2000057e:	046a      	lsls	r2, r5, #17
20000580:	d5cc      	bpl.n	2000051c <dcd_rp2040_irq+0x174>
20000582:	f44f 6380 	mov.w	r3, #1024	@ 0x400
20000586:	2101      	movs	r1, #1
20000588:	a801      	add	r0, sp, #4
2000058a:	f8ad 3004 	strh.w	r3, [sp, #4]
2000058e:	f000 fb0d 	bl	20000bac <dcd_event_handler>
20000592:	2210      	movs	r2, #16
20000594:	4b3c      	ldr	r3, [pc, #240]	@ (20000688 <dcd_rp2040_irq+0x2e0>)
20000596:	f446 4680 	orr.w	r6, r6, #16384	@ 0x4000
2000059a:	651a      	str	r2, [r3, #80]	@ 0x50
2000059c:	042b      	lsls	r3, r5, #16
2000059e:	d5bf      	bpl.n	20000520 <dcd_rp2040_irq+0x178>
200005a0:	f44f 63a0 	mov.w	r3, #1280	@ 0x500
200005a4:	2101      	movs	r1, #1
200005a6:	a801      	add	r0, sp, #4
200005a8:	f8ad 3004 	strh.w	r3, [sp, #4]
200005ac:	f000 fafe 	bl	20000bac <dcd_event_handler>
200005b0:	f44f 6200 	mov.w	r2, #2048	@ 0x800
200005b4:	4b34      	ldr	r3, [pc, #208]	@ (20000688 <dcd_rp2040_irq+0x2e0>)
200005b6:	f446 4600 	orr.w	r6, r6, #32768	@ 0x8000
200005ba:	651a      	str	r2, [r3, #80]	@ 0x50
200005bc:	e7b0      	b.n	20000520 <dcd_rp2040_irq+0x178>
200005be:	f894 603a 	ldrb.w	r6, [r4, #58]	@ 0x3a
200005c2:	2e00      	cmp	r6, #0
200005c4:	f43f af03 	beq.w	200003ce <dcd_rp2040_irq+0x26>
200005c8:	f894 303c 	ldrb.w	r3, [r4, #60]	@ 0x3c
200005cc:	2b00      	cmp	r3, #0
200005ce:	f43f aefe 	beq.w	200003ce <dcd_rp2040_irq+0x26>
200005d2:	2300      	movs	r3, #0
200005d4:	f104 0020 	add.w	r0, r4, #32
200005d8:	f884 303c 	strb.w	r3, [r4, #60]	@ 0x3c
200005dc:	f000 fa96 	bl	20000b0c <hw_endpoint_start_next_buffer>
200005e0:	e6f5      	b.n	200003ce <dcd_rp2040_irq+0x26>
200005e2:	f894 737a 	ldrb.w	r7, [r4, #890]	@ 0x37a
200005e6:	2f00      	cmp	r7, #0
200005e8:	f43f af32 	beq.w	20000450 <dcd_rp2040_irq+0xa8>
200005ec:	f894 337c 	ldrb.w	r3, [r4, #892]	@ 0x37c
200005f0:	2b00      	cmp	r3, #0
200005f2:	f040 8136 	bne.w	20000862 <dcd_rp2040_irq+0x4ba>
200005f6:	f894 33bb 	ldrb.w	r3, [r4, #955]	@ 0x3bb
200005fa:	2b02      	cmp	r3, #2
200005fc:	d123      	bne.n	20000646 <dcd_rp2040_irq+0x29e>
200005fe:	f894 33ba 	ldrb.w	r3, [r4, #954]	@ 0x3ba
20000602:	b9db      	cbnz	r3, 2000063c <dcd_rp2040_irq+0x294>
20000604:	f894 33fb 	ldrb.w	r3, [r4, #1019]	@ 0x3fb
20000608:	2b02      	cmp	r3, #2
2000060a:	f47f af34 	bne.w	20000476 <dcd_rp2040_irq+0xce>
2000060e:	463e      	mov	r6, r7
20000610:	f894 33fa 	ldrb.w	r3, [r4, #1018]	@ 0x3fa
20000614:	2b00      	cmp	r3, #0
20000616:	f43f af25 	beq.w	20000464 <dcd_rp2040_irq+0xbc>
2000061a:	f894 33fc 	ldrb.w	r3, [r4, #1020]	@ 0x3fc
2000061e:	2b00      	cmp	r3, #0
20000620:	f43f af29 	beq.w	20000476 <dcd_rp2040_irq+0xce>
20000624:	2300      	movs	r3, #0
20000626:	481d      	ldr	r0, [pc, #116]	@ (2000069c <dcd_rp2040_irq+0x2f4>)
20000628:	f884 33fc 	strb.w	r3, [r4, #1020]	@ 0x3fc
2000062c:	f000 fa6e 	bl	20000b0c <hw_endpoint_start_next_buffer>
20000630:	e721      	b.n	20000476 <dcd_rp2040_irq+0xce>
20000632:	f894 33ba 	ldrb.w	r3, [r4, #954]	@ 0x3ba
20000636:	2b00      	cmp	r3, #0
20000638:	f43f af0f 	beq.w	2000045a <dcd_rp2040_irq+0xb2>
2000063c:	f894 33bc 	ldrb.w	r3, [r4, #956]	@ 0x3bc
20000640:	2b00      	cmp	r3, #0
20000642:	f040 80a7 	bne.w	20000794 <dcd_rp2040_irq+0x3ec>
20000646:	f894 33fb 	ldrb.w	r3, [r4, #1019]	@ 0x3fb
2000064a:	2b02      	cmp	r3, #2
2000064c:	f47f af13 	bne.w	20000476 <dcd_rp2040_irq+0xce>
20000650:	f894 33fa 	ldrb.w	r3, [r4, #1018]	@ 0x3fa
20000654:	2b00      	cmp	r3, #0
20000656:	d1e0      	bne.n	2000061a <dcd_rp2040_irq+0x272>
20000658:	e70d      	b.n	20000476 <dcd_rp2040_irq+0xce>
2000065a:	f894 733a 	ldrb.w	r7, [r4, #826]	@ 0x33a
2000065e:	2f00      	cmp	r7, #0
20000660:	f43f aef1 	beq.w	20000446 <dcd_rp2040_irq+0x9e>
20000664:	f894 333c 	ldrb.w	r3, [r4, #828]	@ 0x33c
20000668:	2b00      	cmp	r3, #0
2000066a:	f040 80f2 	bne.w	20000852 <dcd_rp2040_irq+0x4aa>
2000066e:	463e      	mov	r6, r7
20000670:	e6e9      	b.n	20000446 <dcd_rp2040_irq+0x9e>
20000672:	bf00      	nop
20000674:	50110000 	.word	0x50110000
20000678:	400b0000 	.word	0x400b0000
2000067c:	200025b4 	.word	0x200025b4
20000680:	200025a8 	.word	0x200025a8
20000684:	20002a12 	.word	0x20002a12
20000688:	50113000 	.word	0x50113000
2000068c:	00020010 	.word	0x00020010
20000690:	50112000 	.word	0x50112000
20000694:	50100000 	.word	0x50100000
20000698:	200025d4 	.word	0x200025d4
2000069c:	20002994 	.word	0x20002994
200006a0:	f894 72fa 	ldrb.w	r7, [r4, #762]	@ 0x2fa
200006a4:	2f00      	cmp	r7, #0
200006a6:	f43f aec9 	beq.w	2000043c <dcd_rp2040_irq+0x94>
200006aa:	f894 32fc 	ldrb.w	r3, [r4, #764]	@ 0x2fc
200006ae:	2b00      	cmp	r3, #0
200006b0:	f040 80c7 	bne.w	20000842 <dcd_rp2040_irq+0x49a>
200006b4:	463e      	mov	r6, r7
200006b6:	e6c1      	b.n	2000043c <dcd_rp2040_irq+0x94>
200006b8:	f894 72ba 	ldrb.w	r7, [r4, #698]	@ 0x2ba
200006bc:	2f00      	cmp	r7, #0
200006be:	f43f aeb8 	beq.w	20000432 <dcd_rp2040_irq+0x8a>
200006c2:	f894 32bc 	ldrb.w	r3, [r4, #700]	@ 0x2bc
200006c6:	2b00      	cmp	r3, #0
200006c8:	f040 80b3 	bne.w	20000832 <dcd_rp2040_irq+0x48a>
200006cc:	463e      	mov	r6, r7
200006ce:	e6b0      	b.n	20000432 <dcd_rp2040_irq+0x8a>
200006d0:	f894 727a 	ldrb.w	r7, [r4, #634]	@ 0x27a
200006d4:	2f00      	cmp	r7, #0
200006d6:	f43f aea7 	beq.w	20000428 <dcd_rp2040_irq+0x80>
200006da:	f894 327c 	ldrb.w	r3, [r4, #636]	@ 0x27c
200006de:	2b00      	cmp	r3, #0
200006e0:	f040 809f 	bne.w	20000822 <dcd_rp2040_irq+0x47a>
200006e4:	463e      	mov	r6, r7
200006e6:	e69f      	b.n	20000428 <dcd_rp2040_irq+0x80>
200006e8:	f894 723a 	ldrb.w	r7, [r4, #570]	@ 0x23a
200006ec:	2f00      	cmp	r7, #0
200006ee:	f43f ae96 	beq.w	2000041e <dcd_rp2040_irq+0x76>
200006f2:	f894 323c 	ldrb.w	r3, [r4, #572]	@ 0x23c
200006f6:	2b00      	cmp	r3, #0
200006f8:	f040 808b 	bne.w	20000812 <dcd_rp2040_irq+0x46a>
200006fc:	463e      	mov	r6, r7
200006fe:	e68e      	b.n	2000041e <dcd_rp2040_irq+0x76>
20000700:	f894 71fa 	ldrb.w	r7, [r4, #506]	@ 0x1fa
20000704:	2f00      	cmp	r7, #0
20000706:	f43f ae85 	beq.w	20000414 <dcd_rp2040_irq+0x6c>
2000070a:	f894 31fc 	ldrb.w	r3, [r4, #508]	@ 0x1fc
2000070e:	2b00      	cmp	r3, #0
20000710:	d177      	bne.n	20000802 <dcd_rp2040_irq+0x45a>
20000712:	463e      	mov	r6, r7
20000714:	e67e      	b.n	20000414 <dcd_rp2040_irq+0x6c>
20000716:	f894 71ba 	ldrb.w	r7, [r4, #442]	@ 0x1ba
2000071a:	2f00      	cmp	r7, #0
2000071c:	f43f ae75 	beq.w	2000040a <dcd_rp2040_irq+0x62>
20000720:	f894 31bc 	ldrb.w	r3, [r4, #444]	@ 0x1bc
20000724:	2b00      	cmp	r3, #0
20000726:	d164      	bne.n	200007f2 <dcd_rp2040_irq+0x44a>
20000728:	463e      	mov	r6, r7
2000072a:	e66e      	b.n	2000040a <dcd_rp2040_irq+0x62>
2000072c:	f894 717a 	ldrb.w	r7, [r4, #378]	@ 0x17a
20000730:	2f00      	cmp	r7, #0
20000732:	f43f ae65 	beq.w	20000400 <dcd_rp2040_irq+0x58>
20000736:	f894 317c 	ldrb.w	r3, [r4, #380]	@ 0x17c
2000073a:	2b00      	cmp	r3, #0
2000073c:	d151      	bne.n	200007e2 <dcd_rp2040_irq+0x43a>
2000073e:	463e      	mov	r6, r7
20000740:	e65e      	b.n	20000400 <dcd_rp2040_irq+0x58>
20000742:	f894 713a 	ldrb.w	r7, [r4, #314]	@ 0x13a
20000746:	2f00      	cmp	r7, #0
20000748:	f43f ae55 	beq.w	200003f6 <dcd_rp2040_irq+0x4e>
2000074c:	f894 313c 	ldrb.w	r3, [r4, #316]	@ 0x13c
20000750:	2b00      	cmp	r3, #0
20000752:	d13e      	bne.n	200007d2 <dcd_rp2040_irq+0x42a>
20000754:	463e      	mov	r6, r7
20000756:	e64e      	b.n	200003f6 <dcd_rp2040_irq+0x4e>
20000758:	f894 70fa 	ldrb.w	r7, [r4, #250]	@ 0xfa
2000075c:	2f00      	cmp	r7, #0
2000075e:	f43f ae45 	beq.w	200003ec <dcd_rp2040_irq+0x44>
20000762:	f894 30fc 	ldrb.w	r3, [r4, #252]	@ 0xfc
20000766:	bb63      	cbnz	r3, 200007c2 <dcd_rp2040_irq+0x41a>
20000768:	463e      	mov	r6, r7
2000076a:	e63f      	b.n	200003ec <dcd_rp2040_irq+0x44>
2000076c:	f894 70ba 	ldrb.w	r7, [r4, #186]	@ 0xba
20000770:	2f00      	cmp	r7, #0
20000772:	f43f ae36 	beq.w	200003e2 <dcd_rp2040_irq+0x3a>
20000776:	f894 30bc 	ldrb.w	r3, [r4, #188]	@ 0xbc
2000077a:	b9d3      	cbnz	r3, 200007b2 <dcd_rp2040_irq+0x40a>
2000077c:	463e      	mov	r6, r7
2000077e:	e630      	b.n	200003e2 <dcd_rp2040_irq+0x3a>
20000780:	f894 707a 	ldrb.w	r7, [r4, #122]	@ 0x7a
20000784:	2f00      	cmp	r7, #0
20000786:	f43f ae27 	beq.w	200003d8 <dcd_rp2040_irq+0x30>
2000078a:	f894 307c 	ldrb.w	r3, [r4, #124]	@ 0x7c
2000078e:	b943      	cbnz	r3, 200007a2 <dcd_rp2040_irq+0x3fa>
20000790:	463e      	mov	r6, r7
20000792:	e621      	b.n	200003d8 <dcd_rp2040_irq+0x30>
20000794:	2300      	movs	r3, #0
20000796:	4839      	ldr	r0, [pc, #228]	@ (2000087c <dcd_rp2040_irq+0x4d4>)
20000798:	f884 33bc 	strb.w	r3, [r4, #956]	@ 0x3bc
2000079c:	f000 f9b6 	bl	20000b0c <hw_endpoint_start_next_buffer>
200007a0:	e751      	b.n	20000646 <dcd_rp2040_irq+0x29e>
200007a2:	2300      	movs	r3, #0
200007a4:	4836      	ldr	r0, [pc, #216]	@ (20000880 <dcd_rp2040_irq+0x4d8>)
200007a6:	f884 307c 	strb.w	r3, [r4, #124]	@ 0x7c
200007aa:	463e      	mov	r6, r7
200007ac:	f000 f9ae 	bl	20000b0c <hw_endpoint_start_next_buffer>
200007b0:	e612      	b.n	200003d8 <dcd_rp2040_irq+0x30>
200007b2:	2300      	movs	r3, #0
200007b4:	4833      	ldr	r0, [pc, #204]	@ (20000884 <dcd_rp2040_irq+0x4dc>)
200007b6:	f884 30bc 	strb.w	r3, [r4, #188]	@ 0xbc
200007ba:	463e      	mov	r6, r7
200007bc:	f000 f9a6 	bl	20000b0c <hw_endpoint_start_next_buffer>
200007c0:	e60f      	b.n	200003e2 <dcd_rp2040_irq+0x3a>
200007c2:	2300      	movs	r3, #0
200007c4:	4830      	ldr	r0, [pc, #192]	@ (20000888 <dcd_rp2040_irq+0x4e0>)
200007c6:	f884 30fc 	strb.w	r3, [r4, #252]	@ 0xfc
200007ca:	463e      	mov	r6, r7
200007cc:	f000 f99e 	bl	20000b0c <hw_endpoint_start_next_buffer>
200007d0:	e60c      	b.n	200003ec <dcd_rp2040_irq+0x44>
200007d2:	2300      	movs	r3, #0
200007d4:	482d      	ldr	r0, [pc, #180]	@ (2000088c <dcd_rp2040_irq+0x4e4>)
200007d6:	f884 313c 	strb.w	r3, [r4, #316]	@ 0x13c
200007da:	463e      	mov	r6, r7
200007dc:	f000 f996 	bl	20000b0c <hw_endpoint_start_next_buffer>
200007e0:	e609      	b.n	200003f6 <dcd_rp2040_irq+0x4e>
200007e2:	2300      	movs	r3, #0
200007e4:	482a      	ldr	r0, [pc, #168]	@ (20000890 <dcd_rp2040_irq+0x4e8>)
200007e6:	f884 317c 	strb.w	r3, [r4, #380]	@ 0x17c
200007ea:	463e      	mov	r6, r7
200007ec:	f000 f98e 	bl	20000b0c <hw_endpoint_start_next_buffer>
200007f0:	e606      	b.n	20000400 <dcd_rp2040_irq+0x58>
200007f2:	2300      	movs	r3, #0
200007f4:	4827      	ldr	r0, [pc, #156]	@ (20000894 <dcd_rp2040_irq+0x4ec>)
200007f6:	f884 31bc 	strb.w	r3, [r4, #444]	@ 0x1bc
200007fa:	463e      	mov	r6, r7
200007fc:	f000 f986 	bl	20000b0c <hw_endpoint_start_next_buffer>
20000800:	e603      	b.n	2000040a <dcd_rp2040_irq+0x62>
20000802:	2300      	movs	r3, #0
20000804:	4824      	ldr	r0, [pc, #144]	@ (20000898 <dcd_rp2040_irq+0x4f0>)
20000806:	f884 31fc 	strb.w	r3, [r4, #508]	@ 0x1fc
2000080a:	463e      	mov	r6, r7
2000080c:	f000 f97e 	bl	20000b0c <hw_endpoint_start_next_buffer>
20000810:	e600      	b.n	20000414 <dcd_rp2040_irq+0x6c>
20000812:	2300      	movs	r3, #0
20000814:	4821      	ldr	r0, [pc, #132]	@ (2000089c <dcd_rp2040_irq+0x4f4>)
20000816:	f884 323c 	strb.w	r3, [r4, #572]	@ 0x23c
2000081a:	463e      	mov	r6, r7
2000081c:	f000 f976 	bl	20000b0c <hw_endpoint_start_next_buffer>
20000820:	e5fd      	b.n	2000041e <dcd_rp2040_irq+0x76>
20000822:	2300      	movs	r3, #0
20000824:	481e      	ldr	r0, [pc, #120]	@ (200008a0 <dcd_rp2040_irq+0x4f8>)
20000826:	f884 327c 	strb.w	r3, [r4, #636]	@ 0x27c
2000082a:	463e      	mov	r6, r7
2000082c:	f000 f96e 	bl	20000b0c <hw_endpoint_start_next_buffer>
20000830:	e5fa      	b.n	20000428 <dcd_rp2040_irq+0x80>
20000832:	2300      	movs	r3, #0
20000834:	481b      	ldr	r0, [pc, #108]	@ (200008a4 <dcd_rp2040_irq+0x4fc>)
20000836:	f884 32bc 	strb.w	r3, [r4, #700]	@ 0x2bc
2000083a:	463e      	mov	r6, r7
2000083c:	f000 f966 	bl	20000b0c <hw_endpoint_start_next_buffer>
20000840:	e5f7      	b.n	20000432 <dcd_rp2040_irq+0x8a>
20000842:	2300      	movs	r3, #0
20000844:	4818      	ldr	r0, [pc, #96]	@ (200008a8 <dcd_rp2040_irq+0x500>)
20000846:	f884 32fc 	strb.w	r3, [r4, #764]	@ 0x2fc
2000084a:	463e      	mov	r6, r7
2000084c:	f000 f95e 	bl	20000b0c <hw_endpoint_start_next_buffer>
20000850:	e5f4      	b.n	2000043c <dcd_rp2040_irq+0x94>
20000852:	2300      	movs	r3, #0
20000854:	4815      	ldr	r0, [pc, #84]	@ (200008ac <dcd_rp2040_irq+0x504>)
20000856:	f884 333c 	strb.w	r3, [r4, #828]	@ 0x33c
2000085a:	463e      	mov	r6, r7
2000085c:	f000 f956 	bl	20000b0c <hw_endpoint_start_next_buffer>
20000860:	e5f1      	b.n	20000446 <dcd_rp2040_irq+0x9e>
20000862:	2300      	movs	r3, #0
20000864:	4812      	ldr	r0, [pc, #72]	@ (200008b0 <dcd_rp2040_irq+0x508>)
20000866:	f884 337c 	strb.w	r3, [r4, #892]	@ 0x37c
2000086a:	f000 f94f 	bl	20000b0c <hw_endpoint_start_next_buffer>
2000086e:	e6c2      	b.n	200005f6 <dcd_rp2040_irq+0x24e>
20000870:	4810      	ldr	r0, [pc, #64]	@ (200008b4 <dcd_rp2040_irq+0x50c>)
20000872:	ea86 0105 	eor.w	r1, r6, r5
20000876:	f000 fe17 	bl	200014a8 <__panic_veneer>
2000087a:	bf00      	nop
2000087c:	20002954 	.word	0x20002954
20000880:	20002614 	.word	0x20002614
20000884:	20002654 	.word	0x20002654
20000888:	20002694 	.word	0x20002694
2000088c:	200026d4 	.word	0x200026d4
20000890:	20002714 	.word	0x20002714
20000894:	20002754 	.word	0x20002754
20000898:	20002794 	.word	0x20002794
2000089c:	200027d4 	.word	0x200027d4
200008a0:	20002814 	.word	0x20002814
200008a4:	20002854 	.word	0x20002854
200008a8:	20002894 	.word	0x20002894
200008ac:	200028d4 	.word	0x200028d4
200008b0:	20002914 	.word	0x20002914
200008b4:	10007c38 	.word	0x10007c38

200008b8 <prepare_ep_buffer>:
200008b8:	e92d 43f0 	stmdb	sp!, {r4, r5, r6, r7, r8, r9, lr}
200008bc:	8a82      	ldrh	r2, [r0, #20]
200008be:	8b04      	ldrh	r4, [r0, #24]
200008c0:	4603      	mov	r3, r0
200008c2:	4294      	cmp	r4, r2
200008c4:	78c0      	ldrb	r0, [r0, #3]
200008c6:	bf28      	it	cs
200008c8:	4614      	movcs	r4, r2
200008ca:	1e05      	subs	r5, r0, #0
200008cc:	bf18      	it	ne
200008ce:	2501      	movne	r5, #1
200008d0:	f080 0001 	eor.w	r0, r0, #1
200008d4:	1b12      	subs	r2, r2, r4
200008d6:	785e      	ldrb	r6, [r3, #1]
200008d8:	70d8      	strb	r0, [r3, #3]
200008da:	b292      	uxth	r2, r2
200008dc:	f444 6080 	orr.w	r0, r4, #1024	@ 0x400
200008e0:	829a      	strh	r2, [r3, #20]
200008e2:	ea40 3045 	orr.w	r0, r0, r5, lsl #13
200008e6:	bb06      	cbnz	r6, 2000092a <prepare_ep_buffer+0x72>
200008e8:	68dd      	ldr	r5, [r3, #12]
200008ea:	f104 38ff 	add.w	r8, r4, #4294967295	@ 0xffffffff
200008ee:	eb05 1c81 	add.w	ip, r5, r1, lsl #6
200008f2:	691d      	ldr	r5, [r3, #16]
200008f4:	b1ac      	cbz	r4, 20000922 <prepare_ep_buffer+0x6a>
200008f6:	f1b8 0f05 	cmp.w	r8, #5
200008fa:	f105 0201 	add.w	r2, r5, #1
200008fe:	d903      	bls.n	20000908 <prepare_ep_buffer+0x50>
20000900:	ebac 0702 	sub.w	r7, ip, r2
20000904:	2f02      	cmp	r7, #2
20000906:	d817      	bhi.n	20000938 <prepare_ep_buffer+0x80>
20000908:	f10c 3cff 	add.w	ip, ip, #4294967295	@ 0xffffffff
2000090c:	4425      	add	r5, r4
2000090e:	e000      	b.n	20000912 <prepare_ep_buffer+0x5a>
20000910:	3201      	adds	r2, #1
20000912:	f812 6c01 	ldrb.w	r6, [r2, #-1]
20000916:	42aa      	cmp	r2, r5
20000918:	f80c 6f01 	strb.w	r6, [ip, #1]!
2000091c:	d1f8      	bne.n	20000910 <prepare_ep_buffer+0x58>
2000091e:	691d      	ldr	r5, [r3, #16]
20000920:	8a9a      	ldrh	r2, [r3, #20]
20000922:	4425      	add	r5, r4
20000924:	611d      	str	r5, [r3, #16]
20000926:	f440 4000 	orr.w	r0, r0, #32768	@ 0x8000
2000092a:	b90a      	cbnz	r2, 20000930 <prepare_ep_buffer+0x78>
2000092c:	f440 4080 	orr.w	r0, r0, #16384	@ 0x4000
20000930:	b101      	cbz	r1, 20000934 <prepare_ep_buffer+0x7c>
20000932:	0400      	lsls	r0, r0, #16
20000934:	e8bd 83f0 	ldmia.w	sp!, {r4, r5, r6, r7, r8, r9, pc}
20000938:	462f      	mov	r7, r5
2000093a:	46e6      	mov	lr, ip
2000093c:	4632      	mov	r2, r6
2000093e:	1f26      	subs	r6, r4, #4
20000940:	08b6      	lsrs	r6, r6, #2
20000942:	3601      	adds	r6, #1
20000944:	f857 9b04 	ldr.w	r9, [r7], #4
20000948:	3201      	adds	r2, #1
2000094a:	4296      	cmp	r6, r2
2000094c:	f84e 9b04 	str.w	r9, [lr], #4
20000950:	d8f8      	bhi.n	20000944 <prepare_ep_buffer+0x8c>
20000952:	ebb4 0f86 	cmp.w	r4, r6, lsl #2
20000956:	eba8 0286 	sub.w	r2, r8, r6, lsl #2
2000095a:	eb05 0e86 	add.w	lr, r5, r6, lsl #2
2000095e:	eb0c 0786 	add.w	r7, ip, r6, lsl #2
20000962:	d0dc      	beq.n	2000091e <prepare_ep_buffer+0x66>
20000964:	f815 5026 	ldrb.w	r5, [r5, r6, lsl #2]
20000968:	f80c 5026 	strb.w	r5, [ip, r6, lsl #2]
2000096c:	2a00      	cmp	r2, #0
2000096e:	d0d6      	beq.n	2000091e <prepare_ep_buffer+0x66>
20000970:	f89e 5001 	ldrb.w	r5, [lr, #1]
20000974:	2a01      	cmp	r2, #1
20000976:	707d      	strb	r5, [r7, #1]
20000978:	d0d1      	beq.n	2000091e <prepare_ep_buffer+0x66>
2000097a:	f89e 2002 	ldrb.w	r2, [lr, #2]
2000097e:	70ba      	strb	r2, [r7, #2]
20000980:	691d      	ldr	r5, [r3, #16]
20000982:	8a9a      	ldrh	r2, [r3, #20]
20000984:	e7cd      	b.n	20000922 <prepare_ep_buffer+0x6a>
20000986:	bf00      	nop

20000988 <sync_ep_buffer>:
20000988:	6883      	ldr	r3, [r0, #8]
2000098a:	4602      	mov	r2, r0
2000098c:	6818      	ldr	r0, [r3, #0]
2000098e:	b101      	cbz	r1, 20000992 <sync_ep_buffer+0xa>
20000990:	0c00      	lsrs	r0, r0, #16
20000992:	7853      	ldrb	r3, [r2, #1]
20000994:	f3c0 0009 	ubfx	r0, r0, #0, #10
20000998:	b313      	cbz	r3, 200009e0 <sync_ep_buffer+0x58>
2000099a:	b5f0      	push	{r4, r5, r6, r7, lr}
2000099c:	e9d2 5403 	ldrd	r5, r4, [r2, #12]
200009a0:	018f      	lsls	r7, r1, #6
200009a2:	eb05 1381 	add.w	r3, r5, r1, lsl #6
200009a6:	1e46      	subs	r6, r0, #1
200009a8:	b178      	cbz	r0, 200009ca <sync_ep_buffer+0x42>
200009aa:	2e05      	cmp	r6, #5
200009ac:	d904      	bls.n	200009b8 <sync_ep_buffer+0x30>
200009ae:	3701      	adds	r7, #1
200009b0:	443d      	add	r5, r7
200009b2:	1b65      	subs	r5, r4, r5
200009b4:	2d02      	cmp	r5, #2
200009b6:	d81c      	bhi.n	200009f2 <sync_ep_buffer+0x6a>
200009b8:	1e61      	subs	r1, r4, #1
200009ba:	181d      	adds	r5, r3, r0
200009bc:	f813 4b01 	ldrb.w	r4, [r3], #1
200009c0:	429d      	cmp	r5, r3
200009c2:	f801 4f01 	strb.w	r4, [r1, #1]!
200009c6:	d1f9      	bne.n	200009bc <sync_ep_buffer+0x34>
200009c8:	6914      	ldr	r4, [r2, #16]
200009ca:	8ad3      	ldrh	r3, [r2, #22]
200009cc:	4404      	add	r4, r0
200009ce:	4403      	add	r3, r0
200009d0:	82d3      	strh	r3, [r2, #22]
200009d2:	8b13      	ldrh	r3, [r2, #24]
200009d4:	6114      	str	r4, [r2, #16]
200009d6:	4283      	cmp	r3, r0
200009d8:	bf84      	itt	hi
200009da:	2300      	movhi	r3, #0
200009dc:	8293      	strhhi	r3, [r2, #20]
200009de:	bdf0      	pop	{r4, r5, r6, r7, pc}
200009e0:	8ad3      	ldrh	r3, [r2, #22]
200009e2:	4403      	add	r3, r0
200009e4:	82d3      	strh	r3, [r2, #22]
200009e6:	8b13      	ldrh	r3, [r2, #24]
200009e8:	4283      	cmp	r3, r0
200009ea:	bf84      	itt	hi
200009ec:	2300      	movhi	r3, #0
200009ee:	8293      	strhhi	r3, [r2, #20]
200009f0:	4770      	bx	lr
200009f2:	469e      	mov	lr, r3
200009f4:	4625      	mov	r5, r4
200009f6:	2100      	movs	r1, #0
200009f8:	f1a0 0c04 	sub.w	ip, r0, #4
200009fc:	ea4f 0c9c 	mov.w	ip, ip, lsr #2
20000a00:	f10c 0c01 	add.w	ip, ip, #1
20000a04:	f85e 7b04 	ldr.w	r7, [lr], #4
20000a08:	3101      	adds	r1, #1
20000a0a:	4561      	cmp	r1, ip
20000a0c:	f845 7b04 	str.w	r7, [r5], #4
20000a10:	d3f8      	bcc.n	20000a04 <sync_ep_buffer+0x7c>
20000a12:	ebb0 0f8c 	cmp.w	r0, ip, lsl #2
20000a16:	eba6 068c 	sub.w	r6, r6, ip, lsl #2
20000a1a:	eb03 058c 	add.w	r5, r3, ip, lsl #2
20000a1e:	eb04 018c 	add.w	r1, r4, ip, lsl #2
20000a22:	d0d1      	beq.n	200009c8 <sync_ep_buffer+0x40>
20000a24:	f813 302c 	ldrb.w	r3, [r3, ip, lsl #2]
20000a28:	f804 302c 	strb.w	r3, [r4, ip, lsl #2]
20000a2c:	2e00      	cmp	r6, #0
20000a2e:	d0cb      	beq.n	200009c8 <sync_ep_buffer+0x40>
20000a30:	786b      	ldrb	r3, [r5, #1]
20000a32:	2e01      	cmp	r6, #1
20000a34:	704b      	strb	r3, [r1, #1]
20000a36:	d0c7      	beq.n	200009c8 <sync_ep_buffer+0x40>
20000a38:	78ab      	ldrb	r3, [r5, #2]
20000a3a:	708b      	strb	r3, [r1, #2]
20000a3c:	6914      	ldr	r4, [r2, #16]
20000a3e:	e7c4      	b.n	200009ca <sync_ep_buffer+0x42>

20000a40 <_hw_endpoint_xfer_sync>:
20000a40:	b510      	push	{r4, lr}
20000a42:	4604      	mov	r4, r0
20000a44:	6883      	ldr	r3, [r0, #8]
20000a46:	2100      	movs	r1, #0
20000a48:	681b      	ldr	r3, [r3, #0]
20000a4a:	f7ff ff9d 	bl	20000988 <sync_ep_buffer>
20000a4e:	6863      	ldr	r3, [r4, #4]
20000a50:	681b      	ldr	r3, [r3, #0]
20000a52:	005b      	lsls	r3, r3, #1
20000a54:	d502      	bpl.n	20000a5c <_hw_endpoint_xfer_sync+0x1c>
20000a56:	8b23      	ldrh	r3, [r4, #24]
20000a58:	4283      	cmp	r3, r0
20000a5a:	d000      	beq.n	20000a5e <_hw_endpoint_xfer_sync+0x1e>
20000a5c:	bd10      	pop	{r4, pc}
20000a5e:	4620      	mov	r0, r4
20000a60:	e8bd 4010 	ldmia.w	sp!, {r4, lr}
20000a64:	2101      	movs	r1, #1
20000a66:	f7ff bf8f 	b.w	20000988 <sync_ep_buffer>
20000a6a:	bf00      	nop

20000a6c <e15_is_bulkin_ep>:
20000a6c:	4b08      	ldr	r3, [pc, #32]	@ (20000a90 <e15_is_bulkin_ep+0x24>)
20000a6e:	6c1b      	ldr	r3, [r3, #64]	@ 0x40
20000a70:	f013 0302 	ands.w	r3, r3, #2
20000a74:	d102      	bne.n	20000a7c <e15_is_bulkin_ep+0x10>
20000a76:	7882      	ldrb	r2, [r0, #2]
20000a78:	09d2      	lsrs	r2, r2, #7
20000a7a:	d101      	bne.n	20000a80 <e15_is_bulkin_ep+0x14>
20000a7c:	2000      	movs	r0, #0
20000a7e:	4770      	bx	lr
20000a80:	7ec0      	ldrb	r0, [r0, #27]
20000a82:	f1a0 0002 	sub.w	r0, r0, #2
20000a86:	fab0 f080 	clz	r0, r0
20000a8a:	0940      	lsrs	r0, r0, #5
20000a8c:	4770      	bx	lr
20000a8e:	bf00      	nop
20000a90:	50110000 	.word	0x50110000

20000a94 <e15_is_critical_frame_period>:
20000a94:	b508      	push	{r3, lr}
20000a96:	f7ff ffe9 	bl	20000a6c <e15_is_bulkin_ep>
20000a9a:	b150      	cbz	r0, 20000ab2 <e15_is_critical_frame_period+0x1e>
20000a9c:	4a05      	ldr	r2, [pc, #20]	@ (20000ab4 <e15_is_critical_frame_period+0x20>)
20000a9e:	4b06      	ldr	r3, [pc, #24]	@ (20000ab8 <e15_is_critical_frame_period+0x24>)
20000aa0:	6a90      	ldr	r0, [r2, #40]	@ 0x28
20000aa2:	681b      	ldr	r3, [r3, #0]
20000aa4:	f5a0 7048 	sub.w	r0, r0, #800	@ 0x320
20000aa8:	1ac0      	subs	r0, r0, r3
20000aaa:	28c6      	cmp	r0, #198	@ 0xc6
20000aac:	bf8c      	ite	hi
20000aae:	2000      	movhi	r0, #0
20000ab0:	2001      	movls	r0, #1
20000ab2:	bd08      	pop	{r3, pc}
20000ab4:	400b0000 	.word	0x400b0000
20000ab8:	200025a8 	.word	0x200025a8

20000abc <hw_endpoint_reset_transfer>:
20000abc:	2300      	movs	r3, #0
20000abe:	e9c0 3304 	strd	r3, r3, [r0, #16]
20000ac2:	7683      	strb	r3, [r0, #26]
20000ac4:	4770      	bx	lr
20000ac6:	bf00      	nop

20000ac8 <_hw_endpoint_buffer_control_update32>:
20000ac8:	b510      	push	{r4, lr}
20000aca:	6883      	ldr	r3, [r0, #8]
20000acc:	b109      	cbz	r1, 20000ad2 <_hw_endpoint_buffer_control_update32+0xa>
20000ace:	681c      	ldr	r4, [r3, #0]
20000ad0:	4021      	ands	r1, r4
20000ad2:	b182      	cbz	r2, 20000af6 <_hw_endpoint_buffer_control_update32+0x2e>
20000ad4:	4311      	orrs	r1, r2
20000ad6:	0552      	lsls	r2, r2, #21
20000ad8:	d50d      	bpl.n	20000af6 <_hw_endpoint_buffer_control_update32+0x2e>
20000ada:	681a      	ldr	r2, [r3, #0]
20000adc:	0554      	lsls	r4, r2, #21
20000ade:	d40c      	bmi.n	20000afa <_hw_endpoint_buffer_control_update32+0x32>
20000ae0:	4a08      	ldr	r2, [pc, #32]	@ (20000b04 <_hw_endpoint_buffer_control_update32+0x3c>)
20000ae2:	f421 6480 	bic.w	r4, r1, #1024	@ 0x400
20000ae6:	601c      	str	r4, [r3, #0]
20000ae8:	6c12      	ldr	r2, [r2, #64]	@ 0x40
20000aea:	0792      	lsls	r2, r2, #30
20000aec:	d403      	bmi.n	20000af6 <_hw_endpoint_buffer_control_update32+0x2e>
20000aee:	230c      	movs	r3, #12
20000af0:	3b03      	subs	r3, #3
20000af2:	d2fd      	bcs.n	20000af0 <_hw_endpoint_buffer_control_update32+0x28>
20000af4:	6883      	ldr	r3, [r0, #8]
20000af6:	6019      	str	r1, [r3, #0]
20000af8:	bd10      	pop	{r4, pc}
20000afa:	7881      	ldrb	r1, [r0, #2]
20000afc:	4802      	ldr	r0, [pc, #8]	@ (20000b08 <_hw_endpoint_buffer_control_update32+0x40>)
20000afe:	f000 fcd3 	bl	200014a8 <__panic_veneer>
20000b02:	bf00      	nop
20000b04:	50110000 	.word	0x50110000
20000b08:	10007c4c 	.word	0x10007c4c

20000b0c <hw_endpoint_start_next_buffer>:
20000b0c:	b530      	push	{r4, r5, lr}
20000b0e:	6843      	ldr	r3, [r0, #4]
20000b10:	2100      	movs	r1, #0
20000b12:	b083      	sub	sp, #12
20000b14:	4604      	mov	r4, r0
20000b16:	681d      	ldr	r5, [r3, #0]
20000b18:	f7ff fece 	bl	200008b8 <prepare_ep_buffer>
20000b1c:	4b13      	ldr	r3, [pc, #76]	@ (20000b6c <hw_endpoint_start_next_buffer+0x60>)
20000b1e:	f440 5280 	orr.w	r2, r0, #4096	@ 0x1000
20000b22:	6c1b      	ldr	r3, [r3, #64]	@ 0x40
20000b24:	f013 0f02 	tst.w	r3, #2
20000b28:	78a3      	ldrb	r3, [r4, #2]
20000b2a:	d00e      	beq.n	20000b4a <hw_endpoint_start_next_buffer+0x3e>
20000b2c:	065b      	lsls	r3, r3, #25
20000b2e:	d00e      	beq.n	20000b4e <hw_endpoint_start_next_buffer+0x42>
20000b30:	f025 45a0 	bic.w	r5, r5, #1342177280	@ 0x50000000
20000b34:	f045 5500 	orr.w	r5, r5, #536870912	@ 0x20000000
20000b38:	2100      	movs	r1, #0
20000b3a:	4620      	mov	r0, r4
20000b3c:	6863      	ldr	r3, [r4, #4]
20000b3e:	601d      	str	r5, [r3, #0]
20000b40:	b003      	add	sp, #12
20000b42:	e8bd 4030 	ldmia.w	sp!, {r4, r5, lr}
20000b46:	f7ff bfbf 	b.w	20000ac8 <_hw_endpoint_buffer_control_update32>
20000b4a:	09db      	lsrs	r3, r3, #7
20000b4c:	d0f0      	beq.n	20000b30 <hw_endpoint_start_next_buffer+0x24>
20000b4e:	8aa3      	ldrh	r3, [r4, #20]
20000b50:	2b00      	cmp	r3, #0
20000b52:	d0ed      	beq.n	20000b30 <hw_endpoint_start_next_buffer+0x24>
20000b54:	2101      	movs	r1, #1
20000b56:	4620      	mov	r0, r4
20000b58:	9201      	str	r2, [sp, #4]
20000b5a:	f7ff fead 	bl	200008b8 <prepare_ep_buffer>
20000b5e:	9a01      	ldr	r2, [sp, #4]
20000b60:	f025 5500 	bic.w	r5, r5, #536870912	@ 0x20000000
20000b64:	4302      	orrs	r2, r0
20000b66:	f045 45a0 	orr.w	r5, r5, #1342177280	@ 0x50000000
20000b6a:	e7e5      	b.n	20000b38 <hw_endpoint_start_next_buffer+0x2c>
20000b6c:	50110000 	.word	0x50110000

20000b70 <hw_endpoint_xfer_continue>:
20000b70:	b538      	push	{r3, r4, r5, lr}
20000b72:	7e85      	ldrb	r5, [r0, #26]
20000b74:	4604      	mov	r4, r0
20000b76:	b195      	cbz	r5, 20000b9e <hw_endpoint_xfer_continue+0x2e>
20000b78:	f7ff ff62 	bl	20000a40 <_hw_endpoint_xfer_sync>
20000b7c:	8aa3      	ldrh	r3, [r4, #20]
20000b7e:	b90b      	cbnz	r3, 20000b84 <hw_endpoint_xfer_continue+0x14>
20000b80:	4628      	mov	r0, r5
20000b82:	bd38      	pop	{r3, r4, r5, pc}
20000b84:	4620      	mov	r0, r4
20000b86:	f7ff ff85 	bl	20000a94 <e15_is_critical_frame_period>
20000b8a:	b120      	cbz	r0, 20000b96 <hw_endpoint_xfer_continue+0x26>
20000b8c:	2301      	movs	r3, #1
20000b8e:	7723      	strb	r3, [r4, #28]
20000b90:	2500      	movs	r5, #0
20000b92:	4628      	mov	r0, r5
20000b94:	bd38      	pop	{r3, r4, r5, pc}
20000b96:	4620      	mov	r0, r4
20000b98:	f7ff ffb8 	bl	20000b0c <hw_endpoint_start_next_buffer>
20000b9c:	e7f8      	b.n	20000b90 <hw_endpoint_xfer_continue+0x20>
20000b9e:	7881      	ldrb	r1, [r0, #2]
20000ba0:	4801      	ldr	r0, [pc, #4]	@ (20000ba8 <hw_endpoint_xfer_continue+0x38>)
20000ba2:	f000 fc81 	bl	200014a8 <__panic_veneer>
20000ba6:	bf00      	nop
20000ba8:	10007c6c 	.word	0x10007c6c

20000bac <dcd_event_handler>:
20000bac:	e92d 43f0 	stmdb	sp!, {r4, r5, r6, r7, r8, r9, lr}
20000bb0:	7843      	ldrb	r3, [r0, #1]
20000bb2:	4681      	mov	r9, r0
20000bb4:	3b02      	subs	r3, #2
20000bb6:	460d      	mov	r5, r1
20000bb8:	b085      	sub	sp, #20
20000bba:	2b04      	cmp	r3, #4
20000bbc:	d813      	bhi.n	20000be6 <dcd_event_handler+0x3a>
20000bbe:	e8df f003 	tbb	[pc, r3]
20000bc2:	4a03      	.short	0x4a03
20000bc4:	736a      	.short	0x736a
20000bc6:	44          	.byte	0x44
20000bc7:	00          	.byte	0x00
20000bc8:	2100      	movs	r1, #0
20000bca:	4b7b      	ldr	r3, [pc, #492]	@ (20000db8 <dcd_event_handler+0x20c>)
20000bcc:	781a      	ldrb	r2, [r3, #0]
20000bce:	f022 0201 	bic.w	r2, r2, #1
20000bd2:	701a      	strb	r2, [r3, #0]
20000bd4:	781a      	ldrb	r2, [r3, #0]
20000bd6:	f022 0202 	bic.w	r2, r2, #2
20000bda:	701a      	strb	r2, [r3, #0]
20000bdc:	7059      	strb	r1, [r3, #1]
20000bde:	781a      	ldrb	r2, [r3, #0]
20000be0:	f361 0282 	bfi	r2, r1, #2, #1
20000be4:	701a      	strb	r2, [r3, #0]
20000be6:	4b75      	ldr	r3, [pc, #468]	@ (20000dbc <dcd_event_handler+0x210>)
20000be8:	681c      	ldr	r4, [r3, #0]
20000bea:	6963      	ldr	r3, [r4, #20]
20000bec:	f3ef 8210 	mrs	r2, PRIMASK
20000bf0:	b672      	cpsid	i
20000bf2:	e8d3 0fcf 	ldaexb	r0, [r3]
20000bf6:	2101      	movs	r1, #1
20000bf8:	2800      	cmp	r0, #0
20000bfa:	d1fa      	bne.n	20000bf2 <dcd_event_handler+0x46>
20000bfc:	e8c3 1f40 	strexb	r0, r1, [r3]
20000c00:	2800      	cmp	r0, #0
20000c02:	d1f6      	bne.n	20000bf2 <dcd_event_handler+0x46>
20000c04:	f3bf 8f5f 	dmb	sy
20000c08:	61a2      	str	r2, [r4, #24]
20000c0a:	4649      	mov	r1, r9
20000c0c:	4620      	mov	r0, r4
20000c0e:	f000 fc3f 	bl	20001490 <__tu_fifo_write_veneer>
20000c12:	2300      	movs	r3, #0
20000c14:	6962      	ldr	r2, [r4, #20]
20000c16:	e8c2 3f8f 	stlb	r3, [r2]
20000c1a:	69a3      	ldr	r3, [r4, #24]
20000c1c:	f383 8810 	msr	PRIMASK, r3
20000c20:	b948      	cbnz	r0, 20000c36 <dcd_event_handler+0x8a>
20000c22:	f04f 23e0 	mov.w	r3, #3758153728	@ 0xe000e000
20000c26:	f8d3 3df0 	ldr.w	r3, [r3, #3568]	@ 0xdf0
20000c2a:	07db      	lsls	r3, r3, #31
20000c2c:	d50a      	bpl.n	20000c44 <dcd_event_handler+0x98>
20000c2e:	be00      	bkpt	0x0000
20000c30:	b005      	add	sp, #20
20000c32:	e8bd 83f0 	ldmia.w	sp!, {r4, r5, r6, r7, r8, r9, pc}
20000c36:	462a      	mov	r2, r5
20000c38:	f899 1001 	ldrb.w	r1, [r9, #1]
20000c3c:	f899 0000 	ldrb.w	r0, [r9]
20000c40:	f000 fc1e 	bl	20001480 <__tud_event_hook_cb_veneer>
20000c44:	b005      	add	sp, #20
20000c46:	e8bd 83f0 	ldmia.w	sp!, {r4, r5, r6, r7, r8, r9, pc}
20000c4a:	4a5d      	ldr	r2, [pc, #372]	@ (20000dc0 <dcd_event_handler+0x214>)
20000c4c:	7813      	ldrb	r3, [r2, #0]
20000c4e:	3301      	adds	r3, #1
20000c50:	b2db      	uxtb	r3, r3
20000c52:	7013      	strb	r3, [r2, #0]
20000c54:	e7c7      	b.n	20000be6 <dcd_event_handler+0x3a>
20000c56:	2400      	movs	r4, #0
20000c58:	4e5a      	ldr	r6, [pc, #360]	@ (20000dc4 <dcd_event_handler+0x218>)
20000c5a:	4623      	mov	r3, r4
20000c5c:	7831      	ldrb	r1, [r6, #0]
20000c5e:	f8df 816c 	ldr.w	r8, [pc, #364]	@ 20000dcc <dcd_event_handler+0x220>
20000c62:	4f59      	ldr	r7, [pc, #356]	@ (20000dc8 <dcd_event_handler+0x21c>)
20000c64:	e011      	b.n	20000c8a <dcd_event_handler+0xde>
20000c66:	683b      	ldr	r3, [r7, #0]
20000c68:	eb13 1344 	adds.w	r3, r3, r4, lsl #5
20000c6c:	d007      	beq.n	20000c7e <dcd_event_handler+0xd2>
20000c6e:	69db      	ldr	r3, [r3, #28]
20000c70:	b12b      	cbz	r3, 20000c7e <dcd_event_handler+0xd2>
20000c72:	f8d9 1004 	ldr.w	r1, [r9, #4]
20000c76:	f899 0000 	ldrb.w	r0, [r9]
20000c7a:	4798      	blx	r3
20000c7c:	7831      	ldrb	r1, [r6, #0]
20000c7e:	3401      	adds	r4, #1
20000c80:	b2e4      	uxtb	r4, r4
20000c82:	1c4a      	adds	r2, r1, #1
20000c84:	42a2      	cmp	r2, r4
20000c86:	4623      	mov	r3, r4
20000c88:	db17      	blt.n	20000cba <dcd_event_handler+0x10e>
20000c8a:	42a1      	cmp	r1, r4
20000c8c:	d8eb      	bhi.n	20000c66 <dcd_event_handler+0xba>
20000c8e:	1a5b      	subs	r3, r3, r1
20000c90:	eb08 1343 	add.w	r3, r8, r3, lsl #5
20000c94:	e7eb      	b.n	20000c6e <dcd_event_handler+0xc2>
20000c96:	4b48      	ldr	r3, [pc, #288]	@ (20000db8 <dcd_event_handler+0x20c>)
20000c98:	781a      	ldrb	r2, [r3, #0]
20000c9a:	07d6      	lsls	r6, r2, #31
20000c9c:	d5d2      	bpl.n	20000c44 <dcd_event_handler+0x98>
20000c9e:	781a      	ldrb	r2, [r3, #0]
20000ca0:	f042 0204 	orr.w	r2, r2, #4
20000ca4:	701a      	strb	r2, [r3, #0]
20000ca6:	e79e      	b.n	20000be6 <dcd_event_handler+0x3a>
20000ca8:	4b43      	ldr	r3, [pc, #268]	@ (20000db8 <dcd_event_handler+0x20c>)
20000caa:	781a      	ldrb	r2, [r3, #0]
20000cac:	07d4      	lsls	r4, r2, #31
20000cae:	d5c9      	bpl.n	20000c44 <dcd_event_handler+0x98>
20000cb0:	781a      	ldrb	r2, [r3, #0]
20000cb2:	f022 0204 	bic.w	r2, r2, #4
20000cb6:	701a      	strb	r2, [r3, #0]
20000cb8:	e795      	b.n	20000be6 <dcd_event_handler+0x3a>
20000cba:	4c3f      	ldr	r4, [pc, #252]	@ (20000db8 <dcd_event_handler+0x20c>)
20000cbc:	7823      	ldrb	r3, [r4, #0]
20000cbe:	0758      	lsls	r0, r3, #29
20000cc0:	d43a      	bmi.n	20000d38 <dcd_event_handler+0x18c>
20000cc2:	78e3      	ldrb	r3, [r4, #3]
20000cc4:	07da      	lsls	r2, r3, #31
20000cc6:	d5bd      	bpl.n	20000c44 <dcd_event_handler+0x98>
20000cc8:	2303      	movs	r3, #3
20000cca:	2600      	movs	r6, #0
20000ccc:	4a3b      	ldr	r2, [pc, #236]	@ (20000dbc <dcd_event_handler+0x210>)
20000cce:	f899 1000 	ldrb.w	r1, [r9]
20000cd2:	6814      	ldr	r4, [r2, #0]
20000cd4:	f8d9 2004 	ldr.w	r2, [r9, #4]
20000cd8:	f88d 1004 	strb.w	r1, [sp, #4]
20000cdc:	f88d 3005 	strb.w	r3, [sp, #5]
20000ce0:	6963      	ldr	r3, [r4, #20]
20000ce2:	f8cd 6006 	str.w	r6, [sp, #6]
20000ce6:	f8cd 600a 	str.w	r6, [sp, #10]
20000cea:	f8ad 600e 	strh.w	r6, [sp, #14]
20000cee:	9202      	str	r2, [sp, #8]
20000cf0:	f3ef 8210 	mrs	r2, PRIMASK
20000cf4:	b672      	cpsid	i
20000cf6:	e8d3 0fcf 	ldaexb	r0, [r3]
20000cfa:	2101      	movs	r1, #1
20000cfc:	2800      	cmp	r0, #0
20000cfe:	d1fa      	bne.n	20000cf6 <dcd_event_handler+0x14a>
20000d00:	e8c3 1f40 	strexb	r0, r1, [r3]
20000d04:	2800      	cmp	r0, #0
20000d06:	d1f6      	bne.n	20000cf6 <dcd_event_handler+0x14a>
20000d08:	f3bf 8f5f 	dmb	sy
20000d0c:	4620      	mov	r0, r4
20000d0e:	61a2      	str	r2, [r4, #24]
20000d10:	a901      	add	r1, sp, #4
20000d12:	f000 fbbd 	bl	20001490 <__tu_fifo_write_veneer>
20000d16:	6963      	ldr	r3, [r4, #20]
20000d18:	e8c3 6f8f 	stlb	r6, [r3]
20000d1c:	69a3      	ldr	r3, [r4, #24]
20000d1e:	f383 8810 	msr	PRIMASK, r3
20000d22:	2800      	cmp	r0, #0
20000d24:	f43f af7d 	beq.w	20000c22 <dcd_event_handler+0x76>
20000d28:	462a      	mov	r2, r5
20000d2a:	f89d 1005 	ldrb.w	r1, [sp, #5]
20000d2e:	f89d 0004 	ldrb.w	r0, [sp, #4]
20000d32:	f000 fba5 	bl	20001480 <__tud_event_hook_cb_veneer>
20000d36:	e785      	b.n	20000c44 <dcd_event_handler+0x98>
20000d38:	7823      	ldrb	r3, [r4, #0]
20000d3a:	2700      	movs	r7, #0
20000d3c:	f023 0304 	bic.w	r3, r3, #4
20000d40:	7023      	strb	r3, [r4, #0]
20000d42:	2305      	movs	r3, #5
20000d44:	4a1d      	ldr	r2, [pc, #116]	@ (20000dbc <dcd_event_handler+0x210>)
20000d46:	f88d 3005 	strb.w	r3, [sp, #5]
20000d4a:	6816      	ldr	r6, [r2, #0]
20000d4c:	f899 2000 	ldrb.w	r2, [r9]
20000d50:	f8ad 700e 	strh.w	r7, [sp, #14]
20000d54:	f88d 2004 	strb.w	r2, [sp, #4]
20000d58:	6973      	ldr	r3, [r6, #20]
20000d5a:	f8cd 7006 	str.w	r7, [sp, #6]
20000d5e:	f8cd 700a 	str.w	r7, [sp, #10]
20000d62:	f3ef 8210 	mrs	r2, PRIMASK
20000d66:	b672      	cpsid	i
20000d68:	e8d3 0fcf 	ldaexb	r0, [r3]
20000d6c:	2101      	movs	r1, #1
20000d6e:	2800      	cmp	r0, #0
20000d70:	d1fa      	bne.n	20000d68 <dcd_event_handler+0x1bc>
20000d72:	e8c3 1f40 	strexb	r0, r1, [r3]
20000d76:	2800      	cmp	r0, #0
20000d78:	d1f6      	bne.n	20000d68 <dcd_event_handler+0x1bc>
20000d7a:	f3bf 8f5f 	dmb	sy
20000d7e:	4630      	mov	r0, r6
20000d80:	61b2      	str	r2, [r6, #24]
20000d82:	a901      	add	r1, sp, #4
20000d84:	f000 fb84 	bl	20001490 <__tu_fifo_write_veneer>
20000d88:	6973      	ldr	r3, [r6, #20]
20000d8a:	e8c3 7f8f 	stlb	r7, [r3]
20000d8e:	69b3      	ldr	r3, [r6, #24]
20000d90:	f383 8810 	msr	PRIMASK, r3
20000d94:	b938      	cbnz	r0, 20000da6 <dcd_event_handler+0x1fa>
20000d96:	f04f 23e0 	mov.w	r3, #3758153728	@ 0xe000e000
20000d9a:	f8d3 3df0 	ldr.w	r3, [r3, #3568]	@ 0xdf0
20000d9e:	07d9      	lsls	r1, r3, #31
20000da0:	d58f      	bpl.n	20000cc2 <dcd_event_handler+0x116>
20000da2:	be00      	bkpt	0x0000
20000da4:	e78d      	b.n	20000cc2 <dcd_event_handler+0x116>
20000da6:	462a      	mov	r2, r5
20000da8:	f89d 1005 	ldrb.w	r1, [sp, #5]
20000dac:	f89d 0004 	ldrb.w	r0, [sp, #4]
20000db0:	f000 fb66 	bl	20001480 <__tud_event_hook_cb_veneer>
20000db4:	e785      	b.n	20000cc2 <dcd_event_handler+0x116>
20000db6:	bf00      	nop
20000db8:	2000214c 	.word	0x2000214c
20000dbc:	200021a4 	.word	0x200021a4
20000dc0:	20002a13 	.word	0x20002a13
20000dc4:	20002a11 	.word	0x20002a11
20000dc8:	20002044 	.word	0x20002044
20000dcc:	10007edc 	.word	0x10007edc

20000dd0 <__aeabi_drsub>:
20000dd0:	f081 4100 	eor.w	r1, r1, #2147483648	@ 0x80000000
20000dd4:	e002      	b.n	20000ddc <__adddf3>
20000dd6:	bf00      	nop

20000dd8 <__aeabi_dsub>:
20000dd8:	f083 4300 	eor.w	r3, r3, #2147483648	@ 0x80000000

20000ddc <__adddf3>:
20000ddc:	b530      	push	{r4, r5, lr}
20000dde:	ea4f 0441 	mov.w	r4, r1, lsl #1
20000de2:	ea4f 0543 	mov.w	r5, r3, lsl #1
20000de6:	ea94 0f05 	teq	r4, r5
20000dea:	bf08      	it	eq
20000dec:	ea90 0f02 	teqeq	r0, r2
20000df0:	bf1f      	itttt	ne
20000df2:	ea54 0c00 	orrsne.w	ip, r4, r0
20000df6:	ea55 0c02 	orrsne.w	ip, r5, r2
20000dfa:	ea7f 5c64 	mvnsne.w	ip, r4, asr #21
20000dfe:	ea7f 5c65 	mvnsne.w	ip, r5, asr #21
20000e02:	f000 80e2 	beq.w	20000fca <__adddf3+0x1ee>
20000e06:	ea4f 5454 	mov.w	r4, r4, lsr #21
20000e0a:	ebd4 5555 	rsbs	r5, r4, r5, lsr #21
20000e0e:	bfb8      	it	lt
20000e10:	426d      	neglt	r5, r5
20000e12:	dd0c      	ble.n	20000e2e <__adddf3+0x52>
20000e14:	442c      	add	r4, r5
20000e16:	ea80 0202 	eor.w	r2, r0, r2
20000e1a:	ea81 0303 	eor.w	r3, r1, r3
20000e1e:	ea82 0000 	eor.w	r0, r2, r0
20000e22:	ea83 0101 	eor.w	r1, r3, r1
20000e26:	ea80 0202 	eor.w	r2, r0, r2
20000e2a:	ea81 0303 	eor.w	r3, r1, r3
20000e2e:	2d36      	cmp	r5, #54	@ 0x36
20000e30:	bf88      	it	hi
20000e32:	bd30      	pophi	{r4, r5, pc}
20000e34:	f011 4f00 	tst.w	r1, #2147483648	@ 0x80000000
20000e38:	ea4f 3101 	mov.w	r1, r1, lsl #12
20000e3c:	f44f 1c80 	mov.w	ip, #1048576	@ 0x100000
20000e40:	ea4c 3111 	orr.w	r1, ip, r1, lsr #12
20000e44:	d002      	beq.n	20000e4c <__adddf3+0x70>
20000e46:	4240      	negs	r0, r0
20000e48:	eb61 0141 	sbc.w	r1, r1, r1, lsl #1
20000e4c:	f013 4f00 	tst.w	r3, #2147483648	@ 0x80000000
20000e50:	ea4f 3303 	mov.w	r3, r3, lsl #12
20000e54:	ea4c 3313 	orr.w	r3, ip, r3, lsr #12
20000e58:	d002      	beq.n	20000e60 <__adddf3+0x84>
20000e5a:	4252      	negs	r2, r2
20000e5c:	eb63 0343 	sbc.w	r3, r3, r3, lsl #1
20000e60:	ea94 0f05 	teq	r4, r5
20000e64:	f000 80a7 	beq.w	20000fb6 <__adddf3+0x1da>
20000e68:	f1a4 0401 	sub.w	r4, r4, #1
20000e6c:	f1d5 0e20 	rsbs	lr, r5, #32
20000e70:	db0d      	blt.n	20000e8e <__adddf3+0xb2>
20000e72:	fa02 fc0e 	lsl.w	ip, r2, lr
20000e76:	fa22 f205 	lsr.w	r2, r2, r5
20000e7a:	1880      	adds	r0, r0, r2
20000e7c:	f141 0100 	adc.w	r1, r1, #0
20000e80:	fa03 f20e 	lsl.w	r2, r3, lr
20000e84:	1880      	adds	r0, r0, r2
20000e86:	fa43 f305 	asr.w	r3, r3, r5
20000e8a:	4159      	adcs	r1, r3
20000e8c:	e00e      	b.n	20000eac <__adddf3+0xd0>
20000e8e:	f1a5 0520 	sub.w	r5, r5, #32
20000e92:	f10e 0e20 	add.w	lr, lr, #32
20000e96:	2a01      	cmp	r2, #1
20000e98:	fa03 fc0e 	lsl.w	ip, r3, lr
20000e9c:	bf28      	it	cs
20000e9e:	f04c 0c02 	orrcs.w	ip, ip, #2
20000ea2:	fa43 f305 	asr.w	r3, r3, r5
20000ea6:	18c0      	adds	r0, r0, r3
20000ea8:	eb51 71e3 	adcs.w	r1, r1, r3, asr #31
20000eac:	f001 4500 	and.w	r5, r1, #2147483648	@ 0x80000000
20000eb0:	d507      	bpl.n	20000ec2 <__adddf3+0xe6>
20000eb2:	f04f 0e00 	mov.w	lr, #0
20000eb6:	f1dc 0c00 	rsbs	ip, ip, #0
20000eba:	eb7e 0000 	sbcs.w	r0, lr, r0
20000ebe:	eb6e 0101 	sbc.w	r1, lr, r1
20000ec2:	f5b1 1f80 	cmp.w	r1, #1048576	@ 0x100000
20000ec6:	d31b      	bcc.n	20000f00 <__adddf3+0x124>
20000ec8:	f5b1 1f00 	cmp.w	r1, #2097152	@ 0x200000
20000ecc:	d30c      	bcc.n	20000ee8 <__adddf3+0x10c>
20000ece:	0849      	lsrs	r1, r1, #1
20000ed0:	ea5f 0030 	movs.w	r0, r0, rrx
20000ed4:	ea4f 0c3c 	mov.w	ip, ip, rrx
20000ed8:	f104 0401 	add.w	r4, r4, #1
20000edc:	ea4f 5244 	mov.w	r2, r4, lsl #21
20000ee0:	f512 0f80 	cmn.w	r2, #4194304	@ 0x400000
20000ee4:	f080 809a 	bcs.w	2000101c <__adddf3+0x240>
20000ee8:	f1bc 4f00 	cmp.w	ip, #2147483648	@ 0x80000000
20000eec:	bf08      	it	eq
20000eee:	ea5f 0c50 	movseq.w	ip, r0, lsr #1
20000ef2:	f150 0000 	adcs.w	r0, r0, #0
20000ef6:	eb41 5104 	adc.w	r1, r1, r4, lsl #20
20000efa:	ea41 0105 	orr.w	r1, r1, r5
20000efe:	bd30      	pop	{r4, r5, pc}
20000f00:	ea5f 0c4c 	movs.w	ip, ip, lsl #1
20000f04:	4140      	adcs	r0, r0
20000f06:	eb41 0101 	adc.w	r1, r1, r1
20000f0a:	3c01      	subs	r4, #1
20000f0c:	bf28      	it	cs
20000f0e:	f5b1 1f80 	cmpcs.w	r1, #1048576	@ 0x100000
20000f12:	d2e9      	bcs.n	20000ee8 <__adddf3+0x10c>
20000f14:	f091 0f00 	teq	r1, #0
20000f18:	bf04      	itt	eq
20000f1a:	4601      	moveq	r1, r0
20000f1c:	2000      	moveq	r0, #0
20000f1e:	fab1 f381 	clz	r3, r1
20000f22:	bf08      	it	eq
20000f24:	3320      	addeq	r3, #32
20000f26:	f1a3 030b 	sub.w	r3, r3, #11
20000f2a:	f1b3 0220 	subs.w	r2, r3, #32
20000f2e:	da0c      	bge.n	20000f4a <__adddf3+0x16e>
20000f30:	320c      	adds	r2, #12
20000f32:	dd08      	ble.n	20000f46 <__adddf3+0x16a>
20000f34:	f102 0c14 	add.w	ip, r2, #20
20000f38:	f1c2 020c 	rsb	r2, r2, #12
20000f3c:	fa01 f00c 	lsl.w	r0, r1, ip
20000f40:	fa21 f102 	lsr.w	r1, r1, r2
20000f44:	e00c      	b.n	20000f60 <__adddf3+0x184>
20000f46:	f102 0214 	add.w	r2, r2, #20
20000f4a:	bfd8      	it	le
20000f4c:	f1c2 0c20 	rsble	ip, r2, #32
20000f50:	fa01 f102 	lsl.w	r1, r1, r2
20000f54:	fa20 fc0c 	lsr.w	ip, r0, ip
20000f58:	bfdc      	itt	le
20000f5a:	ea41 010c 	orrle.w	r1, r1, ip
20000f5e:	4090      	lslle	r0, r2
20000f60:	1ae4      	subs	r4, r4, r3
20000f62:	bfa2      	ittt	ge
20000f64:	eb01 5104 	addge.w	r1, r1, r4, lsl #20
20000f68:	4329      	orrge	r1, r5
20000f6a:	bd30      	popge	{r4, r5, pc}
20000f6c:	ea6f 0404 	mvn.w	r4, r4
20000f70:	3c1f      	subs	r4, #31
20000f72:	da1c      	bge.n	20000fae <__adddf3+0x1d2>
20000f74:	340c      	adds	r4, #12
20000f76:	dc0e      	bgt.n	20000f96 <__adddf3+0x1ba>
20000f78:	f104 0414 	add.w	r4, r4, #20
20000f7c:	f1c4 0220 	rsb	r2, r4, #32
20000f80:	fa20 f004 	lsr.w	r0, r0, r4
20000f84:	fa01 f302 	lsl.w	r3, r1, r2
20000f88:	ea40 0003 	orr.w	r0, r0, r3
20000f8c:	fa21 f304 	lsr.w	r3, r1, r4
20000f90:	ea45 0103 	orr.w	r1, r5, r3
20000f94:	bd30      	pop	{r4, r5, pc}
20000f96:	f1c4 040c 	rsb	r4, r4, #12
20000f9a:	f1c4 0220 	rsb	r2, r4, #32
20000f9e:	fa20 f002 	lsr.w	r0, r0, r2
20000fa2:	fa01 f304 	lsl.w	r3, r1, r4
20000fa6:	ea40 0003 	orr.w	r0, r0, r3
20000faa:	4629      	mov	r1, r5
20000fac:	bd30      	pop	{r4, r5, pc}
20000fae:	fa21 f004 	lsr.w	r0, r1, r4
20000fb2:	4629      	mov	r1, r5
20000fb4:	bd30      	pop	{r4, r5, pc}
20000fb6:	f094 0f00 	teq	r4, #0
20000fba:	f483 1380 	eor.w	r3, r3, #1048576	@ 0x100000
20000fbe:	bf06      	itte	eq
20000fc0:	f481 1180 	eoreq.w	r1, r1, #1048576	@ 0x100000
20000fc4:	3401      	addeq	r4, #1
20000fc6:	3d01      	subne	r5, #1
20000fc8:	e74e      	b.n	20000e68 <__adddf3+0x8c>
20000fca:	ea7f 5c64 	mvns.w	ip, r4, asr #21
20000fce:	bf18      	it	ne
20000fd0:	ea7f 5c65 	mvnsne.w	ip, r5, asr #21
20000fd4:	d029      	beq.n	2000102a <__adddf3+0x24e>
20000fd6:	ea94 0f05 	teq	r4, r5
20000fda:	bf08      	it	eq
20000fdc:	ea90 0f02 	teqeq	r0, r2
20000fe0:	d005      	beq.n	20000fee <__adddf3+0x212>
20000fe2:	ea54 0c00 	orrs.w	ip, r4, r0
20000fe6:	bf04      	itt	eq
20000fe8:	4619      	moveq	r1, r3
20000fea:	4610      	moveq	r0, r2
20000fec:	bd30      	pop	{r4, r5, pc}
20000fee:	ea91 0f03 	teq	r1, r3
20000ff2:	bf1e      	ittt	ne
20000ff4:	2100      	movne	r1, #0
20000ff6:	2000      	movne	r0, #0
20000ff8:	bd30      	popne	{r4, r5, pc}
20000ffa:	ea5f 5c54 	movs.w	ip, r4, lsr #21
20000ffe:	d105      	bne.n	2000100c <__adddf3+0x230>
20001000:	0040      	lsls	r0, r0, #1
20001002:	4149      	adcs	r1, r1
20001004:	bf28      	it	cs
20001006:	f041 4100 	orrcs.w	r1, r1, #2147483648	@ 0x80000000
2000100a:	bd30      	pop	{r4, r5, pc}
2000100c:	f514 0480 	adds.w	r4, r4, #4194304	@ 0x400000
20001010:	bf3c      	itt	cc
20001012:	f501 1180 	addcc.w	r1, r1, #1048576	@ 0x100000
20001016:	bd30      	popcc	{r4, r5, pc}
20001018:	f001 4500 	and.w	r5, r1, #2147483648	@ 0x80000000
2000101c:	f045 41fe 	orr.w	r1, r5, #2130706432	@ 0x7f000000
20001020:	f441 0170 	orr.w	r1, r1, #15728640	@ 0xf00000
20001024:	f04f 0000 	mov.w	r0, #0
20001028:	bd30      	pop	{r4, r5, pc}
2000102a:	ea7f 5c64 	mvns.w	ip, r4, asr #21
2000102e:	bf1a      	itte	ne
20001030:	4619      	movne	r1, r3
20001032:	4610      	movne	r0, r2
20001034:	ea7f 5c65 	mvnseq.w	ip, r5, asr #21
20001038:	bf1c      	itt	ne
2000103a:	460b      	movne	r3, r1
2000103c:	4602      	movne	r2, r0
2000103e:	ea50 3401 	orrs.w	r4, r0, r1, lsl #12
20001042:	bf06      	itte	eq
20001044:	ea52 3503 	orrseq.w	r5, r2, r3, lsl #12
20001048:	ea91 0f03 	teqeq	r1, r3
2000104c:	f441 2100 	orrne.w	r1, r1, #524288	@ 0x80000
20001050:	bd30      	pop	{r4, r5, pc}
20001052:	bf00      	nop

20001054 <__aeabi_ui2d>:
20001054:	f090 0f00 	teq	r0, #0
20001058:	bf04      	itt	eq
2000105a:	2100      	moveq	r1, #0
2000105c:	4770      	bxeq	lr
2000105e:	b530      	push	{r4, r5, lr}
20001060:	f44f 6480 	mov.w	r4, #1024	@ 0x400
20001064:	f104 0432 	add.w	r4, r4, #50	@ 0x32
20001068:	f04f 0500 	mov.w	r5, #0
2000106c:	f04f 0100 	mov.w	r1, #0
20001070:	e750      	b.n	20000f14 <__adddf3+0x138>
20001072:	bf00      	nop

20001074 <__aeabi_i2d>:
20001074:	f090 0f00 	teq	r0, #0
20001078:	bf04      	itt	eq
2000107a:	2100      	moveq	r1, #0
2000107c:	4770      	bxeq	lr
2000107e:	b530      	push	{r4, r5, lr}
20001080:	f44f 6480 	mov.w	r4, #1024	@ 0x400
20001084:	f104 0432 	add.w	r4, r4, #50	@ 0x32
20001088:	f010 4500 	ands.w	r5, r0, #2147483648	@ 0x80000000
2000108c:	bf48      	it	mi
2000108e:	4240      	negmi	r0, r0
20001090:	f04f 0100 	mov.w	r1, #0
20001094:	e73e      	b.n	20000f14 <__adddf3+0x138>
20001096:	bf00      	nop

20001098 <__aeabi_f2d>:
20001098:	0042      	lsls	r2, r0, #1
2000109a:	ea4f 01e2 	mov.w	r1, r2, asr #3
2000109e:	ea4f 0131 	mov.w	r1, r1, rrx
200010a2:	ea4f 7002 	mov.w	r0, r2, lsl #28
200010a6:	bf1f      	itttt	ne
200010a8:	f012 437f 	andsne.w	r3, r2, #4278190080	@ 0xff000000
200010ac:	f093 4f7f 	teqne	r3, #4278190080	@ 0xff000000
200010b0:	f081 5160 	eorne.w	r1, r1, #939524096	@ 0x38000000
200010b4:	4770      	bxne	lr
200010b6:	f032 427f 	bics.w	r2, r2, #4278190080	@ 0xff000000
200010ba:	bf08      	it	eq
200010bc:	4770      	bxeq	lr
200010be:	f093 4f7f 	teq	r3, #4278190080	@ 0xff000000
200010c2:	bf04      	itt	eq
200010c4:	f441 2100 	orreq.w	r1, r1, #524288	@ 0x80000
200010c8:	4770      	bxeq	lr
200010ca:	b530      	push	{r4, r5, lr}
200010cc:	f44f 7460 	mov.w	r4, #896	@ 0x380
200010d0:	f001 4500 	and.w	r5, r1, #2147483648	@ 0x80000000
200010d4:	f021 4100 	bic.w	r1, r1, #2147483648	@ 0x80000000
200010d8:	e71c      	b.n	20000f14 <__adddf3+0x138>
200010da:	bf00      	nop

200010dc <__aeabi_ul2d>:
200010dc:	ea50 0201 	orrs.w	r2, r0, r1
200010e0:	bf08      	it	eq
200010e2:	4770      	bxeq	lr
200010e4:	b530      	push	{r4, r5, lr}
200010e6:	f04f 0500 	mov.w	r5, #0
200010ea:	e00a      	b.n	20001102 <__aeabi_l2d+0x16>

200010ec <__aeabi_l2d>:
200010ec:	ea50 0201 	orrs.w	r2, r0, r1
200010f0:	bf08      	it	eq
200010f2:	4770      	bxeq	lr
200010f4:	b530      	push	{r4, r5, lr}
200010f6:	f011 4500 	ands.w	r5, r1, #2147483648	@ 0x80000000
200010fa:	d502      	bpl.n	20001102 <__aeabi_l2d+0x16>
200010fc:	4240      	negs	r0, r0
200010fe:	eb61 0141 	sbc.w	r1, r1, r1, lsl #1
20001102:	f44f 6480 	mov.w	r4, #1024	@ 0x400
20001106:	f104 0432 	add.w	r4, r4, #50	@ 0x32
2000110a:	ea5f 5c91 	movs.w	ip, r1, lsr #22
2000110e:	f43f aed8 	beq.w	20000ec2 <__adddf3+0xe6>
20001112:	f04f 0203 	mov.w	r2, #3
20001116:	ea5f 0cdc 	movs.w	ip, ip, lsr #3
2000111a:	bf18      	it	ne
2000111c:	3203      	addne	r2, #3
2000111e:	ea5f 0cdc 	movs.w	ip, ip, lsr #3
20001122:	bf18      	it	ne
20001124:	3203      	addne	r2, #3
20001126:	eb02 02dc 	add.w	r2, r2, ip, lsr #3
2000112a:	f1c2 0320 	rsb	r3, r2, #32
2000112e:	fa00 fc03 	lsl.w	ip, r0, r3
20001132:	fa20 f002 	lsr.w	r0, r0, r2
20001136:	fa01 fe03 	lsl.w	lr, r1, r3
2000113a:	ea40 000e 	orr.w	r0, r0, lr
2000113e:	fa21 f102 	lsr.w	r1, r1, r2
20001142:	4414      	add	r4, r2
20001144:	e6bd      	b.n	20000ec2 <__adddf3+0xe6>
20001146:	bf00      	nop

20001148 <__aeabi_uldivmod>:
20001148:	b953      	cbnz	r3, 20001160 <__aeabi_uldivmod+0x18>
2000114a:	b94a      	cbnz	r2, 20001160 <__aeabi_uldivmod+0x18>
2000114c:	2900      	cmp	r1, #0
2000114e:	bf08      	it	eq
20001150:	2800      	cmpeq	r0, #0
20001152:	bf1c      	itt	ne
20001154:	f04f 31ff 	movne.w	r1, #4294967295	@ 0xffffffff
20001158:	f04f 30ff 	movne.w	r0, #4294967295	@ 0xffffffff
2000115c:	f000 b98c 	b.w	20001478 <__aeabi_idiv0>
20001160:	f1ad 0c08 	sub.w	ip, sp, #8
20001164:	e96d ce04 	strd	ip, lr, [sp, #-16]!
20001168:	f000 f806 	bl	20001178 <__udivmoddi4>
2000116c:	f8dd e004 	ldr.w	lr, [sp, #4]
20001170:	e9dd 2302 	ldrd	r2, r3, [sp, #8]
20001174:	b004      	add	sp, #16
20001176:	4770      	bx	lr

20001178 <__udivmoddi4>:
20001178:	e92d 4ff0 	stmdb	sp!, {r4, r5, r6, r7, r8, r9, sl, fp, lr}
2000117c:	9d09      	ldr	r5, [sp, #36]	@ 0x24
2000117e:	460e      	mov	r6, r1
20001180:	4604      	mov	r4, r0
20001182:	460f      	mov	r7, r1
20001184:	2b00      	cmp	r3, #0
20001186:	d147      	bne.n	20001218 <__udivmoddi4+0xa0>
20001188:	428a      	cmp	r2, r1
2000118a:	4694      	mov	ip, r2
2000118c:	fab2 f382 	clz	r3, r2
20001190:	d95a      	bls.n	20001248 <__udivmoddi4+0xd0>
20001192:	b143      	cbz	r3, 200011a6 <__udivmoddi4+0x2e>
20001194:	fa02 fc03 	lsl.w	ip, r2, r3
20001198:	f1c3 0220 	rsb	r2, r3, #32
2000119c:	409f      	lsls	r7, r3
2000119e:	409c      	lsls	r4, r3
200011a0:	fa20 f202 	lsr.w	r2, r0, r2
200011a4:	4317      	orrs	r7, r2
200011a6:	ea4f 461c 	mov.w	r6, ip, lsr #16
200011aa:	fa1f fe8c 	uxth.w	lr, ip
200011ae:	0c22      	lsrs	r2, r4, #16
200011b0:	fbb7 f1f6 	udiv	r1, r7, r6
200011b4:	fb06 7711 	mls	r7, r6, r1, r7
200011b8:	fb01 f00e 	mul.w	r0, r1, lr
200011bc:	ea42 4207 	orr.w	r2, r2, r7, lsl #16
200011c0:	4290      	cmp	r0, r2
200011c2:	d908      	bls.n	200011d6 <__udivmoddi4+0x5e>
200011c4:	eb1c 0202 	adds.w	r2, ip, r2
200011c8:	f101 37ff 	add.w	r7, r1, #4294967295	@ 0xffffffff
200011cc:	d202      	bcs.n	200011d4 <__udivmoddi4+0x5c>
200011ce:	4290      	cmp	r0, r2
200011d0:	f200 813c 	bhi.w	2000144c <__udivmoddi4+0x2d4>
200011d4:	4639      	mov	r1, r7
200011d6:	1a12      	subs	r2, r2, r0
200011d8:	b2a4      	uxth	r4, r4
200011da:	fbb2 f0f6 	udiv	r0, r2, r6
200011de:	fb06 2210 	mls	r2, r6, r0, r2
200011e2:	fb00 fe0e 	mul.w	lr, r0, lr
200011e6:	ea44 4402 	orr.w	r4, r4, r2, lsl #16
200011ea:	45a6      	cmp	lr, r4
200011ec:	d908      	bls.n	20001200 <__udivmoddi4+0x88>
200011ee:	eb1c 0404 	adds.w	r4, ip, r4
200011f2:	f100 32ff 	add.w	r2, r0, #4294967295	@ 0xffffffff
200011f6:	d202      	bcs.n	200011fe <__udivmoddi4+0x86>
200011f8:	45a6      	cmp	lr, r4
200011fa:	f200 812a 	bhi.w	20001452 <__udivmoddi4+0x2da>
200011fe:	4610      	mov	r0, r2
20001200:	ea40 4001 	orr.w	r0, r0, r1, lsl #16
20001204:	eba4 040e 	sub.w	r4, r4, lr
20001208:	2100      	movs	r1, #0
2000120a:	b11d      	cbz	r5, 20001214 <__udivmoddi4+0x9c>
2000120c:	40dc      	lsrs	r4, r3
2000120e:	2300      	movs	r3, #0
20001210:	e9c5 4300 	strd	r4, r3, [r5]
20001214:	e8bd 8ff0 	ldmia.w	sp!, {r4, r5, r6, r7, r8, r9, sl, fp, pc}
20001218:	428b      	cmp	r3, r1
2000121a:	d905      	bls.n	20001228 <__udivmoddi4+0xb0>
2000121c:	b10d      	cbz	r5, 20001222 <__udivmoddi4+0xaa>
2000121e:	e9c5 0100 	strd	r0, r1, [r5]
20001222:	2100      	movs	r1, #0
20001224:	4608      	mov	r0, r1
20001226:	e7f5      	b.n	20001214 <__udivmoddi4+0x9c>
20001228:	fab3 f183 	clz	r1, r3
2000122c:	2900      	cmp	r1, #0
2000122e:	d14f      	bne.n	200012d0 <__udivmoddi4+0x158>
20001230:	42b3      	cmp	r3, r6
20001232:	f0c0 8102 	bcc.w	2000143a <__udivmoddi4+0x2c2>
20001236:	4282      	cmp	r2, r0
20001238:	f240 80ff 	bls.w	2000143a <__udivmoddi4+0x2c2>
2000123c:	4608      	mov	r0, r1
2000123e:	2d00      	cmp	r5, #0
20001240:	d0e8      	beq.n	20001214 <__udivmoddi4+0x9c>
20001242:	e9c5 4700 	strd	r4, r7, [r5]
20001246:	e7e5      	b.n	20001214 <__udivmoddi4+0x9c>
20001248:	2b00      	cmp	r3, #0
2000124a:	f040 80af 	bne.w	200013ac <__udivmoddi4+0x234>
2000124e:	1a8a      	subs	r2, r1, r2
20001250:	ea4f 4e1c 	mov.w	lr, ip, lsr #16
20001254:	fa1f f78c 	uxth.w	r7, ip
20001258:	2101      	movs	r1, #1
2000125a:	fbb2 f6fe 	udiv	r6, r2, lr
2000125e:	fb0e 2016 	mls	r0, lr, r6, r2
20001262:	0c22      	lsrs	r2, r4, #16
20001264:	ea42 4200 	orr.w	r2, r2, r0, lsl #16
20001268:	fb07 f006 	mul.w	r0, r7, r6
2000126c:	4290      	cmp	r0, r2
2000126e:	d90f      	bls.n	20001290 <__udivmoddi4+0x118>
20001270:	eb1c 0202 	adds.w	r2, ip, r2
20001274:	f106 38ff 	add.w	r8, r6, #4294967295	@ 0xffffffff
20001278:	bf2c      	ite	cs
2000127a:	f04f 0901 	movcs.w	r9, #1
2000127e:	f04f 0900 	movcc.w	r9, #0
20001282:	4290      	cmp	r0, r2
20001284:	d903      	bls.n	2000128e <__udivmoddi4+0x116>
20001286:	f1b9 0f00 	cmp.w	r9, #0
2000128a:	f000 80dc 	beq.w	20001446 <__udivmoddi4+0x2ce>
2000128e:	4646      	mov	r6, r8
20001290:	1a12      	subs	r2, r2, r0
20001292:	b2a4      	uxth	r4, r4
20001294:	fbb2 f0fe 	udiv	r0, r2, lr
20001298:	fb0e 2210 	mls	r2, lr, r0, r2
2000129c:	fb00 f707 	mul.w	r7, r0, r7
200012a0:	ea44 4402 	orr.w	r4, r4, r2, lsl #16
200012a4:	42a7      	cmp	r7, r4
200012a6:	d90f      	bls.n	200012c8 <__udivmoddi4+0x150>
200012a8:	eb1c 0404 	adds.w	r4, ip, r4
200012ac:	f100 32ff 	add.w	r2, r0, #4294967295	@ 0xffffffff
200012b0:	bf2c      	ite	cs
200012b2:	f04f 0e01 	movcs.w	lr, #1
200012b6:	f04f 0e00 	movcc.w	lr, #0
200012ba:	42a7      	cmp	r7, r4
200012bc:	d903      	bls.n	200012c6 <__udivmoddi4+0x14e>
200012be:	f1be 0f00 	cmp.w	lr, #0
200012c2:	f000 80c9 	beq.w	20001458 <__udivmoddi4+0x2e0>
200012c6:	4610      	mov	r0, r2
200012c8:	1be4      	subs	r4, r4, r7
200012ca:	ea40 4006 	orr.w	r0, r0, r6, lsl #16
200012ce:	e79c      	b.n	2000120a <__udivmoddi4+0x92>
200012d0:	f1c1 0420 	rsb	r4, r1, #32
200012d4:	408b      	lsls	r3, r1
200012d6:	fa06 fc01 	lsl.w	ip, r6, r1
200012da:	fa00 fe01 	lsl.w	lr, r0, r1
200012de:	fa22 f704 	lsr.w	r7, r2, r4
200012e2:	40e6      	lsrs	r6, r4
200012e4:	408a      	lsls	r2, r1
200012e6:	431f      	orrs	r7, r3
200012e8:	fa20 f304 	lsr.w	r3, r0, r4
200012ec:	ea4f 4817 	mov.w	r8, r7, lsr #16
200012f0:	ea43 030c 	orr.w	r3, r3, ip
200012f4:	fa1f fc87 	uxth.w	ip, r7
200012f8:	ea4f 4913 	mov.w	r9, r3, lsr #16
200012fc:	fbb6 f0f8 	udiv	r0, r6, r8
20001300:	fb08 6610 	mls	r6, r8, r0, r6
20001304:	ea49 4606 	orr.w	r6, r9, r6, lsl #16
20001308:	fb00 f90c 	mul.w	r9, r0, ip
2000130c:	45b1      	cmp	r9, r6
2000130e:	d90e      	bls.n	2000132e <__udivmoddi4+0x1b6>
20001310:	19be      	adds	r6, r7, r6
20001312:	f100 3aff 	add.w	sl, r0, #4294967295	@ 0xffffffff
20001316:	bf2c      	ite	cs
20001318:	f04f 0b01 	movcs.w	fp, #1
2000131c:	f04f 0b00 	movcc.w	fp, #0
20001320:	45b1      	cmp	r9, r6
20001322:	d903      	bls.n	2000132c <__udivmoddi4+0x1b4>
20001324:	f1bb 0f00 	cmp.w	fp, #0
20001328:	f000 80a2 	beq.w	20001470 <__udivmoddi4+0x2f8>
2000132c:	4650      	mov	r0, sl
2000132e:	eba6 0609 	sub.w	r6, r6, r9
20001332:	fa1f f983 	uxth.w	r9, r3
20001336:	fbb6 f3f8 	udiv	r3, r6, r8
2000133a:	fb08 6613 	mls	r6, r8, r3, r6
2000133e:	fb03 fc0c 	mul.w	ip, r3, ip
20001342:	ea49 4606 	orr.w	r6, r9, r6, lsl #16
20001346:	45b4      	cmp	ip, r6
20001348:	d90e      	bls.n	20001368 <__udivmoddi4+0x1f0>
2000134a:	19be      	adds	r6, r7, r6
2000134c:	f103 38ff 	add.w	r8, r3, #4294967295	@ 0xffffffff
20001350:	bf2c      	ite	cs
20001352:	f04f 0901 	movcs.w	r9, #1
20001356:	f04f 0900 	movcc.w	r9, #0
2000135a:	45b4      	cmp	ip, r6
2000135c:	d903      	bls.n	20001366 <__udivmoddi4+0x1ee>
2000135e:	f1b9 0f00 	cmp.w	r9, #0
20001362:	f000 8082 	beq.w	2000146a <__udivmoddi4+0x2f2>
20001366:	4643      	mov	r3, r8
20001368:	ea43 4000 	orr.w	r0, r3, r0, lsl #16
2000136c:	eba6 060c 	sub.w	r6, r6, ip
20001370:	fba0 8c02 	umull	r8, ip, r0, r2
20001374:	4566      	cmp	r6, ip
20001376:	4643      	mov	r3, r8
20001378:	46e1      	mov	r9, ip
2000137a:	d302      	bcc.n	20001382 <__udivmoddi4+0x20a>
2000137c:	d107      	bne.n	2000138e <__udivmoddi4+0x216>
2000137e:	45c6      	cmp	lr, r8
20001380:	d205      	bcs.n	2000138e <__udivmoddi4+0x216>
20001382:	ebb8 0302 	subs.w	r3, r8, r2
20001386:	eb6c 0c07 	sbc.w	ip, ip, r7
2000138a:	3801      	subs	r0, #1
2000138c:	46e1      	mov	r9, ip
2000138e:	b15d      	cbz	r5, 200013a8 <__udivmoddi4+0x230>
20001390:	ebbe 0203 	subs.w	r2, lr, r3
20001394:	eb66 0609 	sbc.w	r6, r6, r9
20001398:	fa06 f404 	lsl.w	r4, r6, r4
2000139c:	fa22 f301 	lsr.w	r3, r2, r1
200013a0:	40ce      	lsrs	r6, r1
200013a2:	431c      	orrs	r4, r3
200013a4:	e9c5 4600 	strd	r4, r6, [r5]
200013a8:	2100      	movs	r1, #0
200013aa:	e733      	b.n	20001214 <__udivmoddi4+0x9c>
200013ac:	fa02 fc03 	lsl.w	ip, r2, r3
200013b0:	f1c3 0220 	rsb	r2, r3, #32
200013b4:	4099      	lsls	r1, r3
200013b6:	409c      	lsls	r4, r3
200013b8:	40d6      	lsrs	r6, r2
200013ba:	ea4f 4e1c 	mov.w	lr, ip, lsr #16
200013be:	fa20 f202 	lsr.w	r2, r0, r2
200013c2:	fa1f f78c 	uxth.w	r7, ip
200013c6:	fbb6 f0fe 	udiv	r0, r6, lr
200013ca:	430a      	orrs	r2, r1
200013cc:	fb0e 6610 	mls	r6, lr, r0, r6
200013d0:	0c11      	lsrs	r1, r2, #16
200013d2:	ea41 4106 	orr.w	r1, r1, r6, lsl #16
200013d6:	fb00 f607 	mul.w	r6, r0, r7
200013da:	428e      	cmp	r6, r1
200013dc:	d90e      	bls.n	200013fc <__udivmoddi4+0x284>
200013de:	eb1c 0101 	adds.w	r1, ip, r1
200013e2:	f100 38ff 	add.w	r8, r0, #4294967295	@ 0xffffffff
200013e6:	bf2c      	ite	cs
200013e8:	f04f 0901 	movcs.w	r9, #1
200013ec:	f04f 0900 	movcc.w	r9, #0
200013f0:	428e      	cmp	r6, r1
200013f2:	d902      	bls.n	200013fa <__udivmoddi4+0x282>
200013f4:	f1b9 0f00 	cmp.w	r9, #0
200013f8:	d034      	beq.n	20001464 <__udivmoddi4+0x2ec>
200013fa:	4640      	mov	r0, r8
200013fc:	1b89      	subs	r1, r1, r6
200013fe:	b292      	uxth	r2, r2
20001400:	fbb1 f6fe 	udiv	r6, r1, lr
20001404:	fb0e 1116 	mls	r1, lr, r6, r1
20001408:	ea42 4201 	orr.w	r2, r2, r1, lsl #16
2000140c:	fb06 f107 	mul.w	r1, r6, r7
20001410:	4291      	cmp	r1, r2
20001412:	d90e      	bls.n	20001432 <__udivmoddi4+0x2ba>
20001414:	eb1c 0202 	adds.w	r2, ip, r2
20001418:	f106 38ff 	add.w	r8, r6, #4294967295	@ 0xffffffff
2000141c:	bf2c      	ite	cs
2000141e:	f04f 0901 	movcs.w	r9, #1
20001422:	f04f 0900 	movcc.w	r9, #0
20001426:	4291      	cmp	r1, r2
20001428:	d902      	bls.n	20001430 <__udivmoddi4+0x2b8>
2000142a:	f1b9 0f00 	cmp.w	r9, #0
2000142e:	d016      	beq.n	2000145e <__udivmoddi4+0x2e6>
20001430:	4646      	mov	r6, r8
20001432:	1a52      	subs	r2, r2, r1
20001434:	ea46 4100 	orr.w	r1, r6, r0, lsl #16
20001438:	e70f      	b.n	2000125a <__udivmoddi4+0xe2>
2000143a:	1a84      	subs	r4, r0, r2
2000143c:	eb66 0203 	sbc.w	r2, r6, r3
20001440:	2001      	movs	r0, #1
20001442:	4617      	mov	r7, r2
20001444:	e6fb      	b.n	2000123e <__udivmoddi4+0xc6>
20001446:	3e02      	subs	r6, #2
20001448:	4462      	add	r2, ip
2000144a:	e721      	b.n	20001290 <__udivmoddi4+0x118>
2000144c:	3902      	subs	r1, #2
2000144e:	4462      	add	r2, ip
20001450:	e6c1      	b.n	200011d6 <__udivmoddi4+0x5e>
20001452:	4464      	add	r4, ip
20001454:	3802      	subs	r0, #2
20001456:	e6d3      	b.n	20001200 <__udivmoddi4+0x88>
20001458:	4464      	add	r4, ip
2000145a:	3802      	subs	r0, #2
2000145c:	e734      	b.n	200012c8 <__udivmoddi4+0x150>
2000145e:	3e02      	subs	r6, #2
20001460:	4462      	add	r2, ip
20001462:	e7e6      	b.n	20001432 <__udivmoddi4+0x2ba>
20001464:	3802      	subs	r0, #2
20001466:	4461      	add	r1, ip
20001468:	e7c8      	b.n	200013fc <__udivmoddi4+0x284>
2000146a:	3b02      	subs	r3, #2
2000146c:	443e      	add	r6, r7
2000146e:	e77b      	b.n	20001368 <__udivmoddi4+0x1f0>
20001470:	3802      	subs	r0, #2
20001472:	443e      	add	r6, r7
20001474:	e75b      	b.n	2000132e <__udivmoddi4+0x1b6>
20001476:	bf00      	nop

20001478 <__aeabi_idiv0>:
20001478:	4770      	bx	lr
2000147a:	bf00      	nop
2000147c:	0000      	movs	r0, r0
	...

20001480 <__tud_event_hook_cb_veneer>:
20001480:	f85f f000 	ldr.w	pc, [pc]	@ 20001484 <__tud_event_hook_cb_veneer+0x4>
20001484:	10004575 	.word	0x10004575

20001488 <__best_effort_wfe_or_timeout_veneer>:
20001488:	f85f f000 	ldr.w	pc, [pc]	@ 2000148c <__best_effort_wfe_or_timeout_veneer+0x4>
2000148c:	10001569 	.word	0x10001569

20001490 <__tu_fifo_write_veneer>:
20001490:	f85f f000 	ldr.w	pc, [pc]	@ 20001494 <__tu_fifo_write_veneer+0x4>
20001494:	10005f65 	.word	0x10005f65

20001498 <__time_us_64_veneer>:
20001498:	f85f f000 	ldr.w	pc, [pc]	@ 2000149c <__time_us_64_veneer+0x4>
2000149c:	10001659 	.word	0x10001659

200014a0 <__memset_veneer>:
200014a0:	f85f f000 	ldr.w	pc, [pc]	@ 200014a4 <__memset_veneer+0x4>
200014a4:	10006e1d 	.word	0x10006e1d

200014a8 <__panic_veneer>:
200014a8:	f85f f000 	ldr.w	pc, [pc]	@ 200014ac <__panic_veneer+0x4>
200014ac:	100007d9 	.word	0x100007d9

200014b0 <alarm_id_mag_hold>:
200014b0:	ffffffff                                ....

200014b4 <ring_brightness>:
200014b4:	                                         2.

200014b6 <striped_spin_lock_num>:
200014b6:	                                         ..

200014b8 <irq_handler_chain_slots>:
200014b8:	00000000 	.word	0x00000000
200014bc:	00010000 	.word	0x00010000
	...
200014c8:	00020000 	.word	0x00020000
	...
200014d4:	00030000 	.word	0x00030000
	...
200014e0:	00ff0000 	.word	0x00ff0000
200014e4:	00000000 	.word	0x00000000

200014e8 <irq_handler_chain_first_slot>:
200014e8:	b501      	push	{r0, lr}
200014ea:	6848      	ldr	r0, [r1, #4]
200014ec:	3101      	adds	r1, #1
200014ee:	468e      	mov	lr, r1
200014f0:	4700      	bx	r0

200014f2 <irq_handler_chain_remove_tail>:
200014f2:	4670      	mov	r0, lr
200014f4:	3809      	subs	r0, #9
200014f6:	4901      	ldr	r1, [pc, #4]	@ (200014fc <irq_handler_chain_remove_tail+0xa>)
200014f8:	4788      	blx	r1
200014fa:	bd01      	pop	{r0, pc}
200014fc:	10000ca1 	.word	0x10000ca1

20001500 <default_alarm_pool>:
	...
20001514:	20001b68                                h.. 

20001518 <stdio_usb>:
20001518:	10003d15 10003cc1 10003c39 10003ba9     .=...<..9<...;..
20001528:	00000000 00000100                       ........

20001530 <_usbd_qdef>:
20001530:	200021a8 000c0010 00000000 00000000     .!. ............
	...

2000154c <_usbd_rhport>:
2000154c:	000000ff                                ....

20001550 <i2c0_inst>:
20001550:	40090000 00000000                       ...@....

20001558 <_ZL11pio1_offset>:
20001558:	ffffffff                                ....

2000155c <_ZL11pio0_offset>:
2000155c:	ffffffff                                ....

20001560 <_impure_ptr>:
20001560:	20001568 00000000                       h.. ....

20001568 <_impure_data>:
20001568:	00000000 20001d68 20001dd0 20001e38     ....h.. ... 8.. 
	...
20001600:	00000001 00000000 abcd330e e66d1234     .........3..4.m.
20001610:	0005deec 0000000b 00000000 00000000     ................
	...

20001688 <__malloc_av_>:
	...
20001690:	20001688 20001688 20001690 20001690     ... ... ... ... 
200016a0:	20001698 20001698 200016a0 200016a0     ... ... ... ... 
200016b0:	200016a8 200016a8 200016b0 200016b0     ... ... ... ... 
200016c0:	200016b8 200016b8 200016c0 200016c0     ... ... ... ... 
200016d0:	200016c8 200016c8 200016d0 200016d0     ... ... ... ... 
200016e0:	200016d8 200016d8 200016e0 200016e0     ... ... ... ... 
200016f0:	200016e8 200016e8 200016f0 200016f0     ... ... ... ... 
20001700:	200016f8 200016f8 20001700 20001700     ... ... ... ... 
20001710:	20001708 20001708 20001710 20001710     ... ... ... ... 
20001720:	20001718 20001718 20001720 20001720     ... ...  ..  .. 
20001730:	20001728 20001728 20001730 20001730     (.. (.. 0.. 0.. 
20001740:	20001738 20001738 20001740 20001740     8.. 8.. @.. @.. 
20001750:	20001748 20001748 20001750 20001750     H.. H.. P.. P.. 
20001760:	20001758 20001758 20001760 20001760     X.. X.. `.. `.. 
20001770:	20001768 20001768 20001770 20001770     h.. h.. p.. p.. 
20001780:	20001778 20001778 20001780 20001780     x.. x.. ... ... 
20001790:	20001788 20001788 20001790 20001790     ... ... ... ... 
200017a0:	20001798 20001798 200017a0 200017a0     ... ... ... ... 
200017b0:	200017a8 200017a8 200017b0 200017b0     ... ... ... ... 
200017c0:	200017b8 200017b8 200017c0 200017c0     ... ... ... ... 
200017d0:	200017c8 200017c8 200017d0 200017d0     ... ... ... ... 
200017e0:	200017d8 200017d8 200017e0 200017e0     ... ... ... ... 
200017f0:	200017e8 200017e8 200017f0 200017f0     ... ... ... ... 
20001800:	200017f8 200017f8 20001800 20001800     ... ... ... ... 
20001810:	20001808 20001808 20001810 20001810     ... ... ... ... 
20001820:	20001818 20001818 20001820 20001820     ... ...  ..  .. 
20001830:	20001828 20001828 20001830 20001830     (.. (.. 0.. 0.. 
20001840:	20001838 20001838 20001840 20001840     8.. 8.. @.. @.. 
20001850:	20001848 20001848 20001850 20001850     H.. H.. P.. P.. 
20001860:	20001858 20001858 20001860 20001860     X.. X.. `.. `.. 
20001870:	20001868 20001868 20001870 20001870     h.. h.. p.. p.. 
20001880:	20001878 20001878 20001880 20001880     x.. x.. ... ... 
20001890:	20001888 20001888 20001890 20001890     ... ... ... ... 
200018a0:	20001898 20001898 200018a0 200018a0     ... ... ... ... 
200018b0:	200018a8 200018a8 200018b0 200018b0     ... ... ... ... 
200018c0:	200018b8 200018b8 200018c0 200018c0     ... ... ... ... 
200018d0:	200018c8 200018c8 200018d0 200018d0     ... ... ... ... 
200018e0:	200018d8 200018d8 200018e0 200018e0     ... ... ... ... 
200018f0:	200018e8 200018e8 200018f0 200018f0     ... ... ... ... 
20001900:	200018f8 200018f8 20001900 20001900     ... ... ... ... 
20001910:	20001908 20001908 20001910 20001910     ... ... ... ... 
20001920:	20001918 20001918 20001920 20001920     ... ...  ..  .. 
20001930:	20001928 20001928 20001930 20001930     (.. (.. 0.. 0.. 
20001940:	20001938 20001938 20001940 20001940     8.. 8.. @.. @.. 
20001950:	20001948 20001948 20001950 20001950     H.. H.. P.. P.. 
20001960:	20001958 20001958 20001960 20001960     X.. X.. `.. `.. 
20001970:	20001968 20001968 20001970 20001970     h.. h.. p.. p.. 
20001980:	20001978 20001978 20001980 20001980     x.. x.. ... ... 
20001990:	20001988 20001988 20001990 20001990     ... ... ... ... 
200019a0:	20001998 20001998 200019a0 200019a0     ... ... ... ... 
200019b0:	200019a8 200019a8 200019b0 200019b0     ... ... ... ... 
200019c0:	200019b8 200019b8 200019c0 200019c0     ... ... ... ... 
200019d0:	200019c8 200019c8 200019d0 200019d0     ... ... ... ... 
200019e0:	200019d8 200019d8 200019e0 200019e0     ... ... ... ... 
200019f0:	200019e8 200019e8 200019f0 200019f0     ... ... ... ... 
20001a00:	200019f8 200019f8 20001a00 20001a00     ... ... ... ... 
20001a10:	20001a08 20001a08 20001a10 20001a10     ... ... ... ... 
20001a20:	20001a18 20001a18 20001a20 20001a20     ... ...  ..  .. 
20001a30:	20001a28 20001a28 20001a30 20001a30     (.. (.. 0.. 0.. 
20001a40:	20001a38 20001a38 20001a40 20001a40     8.. 8.. @.. @.. 
20001a50:	20001a48 20001a48 20001a50 20001a50     H.. H.. P.. P.. 
20001a60:	20001a58 20001a58 20001a60 20001a60     X.. X.. `.. `.. 
20001a70:	20001a68 20001a68 20001a70 20001a70     h.. h.. p.. p.. 
20001a80:	20001a78 20001a78 20001a80 20001a80     x.. x.. ... ... 

20001a90 <__malloc_sbrk_base>:
20001a90:	ffffffff                                ....

20001a94 <__malloc_trim_threshold>:
20001a94:	00020000                                ....

20001a98 <print_mutex>:
	...
