:020000041000EA
:10000000002008205D0100101B0100101D010010E0
:100010001101001011010010110100101101001058
:100020001901001019010010190100101F01001022
:10003000110100101901001021010010230100100E
:100040001101001011010010110100101101001028
:100050001101001011010010110100101101001018
:100060001101001011010010110100101101001008
:1000700011010010110100101101001011010010F8
:1000800011010010110100101101001011010010E8
:1000900011010010110100101101001011010010D8
:1000A00011010010110100101101001011010010C8
:1000B00011010010110100101101001011010010B8
:1000C00011010010110100101101001011010010A8
:1000D0001101001011010010110100101101001098
:1000E0001101001011010010110100101101001088
:1000F0001101001011010010110100101101001078
:100100001101001011010010110100101101001067
:10011000EFF30580103800BE00BE00BE00BE00BE7A
:1001200000BE00BEF2EB8871347F0010547F0010D7
:10013000A001001090A31AE7D3DEFFFF42012110B7
:10014000FF010000AC970000793512AB4FF00000C2
:100150001E49086006C881F3088810474FF05040D8
:10016000006810B14FF00000F2E70DA40ECC00299A
:1001700002D000F012F8F9E71549164A002000E015
:1001800001C19142FCD11449884714498847144958
:10019000884700BEFDE701C901C29A42FBD3704700
:1001A000547F001010010020A01A0020E4980010D5
:1001B0000000082000000820E4980010001008202B
:1001C00000100820000000007047000008ED00E06B
:1001D000A01A00201C2A0020C5360010AD05001012
:1001E000BD360010F8B500BF0348044B834202D06F
:1001F000034B03B118477047A01A0020A01A002033
:1002000000000000064B0749C91A891048BF013198
:10021000491003D0044B0BB101481847704700BF89
:10022000A01A0020A01A00200000000010B5064C03
:10023000237843B9FFF7D8FF044B13B10448AFF359
:1002400000800123237010BD181D00200000000055
:10025000507A001008B5044B1BB104490448AFF3B1
:100260000080BDE80840CDE7000000001C1D002014
:10027000507A00100122024B002000211A707047B2
:10028000142A0020F0B585B0052833D8DFE800F047
:1002900034485087BF03754C754D2378052B05D026
:1002A0002E6800F0D5FF314601F0A8F800F0D0FF2D
:1002B000064601F0D1F94FF0FF3E6FF0004C6D4A59
:1002C000821830464FF0000641F1000396457CEB62
:1002D000030169493CBF724663460091CDE901665E
:1002E00000F0BAFF0521654B28601A782170002ABA
:1002F00040F0B68005B0F0BDC82001F01FF9604A9B
:100300006048138801331BB283F30803D9B213800A
:1003100006F066FB5B4805B0BDE8F04006F0A4BA05
:10032000C82001F00BF9564A56481388013BEAE70A
:100330004E4C4F4D2378022B05D02E6800F088FFDD
:10034000314601F05BF800F083FF064601F084F9C6
:100350004FF0FF3E6FF0004C464A484F821830463F
:100360004FF0000641F1000396457CEB0301424942
:100370003CBF72466346CDE90166009100F06CFF18
:1003800002223B7828602270002BB3D01023324623
:100390004FF47F413B483E7006F08AFABAE7334C8F
:1003A000334D2378032B05D02E6800F051FF3146E2
:1003B00001F024F800F04CFF064601F04DF94FF033
:1003C000FF3E6FF0004C2B4A821841F10003964526
:1003D0007CEB03014FF000013046274E3CBF7246D4
:1003E0006346CDE90111009600F036FF0322234E4B
:1003F000286033782270002B3FF47CAF002210235A
:100400004FF47F011F48327006F052FA82E7174C12
:10041000174D2378042B05D02E6800F019FF3146C4
:1004200000F0ECFF00F014FF064601F015F94FF064
:10043000FF3E6FF0004C144A821841F100039645CC
:100440007CEB03014FF0000130460B4E3CBF72467F
:100450006346CDE90111009600F0FEFE0422C6E7D6
:1004600008481E7006F0EAFA54E700BF152A00207B
:10047000B014002040420F0075020010142A002022
:10048000B4140020F01C002080841E0010B500244D
:1004900086B00A235E21154803AA009405F0A0FF48
:1004A00001301FD09DF813209DF815C002F01802EE
:1004B0009DF814E042F003020CF01F0C8DF80920A7
:1004C00004235E21009402AA08488DF808408DF8A4
:1004D0000AE08DF80BC005F07BFF013018BF01204A
:1004E00006B010BD204606B010BD00BF501500205C
:1004F000F0B5002785B006460D46144607235E2159
:10050000284802AA009705F06BFF013046D09DF8FD
:100510000DC09DF80C309DF80A209DF808100CF0D5
:100520000F0C4CEA021C1A0942EA0112C90918BF51
:100530006FEA02529DF8090003F00F0343EA00132B
:1005400018BF6FEA1252190544BF6FEA03536FEAEE
:1005500013531CF4006F18BF6FEA0C5C07EE902A6F
:1005600018BF6FEA1C5CF8EEE76A07EE10CA07EEE8
:10057000903A9FED0D6AF8EEE77AB8EEC77A01205F
:1005800066EE866A67EE867A27EE067AC6ED006A20
:10059000C5ED007A84ED007A05B0F0BD384605B0AF
:1005A000F0BD00BF5015002039B4C83D2DE9F04121
:1005B0002DED048B88B003F0B1F95849584805F087
:1005C000E1FE0321102000F0C5F80321112000F006
:1005D000C1F84FF47A7000F0B1FF524803F0E2F92D
:1005E000FFF754FF18B9504803F0DCF9FEE74F4C11
:1005F0004F4803F0D7F94FF41651204601F07AF82E
:100600000221042000F0A6F80221052000F0A2F843
:10061000206B484D00F4404000230122286308214C
:10062000204601F0E9F80121204601F01DF90620DD
:1006300000F0AEF806234FF0010242EC44304FF0D8
:10064000000242EC4030DFF8F8803B4F3B4E30E098
:10065000DDED058A18EE900A07F0AEF99DED078AE8
:10066000044618EE100A0D4607F0A6F99DED069A0D
:1006700002460B4619EE100ACDE9022307F09CF959
:100680002246CDE900012B46304603F00DFA69EE13
:10069000097AE8EEA87AE8EE087AB7EE087AF1EE81
:1006A000E76AF4EEC76AF1EE10FA0DDCC82000F03C
:1006B00045FF07AA06A905A8FFF71AFF0028C7D11A
:1006C000384603F06FF9F1E7F0EEE87AB0EEC97A58
:1006D000F4EEC77AF1EE10FAF0EEC86A77FE877A88
:1006E000F4EEE67A78FE898AF1EE10FA58BFB0EEA1
:1006F000688AB5EE408A4BBF0423002305220122FD
:10070000F1EE10FA48BF134698F80000984202D064
:1007100088F80030CAE7FFF7B5FDC7E7A0860100FB
:1007200050150020507A0010707A001000800740A9
:10073000A47A001000900740F07A0010C87A0010E8
:10074000192A002052231A221021014805F07ABEEE
:10075000F01C002010B44FF480740C4B53F8202090
:1007600003EB8003C00082F0400200F1804003F5FB
:10077000805C02F0C00200F5203003F54053CCF855
:10078000002041601C605DF8044B7047048003400A
:1007900030B44FF0000343EC440043EC4000052527
:1007A0004FF480740B4BC20053F8201003EB800011
:1007B00081F0400102F1804303F5203301F0C002D3
:1007C00000F5805100F540500A605D60046030BC67
:1007D000704700BF048003400FB400B583B0049C91
:1007E000074803F0DFF83CB105A92046019102F06B
:1007F00035FF044803F0D6F8012002F047FF00BFA0
:100800000C7B00101C7B0010EFF3108072B6064BBF
:10081000D3E8CF1F01220029FAD1C3E8412F0029D4
:10082000F6D1BFF35F8F70472B2100200023034ACE
:10083000C2E88F3F80F31088704700BF2B21002053
:1008400070B58646EFF3108572B6124CD4E8CF6FC0
:100850000120002EFAD1C4E8460F002EF6D1BFF3D6
:100860005F8F4FF0010CC80801F007030CFA03F387
:100870001EF800C01CEA030608D14CEA030C0EF86F
:1008800000C0C4E88F6F85F3108870BD1046FFF775
:10089000A3FF00BF2B210020F8B5EFF3108572B63F
:1008A000234CD4E8CF7F0126002FFAD1C4E8476F4C
:1008B000002FF6D1BFF35F8F9A4227D80126D708C1
:1008C00010F807E002F0070C06FA0CFC1EEA0C0F09
:1008D00000EBD2070DD125E04FEAD20E10F80EE062
:1008E00002F0070C06FA0CFC1EEA0C0F00EBD20714
:1008F00018D001329342EFD24FF0FF300023C4E80A
:100900008F3F85F31088984207DBF8BD0023C4E8C9
:100910008F3F85F310884FF0FF300029F5D00698FF
:10092000FFF75AFF4EEA0C0E104687F800E0E5E7A5
:100930002B210020044A1078431CDBB2182B28BF5F
:1009400010231370704700BFB614002010B5054C7B
:1009500082B001461F23182200940348FFF79CFF32
:1009600002B010BD207B0010482500204FF0E0228F
:10097000936843F000539360704700BF0021044B1D
:1009800003F12002C3E88F1F01339342FAD170476D
:10099000202100204FF0E0234FF08032C3F80024E4
:1009A000C3F80424C3F80824C3F80C24C3F81024A3
:1009B000C3F81424C3F81824C3F81C24C3F8202453
:1009C000C3F82424C3F82824C3F82C24C3F8302403
:1009D00062B67047012300F01F029340400941B105
:1009E000800000F1604000F56140C0F88031036094
:1009F0007047024A203042F82030704700E100E0A2
:100A00000123064A410952F8212000F01F008340CB
:100A1000134214BF01200020704700BF00E100E036
:100A200001224309034900F01F008240403341F88E
:100A30002320704700E100E0054A10309268054B22
:100A400052F82000C01A2F288CBF002001207047C8
:100A500000ED00E0B8140020F8B50D46EFF3108764
:100A600072B6124ED6E8CF2F0123002AFAD1C6E87B
:100A7000423F002AF6D1BFF35F8F0D4B00F1100407
:100A80009B680C4A53F82430934203D0994201D01A
:100A900001F088F8064B9B6843F82450BFF35F8F42
:100AA0000023C6E88F3F87F31088F8BD2921002076
:100AB00000ED00E0110100102DE9F04F81468B465A
:100AC000164683B0EFF3108372B6DFF8D0A100931F
:100AD000DAE8CF1F01230029FAD1CAE8413F0029F3
:100AE000F6D1BFF35F8F664B93F90040002CC0F244
:100AF000A080644D04EB440705EB870898F80610C6
:100B000009F110091970604BBF009B6853F8290068
:100B10006300411B2F292FD95C49884240F0A480F3
:100B20001C445B4B02372F44043BDB1BC3F34A03DB
:100B30006FEAC3434FF421416FEAD34325F82410F1
:100B400005EB840463804BF60153A380FF2348F038
:100B50000100E671C4F808B0A3714B4B9B6843F8E1
:100B60002900BFF35F8F0023CAE88F3F009B83F308
:100B7000108803B0BDE8F08F20F0010E9EF807103A
:100B8000B1422ED84FF42143EB53414BB91C2944B9
:100B9000043B04375B1A2F44AEF104013D4CC91BE2
:100BA000C1F34A012143A8F80410C3F34A033A49A8
:100BB0002343A8F802304AF6AA2073465B1B5B4128
:100BC0005843000D88F8076088F80600C8F808B098
:100BD00048F00100CEF80010BFE7D179B1422ED91C
:100BE00096469EF906C00CEB4C02BCF1000F05EBDB
:100BF0008202F2DA4BF601510EF10402A8F1040769
:100C0000BF1AC7F34A076FEAC7476FEAD7478EF89C
:100C1000064003EB0408204C05EB8803AEF8047093
:100C200045F82840998083F806C0DE71C3F808B003
:100C300093E700F0B7FF124B93F9004059E7724673
:100C400032F8041F490514D44915023102EB410161
:100C500001916FF00701C91B019F491B3944C1F382
:100C60004A0141F46041C9E7019300F09BFF019BF9
:100C700056E701F5FF1101F5FF511F31E4E700BF11
:100C8000162A0020B814002000ED00E01101001029
:100C9000E814002000E0FFFF0148804729210020E0
:100CA000F0B5EFF30585EDB2EFF3108C72B626497F
:100CB000D1E8CF2F0123002AFAD1C1E8423F002A10
:100CC000F6D1BFF35F8F214E40F0010EB4684AF6B3
:100CD000AA2354F825701E4A0446A41A64416343AB
:100CE0001B0D77455BB21BD092F906409C421CD08D
:100CF00092F912409C4223D092F91E409C4221D08E
:100D000092F92A409C4208BF03240FD0114A0024C4
:100D1000157813708571C1E88F4F8CF31088F0BD82
:100D2000B2680D4C42F82540F0E7002404EB44047F
:100D300002EB8402FF2494714BF601549480E5E7A2
:100D40000124F3E70224F1E72921002000ED00E06F
:100D5000B8140020162A00201101001010B5074C0D
:100D600082B001460523002200940548FFF794FD58
:100D70000028A8BFC0F1330002B010BD3C7B0010BA
:100D80001B2A0020014B0B440360704720210020E8
:100D900070B5104C104DAC420ED2FF26236863B1E3
:100DA000FFF7C8FD01462046FFF7ECFFA680BFF322
:100DB0005F8F0834AC42F1D370BDFFF7BBFD014635
:100DC0002046FFF7DFFF2671BFF35F8F0834AC4288
:100DD000E4D370BD981A0020A01A002010B5044674
:100DE000FFF7A8FD01462046FFF7CCFFFF23237144
:100DF000BFF35F8F10BD00BF10B504460120FFF7A1
:100E0000A5FD034B03442360BFF35F8F10BD00BFFC
:100E100020210020024B0B440360BFF35F8F70471B
:100E2000202100200D4B1A68EFF3108172B6D2E832
:100E3000CFCF0120BCF1000FF9D1C2E84C0FBCF1BB
:100E4000000FF4D1BFF35F8F00221B68C3E88F2F20
:100E500081F3108840BF002000217047F029002056
:100E60002DE9F04F2DED028B85B0EFF30583DBB25A
:100E7000103B9A0818BF01224FF0010103F0030054
:100E800018BFAF4DAF4B08BFAF4D00EB820253F818
:100E9000226001FA00FB05F541539FEDA78B0190FD
:100EA000C3F804B02EE0B388180440F19280B379FF
:100EB000002B40F0DC80B6F908100029C0F21D813B
:100EC000736901EB410103EBC103D3E90247B7F1B9
:100ED000FF3F08BFB4F1FF3F0DD0019B05EB83013D
:100EE000AB6A0A69D21AE31A934203D32B6A13EA54
:100EF0000B0F00D10C61284600F0A6FBA042B941BF
:100F0000C0F2FB80B6F90830C5F83CB0002B009366
:100F1000C9DBD6F8149003EB430A284609EBCA074D
:100F2000D7E9024800F090FBA04271EB0801BADB60
:100F3000B8F1000FC0F2C380D7E90431834A93426D
:100F400000F0ED807A88B6F9080092B242EA0040DB
:100F5000984702460B4652EA030100F0B080002B8E
:100F600080F2D180B4EB020E68EB030839F93A3015
:100F7000C7E902E8002B96DB716903EB430201EB42
:100F8000C202D2E90270BE4578EB000C4FEA430280
:100F900089DBB4462CF8083F0BE031F93230A44627
:100FA000002B0DDB03EB430001EBC0005A00D0E93E
:100FB0000270BE451A4478EB000001EBC204ECDA83
:100FC00029F83A30009BACF80030B38818043FF59C
:100FD0006EAF3369EFF3108272B6D3E8CF0F012101
:100FE0000028FAD1C3E8401F0028F6D1BFF35F8F75
:100FF0004FF6FF74B0880023316900B2B480C1E8B5
:101000008F3F82F310889842FFF651AF0746A946FA
:10101000746906F1080807EB470E04EBCE03D3E929
:101020000250B6F90830C446002B13DBB2460097D5
:1010300004E034F936309446002B09DB03EB430619
:1010400004EBC602D2E90271BD4270EB0101F0DA95
:101050005646009FACF8007034F93E7024F83E30DC
:10106000002FD8DAB3794D46002B3FF424AF00238C
:10107000B371B6F9083006F10808591C3DD019467D
:10108000776903E080465A1C3FF417AF03EB430235
:1010900007EBC200B0F802C01C461CF4004F9E468D
:1010A00037F93230EED08C4280ED028B05D0A8F8B3
:1010B0000030318927F8321034817146E3E739F87E
:1010C0003A3033813369EFF3108272B6D3E8CF0F31
:1010D00001210028FAD1C3E8401F0028F6D1BFF350
:1010E0005F8F7388316929F83A30009B7380002341
:1010F000C1E88F3F82F31088D5E640BF05B0BDEC54
:10110000028BBDE8F08F2846CDE9022300F09CFA5F
:10111000029A039B10EB020E43EB010826E70846F8
:101120000B69029198470028C9D00299D1E90023A0
:1011300011E700BFAFF30080FFFFFFFFFFFFFFFFDE
:1011400000800B40C829002000000B40610E0010F9
:101150002DE9F84F364C25692DB1BDE8F84F0A212D
:101160003448FFF70FBEDFF8E4800321404600F06B
:1011700059FA0326C4F80C80FFF7DCFB4FF0504C03
:101180002D4B267003442361DCF800300F2163707F
:10119000636961801D834FF00405A3F878504FF018
:1011A0000505A3F890504FF00605A3F8A8504FF09E
:1011B00007050E214FF6FF7208274FF00A0EA3F81D
:1011C000C0504FF001094FF00C0C4FF0020B4FF0E4
:1011D000090A0D204FF00B05A3F868111749A280EA
:1011E000A3F808E1A160A3F848B0A3F8F0A0A3F821
:1011F0002051A3F838C1A3F85001A3F83090A3F808
:101200006060A3F8D8701A800D4B3046C8F8207083
:101210000C49DC60FFF720FC49463046FFF7DAFB5B
:10122000094B0A211F640348BDE8F84FFFF7AABD28
:1012300000150020F029002020210020FFFF1000D1
:10124000C8290020610E001000200B4000000B4058
:101250000048704700150020F8B59DF8207004463E
:1012600016461D4637B900F0F7F9864265EB0101D5
:1012700000295CDB2369EFF3108772B6D3E8CF1F38
:1012800001220029FAD1C3E8412F0029F6D1BFF38A
:101290005F8FB4F902C063690CEB4C01BCF1000F25
:1012A0004FEAC10203EBC10138DB985A4FF0000E40
:1012B00060802069C0E88FEF87F310880698C1E945
:1012C000026508610798486148880130C0F30E0044
:1012D000012838BF0120488040EA0C402169EFF323
:1012E000108572B6D1E8CF7F0126002FFAD1C1E870
:1012F000476F002FF6D1BFF35F8FA1889952A4F8F2
:1013000004C02369C3E88FEF85F310880122E368E6
:10131000217803F501538A405A60F8BD0023226901
:10132000C2E88F3F87F310884FF0FF30F8BD384692
:10133000F8BD00BF0146F0B50069EFF3108772B643
:10134000D0E8CF5F0124002DFAD1C0E8454F002D31
:10135000F6D1BFF35F8FB1F902E04C690EEB4E0C92
:10136000BEF1000F4FEACC0504EBCC0C3DDB605B1B
:10137000002648800869C0E88F6F87F31088BCF8A2
:101380000200CCE902230130C0F30E00012838BF6F
:101390000120059BACF80200CCF81030069B40EA17
:1013A0000E40CCF814300B69EFF3108272B6D3E81C
:1013B000CFCF0127BCF1000FF9D1C3E84C7FBCF1BE
:1013C000000FF4D1BFF35F8F8B886353A1F804E063
:1013D0000B69C3E88F6F82F310880122CB6809780C
:1013E00003F501538A405A60F0BD00230A69C2E840
:1013F0008F3F87F310884FF0FF30F0BD03464089E0
:10140000B0EB214F37DD58690A1402EB420210B5E8
:1014100000EBC2001C69EFF3108C72B6D4E8CFEF7A
:101420000122BEF1000FF9D1C4E84E2FBEF1000F2A
:10143000F4D1BFF35F8F428889B292B28A4207D05B
:1014400000221B69C3E88F2F8CF31088002010BD89
:1014500042F4004242800121002218699971C0E8DB
:101460008F2F8CF310881C78DA68084602F5015338
:10147000A140596010BD0020704700BF4078704700
:101480002DE9F041861F41F1FF35B04271EB0503B4
:1014900038BF002682B038BF354604460F4600F0FC
:1014A000DBF8301A65EB0103012873F1000306DA5B
:1014B0002046394602B0BDE8F04100F009B900F01D
:1014C000CBF8864265EB010100290ADB0021174BAE
:1014D0003246009316482B460191FFF72BFF002858
:1014E000E6DB4FF0000C1348134A436A9D4204D8D0
:1014F000816AB142DCD29D42DAD11368EFF31081E8
:1015000072B6D3E8CF8F5FF0010EB8F1000FF8D1BB
:10151000C3E848EFB8F1000FF3D1BFF35F8F136852
:10152000C3E88FCF81F3108820BFDEE7250E0010BF
:101530000015002000000B40F029002010B50446E3
:1015400000F08AF84FF47A734FF0FF3C6FF00042DE
:10155000E4FB0301BDE81040844572EB01033CBF8E
:1015600060461146FFF78CBF2DE9F04306460D4655
:1015700083B0EFF30584E4B23CB1274B586AA8422C
:101580001CD2002003B0BDE8F083244FD7F80C90A4
:1015900097F80080484600F057F808F1040859F819
:1015A00028301B1A301A65EB0101984271F10001D5
:1015B00011DB20BF184B586AA842E2D39B6AB342A2
:1015C00003D3012003B0BDE8F083401B18BF012006
:1015D00003B0BDE8F08300F03FF8864265EB0101FF
:1015E0000029CADB0E4B3846CDE9003432462B4683
:1015F000FFF7A0FE011EC0DD074B5A6AAA4208D3BE
:101600009B6AB34203D30548FFF7F8FEB5E7AA4249
:10161000F9D120BFF7E700BF00000B400015002004
:10162000250E001010B4054B054C064AA04214BF0D
:101630001846581C5DF8044BFFF702B94C250020F2
:1016400000800B40587B00100346416A0A46986AA6
:10165000596A8A42FAD17047034B596A0A46986A16
:10166000596A9142FAD1704700000B4010B4174AF2
:10167000536A9C46946A536A6345FAD100195941EA
:101680004FF0000228BF01220346CAB10F4B596A2E
:101690004B1C08BF0B4608D04FF0FF310B460B48E0
:1016A000426A8A42FCD38A4207D1084A02E0506A61
:1016B000884202D1906A9842F9D35DF8044B704792
:1016C000024A526A9142EAD8EDE700BF00000B409F
:1016D000074A536A9942FCD8994207D1044B02E069
:1016E0005A6A914202D19A6A8242F9D3704700BF86
:1016F00000000B40F8B5054606200E4600F048F9FC
:10170000002842D0354A3648954214BF4FF08062D7
:101710004FF00062334B344902601A608C6832EA41
:101720000404FBD12D4B4FF48071EB1AB3FA83F311
:101730002E4A5B09062022F8131000F029F9C30095
:10174000B3FBF6F30133DA0920D1402601216962A7
:10175000AA622F6BFB0722D42B46002253F82C1FC2
:10176000062003F5805422602F6300F011F940F247
:10177000013103228000B0FBF6F0EB6A83F07003C6
:1017800003F07E0323602963AA64F8BD4FF6FE715F
:101790008A421BD922464FF6FF71154ED7E740F219
:1017A000013205F540531A636B6AAC6A062004EBFC
:1017B000831400F0EDF80F4BA402A3FB0023DB0A17
:1017C0000021B4FBF3F0FFF751FFC5E7C3F3450376
:1017D000114603EB82161A46B9E700BF00800740A6
:1017E000002002400030024000000240FC2900209E
:1017F000C0FF3F00757B2B8F013A0539D200F8B549
:10180000054642EA411443B1A3F10103B3FA83F35D
:101810005B0944EA830343F002042E6BF3070AD406
:101820002B4653F82C2F624002F06E0203F58053D2
:101830001A602E63F8BD40F2013205F540531A6379
:101840006B6AAF6A062007EB831700F0A1F8054B1F
:10185000BF02A3FB0030C00A0021B7FBF0F0FFF786
:1018600005FFDDE7757B2B8FF8B5066B0546F307A3
:101870004FEA01140AD42B4653F82C2F544004F09D
:10188000100403F580531C602E63F8BD40F2013252
:1018900000F540531A636B6AAF6A062007EB8317A3
:1018A00000F076F8054BBF02A3FB0030C00A002110
:1018B000B7FBF0F0FFF7DAFEDDE700BF757B2B8F9B
:1018C00000EB400C4FEA8C0C0CF1804C0CF5803C8A
:1018D000F0B51646DCF80420051FB2F5803F38BF8E
:1018E0004FF48032EDB238BFCCF80420012D2AD954
:1018F0004FF40067254C0CF54052176054F8202037
:10190000B2B9DCF80020012D82EA461202F0E002B2
:101910000CF5805632602AD94FF4006144F820302B
:101920004FF480330CF500521160CCF80430F0BD58
:101930006769B7FBF2FE0EF1010E0EEB4E0EBEF123
:10194000030EFCD2DDE70129D2D103240CF540526D
:101950001460DCF80820D207FBD5DCF800200B4C23
:1019600082EA461202F0E0020CF580563260012253
:10197000DCF800504D4005F00305356002FA01F136
:10198000DCF808200A42FBD0C6E700BF542500203F
:10199000014B53F8200070475425002070B4039D7C
:1019A00004682D0345EA03451B4B002CB3FBF1F300
:1019B000B2FBF3F61FDB194A194B904214BF4FF4E8
:1019C00080424FF40042174C1A6003F580531A60AE
:1019D000A36832EA0303FBD1212200F5405304330C
:1019E000016086601A600268002AFCDA0822C5607D
:1019F0001A6070BC7047036803F03F038B42DAD172
:101A00008368C3F30B03B342D5D1C36803F4EE2359
:101A1000AB42D0D1EDE700BF001BB700008005400E
:101A2000002002400000024030B44FF080441C4BC4
:101A30001C60E0B11B4CA3F54053DC611A4C40F034
:101A4000010044401C62596298624FF080454FF09B
:101A5000E061134B1548164C1D60846019604AB94B
:101A600030BC4FF00042A3F580531A607047114B11
:101A7000D861EAE74FF47A7303FB02F2B2F1807F98
:101A80002ABF6FF07F4313461A464FF080410A4C3D
:101A900008482360094B426030BC1960704700BFA2
:101AA00000B00D40D3C007B02D3FF84F00A001405B
:101AB000F3FFFF0100800D40B829002000A00D4079
:101AC000012300EB4000800000F1804000F584100D
:101AD00041600360704700BF002370B5DB8A044695
:101AE0000D46002242E800F2520254BF10210421A8
:101AF00044F25220984786462B462246F446BDE8DB
:101B000070400A214FF48170604700BF0023DB8AD8
:101B1000002242E800F2520201D4102118470421A9
:101B2000184700BF08B503460846191E02DB1AB164
:101B300040F03000FFF7D0FF40F02000FAE700BF90
:101B4000034AD2F82838002BFBD0BFF35F8F7047D1
:101B500000000E400021044B044ABFF35F8F43F89E
:101B6000041B9342F9D170470C080E402C080E401C
:101B700010B44FF48D704FF42A64064A064B07499F
:101B80001460D06019605368002BFCDA5DF8044BD8
:101B9000704700BF0080044000A0044000B0FA007D
:101BA000704700BF08B50148FEF716FE7C7B0010A9
:101BB00038B5054C054DAC4204D254F8043B984767
:101BC000AC42FAD338BD00BF007A0010407A001052
:101BD00010B40748074C084B084A094904601A60CA
:101BE0008B6832EA0303FBD15DF8044B704700BFFA
:101BF000002002407F3BEFEF00300240F6FFF3038E
:101C000000000240044BDB6CB3F5004F03D14FF4EE
:101C10008022024BDA6470470000115000201150FE
:101C20004FF0E022044BD2F8881D0B43C2F8883DE8
:101C300010EE3004704700BF030330006FF06041C6
:101C4000044B054A19609368DB4333F06043FAD1D3
:101C5000704700BF003002400000024010B545F25E
:101C60005320FFF753FFBDE81040034604201847F8
:101C700010B545F25320FFF749FFBDE81040034679
:101C800001201847FEF77ABE70B51449144C154D63
:101C9000641AA610442E324628BF442228469200D9
:101CA00005F05AFDB4F5867F13D80F4AC6F14401FA
:101CB00012D02B19480803EBC000C3E900220833F7
:101CC0008342FAD1CB0704D521F00103334445F810
:101CD0002320064B9D6070BD4323F8E700000010F1
:101CE00010010010000000201101001000ED00E0C4
:101CF000002370B52B4C82B0C4F88430FFF738FF56
:101D00000122294BDA63636C012BFCD10321264AA3
:101D1000244B11639C6B012CFCD102260525214626
:101D20000523224A22480096FFF738FE21462B461B
:101D3000204A21480095FFF731FE00220420314659
:101D40001E4BFFF7BDFD2146284600221C4BFFF726
:101D5000B7FD0022082011461A4BFFF7B1FD002203
:101D600009201146174BFFF7ABFD00220620114654
:101D7000134BFFF7A5FD0022114B07201146FFF77B
:101D80009FFD0420FFF704FE00240F4BA3FB00354A
:101D9000AD0CE0B229460134FFF792FE062CF8D1D3
:101DA00002B070BD0000014000300140002F6859B2
:101DB00000000540008C864700800540001BB700EE
:101DC00080D1F008006CDC0283DE1B4386B003B4D4
:101DD00051FC0804CDE9020151FC0904CDE90401DC
:101DE00051EC0A04CDE9060103BCF047BDE8005000
:101DF0004EEC00C4BDE800504EEC01C4BDE80050FC
:101E00004EEC02C400BD000000B5FFF7DFFF02E0AA
:101E100010FE30F4F8D441EC100443EC112400EE31
:101E2000010410EE010480EE200451EC1004704710
:101E300000B5FFF7CBFF02E010FE30F4F8D441EC20
:101E4000100443EC112400EE010410EE210480EE96
:101E5000200451EC3004704700B5FFF7B7FF02E0F3
:101E600010FE30F4F8D410B541EC100443EC11240A
:101E700051EC040453EC0524A0FB024C5FF0000E6F
:101E8000E0FB03CEE1FB02CE4CEC20440024E1FB5E
:101E900003E444EC30E480EE200451EC5004BDE84F
:101EA0001040704700B5FFF791FF02E010FE30F4DC
:101EB000F8D441EC100443EC112451EC2104A0FBB4
:101EC00001126FEA820252FB100052FB12F252FB27
:101ED0001000A0EBD07C53EC04245CFB13F153EC1A
:101EE0001524A1FB022001FB030053EC4424A2EBC8
:101EF000000050FB1CF24FEA111312EB017043EB90
:101F0000E27140EA515020EA915020F0070053EC72
:101F10007524A0FB023C53EC752400FB03CC01FBB1
:101F200002CC53EC0424ACEB824C40EA5C70A0F190
:101F3000010041EC400480EE200451EC7004704735
:101F400000B5FFF743FF02E010FE30F4F8D440EC98
:101F5000700400EE010410EE210480EE200451EC28
:101F60003004704700B5FFF731FF02E010FE30F497
:101F7000F8D440EC600400EE010410EE210480EE81
:101F8000200451EC3004704700B5FFF71FFF02E05A
:101F900010FE30F4F8D441EC800400EE010410EEA1
:101FA000010480EE400410EE1304704700B5FFF703
:101FB0000DFF02E010FE30F4F8D441EC800400EE96
:101FC000010410EE010480EE400410EE330470476B
:101FD00000B5FFF7FBFE02E010FE30F4F8D441EC50
:101FE000100443EC112400EE010410EE3004C0F3A1
:101FF0000070704700B5FFF7E9FE02E010FE30F414
:10200000F8D443EC102441EC110400EE010410EE6E
:1020100030F48CBF01200020704700BF00B5FFF7EF
:10202000D5FE02E010FE30F4F8D441EC100443EC8D
:10203000112400EE010410EE30F42CBF012000202A
:10204000704700BF00B5FFF7C1FE02E010FE30F49C
:10205000F8D441EC100443EC112400EE010410EE1E
:1020600030F48CBF01200020704700BF38B5044613
:102070000D4604F025FF05FB04F428B10346044A8D
:102080002344934200D838BD0248FEF7A5FB00BFA9
:1020900000000820887B001005F056BB704700BF89
:1020A0002DE9F04F83B09946DDE90DAB0F9B8846D3
:1020B00011469A07074616D1DA453AD20C460D4624
:1020C000ABEB0A060E4422464B4641462020013423
:1020D000B847B442F7D12946BAF1000F08D12046DB
:1020E00003B0BDE8F08F0C46BAF1000F10D00E46D9
:1020F00055460C9B2E449A440191721B4B46013D60
:1021000041461AF8010D3446B847002DF5D1019922
:102110000F9B9B07E3D5651AAB45E0D922464B469A
:10212000414620200135B8475D4504F10104F5D34F
:10213000D5E7BAF1000FDAD10C46D0E72DE9F04F20
:102140000F9FDDF824E017F0020F0A9C9DF82C90F9
:102150000E9DDDE90C8629D1002D6FD1B44225D228
:10216000202C07F0010B00F0128104F1FF3C4FF02E
:10217000300AF44401E0202C7AD00134A6420CF855
:1021800001AFF8D8BBF1000F10D0AC420ED2202C1A
:1021900074D004F1FF3C4FF0300AF44401E0202CED
:1021A00029D00134AC420CF801AFF8D117F0100F70
:1021B0003AD017F4806F28D11CBBB8F1100F00F093
:1021C000CA80B8F1020F00F0D48030248EF80040AD
:1021D0000124B9F1000F67D17E0740F1AA802B26B8
:1021E0000EF804600134CDE90B57CDE909E4BDE8F0
:1021F000F04FFFF755BFFC0640F189807C0535D4D0
:102200002024A6426AD0AC4268D0B8F1100F00F08A
:102210008780B8F1020F5AD0202CE4D02646013432
:102220004FF0300C0EF806C0202CD2D1CDE90B5760
:10223000CDE909E4BDE8F04FFFF732BF17F0010B1D
:102240003ED0B9F1000F47D117F00C0F44D1B44282
:102250009BD2202C89D1202D10D8FC0657D57C0587
:1022600055D4202E00F0B980202D10D02024CCE7AA
:10227000BBF1000F00F0A580202DBCD9FC0646D58F
:102280007C0544D4202E00F0A880202D3FD12C4680
:102290001F26B8F1100F7FD0B8F1020FC0D14FF058
:1022A000620C0EF806C0B7E72D260EF80460013464
:1022B000CDE90B57CDE909E4BDE8F04FFFF7F0BEDB
:1022C000B442BFF473AF202C7FF44FAFD6E7202C7D
:1022D00089D026460134E2E7013DB8E7661ED8D131
:1022E000B8F1100F64D0B8F1020F7FF46EAF622620
:1022F0008EF80060302644468EF80160B9F1000F78
:102300003FF46AAFD0E7B8F1100F7FF46CAF202430
:10231000CDE90B57CDE909E4BDE8F04FFFF7C0BEAA
:10232000BE060ED4202CF2D078260EF804600134BC
:1023300072E73E077FF557AF20260EF804600134A0
:1023400051E7202CE3D04FF0580C0EEB040686F832
:1023500000C0013460E7BE0617D558248EF800404F
:1023600030248EF801400224B9F1000F3FF434AF5D
:102370009AE762248EF8004030248EF8014002244F
:10238000B9F1000F3FF428AF8EE77824F2E7BBF1F4
:10239000000F7FF462AF71E717F0200F0CBF4FF012
:1023A000780C4FF0580CA61E0EF806C0013C35E71D
:1023B000BC06EAD558248EF8004030248EF801403F
:1023C000DDE717F0100F3FF40EAF17F4806F9AD1CE
:1023D000202E7FF418AF1F265BE734461F2658E7F0
:1023E00000B9704701F09CBA10B1D1E9003118472B
:1023F000704700BF000000002DE9F04F9FB09DED39
:10240000287BDDE92AA558EC177B83461E460D91F3
:10241000109243463A46384641468DED087B2C9C47
:10242000FFF7DAFD002840F0D880384641464FF0EB
:10243000FF32754BFFF70AFE002840F0CE80384689
:1024400041464FF0FF326FF48013FFF7D7FD0028AD
:1024500040F0C380DDE90878002238464146002379
:10246000FFF7CCFD002840F0C081CDE90A78DDE916
:102470000A2390461F4614F4806308BF4FF0060AF3
:10248000139304F4006258EA0703119240F0C080ED
:10249000002A00F0A2819FED5A7B00278DED0E7B74
:1024A0004FF00009BA45CCBFAAEB070A4FF0000A6B
:1024B0004F46C8BF0AF1FF3A44F480644D4594BFCB
:1024C0004FF00008A5EB090814F00203119304D0A3
:1024D000B9F1000F18BF4FF000083FB1DDE90A0164
:1024E000DDE90E23FFF7E2FCCDE90A01DDE9080191
:1024F00000220023FFF782FD30B1DDE90A01024628
:1025000001F10043CDE90A239DED0A7BCDE902A844
:10251000DDF834A024F4006304938DED007B334692
:1025200051465846109A00F097F98046B9F1000FCD
:102530004FD014F0200F024600F1010433460CBFC7
:10254000652045205146D84709F1FF3087EAE77CEE
:102550000DF1580900224B46DFF8B080ACEBE77C68
:102560004FEAD77E01E0202A10D0E246A8FB0C718A
:10257000C90801EB8107ACEB47073037BAF1090F07
:102580008C4602F1010203F8017BECD8052305908B
:10259000069300200A230D9FCDE90330CDE9012EDB
:1025A0003346224639465846CDF80090FFF7C6FD1F
:1025B000119B80466BB1109BC41AA54209D94246B3
:1025C0003346394620200134D847A54208F1010896
:1025D000F5D840461FB0BDE8F08F9DED087B33462F
:1025E0005846109A0D998DED287BCDE92B54CDF8E6
:1025F000A8A01FB0BDE8F04F00F02EB9AFF30080E7
:102600000000000000000000FFFFEF7FCDCCCCCC2D
:10261000C7F30A50A0F2FF30FFF796FC8AA3D3E974
:102620000023FFF71DFC8AA3D3E90023FFF7F0FB8B
:10263000C7F31307CDE90E0147F07F514046002252
:102640007B4B41F44011FFF7F7FB6BA3D3E9002369
:10265000FFF706FC02460B46DDE90E01FFF7D8FB4B
:10266000FFF796FC0746FFF76FFC65A3D3E900234D
:1026700080468946FFF7F4FB00226E4BFFF7C8FB4C
:10268000FFF786FC03464946404612935EA3D3E912
:102690000023FFF7E5FB804612988946FFF754FCBC
:1026A0005BA3D3E90023FFF7DBFB02460B46404662
:1026B0004946FFF7C1FB02460B4680468946FFF7B5
:1026C000CFFB42464B46CDE90E0140464946FFF757
:1026D0009FFB0022CDE91401DDE90E01564BFFF707
:1026E000E5FB0022554BFFF793FB02460B46DDE965
:1026F0000E01FFF7DBFB0022514BFFF789FB02467F
:102700000B46DDE90E01FFF7D1FB42464B46804602
:10271000894600204FF08041FFF78EFB02460B46B2
:1027200040464946FFF774FB02460B46DDE91401BB
:10273000FFF7BCFB0022434BFFF76AFB129B002212
:1027400003F2FF3C4FEA0C53FFF78AFB80468946B1
:10275000DDE90A0142464B46CDE90E89FFF74EFC02
:1027600068BB4346494607F16302C62A119A8CBFEB
:102770004FF005094FF00409002A3FF49FAE0B43C8
:102780003FF48EAEDDE90A0123A3D3E90023FFF76E
:1027900049FC48B1DDE90A0121A3D3E90023FFF791
:1027A0002DFC00287FF47CAEBAF1000F3FF486AE1A
:1027B000139B002B3FF482AE0AF1FF3A7EE6002223
:1027C0001E4B40464946FFF771FB0A460146034649
:1027D000CDE90E12013F1146C5E79FED137B174669
:1027E0004FF004098DED0E7B68E608F100430A976F
:1027F0000B933CE6AFF3008061436F63A787D23F42
:1028000071A379094F930A401655B5BBB16B0240CD
:10281000EF39FAFE422EE63F2D431CEBE2361A3F1B
:102820000000000080842E41000000000000000035
:102830000000F83F0000E03F00002C400000244072
:10284000000018400000F03FFB799F501344D33F35
:10285000B3C8608B288AC63F2DE9F04F97B0DDE9F9
:102860002089CDE90401DDE9224BCDE9062340466C
:1028700042464B464946DDF890A0FFF7ADFB0028E5
:1028800040F0C581404649464FF0FF326FF4801357
:10289000FFF7B4FB002840F01D81404649464FF049
:1028A000FF32C14BFFF7D2FB002840F0E380B8A312
:1028B000D3E9002340464946FFF7C8FB002840F013
:1028C000CB80B5A3D3E9002340464946FFF796FBEA
:1028D000002840F0C1804046494600220023FFF70F
:1028E0008DFB002840F0E0801AF480650D9000F028
:1028F000E980092C40F296810EAB1A460C933021E8
:102900000023A4F109050133202B02F8011BA4EBDD
:10291000030600F03A81AB42F5D19FED9D7B8DED32
:10292000087B49464046FFF733FB0446FFF70CFBA4
:1029300002460B4640464946FFF77EFADDE908238A
:10294000FFF78EFA02460B46CDE90A23FFF732FB6A
:102950000746FFF70BFB02460B46DDE90A01FFF7CE
:102960006BFA02460B46CDE90A2300228F4BFFF794
:102970006DFB002800F0DB8001373846FFF7F6FAE0
:10298000DDE90823FFF74EFB08B100270134002ED4
:1029900040F0B1802046FFF7D7FA02460B4640468A
:1029A0004946FFF749FA0022804B06460F46FFF7DB
:1029B00025FB40B93046394600227C4BFFF746FBE9
:1029C000002800F015810C9B691E7948194410E01D
:1029D00080FB0462C3EBA20303EB8302A4EB42047B
:1029E00004F1300201351C4601F8012F002B00F0E4
:1029F000AB80202D4FEAE473EAD10AF00303012BE8
:102A00001CD1BBF1000F19D00D9B002B40F0F980B9
:102A10001AF00C0F40F0F580AB4540F2D380202D2A
:102A20000BD030220C996B1E0B4401355D4503F829
:102A3000012F00F08D80202DF7D12025DDE9062320
:102A4000DDE904010C9CCDE902BA01950094FFF781
:102A500027FB17B0BDE8F08FCDE92089DDE906231B
:102A6000DDE90401CDE923BA229417B0BDE8F04FA7
:102A7000FFF7C2BC4F4DCDF88CA00AF0040ABAF1A2
:102A8000000F4D4C18BF2C46DDE90623DDE904019B
:102A900020940CBF03240424CDF888B0219417B0EF
:102AA000BDE8F04FFFF7FCBA4B464246002000213C
:102AB000FFF7C2F901231AF48065804689460D9319
:102AC0007FF417AF9FED367B0EAB06268DED087BAE
:102AD0000C9326E70424DDE90623DDE90401374DE4
:102AE000CDF88CA0CDF888B02095219417B0BDE822
:102AF000F04FFFF7D5BA0C9B681EDFF8C4C018442E
:102B00000DE0ACFB0721C90801EB8102A7EB4202F3
:102B10003032092F00F8012F27D90F461D46202DEE
:102B200005F1010306F1FF36EBD120254BE700222A
:102B3000DDE90A011D4BFFF761FA00287FF427AF9A
:102B4000002F5AD1013722E70AF00303012B75D079
:102B5000202D3FF473AF0D9BBBB32D2205F158031D
:102B60006B4403F8202C013568E7202BDDD0AEB391
:102B70000C9A1E441544302201E0B3422ED001339A
:102B8000202B05F8012FF8D1CFE71D46C5E600BF81
:102B90000000000065CDCD410000000065CDCDC135
:102BA0000000000080842E41FFFFEF7F0000E03F27
:102BB00067666666E07B0010E87B0010F07B001023
:102BC000CDCCCCCC202D3FF439AF1AF0040F0DD171
:102BD0001AF0080F3FF432AF2022BFE72E2103F195
:102BE00058026A4402F8201C5D1CECE62B22B5E773
:102BF000E3077FF5E8AE0134E5E6FA077FF5C7AEF7
:102C0000A0E70BF1FF3BAB453FF609AFA0E703247C
:102C1000DDE90623DDE904010A4DCDF88CA0CDF8ED
:102C200088B061E7084B264603EBC40393ED007BB5
:102C30000EAB8DED087B00250C9372E6BBF1000F07
:102C400086D0E1E6EC7B0010107D00102DE9F04FFE
:102C50009A469BB0249C964D0B94964C0B1E18BF25
:102C6000834625609AF80000934C0A9308BFA34658
:102C70000992002800F0BC824FF000090AE04A46A1
:102C8000099B0A9909F10109D8479AF80000002820
:102C900000F0CE8025280AF1010AF0D10023524627
:102CA00012F8010BA0F1200110290AD8DFE801F089
:102CB0004009093C090909090909093809340909C0
:102CC0003000A0F13001092940F28C802A2800F060
:102CD000F58000210C912E2800F099800027A0F1AA
:102CE000680112292DD8DFE811F057012C0051019D
:102CF0002C0045012C002C002C002C002C002C005A
:102D00002C0027002C002C002C002C002C0027006D
:102D1000924643F00103C2E7924643F00203BEE746
:102D2000924643F00403BAE7924643F01003B6E735
:102D3000924643F00803B2E79AF8010043F4807327
:102D400001326728924600F28280242840F2C68031
:102D5000A0F12502422A00F2C180DFE812F05F01F3
:102D6000BF00BF00BF00BF00BF00BF00BF00BF006B
:102D7000BF00BF00BF00BF00BF00BF00BF00BF005B
:102D8000BF00BF00BF00BF00BF00BF00BF00BF004B
:102D9000BF00BF00BF00BF00BF00BF00BF002601D3
:102DA00045012601BF00BF00BF00BF00BF00BF003C
:102DB000BF00BF00BF00BF00BF00BF00BF00BF001B
:102DC000BF00BF00D301BF00BF00BF00BF00BF00F6
:102DD000BF00BF00BF00BF00D3016701D3012601C0
:102DE00045012601002100E0013201EB810100EBE9
:102DF000410110789246A0F13004092CA1F1300174
:102E0000F2D92E280C9102F101027FF467AF9AF8F3
:102E100001001146A0F13006092E43F4806340F210
:102E200031812A2800F03E8192460027013256E780
:102E30004C46099B994501D303F1FF394A460020CE
:102E4000099B0A99D84720461BB0BDE8F08FA0F136
:102E50006902D2B20F2A41D8012649F241019640B7
:102E60000E4040F001810A2A3FD0072A36D10B9C40
:102E700054F8042B002A00F0288143F021010DF1C1
:102E8000480E704603E0202E00F029811A4602F019
:102E90000F052B46092D94BF303337330F2A00F826
:102EA000013B06F101064FEA1213ECD817E100BF0F
:102EB0004D2C0010B42900209D2000100B9C9AF886
:102EC000010054F8045B9246002DBDBF694243F0F7
:102ED00002030C910C950B940132FCE64A46099BC7
:102EE0000A9909F10109D847CFE60B9951F8048BEB
:102EF00098F800201046002F40F0E18072B16FF08A
:102F0000010C0CF1010C4646C44401E0664503D0B7
:102F100016F8014F002CF9D1A6EB080613F4806CCB
:102F200002D0BE4228BF3E4613F0020400F0878163
:102F3000002A00F02B81BCF1000F00F041810B94BE
:102F40000D964A46DDE909540E464F4408E02B46EB
:102F50002146D84718F8010F09F1010910B14A4676
:102F60004F45F4D131460B9C0D9E002C40F00E8154
:102F70000B918AE69AF801006C287FF4DFAE9AF88C
:102F8000020043F440730AF10302DAE69AF8010002
:102F900043F400730132D4E69AF80100682800F087
:102FA000208143F080030132CBE6672800F0E78000
:102FB000472800F00081452800F0FF800B9C049317
:102FC0000C9B0734CDE9027324F007031C46DDE9AE
:102FD0000931F4E802674A465846CDE900670B9488
:102FE000FFF70AFA814650E646280B9C08BF43F0DB
:102FF000200304930C9B0734CDE9027324F00703EC
:103000001C46DDE90931F4E802674A465846CDE935
:1030100000670B94FFF720FC814636E64A462520E0
:10302000099B0A9909F10109D8472EE60B9A9C07DA
:1030300002F1040709F1010640F1E6801078099BCE
:103040004A460A99D8470C9B012B40F22C81DDE9B6
:103050000954994432462B46214620200136D84750
:103060004E45F7D10B9710E66F2800F08B8040F2A9
:103070006581782800F008814FF00A0823F01003DA
:10308000C44647E0002707EB870700EB4700A0F1A5
:10309000300711F8010FA0F13002092AF3D98A464E
:1030A0004A1C1CE60B9C9AF8020054F8047B0AF1B7
:1030B000020A0AF101020B9427EAE7770FE6002AD9
:1030C0003FF42CAF07F1FF3C1BE723F0100113F492
:1030D000806241F021013FF4D2AE0DF1480E082389
:1030E0001020059300234A46CDE902300691584648
:1030F000DDE90931CDE900E60497FFF71FF80B94ED
:103100008146C2E5582879D0622840F051824FF0BC
:103110000208C44613F480606DD123F00C0313F44D
:10312000007240F0C2800B9904310D9113F480714C
:1031300040F02E825E060B9A40F1AA801278002A97
:1031400040F0DA8023F01003002800F0D58011460B
:103150000DF1480E06930C9BCDF80CC0CDE904731D
:10316000019100234A4602935846DDE90931CDF822
:1031700000E0FEF7E3FF0D9B81460B9385E543F4EA
:1031800000631BE74FF00808C446C3E70C9B4C469E
:10319000B3427FF6EDAE0F464B44A3EB0609DDE9E3
:1031A000096522463346294620200134D8474C453C
:1031B000F7D13946DCE643F4006343F02003FDE633
:1031C0000F460B94DDE909544A462B462146D84761
:1031D00018F8010F09F101090028F5D139460B9CB7
:1031E000C3E69AF8020043F0C0030AF10302A8E51F
:1031F000044681461DE623F00D0390E74FF01008CA
:1032000043F02003C44685E70C9B012B45D9DDE93B
:1032100009544E4609F1FF38984432462B46214660
:1032200020200136D8474645F7D10C9B32469944B9
:103230000B9B1878DDE90931D8470B9725E50C9BE6
:10324000B34240F2EE81CDE90D48DDE909548846EC
:103250004B449E1BCDF82CC04A462B4621462020CD
:1032600009F10109D847B145F6D14146DDF838806A
:103270000C9BDDF82CC00D9C98F800205E1C1046BD
:10328000002A7FF458AE73E64FF01008C44641E7B9
:103290001D064CBF1288126851E713464A4618783B
:1032A000DDE90931D847B146DCE60B9C073424F050
:1032B00007042246656852F8084B0B9254EA05024F
:1032C00040F02C8123F01003002800F02781002615
:1032D0000DF1480E06930C9B4A46CDE9047300237A
:1032E000CDE900E6CDF80CC002935846DDE909317E
:1032F000FEF724FF8146C8E413F0200F14BF4120DD
:1033000061200DF1480E7646A0F10A0803E020295D
:103310003FF420AF2246B2FBFCF40CFB1425E8B2CC
:10332000092D00F130058ABF4044E8B2C0B26245C1
:1033300006F8010B01F10101E9D20BE723F01002BD
:1033400069280D9240F06F8113F4806204D04FF42D
:10335000806223F011030D930D9B13F4007640D18E
:103360000B9B03F104080D9B13F4807040F09880D0
:10337000590640F1C6800B9B19780C46CB0F0029EB
:1033800000F0B98022460DF1480E74461646DFF86B
:10339000A0C201E020280FD03546ACFB0621C908A9
:1033A00001EB8102A6EB42023032092D0E4600F1FC
:1033B000010004F8012BEDD80D9ACDE90103069226
:1033C0000C9ACDE904720A234A4603935846DDE974
:1033D0000931CDF800E0FEF7B1FECDF82C80814632
:1033E00053E40B9C073424F0070421460846636825
:1033F00050F8081BDC0F0B9051EA030000F0C3806B
:103400000A46191E48DB13460DF1480EF446002605
:10341000CDE90E94DFF8188201E0202E2DD05A1845
:1034200042F10002A8FB025929F0030505EB9905BA
:10343000521B1C469B1A61F1000508464FF0CC3127
:1034400001FB03F108FB0511A3FB085319440523F5
:1034500005F00109A9FB03399B180A2C03F130037D
:103460004FEA550570F100000CF8013B06F101062A
:1034700045EAC1734FEA5101CFD2DDE90E940D9BAD
:103480004A4606930C9BCDE90164CDE904730A23F7
:10349000CDF800E0039328E7524261EB4101B2E727
:1034A0000B9B1968CB0F002900F0AB8081EAE17219
:1034B000A2EBE1720DF1480E7046DFF874C101E035
:1034C000202E10D01546ACFB0241C90801EB810447
:1034D000A2EB440404F13002092D00F8012B06F19F
:1034E00001060A46ECD80D9ACDE9016306920C9AC2
:1034F000CDE9047267E7002A3FF445AF0DF1480EAD
:103500005AE713F0800F0B9B00F08180B3F9001095
:1035100081EAE174A4EBE174A4B22FE713F0200F69
:1035200014BF412261220DF1480E0A3ACDE90D97F0
:10353000CDF844B000267746F3469146CDE90F3CDE
:1035400003E0202E17D004460D46294642460023AC
:10355000204604F039FAD2B2092A02F1300388BFBA
:1035600002EB09034445DBB275F1000507F8013BA6
:1035700006F10106E5D2DE46DDE90D97DDE90F3CF7
:10358000DDF844B0A6E6002A47D1134611463BE7D2
:103590000B990968A1B923F0100388B10DF1480E09
:1035A00006930C9BCDF80CC0CDE904730192D8E5CD
:1035B00013F480627FF4CBAE23F010030D93CBE6BF
:1035C00013F0200F14BF412061200DF1480E764604
:1035D000A0F10A0802E0202AE2D02146B1FBFCF467
:1035E0000CFB1415E8B2092D00F130058ABF4044E8
:1035F000E8B2C0B2614506F8010B02F10102EAD25D
:10360000CEE7002A3FF456AF0DF1480E6BE719687C
:1036100081EAE174A4EBE174B0E600260DF1480EF6
:103620002DE701362BE64FF00A081346C44671E534
:10363000CDCCCCCC70B594461E4605460C4684B025
:103640004FF0FF32634602A900960348CDE90254C9
:10365000FFF7FCFA04B070BDE923001010B5094B68
:1036600084B01C684CB1034600914FF0FF3203A9AF
:103670000548A047012004B010BD00F093F9204692
:1036800004B010BDB4290020E123001000BEFDE706
:10369000074A0346106838B1064903448B428CBF81
:1036A0004FF0FF3013607047034908461160F3E79D
:1036B000B0250020000008201C2A002008B5FFF7D4
:1036C000E5FF00BF38B5064C064DFEF771FAAC4277
:1036D00004D254F8043B9847AC42FAD338BD00BF3B
:1036E000407A0010507A00100368084611461847C7
:1036F000437D2DE9F04781460F461646002B43D007
:10370000002A3BDD037D00204D1E014615F8012FE8
:10371000DFF884800A2A01F101040ED0A6421CD0F1
:103720002B782146A3F10D03B3FA83F315F8012F8B
:103730005B090A2A01F10104F0D1002BEED181428C
:10374000A1EB000138441BDC02214046D9F80030CF
:103750009847A64208D02046E2E7864204DD311AA7
:10376000D9F8003038449847374417F8013CA3F1A2
:103770000D03B3FA83F35B0989F81430BDE8F087D1
:10378000D9F800309847DFE73846D9F800301146BD
:10379000BDE8F047184700BF607D00100B682DE9B9
:1037A000F041802B0D46064605D05A1C2B442A605A
:1037B0001E71BDE8F0810F4B1C68A4B10E4F01F1E2
:1037C000040801E0246974B12368002BFAD03B6837
:1037D0000BB1A342F6D1204641462A68FFF788FF85
:1037E0002469002CF0D1002301222B442A601E7191
:1037F000BDE8F081A4250020AC2500202DE9F0478C
:1038000082B00D46924699460746FDF725FF4FF0D8
:10381000FF366FF000442F4A821841F100039642B0
:1038200074EB03013CBF324623462B4804F0DCF81E
:103830006B1C804603D1384604F01CF80546274B24
:10384000274E1C68274BB9F1000F18BF1E46B4B1B4
:10385000BAF1000F1AD1DFF8909001E0246974B139
:103860002368002BFAD0D9F800300BB19C42F5D177
:1038700020462A463946B0472469002CF0D1B8F1D9
:10388000000F1FD1284602B0BDE8F0874FF00A0AAA
:10389000DFF8549002E02469002CF0D02368002B5C
:1038A000F9D0D9F800300BB1A342F4D12A463946F9
:1038B0002046B047012220460DF107018DF807A0F0
:1038C000B047E8E7044804F083F8284602B0BDE8B2
:1038D000F08700BF40420F00981A0020A425002066
:1038E000E9360010F1360010AC2500200A4A1368B2
:1038F0004BB1834202D109E0984207D003F1100294
:103900001B69002BF8D101B1106070470029FCD170
:103910000369136001617047A425002000F0E0BA3C
:10392000F0B583B006468DF80700FDF795FE4FF021
:10393000FF356FF00044174A821841F100039542A9
:1039400074EB03013CBF23462A46134804F04CF8AD
:10395000124B07461C689CB1114D01E024697CB1F3
:103960002368002BFAD02B680BB19C42F6D120467D
:1039700001220DF10701FFF7BBFE2469002CEFD1F6
:1039800017B9304603B0F0BD034804F021F83046C3
:1039900003B0F0BD40420F00981A0020A42500207B
:1039A000AC25002038B5044603F064FF012305462A
:1039B0001A4620462946FFF721FF084B1C682CB108
:1039C00063682BB198472469002CF9D1284638BD8B
:1039D0002469002CF4D1284638BD00BFA42500205E
:1039E0002DE9F041A2B004460D46FDF735FE4FF03B
:1039F000FF376FF00046274A821841F100039742D3
:103A000076EB03013CBF3A463346234803F0ECFF14
:103A100000262B4607462246204801A90196FFF7BB
:103A200009FE019B06467BB91D4B1C682CB16368DF
:103A300043B198472469002CF9D10FBB304622B01E
:103A4000BDE8F0812469F1E7DFF85480D8F8005030
:103A5000EDB1144C01E02D6975B12B68002BFAD043
:103A600023680BB1AB42F6D12846019A02A9FFF7B1
:103A70003FFE2D69002DF0D1D8F800400195D5E723
:103A8000054803F0A5FF304622B0BDE8F08101955E
:103A9000D3E700BF40420F00981A00209D37001066
:103AA000A4250020AC2500200FB400B583B004A9E4
:103AB00051F8040B0191FFF793FF03B05DF804EB9D
:103AC00004B07047704700BF0022014B1A70704766
:103AD000172A00204B79FF2B0BD1887948B9CB7975
:103AE000012B07D1082A05D9034B8A7809201A70BF
:103AF00070470020704700BF172A00200120704740
:103B0000012901D00120704708B5104B91881B781E
:103B1000994201D0002008BD5378012B08D0022B18
:103B2000F8D1002164220846FDF77EFF012008BD80
:103B30005188CB054BBF4A0A4A0A10464FF0FF3066
:103B400002F0010201F07F01FDF7ECFF172A0020CF
:103B5000004870472C7E0010012907D15378012BB3
:103B600002D19388072B03D00020704701207047B3
:103B70001146A623014A01F041BA00BF847D00101E
:103B80000346012201481A70704700BF647D00108F
:103B900008B50B68B3F5966F00D008BD00224FF052
:103BA000FF301146FDF7BEFF024A034B106019605B
:103BB000704700BF4025002044250020184B70B5F9
:103BC0001A68002A28D0EFF3108172B6D2E8CF4FDE
:103BD0000120002CFAD1C2E8440F002CF6D1BFF32B
:103BE0005F8F00220F4C186859602270C0E88F2F39
:103BF00081F31088002400250B4E3078FCF700FF7D
:103C000020B9002400252046294670BD3078FCF7F5
:103C100007FF2046294670BD4FF47A740025EBE774
:103C2000C02900201A2A0020182A0020014B1878E9
:103C3000FCF7F6BE182A002038B5044600200D46D1
:103C400001F008FBA8B3002001F01AFB88B3FDF7D0
:103C500003FD4FF0FF3E6FF0004C174A821841F110
:103C6000000396457CEB03013CBF72466346134854
:103C700003F0BAFEE8B1002001F0ECFA58B90021D7
:103C80004FF0FF3000F012FD6FF002040B4803F01C
:103C90009FFE204638BD002001F0F2FA0028EED049
:103CA00021462A46002001F0F7FA04460028EDD10B
:103CB000EAE76FF00204ECE740420F00F42900202D
:103CC00008B5FDF7C9FC4FF0FF3E6FF0004C0F4AFE
:103CD000821841F1000396457CEB03013CBF72461C
:103CE00063460B4803F080FE70B14FF0FF300021B7
:103CF00000F0DCFC002001F015FB0028F5D1BDE848
:103D00000840034803F064BE08BD00BF40420F00F6
:103D1000F42900202DE9F84307460E46FDF79CFCE8
:103D20004FF0FF356FF00044334A821841F1000331
:103D3000954274EB03013CBF2A4623462F4803F00B
:103D400053FE08B9BDE8F883002001F083FA00288B
:103D500048D0002E41DD0025DFF8A480DFF8A490D4
:103D600013E02246002001F023FB002104464FF01F
:103D7000FF3000F09BFC002001F0D4FAFDF76CFC52
:103D8000C8E900012544AE4227DD002001F032FBE6
:103D9000741B8442A8BF04467919002CE1D1214646
:103DA0004FF0FF3000F082FC204601F0BBFA2046C5
:103DB00001F050FA88B1204601F01CFB0028E2D146
:103DC000FDF74AFCD8F80030D8F8042013EB0903BB
:103DD00042F1000283428A41D5D20848BDE8F84347
:103DE00003F0F6BD00200021054BC3E90001BDE84A
:103DF000F843024803F0ECBD40420F00F4290020D4
:103E0000E81C002020A1070030B5002185B02E4815
:103E100003F0EEFDF0B92D4B1A68CAB1EFF3108133
:103E200072B6D2E8CF5F0124002DFAD1C2E8454F27
:103E3000002DF6D1BFF35F8F254C1D6822785960A5
:103E4000D3B201222270C5E88F0F81F31088CBB165
:103E500005B030BD00214FF0FF3000F027FC0020FE
:103E600001F00EFA0446184803F0B2FD002CEFD022
:103E7000184B1B68002BEBD0174A106805B0BDE843
:103E800030401847FDF7E4F90446FDF7E5FB4FF035
:103E9000FF3C6FF0004510F57A7241F10003944544
:103EA00075EB030138BF2B464FF000014FF00105C1
:103EB00020460A4C38BF6246CDE901150094FDF753
:103EC000CBF905B030BD00BFF4290020C029002087
:103ED0001A2A00204025002044250020BD3B001068
:103EE0004FF0504330B585B01C68FDF7B1F9FDF7D0
:103EF000C5FAA04202D0002005B030BD00212A4BF7
:103F000008461B7801F046FD28480368002B47D07F
:103F10000120FCF723FF0346254C2649C0B223703D
:103F2000FCF79AFD20780121FCF754FD0E20FCF7E8
:103F300083FD40BB204B0125C3E90000FDF788F954
:103F40000446FDF789FB4FF0FF3E6FF0004C10F583
:103F50007A7241F1000396457CEB03014FF00001BA
:103F60002046164C3CBF72466346CDE901150094CD
:103F7000FDF772F90028BEDB01211148FFF7B6FCFE
:103F8000012005B030BD0120FCF7E0FC01460A48E5
:103F9000FCF740FF00220E200A49FCF78DFDEBE7FD
:103FA000FCF71CFFB4E700BF507F0010F42900208D
:103FB000182A0020093E0010C0290020BD3B001037
:103FC000181500202D3C001000487047C87E0010D6
:103FD00000487047747E001038B5184B04461A78B4
:103FE0000AB344B940F209424FF44173144D6A8058
:103FF00013482B8038BD052C1AD8124B104D53F89E
:10400000241028460023013903E0132B20F8022F47
:1040100010D011F8012F0133DBB2002AF5D15B007B
:1040200043F44073E4E71121184600F025F8D8E77F
:10403000002038BD4FF44A73DAE700BF002A0020A1
:104040007C2500205C7E001000B545F247308BB027
:10405000FDF75CFD01220346092101A89847DDE92F
:104060000332044912BA1BBAC1E900230BB05DF850
:1040700004FB00BFE8290020012901F1FF3300F013
:10408000B3805D490A784FEA121C9F2A8CBF0CF15D
:10409000370C0CF1300C012B80F800C000F0A78029
:1040A00002F00F02092A8CBF37323032022B4270E5
:1040B00000F09D804A784FEA121C9F2A8CBF0CF1B9
:1040C000370C0CF1300C032B80F802C000F08F800D
:1040D00002F00F02092A8CBF37323032042BC27033
:1040E00000F085808A784FEA121C9F2A8CBF0CF161
:1040F000370C0CF1300C052B80F804C077D002F09F
:104100000F02092A8CBF37323032062B42716ED033
:10411000CA784FEA121C9F2A8CBF0CF1370C0CF1A5
:10412000300C072B80F806C061D002F00F02092A7C
:104130008CBF37323032082BC27158D00A794FEA1F
:10414000121C9F2A8CBF0CF1370C0CF1300C092B80
:1041500080F808C04BD002F00F02092A8CBF37321A
:1041600030320A2B427242D04A794FEA121C9F2AFF
:104170008CBF0CF1370C0CF1300C0B2B80F80AC003
:1041800035D002F00F02092A8CBF373230320C2BA7
:10419000C2722CD08A794FEA121C9F2A8CBF0CF174
:1041A000370C0CF1300C0D2B80F80CC01FD002F036
:1041B0000F02092A8CBF373230320E2B427316D0D1
:1041C000CA7911099F2A8CBF373130310F2B817387
:1041D0000DD002F00F02092A94BF30323732102B73
:1041E000C27318BF103002D0002303707047184408
:1041F00000230370704700BFE829002070B500F06D
:1042000033F90C2340261B4CFF22A3670E201A49CA
:10421000FCF752FC194B32460021184602F0FEFD15
:104220000346002101258020154A58849A60843A6B
:104230005D701E831E875960C2F88410C2F880101A
:1042400002F58072DA60DA62803A83F8211083F82E
:104250003B1059629A624FF0005603F0B1FB4FF4E5
:1042600080320849084B25642846E664C4F890105B
:10427000DA6470BD00001150A9030020B4250020AD
:104280008400105010D001000020115001210E2098
:10429000FCF7A0BB00220248114600F005B900BFA0
:1042A000D4250020044B197021B14FF40032034B88
:1042B000C3F89020704700BF122A00200020115040
:1042C0000B785B0602D14B78052B00D070474B88EA
:1042D000014ADBB21360704700001150CB782DE922
:1042E000F04103F0030EBEF1010FC3F301005DD0F6
:1042F000002791F802C0354C0CF07F035E008988DE
:1043000006EBDC1204EB42124FEADC15D076C1F367
:104310000A0185F00100507082F802C01183D77045
:1043200018B2DA008DBB2A48043204EB831C02EB7E
:104330000008CCF8088017508BB3264ADB001A44DB
:10434000CCF80420244B3F311A6821F03F01BEF124
:10435000020F08BF490011441960204B771904EB84
:1043600047179942FA602CD82E4404EB4613D97EA5
:1043700082F0A04282F480125B6842EA816242F0DD
:1043800000421A600120BDE8F081DFF844C004EB70
:1043900083186244C8F828204CF830704BB90022CA
:1043A0000F4904EB4513D9605A60EBE70020BDE8E4
:1043B000F081DB0003F1A04303F58013C8F824303B
:1043C000C0E7FDF7EFFBFA68CEE700BFB425002099
:1043D0008000105004001050BC290020FF0F105026
:1043E0000001105003F0ECBA8C4608B5114607489E
:1043F0001A460CF07F034FEADC1C0CEB430C00EB7D
:104400004C1000F051F8012008BD00BFB425002079
:10441000CB0911F07F0103D1064AC3F10200906677
:10442000054803EB41034FF40062002100EB431009
:1044300003F0D6BA00201150B425002011F07F03FC
:1044400000D17047002210B4C809064C00EB4300AD
:1044500004EB40136FF4006118465DF8044BDA700A
:1044600003F0BEBAB42500204FF0805209480A4933
:1044700008B50A4B02600A609968C94311F080517F
:10448000FAD14FF48052064802F0C8FC0922054BCD
:104490005A6708BD00200240003002400000024080
:1044A000000010500000115000234FF0010C10B517
:1044B00080F81AC08282C3820161044603F09CFA2C
:1044C00020B14FF40032074BC3F89020204603F090
:1044D00083FA10B10123237710BD2046BDE81040B8
:1044E00003F066BA002011502DE9F04100241D4E62
:1044F000054623463278DFF878801B4F0DE03B6895
:1045000013EB441325D0DB682846984732780134F2
:10451000E4B2511CA142234606DBA242A3EB0203F4
:10452000EDD808EB4313EEE7104C5422002120464F
:1045300002F074FC4FF0FF33251D6360C5E90133C1
:10454000EB6004F114002022BDE8F041FF2102F0ED
:1045500065BC4FF0E023D3F8F03DDB0700D500BE8B
:10456000BDE8F081112A0020442000204C210020C9
:10457000DC7E0010704700BF704700BF002070470E
:1045800000207047704700BF704700BF704700BFF2
:10459000704700BF024B5878003818BF01207047A1
:1045A0004C210020024B1878C0F38000704700BFF8
:1045B0004C2100202DE9F047DFF8E8A09AF8003000
:1045C000FF2B02D00120BDE8F0870E4600293ED027
:1045D000002154220746294802F020FC0022284CE2
:1045E000284B20461A70FCF7F9FB274B27481C6024
:1045F000274CFCF701FC204601F0B0FD254A264B74
:10460000264D146063B32846FFF7BAFA244B2A7884
:1046100018600024DFF890902346DFF884800EE0D5
:10462000D8F8003013EB441311D05B687BB1984786
:104630002A780134E4B2511CA142234612DBA24283
:10464000EED89B1A09EB43135B68002BEFD14FF0B8
:10465000E023D3F8F03DDB0700D500BE0020B2E731
:104660002A78D6E7314638468AF80070FFF7C6FD4B
:104670000028ECD03846FFF709FEA3E74C210020C4
:1046800044210020132A0020A021002044150020EE
:1046900030150020A4210020813B0010112A0020A9
:1046A000442000204C150020DC7E00102DE9F04F46
:1046B000DFF8C8928BB099F80030FF2B00F0F18042
:1046C000A84CA94DDFF8B0A2DFF8B4B22668736930
:1046D000EFF3108272B6D3E8CF0F01210028FAD190
:1046E000C3E8401F0028F6D1BFF35F8FB2613046A8
:1046F00007A901F081FB00237269C2E88F3FB3690B
:1047000083F31088002800F0CC809DF81D30013B19
:10471000072B00F27D83DFE803F0A7B1959D8E356E
:104720000A04089B002BD1D009989847CEE79DF842
:10473000201001F07F0605EB460000EBD11090F849
:10474000343023F0010380F8343090F8343023F013
:10475000040380F83430002E00F0A680037D9AF820
:104760000020934280F09380804A126812EB43133A
:1047700000F090809E699DF82120099B9DF81C0007
:10478000B047A3E79BF80030002B00F083809BF834
:104790000030013BDBB28BF800309BF8003003F0B7
:1047A000FF00002B92D1704F9DF81C803B7843F0A6
:1047B00001033B7097F8343060F3000387F834301E
:1047C00097F8343060F3820387F8343097F8353047
:1047D00060F3000387F8353097F8353060F38203D3
:1047E00087F8353000F06AFC9DF8203003F0600255
:1047F000602A6CD0402A7CD003F01F03012B00F00C
:10480000C180022B00F08180002B60D1202A00F0B3
:10481000E981002A5BD19DF82130092B57D8DFE8C8
:1048200013F0B001A2015600C101560095016B01C1
:1048300056006001F4002B78D9077FF547AFFFF7EA
:10484000A7FE43E7EB78DA077FF540AF0898FFF75C
:1048500093FE3BE72B78D8077FF538AF2878C0F375
:10486000C000FFF793FE31E79DF81C00FFF73CFE08
:1048700000F01AFC9DF82030AB7027E79DF81C0073
:10488000FFF732FE00F010FCFFF77EFE1EE7501C23
:10489000984211DA4FF0E023D3F8F03DDC0700D561
:1048A00000BE0BB0BDE8F08F099B9DF821209DF85C
:1048B0001C0000F017FC09E79B1A2D4A02EB43137A
:1048C00058E7FFF785FB0246002840F082814FF051
:1048D000E023D3F8F03DDE0700D500BE9DF81C00B4
:1048E0000021FFF795FD80219DF81C00FFF790FD4A
:1048F000ECE6204800F0E2FB0121404608AAFFF761
:104900002BF900287FF4E2AEE8E79DF8241011F0BF
:10491000700FDCD101F07F0607EB4600164B00EB71
:10492000D1101B78007D7600019698424FEAD1168F
:10493000009659D35E1C8642C0F26681C01A0C4BA9
:1049400003EB4016002A00F06381706900F0B6FBAB
:1049500001214046736908AA984700287FF4B6AE43
:10496000BCE700BFA42100204C21002044200020EF
:10497000DC7E0010593B0010112A00204C1500204D
:10498000132A00209DF824300F2BA7D8AE4A3B44B1
:104990001B791278934232D3511C99429EDBAB4E65
:1049A0009B1A06EB4316706900F088FB0121404614
:1049B000736908AA984700287FF488AE9DF82030D4
:1049C00013F060068AD19DF821300A3B012B85D86F
:1049D00000F074FB9DF821300A2B00F0F281404674
:1049E00008A900F0F1FA71E6994B1B6803EB401639
:1049F000002A00F00D81002E3FF470AFA5E7944A25
:104A0000166816EB4316CED168E77B789DF82260D6
:104A10009E4200F04F817B78002B40F0BE817E707B
:104A2000002E00F04581701EC0B2FFF7D1FA034698
:104A3000002800F05F814278022A40F05B81C17952
:104A400003F10906C1F340121201C1F3801142EAD9
:104A500041123146387820F0300002433A705A88CB
:104A6000CDF80C809A180192019B8B4240F2A481F0
:104A70004A780B2A00F0AF810123042A40F03A81E2
:104A80000026019A0096521A92B202926E4A04933C
:104A900012781DE06E4B1B6813EB461800F02A815C
:104AA000029AD8F8103003980591984708280246D2
:104AB000059906F1010303D90298904280F0FF8026
:104AC000DEB2614B00961A78531C9E4200F31281AD
:104AD000009BB242A3EB0202DCD85C4B03EB421812
:104AE000DEE77B7840468DF81A300DF11A0201237B
:104AF00008A900F083FAE9E5BDF82200030A013BAA
:104B0000020AC0B20E2B3FF6E9AE01A151F823F024
:104B1000254D0010C14B0010614D0010DD48001004
:104B2000DD480010434D0010C14B0010DD4800105F
:104B3000DD480010DD480010DD480010DD480010A1
:104B4000DD480010DD480010174D001008A800F0E7
:104B5000BBFA40469DF82210FFF79CFB3B7843F0E0
:104B600002033B70B2E5BDF82230012B7FF4B6AEF4
:104B70003B78404623F0080308A93B7000F024FA74
:104B8000A4E540463B789A0802F00202C3F34013C2
:104B90001343ADF81A300DF11A02022308A900F0F0
:104BA0002DFA93E5BDF82230012B7FF497AE3B78C8
:104BB000404643F0080308A93B7000F005FA85E57C
:104BC000022A3FF47EAEFFF7DBFC024600283FF4EA
:104BD00085AE4046538808A900F010FA00287FF4FB
:104BE00075AD7BE69DF824300F2B3FF677AE164A65
:104BF0003B441B79127893421DD2154A166816EB76
:104C000043167FF4A2AE69E6002A7FF467AE002661
:104C10009DF8212002F0FD03012B1BD0002A7FF418
:104C200056AE019B009A3B44134493F834304046FF
:104C3000C3F34003ADE7511C9942FFF64FAE034E5C
:104C40009B1A06EB431680E6112A0020DC7E00103A
:104C500044200020BDF82230B3B9012A99F80000A1
:104C600000F08680FFF7D4FB019B009A3B4413447D
:104C700093F8342042F0020283F8342093F8342071
:104C800042F0010283F83420002E3FF41FAD70691A
:104C900000F014FA7369012108AA404698470020E1
:104CA00000F00CFA97F83530DF073FF50FAD96E6C8
:104CB000FFF76AFC404608A900F086F906E5049B68
:104CC000012B00F09E80002B00F08A80002091F8DC
:104CD000028005E08CF804605FFA80FC63457FD9B0
:104CE00008EB000C57FA8CFC9CF804E00130BEF194
:104CF000FF0FEFD04FF0E023D3F8F03DDA0700D5F7
:104D000000BE4FF0E023D3F8F03DDB0700D500BE36
:104D100000237B70E2E5FEF71BFF024600287FF4CC
:104D200058AFDBE5FFF750F9024600283FF4CFAD5E
:104D30004046122308A900F061F900287FF4C6ACB0
:104D4000CCE5FFF71BFC024600283FF4C7AD404608
:104D5000137808A900F052F900287FF4B7ACBDE53C
:104D6000BDF82410FFF738F902460028EFD1B5E569
:104D70000293FFF763FB019A009B3A441A4492F8AE
:104D80003410029B63F3410182F8341092F834101E
:104D900063F3000182F8341076E700214046FFF704
:104DA00081FA4046FFF71EFBBB7840460093FFF7B1
:104DB0009BFB009BBB7032E6DDF80C80FFF7E2FB4B
:104DC00078E74046012308A90DF11A028DF81A6010
:104DD00000F014F97AE40A78CB7811444A784CE66A
:104DE000334610480492029100F07CFE0E4B049A68
:104DF00002991B781144009A01339342BFF634AEF6
:104E000078E7D8F810C00948844508BF02235DE759
:104E10004FF0E023D3F8F03DDB077FF557AC00BE41
:104E200054E400BF60210020112A0020F554001036
:104E30002DE9F84FDDF82880002A3FD00C461E46A9
:104E400015464FF0000B1F4FDFF87C9017E020460F
:104E500099F8021000F014FEF8B121465046FFF711
:104E60003DFA08B3A3780BF1010BDA0916BF0B9AD0
:104E700088F8003013702378AB451C441ED063784B
:104E8000052B11D1E17801F00301B1420CD1A378D7
:104E900097F800A013F0700FD9D04FF0E023D3F8AB
:104EA000F03DDA0700D500BE4FF0E023D3F8F03D27
:104EB000DB0700D500BE0020BDE8F88F0120BDE86B
:104EC000F88F00BF4C1500204C21002038B50E4B48
:104ED0001D788B7813F0700F08D04FF0E023D3F8D3
:104EE000F03DDB0700D500BE002038BD074B0C4667
:104EF0000846997800F0C4FD0028EED021462846E7
:104F0000BDE83840FFF7EAB94C1500204C210020DD
:104F10000B46064A06481168DA09343203F07F036B
:104F200002EB4303184400F065BD00BFA021002040
:104F30004C2100200B46064A06481168DA09343233
:104F400003F07F0302EB4303184400F07DBD00BF74
:104F5000A02100204C21002010B5194C01F07F0E3B
:104F600004EB4E0404EBD11494F834C015481CF043
:104F7000010F04F13004007808D04FF0E023D3F89B
:104F8000F03DDA0700D500BE002010BD94F804C043
:104F90004CF0010C84F804C0FFF726FA0028F4D185
:104FA0004FF0E021227960F300022271227960F350
:104FB00082022271D1F8F03DDB07E5D5E3E700BFBF
:104FC0004C2100204C15002030B50B4C8C46A646D9
:104FD0000546086849680023AEE803009CF8001005
:104FE0002846C943C4E90233BDE830401A4601F0FF
:104FF0008001FFF7B1BF00BF0C2100202DE9F04177
:10500000274F4FF00008BE468C46064608684968A0
:10501000BA60AEE80300A7F80E801546BCF806207B
:10502000934228BF1346BB819AB11C462BB3DDB116
:1050300097F90030402C28BF4024002B28DB414644
:1050400023463046174AFFF787FF68B10120BDE8C5
:10505000F0819CF800101346C943304601F08001EE
:10506000FFF77AFF0028F1D14FF0E023D3F8F03DAD
:10507000DB0700D500BE0020E9E71A46397801F0C9
:10508000800123463046FFF767FF0028DED1EBE7BB
:1050900022462946034802F05FFB8021014AF0E7DF
:1050A0000C210020CC2000200022034BC3E9002269
:1050B000C3E902221A6170470C210020014B1861DC
:1050C000704700BF0C21002030B40246044C00257C
:1050D000234600685168C4E9025530BC03C37047D9
:1050E0000C21002070B53C4CC90922780646B1EB72
:1050F000D21F1D4682B017D053B14FF0E023D3F832
:10510000F03DDB0702D4002002B070BD00BEFAE71C
:105110002146FFF7D5F823691BB12246032130460B
:105120009847012002B070BD94F90030A068002BB0
:1051300005DB0028E7D02A46284902F00DFBE0896C
:10514000A168E388284480B229448342E081A160B9
:1051500016D03F2D14D9A28994F90040131A9BB29E
:10516000402B28BF4023002C26DB90424FF000014B
:1051700030D01A4A3046FFF7EFFE0028D1D1BCE705
:10518000236923B102213046134A984758B1217848
:105190000023C94330461A4601F08001FFF7DCFEC8
:1051A0000028BED1A9E701463046FFF731F980213A
:1051B0003046FFF72DF9B4E7904208D01A46074869
:1051C000019302F0C9FA8021044A019BD2E78021B1
:1051D0000022CFE70A46CDE70C210020CC2000209A
:1051E0002DE9F0410446FFF7D5F908B9BDE8F08193
:1051F000FFF7D8F907460028F8D1C822134B02FB65
:105200000436F1780029F1D006F11005284600F0A7
:10521000E1FD3F28EAD93846F178FFF779FE00280A
:10522000E4D0284600F0D6FD3F2809D9084A384680
:10523000F17802EBC4124023BDE8F041FFF78CBEC9
:105240003846F178BDE8F041FFF774BEA01A00209F
:105250004820002010B50446FFF79CF908B900204B
:1052600010BDFFF79FF90028F9D1C822034B02FBBC
:105270000433187900F0010010BD00BFA01A00200F
:10528000C82108B5102301FB0030024A104400F089
:1052900087FD08BDA01A00202DE9F8434FF6FF73E3
:1052A0004FF0C80810249A4228BF1A4618FB004441
:1052B0001A4F06463C44204692B200F0E7FD0546F0
:1052C000FFF768F910B92846BDE8F883FFF76AF9D7
:1052D00081460028F7D108FB0677FB78002BF2D037
:1052E000204600F077FD3F28EDD94846F978FFF7D2
:1052F0000FFE0028E7D0204600F06CFD3F2808D9BB
:10530000074A48464023F97802EBC612FFF724FE0D
:10531000D9E74846F978FFF70DFED4E7A01A002038
:10532000482000202DE9F0410546FFF733F910B978
:105330000020BDE8F081FFF735F906460028F7D1D7
:105340004FF0C808242418FB0544174F3C4420465E
:1053500000F026FD0028EBD008FB05773046B97831
:10536000FFF7D6FD0028E3D04022104B204602EB89
:10537000C5141C44214600F089FD054680B1034652
:1053800022463046B978FFF7E7FD38B94FF0E02301
:10539000D3F8F03DDB07CBD500BEC9E72846C8E708
:1053A000B978FFF7C7FDC3E7A01A00204820002006
:1053B00038B54FF6FF734FF0240CC8249A4228BF2B
:1053C0001A4614FB00C40A4B92B21C440546204600
:1053D00000F018FE034620461C4600F0E1FC3F2882
:1053E00001D8204638BD2846FFF79CFF204638BD2F
:1053F000A01A0020C82108B5242301FB0030024A6E
:10540000104400F0E7FC08BDA01A0020F0B5194CCC
:1054100083B0C8220021204601F000FD0025FF23B3
:105420004FF4E1310822144804F1B80705700095E3
:1054300004F110006371A160A27304F1380101232B
:10544000402200F07DFC0123402204F1780100930A
:1054500004F1240000F074FC04F1C0063846FBF7A8
:10546000BDFC3046FBF7BAFCC4E90757C4E90C653C
:1054700003B0F0BDA01A0020C8200020094B196B12
:1054800049B11A6A12B10022C3E907220022C3E916
:105490000C22012070471A6A002AFAD00120C3E9C1
:1054A00007117047A01A0020002210B50E4C0F48BB
:1054B000237802600271DA0707D59B070BD5BDE898
:1054C000104001210A4800F065BE103000F046FE91
:1054D00023789B07F3D4064800F040FEBDE8104057
:1054E0000121034800F056BEC8200020A01A002069
:1054F000C41A0020F0B54B7983B0022B03D00025ED
:10550000284603B0F0BD8B79022BF8D1264FBB782B
:105510003BB14FF0E023D3F8F03DDB07EFD500BE01
:10552000EDE78B7806463B700B780925CC1861783F
:1055300024290BD1082A02D80FE0AA420DD32378E0
:105540001C4461782B4424299DB2F6D005290AD049
:10555000042902D163790A2B13D00020FFF740FE03
:10556000284603B0F0BD21463046FFF7AFFC0028C7
:10557000CFD0A3787B7023781C442B4461789DB2F4
:10558000E6E70A4B27780193013300930223304664
:105590001A46E119FFF74CFC0028BAD00E3517FA6D
:1055A00085F5ADB2D9E700BFA01A0020A21A0020ED
:1055B000137803F06003202B08D170B5264C938834
:1055C00094F800C09C4503D0002070BD00207047B7
:1055D0005378203B032BF7D8DFE803F027230D0295
:1055E00001292ED003291ED11C4BE3B10020518884
:1055F000AFF3008017E0012923D0032913D1558888
:10560000174805F0010686F00101257100F0C2FD82
:10561000144B43B131460020C5F34002AFF3008084
:1056200001E0012911D0012070BD01290DD003290D
:10563000F9D10D4B002BF6D000200C49FEF7A8FA4B
:10564000F1E71146FFF7C0FCEDE711460723074AD3
:10565000FFF7D4FCE7E700BFA01A0020000000001D
:10566000C41A002000000000913B0010A81A00207E
:105670002DE9F047364F0C46FA7806468A421D4619
:1056800097F802C03CD08C4513D04FF0E023D3F8FC
:10569000F03DDB0700D500BE0020BDE8F0872D4BB4
:1056A00023B12D4800F08CFB00284ED00020FFF7DE
:1056B00097FDBB78A34202D00120BDE8F087274BBD
:1056C00013B10020AFF300800020FFF72BFE00286D
:1056D000F2D1234800F064FB0028EDD1002DEBD07F
:1056E00015F03F05E8D13046B978FFF711FC0028E6
:1056F000E2D02B462A463046B978FFF72DFCDBE78F
:10570000DFF864809AB2414607F1100000F07AFC9D
:10571000144B002BC3D07B79FF2BC0D0002DBED003
:1057200007F1100908EB050A02E0C245B7D07B7902
:1057300018F8012B9A42F8D1484600F041FB0028A6
:10574000F3D17979AFF30080EFE7AFF30080ADE7F5
:10575000A01A002000000000B01A00200000000085
:10576000C41A00200000000048200020F0B5144CAE
:1057700085B04FF413720021204601F04FFB402703
:1057800000234FF480760F4D04F5A6721946CDE93B
:105790000257009201961A4604F5947000F0CEF973
:1057A000002304F128013D44009101221946CDE96E
:1057B00002570196201D00F0C1F905B0F0BD00BFF1
:1057C000F42200207422002010B5054C204600F081
:1057D000E1F9A4F5927000F0DDF9012010BD00BFE1
:1057E0001C24002038B50025064C04F5987025705F
:1057F00000F0B4FC04F10C0000F0B0FC84F8295176
:10580000657138BDF42200202DE9F84F4B79FF2B4C
:1058100002D00020BDE8F88F394D0E4695F82931A9
:105820000C78002BF5D16F79002FF2D18B780C44D6
:105830002B700B79002B3ED0804604EB020B05F554
:10584000987A05F594796378052B09D0A34502D899
:1058500031E05C452FD223781C446378052BF8D1C6
:10586000A34528D921464046FFF730FB00283ED00B
:10587000A378DB0923D1504600F070FCA37895F89B
:10588000281185F82931A3884046C3F30A03A3F5FC
:105890000073B3FA83F35B0963F3410185F82811C0
:1058A000494600F0E5F910B32378317901371C44FB
:1058B000FBB29942C7D8A11B88B2BDE8F88F114846
:1058C00000F04CFCA37895F804C06B71A3880E49D6
:1058D000C3F30A03A3F50073B3FA83F35B0963F31D
:1058E000410C002085F804C000F08AF9DCE74FF095
:1058F000E023D3F8F03DDB078BD500BE89E700BF7E
:10590000F422002000230020F822002070B51B4C58
:10591000064694F829C11D468C45627904D08A4216
:1059200018BF002018D070BDB4F8343163B9144BDF
:1059300023B100201349AAB2AFF3008030461249C8
:1059400000F096F9012070BDD4F82C11AAB204F52C
:10595000987000F057FBEAE70C4B1BB10020A9B28E
:10596000AFF3008030460A4900F04AF90028E9D137
:105970002A463046064900F00FF9E3E7F4220020FA
:1059800000000000742200201C2400200000000001
:10599000F822002010B582B0B9B101280CD80B78DC
:1059A00053B1134C012B235402D0012002B010BD7F
:1059B000FEF700FE0028F8D14FF0E023D3F8F03DC9
:1059C000DB0700D500BE0020F0E70124084601A94E
:1059D000ADF80440FEF7EEFD38B94FF0E023D3F800
:1059E000F03DDA07E2D500BEE0E7014B1C70DDE7D1
:1059F00040210020F8B5037813F001041AD1037890
:105A000005465A07C3F3800701D52046F8BD0E4668
:105A10004FF0FF31304601F0C7FF2B7813F001043F
:105A20000BD12B785B0709D42B78012443F00403B6
:105A30002B7003E000242046F8BD3C46304601F0C0
:105A4000C7FF2046F8BD00BF70B50C4605464FF0B5
:105A5000FF31204601F0A8FF2B78C3F380065B07D7
:105A600008D52B7813F0010311BF00262A7863F3C1
:105A700082022A70204601F0ABFF304670BD00BFA5
:105A8000C378828803F003000228C2F30A021FD001
:105A9000032803D001280AD000207047022914BF30
:105AA00040234FF48063934209D3012070470229B9
:105AB00040F2FF3308BF4FF480639342F6D24FF0B9
:105AC000E023D3F8F03DDB07E6D500BE00207047A9
:105AD000022902D0402AE8D9F1E7B2F5007FE4D0EC
:105AE000EDE700BF0A44914226D291F801C0BCF113
:105AF000050F05D091F800C061448A42F5D870477F
:105B000000B591F802C00CF07F0E00EB4E0E4FEA8C
:105B1000DC1C0EF80C3091F800C061448A4209D9AF
:105B200091F801C0BCF1050FEBD091F800C06144C1
:105B30008A42F5D85DF804FB704700BF2DE9F041BB
:105B40008E4682B0009390F800C0089EBDF8247085
:105B50006EF3000C04461546012331463A4600F820
:105B600008CBBDF82C8000F0EBF806B13FB901205E
:105B70000A9BA4F80280636002B0BDE8F08104F1E2
:105B80001C063046FBF72AF90DB135460026C4E95C
:105B90000556ECE701207047F8B50746084640F285
:105BA000FF13154610F8082B0C4612F0020F0CBF1D
:105BB0003F261E4600F0F4F828B925B12E4202D146
:105BC0002378DA0701D50020F8BD38466178FFF761
:105BD0009FF90028F7D0237813F0010307D04FF086
:105BE000E023D3F8F03DDB07EDD500BEEBE71A4626
:105BF00038466178FFF7B0F90028F0D0F8BD00BF53
:105C000070B501F10805064628460C4600F0C8F8B4
:105C100010B12378D80701D5002070BD30466178D7
:105C2000FFF776F90028F7D028466288616800F00F
:105C30002DF92378054648B1D9070ED54FF0E0235A
:105C4000D3F8F03DDA07E7D500BEE5E7DB07E3D49C
:105C500030466178FFF76EF9DEE70346626830464A
:105C60006178FFF779F90028E8D0284670BD00BFB9
:105C70008A892DE9F0410B780C4605468AB9DF0781
:105C800025D44978FFF744F908B322786388D6070A
:105C90003FD54FF0E023D3F8F03DDA0717D500BE2B
:105CA00015E003F0020301F10808002B40460CBF89
:105CB00040274FF400774FF6C07618BF4FF47E466A
:105CC00000F088F8874202D82378D80702D5002050
:105CD000BDE8F08128466178FFF71AF90028F6D070
:105CE000404600F077F887421FD823786288D907AA
:105CF000CFD43040904228BF104661780646E0B1CC
:105D0000626833462846FFF727F90028C1D030469D
:105D1000DEE761783BB162682846FFF71DF900288D
:105D2000B7D06088D4E71A46F6E72378DB07CED4ED
:105D300028466178FFF7FEF8C9E70246E1E700BFB1
:105D40002DE9F041B2F5004F9DF8188024D80446A3
:105D5000C06817460E461D4618B14FF0FF3101F0DE
:105D600023FE206918B14FF0FF3101F01DFE002223
:105D7000C5F30E03E06843EAC83362812660A7805A
:105D8000E380228108B101F023FE206908B101F00F
:105D90001FFE0120BDE8F0810020BDE8F08100BFBA
:105DA000038942899BB292B28088934236BFC2EB8C
:105DB00040029B1A9B189BB2984228BF1846704716
:105DC0000289438990B29BB2C01AB0FA80F04009B0
:105DD000704700BF038942899BB2808892B2934288
:105DE00036BFC2EB40029B1A9B189BB2984286BFFB
:105DF000C01A80B20020704738B5044600690D46CD
:105E000018B14FF0FF3101F0CFFD2189638989B2CC
:105E10009BB2A288994236BFC3EB4200C81A401811
:105E200080B250B3824209D291422CBF891A89189C
:105E30008BB29A42638103D89B1A9BB29A42FBD9D8
:105E4000E2882168C2F30E0202FB0311284601F02A
:105E500083FC6189012589B24B1C9BB29942A288BF
:105E60000ED9002302FA05F15B1A9BB22069638107
:105E700008B101F0ADFD284638BD054663899BB2E7
:105E8000B3EB420F4FEA4201F0DBEDE72DE9F047BB
:105E9000064600698846914618B14FF0FF3101F07F
:105EA00083FD338974899BB2A4B2B588A34236BFFF
:105EB000C4EB45071F1BFF18BFB2002F4AD0BD42DD
:105EC00040D3B94528BFB946A5421FFA89F703D880
:105ED000641BA4B2A542FBD9B6F806A02B1B3168FF
:105EE0009BB2CAF30E029F42924602FB041123D9D1
:105EF00013FB02F31FFA83F94A4640467D1B01F06B
:105F00002BFC621912FB0AF2316808EB090092B20D
:105F100001F022FC7289B58892B2D3199BB29A42E1
:105F20001AD96A009B1A9BB23069738108B101F0DB
:105F30004FFD3846BDE8F087404607FB02F201F00E
:105F40000BFCE7E7AB422CBF5B1B5B199CB22F46F7
:105F50007481B6E773899BB2B3EB450F4FEA4502F4
:105F6000E2DBDFE7F8B50446C0680E4618B14FF033
:105F7000FF3101F019FD2589238961899BB289B21E
:105F8000A2888B4236BFC1EB42015B1A5B189BB201
:105F90009A42ADB208D8E779FF0905D1E06808B1A7
:105FA00001F016FD3846F8BD954219D32B469B1AD1
:105FB0009BB29342FBD2E2882068C2F30E0202FB3E
:105FC0000300314601F0C8FB6B1C9BB29D42A288C6
:105FD00012D9002351005B1A9BB201272381DDE710
:105FE000E2882068C2F30E0205FB0200314601F090
:105FF000B3FB0135A288ABB2B3EB420F4FEA4201CB
:10600000EBDBE8E72DE9F04F164683B0002A4CD0D1
:106010000546C068884618B14FF0FF3101F0C4FC56
:10602000EA792F896989D209AB88BFB289B240D198
:106030008F4236BFC1EB4301791AC91989B299421F
:1060400041D2591A89B28E4228BF0E46B5F806A031
:1060500007EB0609A6EB030BCAF30E0A1FFA89F930
:106060001FFA8BFB9F423C4603D3E41AA4B29C4226
:10607000FBD21B1B28689BB2B3420AFB04004BD324
:1060800041460AFB06F201F067FBAA884F454FEA3A
:10609000420302D8B9EB420F03DBA9EB03031FFA5B
:1060A00083F9E868A5F8089088B9304603B0BDE8E0
:1060B000F08FB5F806A09E42CAF30E0A0DD3002B4E
:1060C0003FD11E4600E00026E8680028EDD001F030
:1060D0007FFC304603B0BDE8F08F8F4236BFC1EB86
:1060E00043027A1AD21992B258003244A6EB030B3B
:1060F00082421FFA8BFB0ADB01EB03091FFA89F9C5
:10610000A9EB0607BFB2B94218D9381A87B206EB15
:1061100007091FFA89F9A5E713FB0AF35C4414FB8E
:106120000AF49AB24146019201F016FB019A2868DE
:1061300008EB0201A2B201F00FFBA6E7B84291DC26
:10614000E3E7F61A01EB03090AFB06880F461E4631
:106150004FF0000B1FFA89F984E700BF10B5044621
:10616000C06818B14FF0FF3101F01EFC206918B172
:106170004FF0FF3101F018FC0023E06863812381B8
:1061800008B101F025FC206908B101F021FC0120D3
:1061900010BD00BF38B50446C0680D4618B14FF0B9
:1061A000FF3101F001FC206918B14FF0FF3101F01F
:1061B000FBFBE379E06865F3C713E37108B101F015
:1061C00007FC206908B101F003FC012038BD00BFC5
:1061D00070B5002501260468002BE56684466160E1
:1061E00028469DF810E0E66616DD5D1E616F1029F9
:1061F000FCD000B30021A84204BF8EF0010641EAA2
:10620000462141F480712161D4F88010616B490608
:1062100005D54FF0FF30636D8CF804E070BDA16FC1
:106220000029F1D021690130834202F8011BF3D02B
:10623000DCF80040DAE79CF804108902DBE700BFD5
:106240002DE9F0410024012794460268B3F1000EC5
:10625000D4660546516020469DF81860D7661DDD5E
:106260002979774089027F020EF1FF34A0420CBFEA
:10627000B8464FF000081CF8013B0B4343EA080303
:106280001361536BD906FCD5D2F8801049B9A042EE
:106290001CD0013086454FF00001E7D12E71BDE8DA
:1062A000F0814FF00108536D536B9B05FCD5136EC5
:1062B000B8F1000FEDD069B1CB070BD411F0080F86
:1062C00008BF4FF0FF302E71BDE8F081002EE0D105
:1062D000B046E9E74FF0FF30E0E700BFF8B506460B
:1062E00005200C46FBF754FB00EB540CBCFBF4FC04
:1062F000214B0CEB4C02A3FB025320499F088C421C
:10630000ACEB930530D801F1D64101F5A10101F6BE
:106310002C0100EB4003A1FB03139B0D0133002470
:106320004F2A98BF01223168B0FBFCF0CC660C68A4
:1063300001F5805684F0040404F00604346088BF3C
:106340000D4CCD6184BFA4FB024292090F62C1F8DB
:10635000A0200A46012452F87C5F6B409BB202F5F4
:1063600080521360CC66F8BD054900EB4003A1FBE9
:106370000313DB0D0133D2E7CDCCCCCC3F420F0071
:10638000893BE6550E4A30B4904214BF20221022B9
:106390000C4D0D4B0D4C2A601A60A36832EA0303C2
:1063A000FBD140F26515032402680371D3661560C2
:1063B000D3639363C2F8884030BCFFF78FBF00BF40
:1063C0005015002000200240003002400000024032
:1063D00010B49DF8044001945DF8044BFFF730BF02
:1063E00010B49DF8044001945DF8044BFFF7F0BE33
:1063F00038B50446C0680D46FBF74EFEE07D237DB0
:106400000121984214BF0420032010FB05F080B244
:10641000A080FBF72BFE2A46E06068B1A36A628089
:106420004BB12069FBF738FE0121A088FBF71EFE67
:10643000206120B1658038BD0246A080EEE7C4F837
:10644000020038BD2DE9F04700260446C0E9036686
:10645000C0E90A66C0E90C668AB0467006721D463D
:106460000F469046FBF7F8F86378C4E906017BBB5A
:10647000A4F80680FF2D8CBF00230123E068C5F33C
:106480000111C5F381062370C5F3811305F00305DF
:10649000E27D94F814C0E37521756675A57550B159
:1064A000A2EB0C025B1AB2FA82F2B3FA83F352093E
:1064B0005B099A4207D120463946FFF799FF2046EB
:1064C0000AB0BDE8F08720466188FFF791FFF2E748
:1064D000D4F82080B4F9066008F12F412378F6B291
:1064E00001F56001D4F82490E680090D93B30029EA
:1064F00000F096804D4BD3F800A006313046C9B26B
:10650000FAF728F90123324649460093404600F045
:10651000ADFB4FF480330AF1030205934FEACA132F
:1065200043EA023323F0C0430693B30203F4F84373
:1065300043F0005336090893B6023D4B052066F43C
:10654000F84609960793FBF723FA9FED3A6A07EEA0
:10655000100A30E000295FD0344BD3F800A0063198
:106560003046C9B2FAF7F6F801233246494600939D
:10657000404600F07BFB4FF480330AF103020593A1
:106580004FEACA1343EA023323F0C0430693B3022F
:1065900003F4F84343F0005336090893B602244B42
:1065A000052066F4F84609960793FBF7F1F99FED8D
:1065B000226A07EE100AB8EE477ADFED206AC7EECE
:1065C000067A77EEA67ABCEEE77A17EE103A9AB220
:1065D00052B307EE102AB8EE477ADFED196A77EE6C
:1065E000C77A67EEA67AFCEEE77ACDED037A9DF8DE
:1065F0000C301B0243EA02430593524605AB494661
:10660000404600F079FB0123D8F8002003FA09F393
:106610001343C8F800302DE70A4BD3F800A09EE7DB
:10662000084BD3F800A068E71346E3E758150020AD
:10663000000006500024F44A0024744A0000003B85
:10664000000080435C1500202DE9F0417B4F064699
:106650000C46384600218AB000F04CFA431C00F08A
:10666000AD80DFF800820546D8F80020501C00F00D
:10667000988037627249F4800B68756201330B6051
:106680003378002B60D117460621DFF8B081204611
:10669000FAF760F80123224629460093404600F0AD
:1066A000E5FA4FF48033FA1C0593FB0143EA023309
:1066B00023F0C0430693A30203F4F84343F00053CE
:1066C00024090893A4025F4B052064F4F84409945C
:1066D0000793FBF75DF99FED5C6A07EE100AB8EED1
:1066E000477ADFED5A6AC7EE067A77EEA67ABCEEF5
:1066F000E77A17EE103A9AB2002A7DD007EE102AF8
:10670000B8EE477ADFED526A77EEC77A67EEA67A7F
:10671000FCEEE77ACDED037A9DF80C301B0243EADC
:10672000024305933A4605AB2946404600F0E4FA99
:106730000123D8F80020AB401343C8F800300123F0
:1067400073700AB0BDE8F08117460621DFF8EC80CF
:106750002046F9F7FFFF01232246294600934046D1
:1067600000F084FA4FF48033FA1C0593FB0143EAEE
:10677000023323F0C0430693A30203F4F84343F02B
:10678000005324090893A4022E4B052064F4F84416
:1067900009940793FBF7FCF89FED2E6A07EE100AA9
:1067A0009DE738462C4900F0C1F9002837D1D8F8C8
:1067B0000020224B511C33627FF45CAF002127483C
:1067C00000F098F9471C05461CD0254F3868431C3B
:1067D0001ED0244B1B681840204B0130336211D06F
:1067E000174930784A68F48001324A60756228B9E6
:1067F000984607213F684AE7134690E798460721E5
:106800003F68A5E74FF0FF3373620AB0BDE8F0813F
:106810001149124800F08AF948B93868D9E7384672
:106820000D4900F0D5F90246C8F80000C1E70A4951
:10683000024800F0CDF93860CBE700BF00002050DF
:106840003C200020000006500024744A0000003B59
:10685000000080430024F44A1C7F001000003050E8
:10686000581500205C15002070B5C468CCB1437881
:1068700005468688B3B16B6A5A1C12D08EB10121CD
:1068800003F110002A6A03F1040CA519814014F8E1
:10689000010B000653680B42FCD1AC4242F82C00BD
:1068A000F5D170BD8179FFF7CFFE01236B70E2E770
:1068B0002DE9F04F1546428889B0AA4278D904469E
:1068C000002B78D02B441FFA83FC944528BF9446B4
:1068D000AC456DD90B0ECDE90633C1F307430193E7
:1068E000C1F307230293CBB2039305EB4508AF0036
:1068F000CDF800C052E0019B00FB03F2029BC2F303
:10690000072203FB00FB039BCBF3072B00FB03FADF
:10691000069B4FEA1A2A03FB00F0C0F30720A36A84
:1069200094F817C0217DE668002B46D08C4523697A
:1069300052D003EB070909F80C00E17D636B059267
:106940000491984704993E447054217D059A09F8B2
:106950000120637D104609F803B0A37D09F803A068
:10696000A36A94F81490984706F80900E36A584619
:1069700094F81590984706F80900236B504694F850
:106980001690984706F80900009B0135ADB29D426C
:1069900008F1030807F104070AD062889542F3D290
:1069A000207A0028A7D1DDE902BA0798019AB6E754
:1069B00009B0BDE8F08F94468CE78C451DBFF619F1
:1069C00006F80C00217D46447254637D06F803B03E
:1069D000A37D06F803A0D7E703EB08094644B6E712
:1069E000037A01F1010C5FFA8CFC634525D0013B71
:1069F00013F0FF0310B4C4681DD0FF290EBF4FF67B
:106A0000FF724FEA0C2202F1FF32B2FBF3F18388EE
:106A100000225BB12378013201FB03F3C3F30723A8
:106A200004F8013B838892B29342F3D85DF8044B9B
:106A300080F808C070471946E9E77047828800214E
:106A4000C06800F0EBB900BF2DE9F0438646DEF8E0
:106A5000685110460C7991F90530CA79BDB3D50754
:106A600037D4002B01DB984233D101250EF12F469C
:106A7000DFF87C9006F56006360DA54059F82680B3
:106A8000013D854018EA050F2DD109682CB38446D5
:106A9000164F01EB44040BE0B3F5005F38BF1B1841
:106AA0000CF112028C424EF822300CF1010C14D081
:106AB00031F8023B03EA0702B2F5005FECD113F0B4
:106AC000600FEDD1DEF8682153409BB2E4E7520736
:106AD000C7D56FF00A00BDE8F08348EA050549F81C
:106AE0002650BDE8F0836FF00800F4E700E0FFFFF8
:106AF0006822002010B5044604F12F4404F5600418
:106B0000084B240D82B0A40000932246E31C0648E3
:106B1000F9F7C2FE8442CCBF4FF0FF30001B02B039
:106B200010BD00BF947C00105025002070B50546B4
:106B30000C46F9F769FE012205F12F43234903F5BD
:106B400060031B0D94F9056051F823102379002E82
:106B500002FA03F202F1FF321CDBC3F120039E4272
:106B60002CDC02FA06F30B4228D1B646D5F8683180
:106B7000E47943B3E50721D4002E01DB76451DD12E
:106B800002FA0EF20A420CBF01240024F9F74EFE6D
:106B9000204670BDD3F1200310D402FA03FC1CEA96
:106BA000010F9E4604D1E1E71CEA010F9E46DDD0AD
:106BB000013BB3F1FF3F02FA03FCF5D10024F9F7E2
:106BC00035FE204670BD6307F8D4D5E76822002063
:106BD000F8B504460E46F9F717FE4FF0010C04F124
:106BE0002F43214903F560031B0D96F9052051F849
:106BF00023703379002A0CFA03FC05460CF1FF3CA4
:106C000019DBC3F120039A420EDC0CFA02FC1CEAE9
:106C1000070F09D131462046FFF716FF04462846E4
:106C2000F9F704FE2046F8BD4FF0FF342846F9F787
:106C3000FDFD2046F8BDD3F120030DD40CFA03F17D
:106C400039421A4603D1E5E739421A46E2D0013B00
:106C50005A1C0CFA03F1F7D16FF008042846F9F733
:106C6000E5FD2046F8BD00BF682200202DE9F04177
:106C7000D0F868419DF81860121B1F2A38D84EF2D0
:106C80009F044EF280054FF4003801EB410C002EBA
:106C900018BF254600EBCC0404F5435400EBCC0CA4
:106CA000052BDCF8DC704FEA410EDCF8CC60C4F850
:106CB0000C800CD95401053B44F0A0540532052B3F
:106CC000CCF8DC4002F01F02CCF8D850F2D8714466
:106CD00000EBC1010020520142EA8363C1F8DC30BD
:106CE000C1F8D850C1F8DC70C1F8CC60BDE8F081C3
:106CF0006FF00400FAE700BF4FF0010C2DE9F041FE
:106D000004680CFA01FC24EA0C040460002B3DD05A
:106D10001D69DFF804E1EC439E681F6801EB410840
:106D20000EEA141E00EBC80804EA5404C8F8C87040
:106D300014EA0E0FC8F8D060D0F868614FEA410C31
:106D40000EEA55050AD0354362D15D68DC680CEB6C
:106D5000010300EBC303C3F8CC5010E0002D4DD16C
:106D6000DF685D683C46002EF1D04FEA1E5385EA8D
:106D70000375C8F8CC504FEA0E3E87EA1E240CEB90
:106D8000010300EBC303C3F8DC4015E04FF44026D9
:106D90004FF480374FF4F83501EB410400EBC404A5
:106DA000C4F8C870C4F8D060D0F868614FEA410CEC
:106DB000C4F8CC50C4F8DC304FF0013601244FF059
:106DC00000478C4400EBCC0303F586530D1D01F105
:106DD000080E8E401F6100EBCC0C1F6104FA05F514
:106DE000866004FA0EF400F500500560046000208F
:106DF00002F01F02CCF8D820BDE8F08146B15C68F3
:106E0000DF684FEA1E5384EA0373C8F8CC30B2E758
:106E10006FF00A00F0E700BF2184100070B586070C
:106E200047D0541E002A3ED0CAB2034601E0013CBE
:106E300039D303F8012B9D07F9D1032C2CD9CDB2FE
:106E40000F2C05EB052505EB054535D9A4F1100CF4
:106E500003F1100E1A462CF00F064FEA1C1CB64424
:106E6000C2E90055C2E9025510327245F8D10CF161
:106E7000010214F00C0F04F00F0C03EB021213D0FC
:106E8000ACF1040323F003030433134442F8045B1E
:106E90009342FBD10CF003042CB1C9B21C4403F89B
:106EA000011BA342FBD170BD64461346002CF4D1F4
:106EB000F9E703461446C0E71A46A446E0E700BFD8
:106EC000024B0A460146186800F002B8601500201F
:106ED00038B5A1FB021434BB00F032F8054630B3DC
:106EE00050F8042C22F00302043A242A0CD8132A66
:106EF0000FD91B2AC0E9004412D9242AC0E9024450
:106F000018D000F1100205E02146FFF787FF284660
:106F100038BD024600232846C2E90033936038BDDD
:106F200000F10802F6E700F0F9FC0C2303600025ED
:106F3000284638BD00F11802C0E90444EAE700BF62
:106F400001F10B03162B2DE9F04F074683B023D830
:106F5000102900F2AF8000F083FC102518230220D6
:106F6000C24E33445C68A3F10802944200F0788179
:106F70006368384623F00303D4E902122344CA604D
:106F800091605A68083442F001025A6000F06AFCCD
:106F9000204603B0BDE8F08F002B23F00705C0F2B8
:106FA0008980A94200F2868000F05AFCB5F5FC7F8A
:106FB000C0F0B2816B0A00F08180042B00F27C816A
:106FC000AB0903F1390003F1380EC300A74E334477
:106FD000A3F1080C5C68A44507D10DE0002AE16824
:106FE00080F238818C450C4606D0636823F0030399
:106FF0005A1B0F2AF2DD7046DFF87482346944456B
:1070000000F0EA80636823F0030CACEB05030F2B60
:1070100000F39281002BC6E9048880F28181BCF5DF
:10702000007FD6F804E080F027814FEADC030122DC
:107030004FEA5C1C013302FA0CF256F833104EEAA8
:10704000020E06EBC302083AC6F804E0C4E90212D5
:1070500046F83340CC6083104FF0010C0CFA03FC6F
:10706000F44531D81CEA0E0F07D120F003004FEA97
:107070004C0C04301CEA0E0FF9D006EBC00A814616
:10708000D646DEF80C300BE05A681C46DB6822F06E
:107090000302511B0F2900F31B81002980F22F816D
:1070A0009E45F1D109F101090EF1080E19F0030F07
:1070B000E7D165E10C233B60002469E74FF40073DE
:1070C00040204FF03F0E81E7B468636823F0030966
:1070D000A9EB05030F2B02DDA94580F0AA80DFF89C
:1070E00094B104EB09030820DBF800200093103270
:1070F00002EB050800F0A6FBD6F8081402460131A1
:1071000005D008F1FF384142804401EA08084146B1
:107110003846019200F0DCFBB0F1FF3F8246019A55
:107120007CD0009B83425AD9B44277D1DBF804006B
:1071300002F1FF3C4044CBF80400D6F808140131BA
:1071400000F06B81009BAAEB03010144CBF8041013
:107150001AF00703009300F03D81C3F1080138469F
:107160008A440A44D04408EA0C01521A02EA0C018B
:10717000019100F0ADFB421C00F06781A0EB0A001A
:10718000019900EB010848F00102C6F808A0B442DA
:10719000CAF80420DBF804201144CBF8041031D0E5
:1071A000B9F10F0F40F205816068A9F10C020523C7
:1071B00022F0070200F0010010430F2A606004EB88
:1071C0000200C0E901331DD904F10801384600F07E
:1071D000B7F9DBF8041015E0D6F804E03BE7DBF87C
:1071E000041002F1FF3C41440846CBF80410A4D13E
:1071F000009B13EA0C0FA0D109EB0802B06842F023
:1072000001024260DBF82C208A42DBF8302038BFD4
:10721000CBF82C108A4238BFCBF83010B4686268C3
:1072200022F00302531B0F2B40F3C680954200F25D
:10723000C380621945F0010543F00103083444F8A6
:10724000045C3846B260536000F00CFB204603B08B
:10725000BDE8F08FA26823443846D1608A6090E68A
:10726000DC68A3427FF484AE0230C5E688160020B5
:1072700090160020341D0020BCF5206F4FEA5C22E0
:107280006CD3142A00F2B68002F15C035B32DB009F
:10729000F118F3580839994203D191E09B6899425B
:1072A00004D05A6822F003026245F7D8D968C4E9CD
:1072B00002318C60DC60CEE6142B56D9542B00F2E0
:1072C000A2802B0B03F16F0003F16E0EC3007DE66D
:1072D000D4F808C03846671945F001056560CCF858
:1072E0000C30C3F808C041F00103C6E90477C7E9D0
:1072F00002887B60A150083400F0B4FA48E62244CA
:107300003846516841F00101516054F8082FD360AC
:107310009A6000F0A7FA3BE6E80805F108031FE6CB
:10732000A44438460834DCF8043043F00103CCF8B8
:10733000043000F097FA2BE6621943F0010145F0A2
:10734000010538466560C6E90422C2E90288516039
:1073500044F80C30083400F085FA19E64FEA9C1224
:1073600002F139033832DB0092E703F15C0003F1EC
:107370005B0EC3002AE65AF80839534540F0828074
:1073800010F0030F00F1FF30F5D1736823EA0C030E
:1073900073604FEA4C0C0CF1FF329A4204D393E62F
:1073A0004FEA4C0C09F104091CEA030FF8D04846D7
:1073B00063E60123CAF80430384600F053FA7BE64E
:1073C00092104FF0010C0CFA02F24EEA020EC6F8CF
:1073D00004E06CE70AEB0801384601EA0C01521A96
:1073E00002EA0C01019100F073FA431C7FF4C6AE6F
:1073F0000099C8E6542A13D84FEA1C3202F16F03F1
:107400006E32DB0044E7B3F5AA7F13D8EB0B03F130
:10741000780003F1770EC300D8E5C6F808A497E614
:10742000B2F5AA7F19D84FEADC3202F1780377323D
:10743000DB002DE740F25452934219D8AB0C03F114
:107440007D0003F17C0EC300C0E5009B0021A3F189
:1074500008029044A8EB0A0895E640F254539A4279
:107460000CD84FEA9C4202F17D037C32DB000FE72F
:107470004FF47E737F204FF07E0EA7E54FF47E73AE
:107480007E2205E7736884E72DE9F8430646DFF8B6
:10749000AC800820894600F0D5F90546304600F05A
:1074A000DFF9D8F808305F6827F00307A7F1110467
:1074B000A4EB09042C44B4FBF5F4013C05FB04F4F3
:1074C000A54208DC0021304600F002FAD8F8083066
:1074D0003B44984205D0304600F0C4F90020BDE896
:1074E000F8836142304600F0F3F901300FD03F1BC2
:1074F000104AD8F80830304647F001075F6013683B
:107500001B1B136000F0AEF90120BDE8F8830021D9
:10751000304600F0DDF9D8F80820831A0F2BDADDA9
:1075200043F0010303495360034B1B68C01A086012
:10753000D1E700BF381D0020901A002088160020D7
:1075400000297CD02DE9F0410C46804600F088F9F6
:10755000764F54F8043CA4F10805BE6823F00101FD
:1075600068184268864222F0030200F08380DE073A
:1075700000EB020C426033D454F8084CDCF80430C1
:1075800007F1080C2D1B214403F00103AC6864458E
:1075900064D0D5F80CE0C4F80CE0CEF80840002B1D
:1075A00000F0818041F001036B600160B1F5007F64
:1075B00022D2CB080122490901338A4079680A4363
:1075C00057F833107A6007EBC302083AC5E9021294
:1075D00047F83350CD604046BDE8F04100F042B975
:1075E000DCF80430DB072BD541F00103B1F5007F57
:1075F00044F8043C0160DCD3B1F5206F4FEA51231D
:1076000053D28B0903F1390003F13802C300F81893
:10761000FB580838984203D161E09B68984204D037
:107620005A6822F003028A42F7D8D868C5E90230C6
:1076300085604046DD60BDE8F04100F013B9704759
:10764000114407F1080C836863453FD0C268DA60D3
:10765000936041F001036B606950A7E7002B5FD195
:107660000A44D0E90213CB60996042F001036B60D9
:10767000AA50B0E7DB070A4407D454F8083CED1AD7
:107680001A44D5E90213CB60996042F001036B60A4
:10769000274BBD601B6893429DD8264B4046196816
:1076A000FFF7F2FE97E71144CDE7142B08D9542BCE
:1076B0001DD80B0B03F16F0003F16E02C300A6E7A8
:1076C00003F15C0003F15B02C300A0E741F001039A
:1076D000C7E90455C5E902CC6B6069507BE701211D
:1076E000921001FA02F279680A437A609EE7B3F5D4
:1076F000AA7F06D8CB0B03F1780003F17702C30011
:1077000085E740F25452934206D88B0C03F17D007A
:1077100003F17C02C3007AE74FF47E737E2276E7A2
:1077200041F001036B60016055E700BF881600203F
:10773000941A0020341D0020024B01461868FFF700
:10774000FFBB00BF60150020024B01461868FFF721
:10775000F7BE00BF60150020844641EA000313F025
:10776000030349D1403A23D30B6803604B6843605D
:107770008B688360CB68C3600B6903614B694361AD
:107780008B698361CB69C3610B6A03624B6A436295
:107790008B6A8362CB6AC3620B6B03634B6B43637D
:1077A0008B6B8363CB6BC36340304031403ADBD299
:1077B00030320BD30B6803604B6843608B68836087
:1077C000CB68C36010301031103AF3D20C3205D3BD
:1077D00051F8043B40F8043B043AF9D2043208D093
:1077E000D2071CBF11F8013B00F8013B01D30B8805
:1077F00003806046704700BF082A13D38B07B1D0BF
:1078000010F00303AED0C3F10403D21ADB071CBF90
:1078100011F8013B00F8013BA4D331F8023B20F8FA
:10782000023B9FE7043AD9D3013A11F8013B00F833
:10783000013BF9D20B7803704B7843708B788370DF
:1078400060467047082802D14FF48050704708B551
:1078500000F064F8162203464FF0FF301A6008BDAE
:10786000704700BF704700BF002301461A46184604
:1078700000F05AB820F0030110F00300C0F100003E
:1078800051F8043B00F1040C4FEACC0C6FF00002FD
:107890001CBF22FA0CF213434FF0010C4CEA0C2CE3
:1078A0004CEA0C4CA3EB0C0222EA030212EACC12C3
:1078B00004BF51F8043B0430F4D0C2F1000102EAE5
:1078C0000102B2FA82F2C2F11F0200EBD20070474D
:1078D00038B50022064D044608462A60FBF7D8FE5C
:1078E000431C00D038BD2B68002BFBD0236038BD73
:1078F000A41E002038B5074D074C2C1BA41005D042
:10790000013C55F8043D9847002CF9D1BDE83840BA
:1079100000F046B8507A0010507A0010014B1868F9
:10792000704700BF6015002070B4164D2C681CB362
:1079300065681F2D23DC38B96B1C0020023563609D
:1079400044F8251070BC704704EB850C0228CCF875
:1079500088204FF00102D4F8886102FA05F246EA65
:107960000206C4F88861CCF80831E5D1D4F88C312E
:107970001343C4F88C31DFE7034C2C60D8E74FF099
:10798000FF30DFE738200020A81E0020024B13B193
:107990000248FFF769BF704700000000F57800104B
:1079A000F8B500BF000000005FF800F03D020020C5
:1079B0005FF800F00D0B00205FF800F09910002038
:1079C0005FF800F0B10200205FF800F049110020DC
:1079D0005FF800F0750200205FF800F0950A0020C3
:1079E0005FF800F0C90A00205FF800F0D101002024
:1079F0005FF800F0110100205FF800F06D0A002030
:107A00005D1C0010D11B0010051C0010F11C0010A3
:107A10003D1C0010551B0010851C0010411B001060
:107A2000910D0010891C001051110010A11B0010B5
:107A3000711C0010211C00106D0900109509001028
:107A40008D790010494000105502001045070010C4
:107A5000496E697469616C697A696E6720544C5625
:107A6000343933442D413142362E2E2E0000000091
:107A70004661696C656420746F2066696E64206F6E
:107A80007220696E697469616C697A6520746865D1
:107A900020544C56343933442073656E736F722E04
:107AA0000000000053656E736F7220696E6974691F
:107AB000616C697A65642073756363657373667559
:107AC0006C6C792E00000000583A20252E3266207A
:107AD0006D54207C20593A20252E3266206D54208A
:107AE0007C205A3A20252E3266206D540A00000070
:107AF0004572726F722072656164696E672073658A
:107B00006E736F7220646174612E00000A2A2A2A43
:107B10002050414E4943202A2A2A0A000A00000028
:107B20004E6F207370696E6C6F636B73206172654A
:107B300020617661696C61626C6500004E6F207532
:107B400073657220495251732061726520617661BC
:107B5000696C61626C65000048617264776172658E
:107B600020616C61726D20256420616C72656164B6
:107B70007920636C61696D6564000000486172641E
:107B800020617373657274004F7574206F66206D89
:107B9000656D6F727900000052656C6561736500F8
:107BA000626F6F74325F77323571303830000000A9
:107BB000322E322E300000007069636F32000000F8
:107BC0006C696768742D6E6F64652D6669726D7778
:107BD00061726500536570203230203230323600D9
:107BE000666E692B00000000666E69006E616E00B3
:107BF000666E692D0000000055534220737464695D
:107C00006E202F207374646F75740000526173705E
:107C10006265727279205069000000005069636FDC
:107C200000000000426F6172642043444300000082
:107C30005265736574000000556E68616E646C6512
:107C4000642049525120307825780A00657020253B
:107C50003032582077617320616C726561647920DD
:107C6000617661696C61626C6500000043616E273A
:107C70007420636F6E74696E756520786665722016
:107C80006F6E20696E61637469766520657020256A
:107C9000303258004E6F2050494F20737461746524
:107CA000206D616368696E6573206172652061761D
:107CB00061696C61626C650006005250D3F07542D8
:107CC000987B001006005250E182887FA07B001054
:107CD00006005250ABB36053B07B00100600525008
:107CE000BBFF3CB6B87B001006005250861C030256
:107CF000C07B0010060052505422A29DD47B00107D
:107D000005005250DE65F468F8980010000000008D
:107D1000000000000000F03F0000000000002440D0
:107D200000000000000059400000000000408F40AB
:107D3000000000000088C34000000000006AF84016
:107D40000000000080842E4100000000D01263413A
:107D50000000000084D797410000000065CDCD41B0
:107D60000D0A000000000000C53A001000000000ED
:107D7000C93A0010D53A0010013B0010FD3A00103E
:107D8000000000000A00000000000306A600080032
:107D9000020002009C001400030057494E55534254
:107DA000000000000000000000008000040001004E
:107DB0002800440065007600690063006500490002
:107DC0006E0074006500720066006100630065006B
:107DD000470055004900440000004E007B0062004F
:107DE00063003700330039003800630031002D0094
:107DF00037003300630064002D003400630062002C
:107E000037002D0039003800620038002D0039009D
:107E10003100330061003800660063006100370004
:107E20006200660036007D0000000000050F2100A2
:107E3000011C100500DF60DDD88945C74C9CD26568
:107E40009D9E648A9F00000306A6000100000000BA
:107E50000600525053B4F4A1F87B0010000000005B
:107E60000C7C00101C7C0010002A0020247C0010D8
:107E7000307C001009025400030100807D080B00D3
:107E800002020200000904000001020200040524AD
:107E90000020010524010001042402060524060037
:107EA000010705810308001009040100020A00000F
:107EB0000007050202400000070582024000000999
:107EC00004020000FF00010512011002EF02014050
:107ED0008A2E0900000101020301000000000000D9
:107EE0000D5400107D540010A9540010F5540010DA
:107EF000B155001071560010000000000000000095
:107F00006D570010C9570010E557001009580010B0
:107F1000593B00100D59001000000000247F001094
:0C7F200004FF010021622311001442A4A0
:087F2C002CF8FF7F01000000AA
:107F3400B87C0010C47C0010D07C0010DC7C0010E5
:107F4400E87C0010F47C0010007D0010507E0010CE
:107F5400034600B50268EFF3108C72B6D2E8CFEF97
:107F64000120BEF1000FF9D1C2E84E0FBEF1000F9F
:107F7400F4D1BFF35F8F93F90420002A0ADB01B127
:107F84000A60002000221B68C3E88F2F8CF310883E
:107F94005DF804FB4FF05042126801201A71F1E7BA
:107FA4004FF050412DE9F0410027044616461D4686
:107FB400D1F8008009E02368C3E88F7F8CF3108830
:107FC4003046294601F080F9F0B92168EFF3108CAE
:107FD40072B6D1E8CF2F0123002AFAD1C1E8423F7B
:107FE400002AF6D1BFF35F8F94F904E0BEF1000FCD
:107FF400E1DA0023226884F80480C2E88F3F8CF31E
:1080040010880120BDE8F0810020BDE8F08100BFA8
:1080140030B501460468EFF3108C72B6D4E8CFEFA4
:108024000125BEF1000FF9D1C4E84E5FBEF1000F87
:10803400F4D1BFF35F8F90F90440002C11DB0021D1
:108044000568C5E88F1F8CF310884FF0504C9CF9DD
:1080540000C0A44501D1084630BDBDE83040FFF75B
:108064009FBF4FF05040006800230A680871C2E8BF
:108074008F3F8CF31088012030BD00BF70B50546DA
:108084000C4601F029F902460B464FF47A704FF082
:10809400FF3E6FF0004CE4FB002396457CEB0301AC
:1080A40038BF72462846BDE8704038BF6346FFF7C4
:1080B40077BF00BF0368EFF3108272B6D3E8CFCF67
:1080C4000121BCF1000FF9D1C3E84C1FBCF1000F32
:1080D400F4D1BFF35F8F4FF0FF0C0023016880F8E9
:1080E40004C0C1E88F3F82F3108840BF704700BFCF
:1080F400002108B5134B4FF4707299601248D9608F
:10810400196159619961D961196259629962D96297
:10811400196359639963D963196459649964D96477
:10812400196559659965D965196659669966D96657
:10813400196759679967D96701F0D2F8034B044A64
:108144001A6008BD00001050F4250020BC2900204E
:10815400800110502DE9F04F204B85B09E6D0EB379
:10816400002401251E4F01E0202C1BD006EA050344
:10817400621C2146AA46D4B26D00002BF4D002231F
:1081840004F001084FEA510913FB098B154B07EB67
:108194004B1B5846C3F858A000F00AFC28B936EA2D
:1081A4000A06E1D105B0BDE8F08F4FF4E062ADF806
:1081B4000420002208EB490307EB43138DF8092040
:1081C4009A78DB8A01A801218DF80820039300F036
:1081D4000DFC584600F092FBE1E700BF000011508F
:1081E400B425002000301150F0B5B24B85B0D3F85F
:1081F400985015F4003674D0AF4BB04C996A94F88B
:108204003B30AF4A022B116000F0F980002694F84D
:108214007B30022B00F0D48194F8BB30022B00F0A9
:10822400C58194F8FB30022B00F0B68194F83B3101
:10823400022B00F0A68194F87B31022B00F096818A
:1082440094F8BB31022B00F0868194F8FB31022BA9
:1082540000F0768194F83B32022B00F0658194F8AB
:108264007B32022B00F0548194F8BB32022B00F0D5
:10827400438194F8FB32022B00F0328194F83B33B3
:10828400022B00F00A8194F87B33022B00F0C980A2
:1082940094F8BB33022B00F0EC8094F8FB33022BF0
:1082A40000F0D6803EB9874B1B7823B94FF40032D7
:1082B400854BC3F890204FF440727E4B01219B6C98
:1082C40001A8C3F30A03ADF80420029300F08EFB67
:1082D400EA064FF400367D4C07D5FFF73BFF2646F0
:1082E40003E0EA064FF01004F7D4EB0332D5734CE5
:1082F40046F48036A37E9BB10221754B6D4A196604
:10830400536E9F07FCD54FF4405200216B4800F098
:10831400FBFA6A4800F0F2FA02226B4B5A661A66BC
:10832400012394F83A20E370FAB901234FF4C061B1
:10833400684A84F82330ADF8041092E8030004AAD4
:1083440002E90300194601A800F050FB4FF4003283
:108354005D4B1A65E9041DD46A0432D42B043FD45E
:10836400AE4240F0A58105B0F0BD594A1366A2F5AE
:108374000052536ED807FCD54FF4405200215648A2
:1083840000F0C2FA544800F0B9FA01224E4B5A6682
:108394001A66CAE70024474B46F480561C60FFF770
:1083A400A7FE4FF48073012101A8ADF804308DF8C5
:1083B400084000F01BFB4FF40022434B1A656A048B
:1083C400CCD54FF48063012101A8ADF8043000F04E
:1083D4000DFB10223C4B46F480461A652B04BFD596
:1083E4004FF4A063012101A8ADF8043000F0FEFAB7
:1083F4004FF40062344B46F400461A65B0E794F833
:108404003A60002E3FF403AF94F83C30002B3FF465
:10841400FEAE002304F1200084F83C3000F096FA0C
:10842400F5E694F87A73002F3FF432AF94F87C3376
:10843400002B40F0368194F8BB33022B23D194F8FF
:10844400BA33DBB994F8FB33022B7FF434AF3E46E6
:1084540094F8FA33002B3FF425AF94F8FC33002B47
:108464003FF429AF00231D4884F8FC3300F06EFA72
:1084740021E794F8BA33002B3FF40FAF94F8BC33E0
:10848400002B40F0A78094F8FB33022B7FF413AF4A
:1084940094F8FA33002BE0D10DE794F83A73002FE7
:1084A4003FF4F1AE94F83C33002B40F0F2803E46AA
:1084B400E9E600BF0000115000000B40B425002085
:1084C400A8250020122A00200030115010000200BC
:1084D4000020115000001050D425002094290020C1
:1084E40094F8FA72002F3FF4C9AE94F8FC32002BD2
:1084F40040F0C7803E46C1E694F8BA72002F3FF4BC
:10850400B8AE94F8BC32002B40F0B3803E46B0E6DF
:1085140094F87A72002F3FF4A7AE94F87C32002BC3
:1085240040F09F803E469FE694F83A72002F3FF455
:1085340096AE94F83C32002B40F08B803E468EE69B
:1085440094F8FA71002F3FF485AE94F8FC31002BB7
:1085540077D13E467EE694F8BA71002F3FF475AEAB
:1085640094F8BC31002B64D13E466EE694F87A71DF
:10857400002F3FF465AE94F87C31002B51D13E4678
:108584005EE694F83A71002F3FF455AE94F83C310E
:10859400002B3ED13E464EE694F8FA70002F3FF48D
:1085A40045AE94F8FC3063BB3E463FE694F8BA709F
:1085B400002F3FF436AE94F8BC30D3B93E4630E6D3
:1085C40094F87A70002F3FF427AE94F87C3043B9C6
:1085D4003E4621E60023394884F8BC3300F0B6F95E
:1085E40051E70023364884F87C303E4600F0AEF96B
:1085F40012E60023334884F8BC303E4600F0A6F966
:108604000FE60023304884F8FC303E4600F09EF923
:108614000CE600232D4884F83C313E4600F096F9E0
:1086240009E600232A4884F87C313E4600F08EF99E
:1086340006E60023274884F8BC313E4600F086F95C
:1086440003E60023244884F8FC313E4600F07EF91A
:1086540000E60023214884F83C323E4600F076F9D7
:10866400FDE500231E4884F87C323E4600F06EF996
:10867400FAE500231B4884F8BC323E4600F066F954
:10868400F7E50023184884F8FC323E4600F05EF912
:10869400F4E50023154884F83C333E4600F056F9CF
:1086A400F1E50023124884F87C3300F04FF9C2E668
:1086B400104886EA050100F017FE00BF5429002087
:1086C400142600205426002094260020D4260020BE
:1086D400142700205427002094270020D4270020AA
:1086E400142800205428002094280020D428002096
:1086F40014290020387C00102DE9F043828A048B71
:1087040003469442C07828BF1446051E18BF0125AD
:1087140080F00100121B5E78D87092B244F480603D
:108724009A8240EA453006BBDD6804F1FF3805EB68
:10873400811C1D69ACB1B8F1050F05F1010203D923
:10874400ACEB0207022F17D80CF1FF3C254400E0E4
:10875400013212F8016CAA420CF8016FF8D11D69BC
:108764009A8A25441D6140F400400AB940F48040CF
:1087740001B10004BDE8F0832F46E6463246261FC9
:10878400B608013657F8049B013296424EF8049B12
:10879400F8D8B4EB860FA8EB860205EB860E0CEB3B
:1087A4008607DCD015F826500CF82650002AD6D0BF
:1087B4009EF80150012A7D70D1D09EF80220BA7033
:1087C4001D699A8ACDE700BF83680246186801B123
:1087D400000C5378C0F3090013B3F0B5D2E9035485
:1087E4008F0105EB8113461E78B1052E04D901379C
:1087F4003D44651B022D1CD8611E1D1813F8014B46
:108804009D4201F8014FF9D11469D38A0444034409
:10881400D382138B1461834284BF00239382F0BDFF
:10882400D38A0344D382138B834284BF002393826D
:1088340070479E4625460021A0F1040C4FEA9C0C8B
:108844000CF1010C5EF8047B0131614545F8047BB1
:10885400F8D3B0EB8C0FA6EB8C0603EB8C0504EB82
:108864008C01D1D013F82C3004F82C30002ECBD04E
:108874006B78012E4B70C7D0AB788B701469C4E74A
:1088840010B50446836800211B68FFF79DFF6368E9
:108894001B685B0002D5238B834200D010BD2046A9
:1088A400BDE810400121FFF78FBF00BF084B1B6CD0
:1088B40013F0020302D18278D20901D1002070475B
:1088C400C07EA0F10200B0FA80F04009704700BFFA
:1088D4000000115008B5FFF7E9FF50B1054A064BF7
:1088E400906A1B68A0F54870C01AC6288CBF002087
:1088F400012008BD00000B40A82500200023C0E98A
:1089040004338376704700BF10B5836809B11C68CF
:10891400214082B1114352050DD51A6854050CD477
:10892400084A21F480641C60126C920703D40C235F
:10893400033BFDD28368196010BD8178024800F0C2
:10894400D3FC00BF000011504C7C001030B54368CC
:10895400002183B004461D68FFF7CEFE134B40F49C
:1089640080521B6C13F0020FA3780ED05B060ED05E
:1089740025F0A04545F000550021204663681D60A0
:1089840003B0BDE83040FFF7BFBFDB09F0D0A38AD6
:10899400002BEDD0012120460192FFF7ADFE019A94
:1089A40025F00055024345F0A045E5E700001150CD
:1089B40038B5857E044695B1FFF762FFA38A0BB9EB
:1089C400284638BD2046FFF785FF20B101232377D1
:1089D4000025284638BD2046FFF7B8FFF8E7817820
:1089E400014800F081FC00BF6C7C00102DE9F043CD
:1089F40043788146023B0D4685B0042B13D8DFE84B
:108A040003F0034A6A73440000217B4B1A7822F076
:108A140001021A701A7822F002021A7059701A7838
:108A240061F382021A70754B1C686369EFF310825C
:108A340072B6D3E8CF0F01210028FAD1C3E8401F52
:108A44000028F6D1BFF35F8FA2614946204600F0AB
:108A54003FFC00236269C2E88F3FA36983F3108857
:108A640048B94FF0E023D3F8F03DDB070AD500BE48
:108A740005B0BDE8F0832A4699F8011099F8000082
:108A840000F01EFC05B0BDE8F0835D4A13780133A5
:108A9400DBB21370C7E700245A4E23463178DFF85F
:108AA4006C81594F11E03B6813EB441307D0DB6929
:108AB4002BB1D9F8041099F80000984731780134A3
:108AC400E4B24A1CA242234617DBA142EBD85B1A4C
:108AD40008EB4313EBE7484B1A78D607D2D51A783C
:108AE40042F004021A709EE7434B1A78D407C9D5A2
:108AF4001A7822F004021A7095E73F4C237858073D
:108B04003AD4E378DA07BDD5032300263B4A99F823
:108B140000101468D9F804208DF804108DF805307D
:108B24006369CDF80660CDF80A60ADF80E60029274
:108B3400EFF3108272B6D3E8CF0F01210028FAD1E7
:108B4400C3E8401F0028F6D1BFF35F8F2046A2611F
:108B540001A900F0BDFB6369C3E88F6FA36983F3C8
:108B6400108800283FF47DAF2A469DF805109DF833
:108B7400040000F0A5FB85E72378002723F0040315
:108B8400237005231D4A8DF80530166899F80020D6
:108B9400ADF80E708DF804207369CDF80670CDF829
:108BA4000A70EFF3108272B6D3E8CF0F01210028C8
:108BB400FAD1C3E8401F0028F6D1BFF35F8F3046D7
:108BC400B26101A900F084FB7369C3E88F7FB369C4
:108BD40083F3108838B94FF0E023D3F8F03DD90778
:108BE4008FD500BE8DE72A469DF805109DF8040038
:108BF40000F066FB85E700BF4C210020A421002083
:108C0400132A0020112A002044200020DC7E0010BA
:108C140081F0004102E000BF83F0004330B54FEA29
:108C240041044FEA430594EA050F08BF90EA020F96
:108C34001FBF54EA000C55EA020C7FEA645C7FEA29
:108C4400655C00F0E2804FEA5454D4EB5555B8BF4C
:108C54006D420CDD2C4480EA020281EA030382EABD
:108C6400000083EA010180EA020281EA0303362D4F
:108C740088BF30BD11F0004F4FEA01314FF4801C22
:108C84004CEA113102D0404261EB410113F0004F34
:108C94004FEA03334CEA133302D0524263EB4303EB
:108CA40094EA050F00F0A780A4F10104D5F1200E89
:108CB4000DDB02FA0EFC22FA05F2801841F10001E4
:108CC40003FA0EF2801843FA05F359410EE0A5F1B8
:108CD40020050EF1200E012A03FA0EFC28BF4CF0E9
:108CE400020C43FA05F3C01851EBE37101F000459F
:108CF40007D54FF0000EDCF1000C7EEB00006EEBAC
:108D04000101B1F5801F1BD3B1F5001F0CD3490835
:108D14005FEA30004FEA3C0C04F101044FEA44528C
:108D240012F5800F80F09A80BCF1004F08BF5FEA13
:108D3400500C50F1000041EB045141EA050130BDF3
:108D44005FEA4C0C404141EB0101013C28BFB1F505
:108D5400801FE9D291F0000F04BF01460020B1FA50
:108D640081F308BF2033A3F10B03B3F120020CDA23
:108D74000C3208DD02F1140CC2F10C0201FA0CF001
:108D840021FA02F10CE002F11402D8BFC2F1200C66
:108D940001FA02F120FA0CFCDCBF41EA0C0190401C
:108DA400E41AA2BF01EB0451294330BD6FEA040465
:108DB4001F3C1CDA0C340EDC04F11404C4F1200250
:108DC40020FA04F001FA02F340EA030021FA04F362
:108DD40045EA030130BDC4F10C04C4F1200220FAB9
:108DE40002F001FA04F340EA0300294630BD21FAF7
:108DF40004F0294630BD94F0000F83F4801306BFBD
:108E040081F480110134013D4EE77FEA645C18BFB0
:108E14007FEA655C29D094EA050F08BF90EA020F47
:108E240005D054EA000C04BF1946104630BD91EA3F
:108E3400030F1EBF0021002030BD5FEA545C05D142
:108E44004000494128BF41F0004130BD14F5800481
:108E54003CBF01F5801130BD01F0004545F0FE41F5
:108E640041F470014FF0000030BD7FEA645C1ABF2A
:108E7400194610467FEA655C1CBF0B46024650EA61
:108E8400013406BF52EA033591EA030F41F400218D
:108E940030BD00BF90F0000F04BF0021704730B513
:108EA4004FF4806404F132044FF000054FF00001E8
:108EB40050E700BF90F0000F04BF0021704730B5A9
:108EC4004FF4806404F1320410F0004548BF40427E
:108ED4004FF000013EE700BF42004FEAE2014FEAD3
:108EE40031014FEA02701FBF12F07F4393F07F4FAE
:108EF40081F06051704732F07F4208BF704793F0B1
:108F04007F4F04BF41F40021704730B54FF46074C3
:108F140001F0004521F000411CE700BF50EA0102C6
:108F240008BF704730B54FF000050AE050EA01026F
:108F340008BF704730B511F0004502D5404261EBDF
:108F440041014FF4806404F132045FEA915C3FF420
:108F5400D8AE4FF003025FEADC0C18BF03325FEABD
:108F6400DC0C18BF033202EBDC02C2F1200300FA6E
:108F740003FC20FA02F001FA03FE40EA0E0021FA93
:108F840002F11444BDE600BF53B94AB9002908BF31
:108F940000281CBF4FF0FF314FF0FF3000F08CB9B8
:108FA400ADF1080C6DE904CE00F006F8DDF804E03C
:108FB400DDE9022304B070472DE9F04F099D0E4608
:108FC40004460F46002B47D18A429446B2FA82F3F4
:108FD4005AD943B102FA03FCC3F120029F409C40DA
:108FE40020FA02F217434FEA1C461FFA8CFE220CA9
:108FF400B7FBF6F106FB117701FB0EF042EA0742DC
:10900400904208D91CEB020201F1FF3702D29042D0
:1090140000F23C813946121AA4B2B2FBF6F006FB08
:10902400102200FB0EFE44EA0244A64508D91CEBBC
:10903400040400F1FF3202D2A64500F22A81104650
:1090440040EA0140A4EB0E0400211DB1DC400023E2
:10905400C5E90043BDE8F08F8B4205D90DB1C5E9E0
:10906400000100210846F5E7B3FA83F100294FD146
:10907400B342C0F00281824240F2FF800846002DD4
:10908400E8D0C5E90047E5E7002B40F0AF808A1A35
:109094004FEA1C4E1FFA8CF70121B2FBFEF60EFBC1
:1090A4001620220C42EA004207FB06F090420FD938
:1090B4001CEB020206F1FF382CBF4FF001094FF000
:1090C4000009904203D9B9F1000F00F0DC80464654
:1090D400121AA4B2B2FBFEF00EFB102200FB07F73B
:1090E40044EA0244A7420FD91CEB040400F1FF3206
:1090F4002CBF4FF0010E4FF0000EA74203D9BEF172
:10910400000F00F0C9801046E41B40EA06409CE7CB
:10911400C1F120048B4006FA01FC00FA01FE22FA98
:1091240004F7E6408A401F4320FA04F34FEA174845
:1091340043EA0C031FFA87FC4FEA1349B6FBF8F025
:1091440008FB106649EA064600FB0CF9B1450ED946
:10915400BE1900F1FF3A2CBF4FF0010B4FF0000B8A
:10916400B14503D9BBF1000F00F0A2805046A6EB35
:1091740009061FFA83F9B6FBF8F308FB136603FB31
:109184000CFC49EA0646B4450ED9BE1903F1FF3872
:109194002CBF4FF001094FF00009B44503D9B9F1D0
:1091A400000F00F08280434643EA0040A6EB0C0621
:1091B400A0FB028C66454346E14602D307D1C6456F
:1091C40005D2B8EB02036CEB070C0138E1465DB144
:1091D400BEEB030266EB090606FA04F422FA01F375
:1091E400CE401C43C5E90046002133E702FA03FCE4
:1091F400C3F1200299409C40D6404FEA1C4E20FA0D
:1092040002F21FFA8CF7B6FBFEF00A430EFB10665F
:10921400110C41EA064100FB07F68E420ED91CEB05
:10922400010100F1FF382CBF4FF001094FF0000994
:109234008E4202D9B9F1000F34D04046891B92B254
:10924400B1FBFEF60EFB161142EA014206FB07F1E2
:1092540091420ED91CEB020206F1FF382CBF4FF0ED
:1092640001094FF00009914202D9B9F1000F16D05B
:109274004646521A46EA00410FE7841A66EB030297
:1092840001201746FBE6023E624421E702396244AC
:10929400C1E664440238D3E66444023834E7023E4B
:1092A4006244E6E702386144C8E7023B3E447BE798
:1092B40002383E445BE700BF704700BF0000000077
:1092C4005FF800F0754500105FF800F069150010B4
:1092D4005FF800F0655F00105FF800F059160010A9
:1092E4005FF800F01D6E00105FF800F0D907001061
:1092F400FFFFFFFF3200100000000000000001002B
:109304000000000000000000000002000000000057
:109314000000000000000300000000000000000046
:109324000000FF000000000001B5486801318E46CE
:109334000047704609380149884701BDA10C001057
:109344000000000000000000000000000000000019
:1093540000000000681B0020153D0010C13C0010F7
:10936400393C0010A93B001000000000000100007F
:10937400A821002010000C000000000000000000E4
:10938400000000000000000000000000FF000000DA
:109394000000094000000000FFFFFFFFFFFFFFFF88
:1093A400681500200000000000000000681D002077
:1093B400D01D0020381E0020000000000000000026
:1093C4000000000000000000000000000000000099
:1093D4000000000000000000000000000000000089
:1093E4000000000000000000000000000000000079
:1093F4000000000000000000000000000000000069
:109404000000000000000000000000000000000058
:109414000000000000000000000000000000000048
:109424000000000000000000000000000000000038
:109434000000000000000000000000000000000028
:1094440001000000000000000E33CDAB34126DE6C5
:10945400ECDE05000B00000000000000000000002E
:1094640000000000000000000000000000000000F8
:1094740000000000000000000000000000000000E8
:1094840000000000000000000000000000000000D8
:1094940000000000000000000000000000000000C8
:1094A40000000000000000000000000000000000B8
:1094B40000000000000000000000000000000000A8
:1094C4000000000000000000000000000000000098
:1094D4008816002088160020901600209016002080
:1094E4009816002098160020A0160020A016002030
:1094F400A8160020A8160020B0160020B0160020E0
:10950400B8160020B8160020C0160020C01600208F
:10951400C8160020C8160020D0160020D01600203F
:10952400D8160020D8160020E0160020E0160020EF
:10953400E8160020E8160020F0160020F01600209F
:10954400F8160020F816002000170020001700204D
:1095540008170020081700201017002010170020FB
:1095640018170020181700202017002020170020AB
:10957400281700202817002030170020301700205B
:10958400381700203817002040170020401700200B
:1095940048170020481700205017002050170020BB
:1095A400581700205817002060170020601700206B
:1095B400681700206817002070170020701700201B
:1095C40078170020781700208017002080170020CB
:1095D400881700208817002090170020901700207B
:1095E4009817002098170020A0170020A01700202B
:1095F400A8170020A8170020B0170020B0170020DB
:10960400B8170020B8170020C0170020C01700208A
:10961400C8170020C8170020D0170020D01700203A
:10962400D8170020D8170020E0170020E0170020EA
:10963400E8170020E8170020F0170020F01700209A
:10964400F8170020F8170020001800200018002048
:1096540008180020081800201018002010180020F6
:1096640018180020181800202018002020180020A6
:109674002818002028180020301800203018002056
:109684003818002038180020401800204018002006
:1096940048180020481800205018002050180020B6
:1096A4005818002058180020601800206018002066
:1096B4006818002068180020701800207018002016
:1096C40078180020781800208018002080180020C6
:1096D4008818002088180020901800209018002076
:1096E4009818002098180020A0180020A018002026
:1096F400A8180020A8180020B0180020B0180020D6
:10970400B8180020B8180020C0180020C018002085
:10971400C8180020C8180020D0180020D018002035
:10972400D8180020D8180020E0180020E0180020E5
:10973400E8180020E8180020F0180020F018002095
:10974400F8180020F8180020001900200019002043
:1097540008190020081900201019002010190020F1
:1097640018190020181900202019002020190020A1
:109774002819002028190020301900203019002051
:109784003819002038190020401900204019002001
:1097940048190020481900205019002050190020B1
:1097A4005819002058190020601900206019002061
:1097B4006819002068190020701900207019002011
:1097C40078190020781900208019002080190020C1
:1097D4008819002088190020901900209019002071
:1097E4009819002098190020A0190020A019002021
:1097F400A8190020A8190020B0190020B0190020D1
:10980400B8190020B8190020C0190020C019002080
:10981400C8190020C8190020D0190020D019002030
:10982400D8190020D8190020E0190020E0190020E0
:10983400E8190020E8190020F0190020F019002090
:10984400F8190020F8190020001A0020001A00203E
:10985400081A0020081A0020101A0020101A0020EC
:10986400181A0020181A0020201A0020201A00209C
:10987400281A0020281A0020301A0020301A00204C
:10988400381A0020381A0020401A0020401A0020FC
:10989400481A0020481A0020501A0020501A0020AC
:1098A400581A0020581A0020601A0020601A00205C
:1098B400681A0020681A0020701A0020701A00200C
:1098C400781A0020781A0020801A0020801A0020BC
:1098D400FFFFFFFF00000200000000000000000086
:1098E400D3DEFFFFFE010000FF0100005468FFFF0C
:0498F400793512AB05
:040000051000014D99
:00000001FF
